CASE_ID,ACCIDENT_YEAR,PROC_DATE,JURIS,COLLISION_DATE,COLLISION_TIME,OFFICER_ID,REPORTING_DISTRICT,DAY_OF_WEEK,CHP_SHIFT,POPULATION,CNTY_CITY_LOC,SPECIAL_COND,BEAT_TYPE,CHP_BEAT_TYPE,CITY_DIVISION_LAPD,CHP_BEAT_CLASS,BEAT_NUMBER,PRIMARY_RD,SECONDARY_RD,DISTANCE,DIRECTION,INTERSECTION,WEATHER_1,WEATHER_2,STATE_HWY_IND,CALTRANS_COUNTY,CALTRANS_DISTRICT,STATE_ROUTE,ROUTE_SUFFIX,POSTMILE_PREFIX,POSTMILE,LOCATION_TYPE,RAMP_INTERSECTION,SIDE_OF_HWY,TOW_AWAY,COLLISION_SEVERITY,NUMBER_KILLED,NUMBER_INJURED,PARTY_COUNT,PRIMARY_COLL_FACTOR,PCF_CODE_OF_VIOL,PCF_VIOL_CATEGORY,PCF_VIOLATION,PCF_VIOL_SUBSECTION,HIT_AND_RUN,TYPE_OF_COLLISION,MVIW,PED_ACTION,ROAD_SURFACE,ROAD_COND_1,ROAD_COND_2,LIGHTING,CONTROL_DEVICE,CHP_ROAD_TYPE,PEDESTRIAN_ACCIDENT,BICYCLE_ACCIDENT,MOTORCYCLE_ACCIDENT,TRUCK_ACCIDENT,NOT_PRIVATE_PROPERTY,ALCOHOL_INVOLVED,STWD_VEHTYPE_AT_FAULT,CHP_VEHTYPE_AT_FAULT,COUNT_SEVERE_INJ,COUNT_VISIBLE_INJ,COUNT_COMPLAINT_PAIN,COUNT_PED_KILLED,COUNT_PED_INJURED,COUNT_BICYCLIST_KILLED,COUNT_BICYCLIST_INJURED,COUNT_MC_KILLED,COUNT_MC_INJURED,PRIMARY_RAMP,SECONDARY_RAMP,LATITUDE,LONGITUDE,COUNTY,CITY,POINT_X,POINT_Y
6922927,2015,2015-05-21,3306,2015-03-31,2055,130,3306,2,5,3,3306,0,0,0,NA,0,NA,PIERSON BL,WEST DR,100,W,N,A,-,N,NA,NA,NA,NA,NA,NA,NA,NA,NA,N,3,0,1,2,A,-,11,21955,NA,N,D,B,D,A,H,-,C,A,0,Y,NA,NA,NA,Y,NA,N,60,0,1,0,0,1,0,0,0,0,-,-,33.9615,-116.5104,RIVERSIDE,DESERT HOT SPRINGS,-116.51043845,33.96145
6923674,2015,2015-06-03,3311,2015-04-24,2158,15898,3311,5,5,4,3311,0,0,0,NA,0,002,NORTH INDIAN CANYON DR,E ALEJO RD,0,NA,Y,A,-,N,NA,NA,NA,NA,NA,NA,NA,NA,NA,Y,4,0,1,2,A,-,09,21801,A,N,A,C,A,A,H,-,C,A,0,NA,NA,NA,NA,Y,Y,A,01,0,0,1,0,0,0,0,0,0,-,-,NA,NA,RIVERSIDE,PALM SPRINGS,-116.5456101,33.83031005
6925958,2015,2015-06-24,3313,2015-05-10,1851,1745,NORTH,7,5,7,3313,0,0,0,NA,0,C1C2,JURUPA AV,SUNLAND PL,230,E,N,A,-,N,NA,NA,NA,NA,NA,NA,NA,NA,NA,Y,4,0,4,2,A,-,01,23152,NA,N,D,C,A,A,H,-,A,A,0,NA,NA,NA,NA,Y,Y,A,01,0,0,4,0,0,0,0,0,0,-,-,NA,NA,RIVERSIDE,RIVERSIDE,-117.42053563,33.9621449
6927798,2015,2015-06-01,3311,2015-05-11,2000,15226,3311,1,5,4,3311,0,0,0,NA,0,003,TAHQUITZ CANYON WY,SUNRISE WY,42,W,N,A,-,N,NA,NA,NA,NA,NA,NA,NA,NA,NA,Y,4,0,1,2,A,-,03,22350,NA,N,C,C,A,A,H,-,C,A,0,NA,NA,NA,NA,Y,NA,A,01,0,0,1,0,0,0,0,0,0,-,-,NA,NA,RIVERSIDE,PALM SPRINGS,-116.52837772,33.82318077
6927823,2015,2015-06-08,3300,2015-05-01,1338,4323,910P,5,5,5,3335,0,0,0,NA,0,069,RAINBOW CANYON RD,BAYHILL DR,1100,W,N,A,-,N,NA,NA,NA,NA,NA,NA,NA,NA,NA,N,4,0,2,2,A,-,03,22350,NA,N,C,C,A,A,H,-,A,D,0,NA,NA,NA,NA,Y,NA,A,07,0,0,2,0,0,0,0,0,0,-,-,NA,NA,RIVERSIDE,TEMECULA,-117.12936237,33.46751143
6928011,2015,2016-12-09,9840,2015-05-03,1915,15744,NA,7,2,6,3345,0,1,3,NA,2,010,RT 60,RT 15,16,E,N,A,-,Y,RIV,8,60,-,R,0.49,H,-,E,Y,3,0,2,2,A,-,08,22107,NA,N,B,C,A,A,H,-,A,D,1,NA,NA,NA,Y,Y,NA,F,55,0,2,0,0,0,0,0,0,0,-,-,34.0211,-117.54927,RIVERSIDE,JURUPA VALLEY,-117.55031788,34.02165563
6928221,2015,2015-06-09,3300,2015-05-21,1234,NA,NA,4,5,4,3307,0,0,0,NA,0,NA,N MAIN ST,E FRANKLIN ST,0,NA,Y,A,B,N,NA,NA,NA,NA,NA,NA,NA,NA,NA,N,4,0,1,2,A,-,09,21802,A,N,D,C,A,A,H,-,A,A,0,NA,NA,NA,NA,Y,NA,A,01,0,0,1,0,0,0,0,0,0,-,-,33.6798,-117.32664,RIVERSIDE,LAKE ELSINORE,-117.32663008,33.67070006
6928970,2015,2015-06-25,3300,2015-05-02,0716,4491,905M,6,5,4,3307,0,0,0,NA,0,093,RIVERSIDE DR,ROSE AV,300,W,N,A,-,N,NA,NA,NA,NA,NA,NA,NA,NA,NA,Y,3,0,2,2,A,-,05,21650,NA,N,A,C,A,A,H,-,A,D,0,NA,NA,NA,NA,Y,NA,A,01,0,1,1,0,0,0,0,0,0,-,-,NA,NA,RIVERSIDE,LAKE ELSINORE,-117.36205521,33.68749184
6929294,2015,2016-12-08,9685,2015-05-07,1000,012187,NA,4,1,5,3335,0,1,1,NA,2,030,RT 15,TEMECULA PKWY,80,N,N,B,-,Y,RIV,8,15,-,-,3.46,H,-,S,Y,3,0,1,3,A,-,07,21658,A,F,E,C,A,A,H,-,A,D,1,NA,NA,NA,NA,Y,NA,D,22,0,1,0,0,0,0,0,0,0,-,-,33.48013,-117.14057,RIVERSIDE,TEMECULA,-117.1411528,33.48128874
6929851,2015,2015-06-03,3300,2015-05-11,1817,4568,603A2,1,5,6,3394,0,0,0,NA,0,MV24,FREDRICK ST,CACTUS AV,0,NA,Y,A,-,N,NA,NA,NA,NA,NA,NA,NA,NA,NA,Y,4,0,2,2,A,-,12,21453,A,N,D,C,A,A,H,-,A,A,0,NA,NA,NA,NA,Y,NA,A,01,0,0,2,0,0,0,0,0,0,-,-,NA,NA,RIVERSIDE,MORENO VALLEY,-117.2611301,33.91016002
6930665,2015,2016-11-18,9685,2015-05-15,1455,013165,NA,5,2,9,3300,0,1,3,NA,1,031,WINCHESTER RD,HUNTER RD,600,S,N,B,-,Y,RIV,8,79,-,R,5.9,H,-,N,Y,4,0,3,2,A,-,03,22350,NA,N,C,C,A,A,H,-,A,D,0,NA,NA,NA,NA,Y,NA,D,22,0,0,3,0,0,0,0,0,0,-,-,33.56748,-117.13683,RIVERSIDE,UNINCORPORATED,-117.1369291,33.56748402
6931050,2015,2016-10-05,9840,2015-02-28,0223,019630,NA,6,3,4,3344,0,1,3,NA,2,010,RT 60,MILLIKEN AV,550,E,N,B,-,Y,RIV,8,60,-,R,0.053,R,2,E,Y,3,0,1,1,A,-,01,23152,A,N,E,I,A,A,H,-,D,D,1,NA,NA,NA,NA,Y,Y,A,01,0,1,0,0,0,0,0,0,0,-,-,34.02483,-117.55785,RIVERSIDE,EASTVALE,-117.55751339,34.02367048
6931475,2015,2016-09-28,9840,2015-02-22,1810,19650,NA,7,2,6,3315,0,1,3,NA,2,030,RT 91,GREEN RIVER RD,400,W,N,B,-,Y,RIV,8,91,-,R,0.96,H,-,W,Y,4,0,1,4,A,-,17,23114,A,N,-,J,A,A,H,-,D,D,1,NA,NA,NA,NA,Y,NA,B,07,0,0,1,0,0,0,0,0,0,-,-,33.88477,-117.63621,RIVERSIDE,CORONA,-117.65885878,33.87792987
6932613,2015,2015-06-01,3308,2015-04-25,0437,10459,574,6,5,5,3308,0,0,0,NA,0,SOUTH,SANDERSON AV,DOMENIGONI PKWY S,0,NA,Y,A,-,N,NA,NA,NA,NA,NA,NA,NA,NA,NA,Y,3,0,1,2,A,-,04,21703,NA,N,C,C,A,A,H,-,C,A,0,NA,NA,Y,NA,Y,NA,A,01,0,1,0,0,0,0,0,0,1,-,-,NA,NA,RIVERSIDE,HEMET,-117.00599011,33.71368006
6934028,2015,2015-06-03,3309,2015-04-11,1321,180,3309,6,5,4,3309,0,0,0,NA,0,004,MONROE ST,AVE 48,60,N,N,A,-,N,NA,NA,NA,NA,NA,NA,NA,NA,NA,N,3,0,1,2,A,-,09,21801,A,N,D,C,A,A,H,-,A,A,0,NA,NA,NA,NA,Y,NA,A,01,0,1,0,0,0,0,0,0,0,-,-,NA,NA,RIVERSIDE,INDIO,-116.23386,33.70024415
6936396,2015,2015-06-17,9685,2015-05-12,1715,16381,NA,2,2,9,3300,0,3,5,NA,2,003,BUTTERFIELD STAGE RD,AVENIDA LESTONNAC,0,NA,Y,A,-,N,NA,NA,NA,NA,NA,NA,NA,NA,NA,Y,3,0,1,2,A,-,01,23152,A,N,D,C,A,A,H,-,A,D,0,NA,NA,NA,NA,Y,Y,A,01,0,1,0,0,0,0,0,0,0,-,-,NA,NA,RIVERSIDE,UNINCORPORATED,-117.09167002,33.51595002
6937041,2015,2016-12-07,3308,2015-05-04,2056,8344,529,1,5,5,3308,0,0,0,NA,0,NORTH,FLORIDA AV,STANFORD ST,47,E,N,A,-,Y,RIV,8,74,-,-,42.85,H,-,W,N,4,0,1,2,A,-,03,22350,NA,N,C,C,A,A,H,-,C,A,0,NA,NA,NA,NA,Y,NA,D,22,0,0,1,0,0,0,0,0,0,-,-,NA,NA,RIVERSIDE,HEMET,-116.93232403,33.74773259
6937043,2015,2015-06-04,3308,2015-05-08,1346,6955,507,5,5,5,3308,0,0,0,NA,0,NORTH,MENLO AV,STATE ST,435,E,N,C,-,N,NA,NA,NA,NA,NA,NA,NA,NA,NA,Y,4,0,1,4,A,-,03,22350,NA,N,C,C,A,B,H,-,A,A,0,NA,NA,NA,NA,Y,NA,D,22,0,0,1,0,0,0,0,0,0,-,-,NA,NA,RIVERSIDE,HEMET,-116.97179,33.7584
6937127,2015,2015-06-10,3300,2015-03-15,0140,3613,916A,7,5,4,3312,0,0,0,NA,0,031,RAMONA EXPWY,RIDER RD,440,W,N,A,-,N,NA,NA,NA,NA,NA,NA,NA,NA,NA,Y,3,0,1,2,A,-,01,23152,A,F,A,C,A,A,H,-,C,D,0,NA,NA,NA,NA,Y,Y,A,01,0,1,0,0,0,0,0,0,0,-,-,NA,NA,RIVERSIDE,PERRIS,-117.18047004,33.8316498
6939442,2015,2015-06-01,3300,2015-04-20,0010,3973,011M,1,5,4,3344,0,0,0,NA,0,063,ARCHIBALD AV,LIMONITE AV,1286,N,N,A,-,N,NA,NA,NA,NA,NA,NA,NA,NA,NA,Y,4,0,1,1,A,-,08,22107,NA,N,E,I,A,A,D,-,D,D,0,NA,NA,NA,NA,Y,NA,A,01,0,0,1,0,0,0,0,0,0,-,-,NA,NA,RIVERSIDE,EASTVALE,-117.59335,33.97880608
6939526,2015,2016-11-19,9840,2015-04-30,0720,13950,NA,4,1,6,3315,0,1,3,NA,2,311,RT 91,PROMENADE AV,1400,W,N,A,-,Y,RIV,8,91,-,-,7.8,H,-,W,Y,3,0,1,2,A,-,03,22350,NA,N,C,C,A,A,H,-,A,D,1,NA,NA,Y,NA,Y,NA,C,02,0,1,0,0,0,0,0,0,1,-,-,NA,NA,RIVERSIDE,CORONA,-117.54147117,33.88322017
6939893,2015,2016-12-09,9685,2015-05-18,0600,13006,NA,1,1,9,3300,0,1,1,NA,2,030,RT 15,TEMECULA PKWY,3960,S,N,B,-,Y,RIV,8,15,-,R,2.67,H,-,S,N,4,0,1,1,A,-,08,22107,NA,N,F,A,A,-,-,-,B,-,1,NA,NA,Y,NA,Y,NA,C,02,0,0,1,0,0,0,0,0,1,-,-,NA,NA,RIVERSIDE,UNINCORPORATED,-117.13717195,33.47013585
6940002,2015,2016-12-09,9840,2015-05-05,1655,18500,NA,2,2,6,3345,0,1,3,NA,2,010,RT 60 E/B,COUNTRY VILLAGE RD,500,W,N,A,-,Y,RIV,8,60,-,R,2.885,R,2,E,N,4,0,2,2,A,-,03,22350,NA,N,C,C,A,A,H,-,A,D,1,NA,NA,NA,NA,Y,NA,A,01,0,0,2,0,0,0,0,0,0,-,-,34.01838,-117.50336,RIVERSIDE,JURUPA VALLEY,-117.50921464,34.01862683
6940014,2015,2016-12-05,9840,2015-05-13,1615,014335,NA,3,2,7,3313,0,1,3,NA,2,025,RT 215 SB,EASTRIDGE AV,2500,S,N,A,-,Y,RIV,8,215,-,R,36.97,H,-,S,Y,3,0,2,3,A,-,03,22350,NA,N,C,C,A,A,H,-,A,D,1,NA,NA,NA,NA,Y,NA,A,01,0,1,1,0,0,0,0,0,0,-,-,NA,NA,RIVERSIDE,RIVERSIDE,-117.28878957,33.9246462
6941334,2015,2016-11-10,9685,2015-05-24,1240,13006,NA,7,1,5,3335,0,1,1,NA,2,030,RT 15,RANCHO CALIFORNIA RD,2112,S,N,B,-,Y,RIV,8,15,-,-,5.13,H,-,S,N,3,0,1,2,A,-,03,22350,NA,N,C,C,A,A,H,-,A,D,1,NA,NA,Y,NA,Y,NA,C,02,0,1,0,0,0,0,0,0,1,-,-,NA,NA,RIVERSIDE,TEMECULA,-117.15252056,33.502786
6941961,2015,2016-11-10,9685,2015-05-25,1700,012466,NA,1,2,4,3307,0,1,1,NA,2,010,RT 15,RAILROAD CANYON RD,260,N,N,A,-,Y,RIV,8,15,-,-,19.365,R,1,S,N,4,0,2,2,A,-,01,23152,A,N,C,C,A,A,H,-,A,A,1,NA,NA,NA,NA,Y,Y,A,01,0,0,2,0,0,0,0,0,0,-,-,33.66222,-117.29951,RIVERSIDE,LAKE ELSINORE,-117.30127341,33.6643331
6942297,2015,2015-06-27,3300,2015-05-22,1510,N5073,36H6,5,5,4,3318,0,0,0,NA,0,T390,PORTOLA AV,CHAPPARAL DR,0,NA,Y,A,-,N,NA,NA,NA,NA,NA,NA,NA,NA,NA,N,4,0,1,2,A,-,12,21453,A,N,D,G,A,A,H,-,A,A,0,NA,Y,NA,NA,Y,NA,L,04,0,0,1,0,0,0,1,0,0,-,-,NA,NA,RIVERSIDE,PALM DESERT,-116.37375003,33.74415007
6943071,2015,2016-11-28,9840,2015-05-18,0828,019719,NA,1,1,6,3315,0,1,3,NA,2,031,RT 91,MAIN ST,2500,E,N,A,-,Y,RIV,8,91,-,-,6.85,H,-,W,Y,4,0,1,2,A,-,07,21658,NA,N,B,C,A,A,D,-,A,D,1,NA,NA,Y,NA,Y,NA,I,09,0,0,1,0,0,0,0,0,1,-,-,NA,NA,RIVERSIDE,CORONA,-117.55739441,33.87941702
6943143,2015,2016-11-28,9840,2015-05-16,1415,17459,NA,6,2,6,3315,0,1,3,NA,2,031,RT 91,MCKINLEY ST,1500,W,N,A,-,Y,RIV,8,91,-,-,8.9,H,-,E,Y,4,0,1,2,A,-,03,22350,NA,N,C,C,A,A,D,-,A,D,1,NA,NA,NA,NA,Y,NA,A,07,0,0,1,0,0,0,0,0,0,-,-,33.84857,-117.52154,RIVERSIDE,CORONA,-117.52236323,33.88447793
6943625,2015,2015-06-26,3300,2015-05-15,1337,4323,910A,5,5,5,3335,0,0,0,NA,0,061,WINCHESTER RD,WINCHESTER CREEK,20,N,N,B,-,N,NA,NA,NA,NA,NA,NA,NA,NA,NA,Y,4,0,1,3,A,-,16,24002,NA,N,B,C,A,B,H,-,A,A,0,NA,NA,NA,NA,Y,NA,A,07,0,0,1,0,0,0,0,0,0,-,-,NA,NA,RIVERSIDE,TEMECULA,-117.1841,33.51458
6943661,2015,2015-07-09,3313,2015-05-21,1128,1523,W,4,5,7,3313,0,0,0,NA,0,M22,VAN BUREN BL,CALIFORNIA AV,403,N,N,B,-,N,NA,NA,NA,NA,NA,NA,NA,NA,NA,Y,4,0,1,2,A,-,12,21453,NA,N,D,C,A,A,H,-,A,A,0,NA,NA,NA,NA,Y,NA,-,-,0,0,1,0,0,0,0,0,0,-,-,NA,NA,RIVERSIDE,RIVERSIDE,-117.45250317,33.92747832
6945921,2015,2016-12-17,9630,2015-05-06,1625,012714,NA,3,2,9,3300,0,1,3,NA,1,074,RT 74,CAHUILLA WY,22176,W,N,A,-,Y,RIV,8,74,-,-,89.13,H,-,E,Y,3,0,1,1,A,-,03,22350,NA,N,E,I,A,A,H,-,A,D,0,NA,NA,Y,NA,Y,NA,C,02,0,1,0,0,0,0,0,0,1,-,-,33.65045,-116.39475,RIVERSIDE,UNINCORPORATED,-116.39466817,33.6502072
6945969,2015,2015-06-29,9630,2015-05-13,1853,19843,NA,3,2,9,3300,0,3,5,NA,2,005,MIRAMAR DR,FLAMINGO DR,0,NA,Y,A,-,N,NA,NA,NA,NA,NA,NA,NA,NA,NA,N,3,0,1,2,A,-,12,22450,A,N,D,G,A,A,H,-,A,A,0,NA,Y,NA,NA,Y,NA,L,04,0,1,0,0,0,0,1,0,0,-,-,33.53806,-115.93486,RIVERSIDE,UNINCORPORATED,-115.93491004,33.53813009
6947397,2015,2016-12-07,3300,2015-05-17,1200,4732,NA,7,5,4,3307,0,0,0,NA,0,093,RIVERSIDE DR,RIVERSIDE DR 32900,0,NA,-,A,-,Y,RIV,8,74,-,-,12.63,H,-,W,Y,3,0,1,1,A,-,-,NA,NA,N,H,I,A,A,H,-,A,A,0,NA,NA,Y,NA,Y,NA,C,02,0,1,0,0,0,0,0,0,1,-,-,NA,NA,RIVERSIDE,LAKE ELSINORE,-117.38286476,33.66644983
6950503,2015,2015-06-29,3311,2015-05-16,0614,15931,DESER,6,5,4,3311,0,0,0,NA,0,004,FARRELL DR,VISTA CHINO,0,NA,Y,A,-,N,NA,NA,NA,NA,NA,NA,NA,NA,NA,Y,3,0,1,2,A,-,12,21453,A,N,D,C,A,A,-,-,A,A,0,NA,NA,NA,NA,Y,NA,-,-,0,1,0,0,0,0,0,0,0,-,-,NA,NA,RIVERSIDE,PALM SPRINGS,-116.51938004,33.84488001
6951308,2015,2015-07-06,3313,2015-05-23,2040,1797,C,6,5,7,3313,0,0,0,NA,0,C334,VAN BUREN BL,PHILBIN AV,0,NA,Y,B,-,N,NA,NA,NA,NA,NA,NA,NA,NA,NA,N,4,0,1,2,A,-,11,21954,A,N,G,B,D,A,H,-,C,A,0,Y,NA,NA,NA,Y,NA,N,60,0,0,1,0,1,0,0,0,0,-,-,NA,NA,RIVERSIDE,RIVERSIDE,-117.4540901,33.93897007
6952106,2015,2016-12-09,9685,2015-06-05,0115,017535,NA,5,3,4,3312,0,1,1,NA,2,020,RT 215,RT 74,442,N,N,A,-,Y,RIV,8,215,-,-,23.728,R,2,N,Y,3,0,1,1,A,-,01,23152,A,N,E,I,A,A,D,-,D,A,1,NA,NA,NA,NA,Y,Y,A,07,0,1,0,0,0,0,0,0,0,FR,-,33.75695,-117.18908,RIVERSIDE,PERRIS,-117.18915491999999,33.75716741
6952470,2015,2016-11-10,9685,2015-05-31,1803,015050,NA,7,2,4,3342,0,1,1,NA,2,030,RT 15,LOS ALAMOS RD,800,N,N,A,-,Y,RIV,8,15,-,-,10.18,H,-,S,Y,4,0,3,2,A,-,03,22350,NA,N,C,C,A,A,H,-,A,A,1,NA,NA,NA,NA,Y,NA,A,01,0,0,3,0,0,0,0,0,0,-,-,NA,NA,RIVERSIDE,MURRIETA,-117.20178552,33.56132064
6955093,2015,2016-11-22,9660,2015-06-20,1135,20615,NA,6,1,3,3303,0,1,1,NA,2,032,RT 10,LOVEKIN BL,2112,W,N,A,-,Y,RIV,8,10,-,R,151.82,H,-,W,Y,3,0,1,1,A,-,08,22107,NA,N,F,A,A,A,H,-,A,D,1,NA,NA,NA,NA,Y,NA,A,01,0,1,0,0,0,0,0,0,0,-,-,33.60672,-114.61228,RIVERSIDE,BLYTHE,-114.6114649,33.60703824
6955767,2015,2016-12-07,9685,2015-06-01,1700,012466,NA,1,2,9,3300,0,1,3,NA,2,011,RT 74,ORANGE CO LINE,11088,E,N,A,-,Y,RIV,8,74,-,-,2.1,H,-,E,Y,4,0,1,1,A,-,05,21650,NA,N,E,I,A,A,H,-,A,D,0,NA,NA,NA,NA,Y,NA,A,01,0,0,1,0,0,0,0,0,0,-,-,33.60772,-117.43344,RIVERSIDE,UNINCORPORATED,-117.43345294,33.60720968
6956393,2015,2015-06-22,3300,2015-04-18,0853,N4883,002J,6,5,6,3345,0,0,0,NA,0,022,ETIWANDA AV,CANTU GALLEANO RANCH RD,0,NA,Y,A,-,N,NA,NA,NA,NA,NA,NA,NA,NA,NA,Y,4,0,1,2,A,-,12,21453,A,N,D,C,A,A,H,-,A,A,0,NA,NA,NA,NA,Y,NA,A,01,0,0,1,0,0,0,0,0,0,-,-,NA,NA,RIVERSIDE,JURUPA VALLEY,-117.52449005,34.0041501
6957062,2015,2015-06-22,3308,2015-04-27,0946,10527,504,1,5,5,3308,0,0,0,NA,0,NORTH,MENLO AV,SEATTLE ST,0,NA,Y,A,-,N,NA,NA,NA,NA,NA,NA,NA,NA,NA,Y,4,0,2,2,A,-,09,21801,A,N,A,C,A,A,H,-,A,A,0,NA,NA,NA,NA,Y,NA,A,01,0,0,2,0,0,0,0,0,0,-,-,NA,NA,RIVERSIDE,HEMET,-117.00904,33.75815002
6957475,2015,2016-12-09,3300,2015-05-16,0854,N4224,602D1,6,5,6,3394,0,0,0,NA,0,026,SUNNYMEAD BL,RT 60,0,NA,Y,A,-,Y,RIV,8,60,-,-,16.602,R,4,E,Y,4,0,2,2,A,-,09,21804,A,N,D,C,A,A,H,-,A,A,0,NA,NA,NA,NA,Y,NA,A,08,0,0,2,0,0,0,0,0,0,-,EO,NA,NA,RIVERSIDE,MORENO VALLEY,-117.22230175,33.93921205
6957535,2015,2016-11-10,9840,2015-06-04,1810,019874,NA,4,2,4,3312,0,1,1,NA,2,041,RT 215,NUEVO RD,1000,S,N,A,-,Y,RIV,8,215,-,R,27.7,H,-,N,N,4,0,1,2,A,-,21,22106,NA,N,B,C,A,A,H,-,A,D,1,NA,NA,NA,NA,Y,NA,A,08,0,0,1,0,0,0,0,0,0,-,-,33.7996,-117.23217,RIVERSIDE,PERRIS,-117.23209705,33.79978496
6957547,2015,2016-12-19,9840,2015-06-03,0815,13500,NA,3,1,7,3313,0,1,3,NA,2,021,RT 91,BROCKTON AV,100,W,N,B,-,Y,RIV,8,91,-,-,17.42,H,-,E,Y,4,0,1,3,A,-,03,22350,NA,N,C,C,A,A,D,-,A,D,1,NA,NA,NA,Y,Y,NA,G,25,0,0,1,0,0,0,0,0,0,-,-,33.56331,-117.23381,RIVERSIDE,RIVERSIDE,-117.39416819,33.94230071
6958511,2015,2015-07-01,3300,2015-06-04,1220,4917,910R,4,5,5,3335,0,0,0,NA,0,063,MARGARITA RD,N GENERAL KEARNY RD,160,N,N,B,-,N,NA,NA,NA,NA,NA,NA,NA,NA,NA,N,4,0,1,3,A,-,21,22106,NA,N,C,C,A,A,H,-,A,A,0,NA,NA,NA,NA,Y,NA,D,22,0,0,1,0,0,0,0,0,0,-,-,NA,NA,RIVERSIDE,TEMECULA,-117.14902973,33.52577534
6961101,2015,2015-07-10,3300,2015-06-10,1609,N2171,24C1,3,5,3,3317,0,0,0,NA,0,3S372,DINAH SHORE,MONTEREY AV,128,W,N,A,-,N,NA,NA,NA,NA,NA,NA,NA,NA,NA,Y,4,0,2,3,A,-,03,22350,NA,N,C,C,A,A,H,-,A,A,0,NA,NA,NA,NA,Y,NA,A,01,0,0,2,0,0,0,0,0,0,-,-,NA,NA,RIVERSIDE,RANCHO MIRAGE,-116.38867921,33.80179579
6962206,2015,2015-06-30,3300,2015-05-13,1742,N3373,910P,3,5,5,3335,0,0,0,NA,0,069,TEMECULA PKWY,BEDFORD CT,24,E,N,A,-,N,NA,NA,NA,NA,NA,NA,NA,NA,NA,Y,4,0,1,4,A,-,03,22350,NA,N,C,C,A,A,H,-,A,A,0,NA,NA,NA,NA,Y,NA,A,01,0,0,1,0,0,0,0,0,0,-,-,NA,NA,RIVERSIDE,TEMECULA,-117.13759035,33.47917382
6962238,2015,2015-06-30,3300,2015-05-14,0705,3297,603A2,4,5,6,3394,0,0,0,NA,0,022,CACTUS AV,ELSWORTH ST,444,E,N,A,-,N,NA,NA,NA,NA,NA,NA,NA,NA,NA,Y,3,0,1,2,A,-,03,22350,NA,N,C,C,A,A,H,-,A,A,0,NA,NA,NA,NA,Y,NA,A,01,0,1,0,0,0,0,0,0,0,-,-,NA,NA,RIVERSIDE,MORENO VALLEY,-117.26873632,33.91008001
6962944,2015,2015-06-30,9630,2015-05-23,0752,020061,NA,6,1,9,3300,0,3,5,NA,2,002,COUNTRY CLUB DR,ADAMS ST,2640,E,N,A,-,N,NA,NA,NA,NA,NA,NA,NA,NA,NA,Y,3,0,1,2,A,-,09,21801,A,N,A,C,A,A,H,-,A,D,0,NA,NA,NA,NA,Y,NA,D,22,0,1,0,0,0,0,0,0,0,-,-,33.75072,-116.27728,RIVERSIDE,UNINCORPORATED,-116.27858594,33.75116885
6963125,2015,2016-12-17,9630,2015-05-21,0938,013270,NA,4,1,9,3300,0,1,3,NA,2,014,RT 111,OVERTURE DR,3696,S,N,G,-,Y,RIV,8,111,-,-,57.87,H,-,S,Y,3,0,1,1,A,-,08,22107,NA,N,E,I,A,A,H,-,A,D,5,NA,NA,Y,NA,Y,NA,C,02,0,1,0,0,0,0,0,0,1,-,-,33.88256,-116.59543,RIVERSIDE,UNINCORPORATED,-116.59765382,33.88381624
6963137,2015,2016-11-22,9630,2015-05-30,1855,20555,NA,6,2,4,3325,0,1,1,NA,2,020,RT 10,DATE PALM DR,196,E,N,A,-,Y,RIV,8,10,-,-,39.53,H,-,W,Y,2,0,2,1,A,-,08,22107,NA,N,E,I,A,A,H,-,A,D,1,NA,NA,NA,NA,Y,NA,A,07,1,0,1,0,0,0,0,0,0,-,-,33.84827,-116.45648,RIVERSIDE,CATHEDRAL CITY,-116.45786555,33.84920479
6963149,2015,2016-11-22,9630,2015-05-23,1915,020840,NA,6,2,4,3311,0,1,1,NA,2,010,RT 10,20TH AV,300,S,N,A,-,Y,RIV,8,10,-,-,33.351,R,2,W,Y,3,0,1,1,A,-,01,23152,A,N,E,I,A,A,H,-,A,D,1,NA,NA,NA,NA,Y,Y,A,01,0,1,0,0,0,0,0,0,0,TO,-,33.90486,-116.54385,RIVERSIDE,PALM SPRINGS,-116.54174788,33.90398594
6963358,2015,2015-07-10,3313,2015-06-30,2347,1232,C,2,5,7,3313,0,0,0,NA,0,A337,INDIANA AV,VAN BUREN BL,250,W,N,A,-,N,NA,NA,NA,NA,NA,NA,NA,NA,NA,N,3,0,1,2,A,-,08,22107,NA,N,B,B,E,A,H,-,C,A,0,Y,NA,NA,NA,Y,NA,A,01,0,1,0,0,1,0,0,0,0,-,-,NA,NA,RIVERSIDE,RIVERSIDE,-117.44218662,33.91368377
6965361,2015,2015-07-13,3313,2015-06-11,1039,0581,W,4,5,7,3313,0,0,0,NA,0,M25,HOLE AV,CALIFORNIA AV,0,NA,Y,B,-,N,NA,NA,NA,NA,NA,NA,NA,NA,NA,N,2,0,2,2,A,-,12,21453,A,N,D,C,A,A,H,-,A,A,0,NA,NA,NA,NA,Y,NA,A,01,1,0,1,0,0,0,0,0,0,-,-,NA,NA,RIVERSIDE,RIVERSIDE,-117.47431005,33.91688009
6965379,2015,2015-07-03,3300,2015-05-31,0430,4338,910L,7,5,5,3335,0,0,0,NA,0,064,RANCHO VISTA RD,VIA EL GRECO,0,NA,Y,A,-,N,NA,NA,NA,NA,NA,NA,NA,NA,NA,Y,4,0,1,2,A,-,08,22107,NA,N,E,I,A,A,H,-,C,D,0,NA,NA,NA,NA,Y,Y,A,01,0,0,1,0,0,0,0,0,0,-,-,33.50452,-117.11149,RIVERSIDE,TEMECULA,-117.11138014,33.50445002
6965833,2015,2016-12-07,9685,2015-06-07,2315,16502,NA,7,3,9,3300,0,1,3,NA,2,011,RT 74,RIVERSIDE/ORANGE CO LINE,5280,E,N,A,-,Y,RIV,8,74,-,-,1,H,-,W,Y,4,0,1,1,A,-,08,22107,NA,N,E,I,A,A,H,-,D,D,0,NA,NA,NA,NA,Y,NA,A,01,0,0,1,0,0,0,0,0,0,-,-,33.60719,-117.44291,RIVERSIDE,UNINCORPORATED,-117.44326836,33.60715145
6965995,2015,2016-12-09,9685,2015-06-08,0130,016185,NA,1,3,4,3312,0,1,1,NA,2,020,RT 215,ETHANAC RD,1320,N,N,A,-,Y,RIV,8,215,-,-,23.02,H,-,N,Y,3,0,1,1,A,-,08,22107,NA,N,E,I,A,A,D,-,C,D,1,NA,NA,NA,NA,Y,NA,A,01,0,1,0,0,0,0,0,0,0,-,-,NA,NA,RIVERSIDE,PERRIS,-117.18921958,33.74664886