CASE_ID,ACCIDENT_YEAR,PROC_DATE,JURIS,COLLISION_DATE,COLLISION_TIME,OFFICER_ID,REPORTING_DISTRICT,DAY_OF_WEEK,CHP_SHIFT,POPULATION,CNTY_CITY_LOC,SPECIAL_COND,BEAT_TYPE,CHP_BEAT_TYPE,CITY_DIVISION_LAPD,CHP_BEAT_CLASS,BEAT_NUMBER,PRIMARY_RD,SECONDARY_RD,DISTANCE,DIRECTION,INTERSECTION,WEATHER_1,WEATHER_2,STATE_HWY_IND,CALTRANS_COUNTY,CALTRANS_DISTRICT,STATE_ROUTE,ROUTE_SUFFIX,POSTMILE_PREFIX,POSTMILE,LOCATION_TYPE,RAMP_INTERSECTION,SIDE_OF_HWY,TOW_AWAY,COLLISION_SEVERITY,NUMBER_KILLED,NUMBER_INJURED,PARTY_COUNT,PRIMARY_COLL_FACTOR,PCF_CODE_OF_VIOL,PCF_VIOL_CATEGORY,PCF_VIOLATION,PCF_VIOL_SUBSECTION,HIT_AND_RUN,TYPE_OF_COLLISION,MVIW,PED_ACTION,ROAD_SURFACE,ROAD_COND_1,ROAD_COND_2,LIGHTING,CONTROL_DEVICE,CHP_ROAD_TYPE,PEDESTRIAN_ACCIDENT,BICYCLE_ACCIDENT,MOTORCYCLE_ACCIDENT,TRUCK_ACCIDENT,NOT_PRIVATE_PROPERTY,ALCOHOL_INVOLVED,STWD_VEHTYPE_AT_FAULT,CHP_VEHTYPE_AT_FAULT,COUNT_SEVERE_INJ,COUNT_VISIBLE_INJ,COUNT_COMPLAINT_PAIN,COUNT_PED_KILLED,COUNT_PED_INJURED,COUNT_BICYCLIST_KILLED,COUNT_BICYCLIST_INJURED,COUNT_MC_KILLED,COUNT_MC_INJURED,PRIMARY_RAMP,SECONDARY_RAMP,LATITUDE,LONGITUDE,COUNTY,CITY,POINT_X,POINT_Y
8125748,2016,2016-10-04,3313,2016-09-02,1500,1475,NA,5,5,7,3313,0,0,0,NA,0,NA,ARLINGTON AV,JONES AV,0,NA,Y,A,-,N,NA,NA,NA,NA,NA,NA,NA,NA,NA,N,4,0,1,2,A,-,09,21802,A,N,D,C,A,A,H,-,A,A,0,NA,NA,NA,NA,Y,NA,A,01,0,0,1,0,0,0,0,0,0,-,-,33.94654,-117.48052,RIVERSIDE,RIVERSIDE,-117.4806901,33.94665009
8125771,2016,2016-09-22,3325,2016-01-06,2500,545C,NA,3,5,4,3325,0,0,0,NA,0,NA,DATE PALM DR,SONICS,5,S,N,C,-,N,NA,NA,NA,NA,NA,NA,NA,NA,NA,N,4,0,1,2,A,-,03,22350,NA,N,C,C,A,B,F,-,C,-,0,NA,NA,NA,NA,Y,NA,A,01,0,0,1,0,0,0,0,0,0,-,-,NA,NA,RIVERSIDE,CATHEDRAL CITY,NA,NA
8126078,2016,2016-11-17,3325,2016-03-21,2500,9510,2010,1,5,4,3325,0,0,0,NA,0,002,RAMON RD,AVENIDA EL PUEBLO,48,W,N,A,-,N,NA,NA,NA,NA,NA,NA,NA,NA,NA,N,3,0,1,2,A,-,09,21804,A,N,B,-,A,-,H,-,A,D,0,NA,NA,NA,NA,Y,NA,D,22,0,1,0,0,0,0,0,0,0,-,-,NA,NA,RIVERSIDE,CATHEDRAL CITY,-116.46844736,33.81598833
8128458,2016,2016-09-29,3300,2016-09-02,0804,5127,43B4,5,5,3,3392,0,0,0,NA,0,043,AVE 52,DESERT CLUB DR,0,NA,Y,A,-,N,NA,NA,NA,NA,NA,NA,NA,NA,NA,N,4,0,1,2,A,-,03,22350,NA,N,C,C,A,A,H,-,A,A,0,NA,NA,NA,NA,Y,NA,D,22,0,0,1,0,0,0,0,0,0,-,-,33.67267,-116.30139,RIVERSIDE,LA QUINTA,-116.30135004,33.6729
8128933,2016,2016-09-26,3300,2016-08-19,1217,N6000,507B,5,5,5,3341,0,0,0,NA,0,057,NEWPORT DR,ANTELOPE RD,0,NA,Y,A,-,N,NA,NA,NA,NA,NA,NA,NA,NA,NA,N,4,0,1,2,A,-,03,22350,NA,F,C,C,A,A,H,-,A,A,0,NA,NA,NA,NA,Y,NA,A,08,0,0,1,0,0,0,0,0,0,-,-,NA,NA,RIVERSIDE,MENIFEE,-117.16723006,33.68509003
8129540,2016,2016-09-23,3311,2016-09-13,0753,16018,NA,2,5,4,3311,0,0,0,NA,0,002,SAN RAFAEL DR,HERMOSA DR,120,W,N,A,G,N,NA,NA,NA,NA,NA,NA,NA,NA,NA,Y,4,0,1,2,A,-,09,21801,A,N,D,C,A,A,H,-,A,D,0,NA,NA,NA,NA,Y,NA,A,01,0,0,1,0,0,0,0,0,0,-,-,33.8597,-116.53291,RIVERSIDE,PALM SPRINGS,-116.53282368,33.85953
8129560,2016,2016-12-22,3300,2016-09-12,1205,N1673,30H1,1,5,4,3318,0,0,0,NA,0,T30,RT 111,SAN LUIS REY AV,164,E,N,A,-,N,NA,NA,NA,NA,NA,NA,NA,NA,NA,Y,3,0,1,3,A,-,03,22350,NA,N,C,C,A,A,H,-,A,A,0,NA,NA,NA,NA,Y,NA,A,01,0,1,0,0,0,0,0,0,0,-,-,NA,NA,RIVERSIDE,PALM DESERT,-116.37658301,33.72136423
8129597,2016,2016-09-27,3325,2016-07-18,0142,558,DESER,1,5,4,3325,0,0,0,NA,0,003,VARNER RD,DATE PALM DR,0,NA,Y,A,-,N,NA,NA,NA,NA,NA,NA,NA,NA,NA,Y,4,0,2,2,A,-,05,21650,NA,N,B,D,A,A,H,-,D,A,0,NA,NA,NA,NA,Y,NA,D,22,0,0,2,0,0,0,0,0,0,-,-,NA,NA,RIVERSIDE,CATHEDRAL CITY,-116.45541013,33.8611301
8132205,2016,2016-10-04,3313,2016-09-25,0910,1792,E,7,5,7,3313,0,0,0,NA,0,B231,MARTIN LUTHER KING BL,CHICAGO AV,31,E,N,A,-,N,NA,NA,NA,NA,NA,NA,NA,NA,NA,Y,4,0,3,2,A,-,12,21453,A,N,D,C,A,A,H,-,A,A,0,NA,NA,NA,NA,Y,NA,A,01,0,0,3,0,0,0,0,0,0,-,-,33.96806,-117.34849,RIVERSIDE,RIVERSIDE,-117.34840806,33.96828
8132322,2016,2016-10-04,3300,2016-09-01,2208,4300,920C,4,5,4,3314,0,0,0,NA,0,070,PALM AV,REPOSO ST,0,NA,N,A,-,N,NA,NA,NA,NA,NA,NA,NA,NA,NA,N,3,0,1,1,A,-,01,23152,E,N,E,I,A,A,D,-,C,D,0,NA,NA,NA,NA,Y,NA,A,01,0,1,0,0,0,0,0,0,0,-,-,NA,NA,RIVERSIDE,SAN JACINTO,-116.98069006,33.79250001
8132834,2016,2017-03-02,3315,2016-09-08,0949,002089,3E,4,5,6,3315,0,0,0,NA,0,002,MAGNOLIA AV,RT 15,0,NA,Y,A,-,Y,RIV,8,15,-,-,40.157,R,4,S,Y,4,0,1,2,A,-,01,23152,A,N,D,C,A,A,H,-,A,A,0,NA,NA,NA,NA,Y,Y,A,01,0,0,1,0,0,0,0,0,0,-,SO,NA,NA,RIVERSIDE,CORONA,-117.54029334,33.86372144
8133538,2016,2016-10-03,3313,2016-08-13,1701,581,NA,6,5,7,3313,0,0,0,NA,0,C320,INDIANA AV,HARRISON ST,1072,W,N,A,-,N,NA,NA,NA,NA,NA,NA,NA,NA,NA,N,3,0,1,2,A,-,08,22107,NA,N,C,E,A,A,H,-,A,D,0,NA,NA,NA,NA,Y,NA,A,07,0,1,0,0,0,0,0,0,0,-,-,NA,NA,RIVERSIDE,RIVERSIDE,-117.45178694,33.90824287
8133784,2016,2016-10-05,3313,2016-08-12,1319,1686,E,5,5,7,3313,0,0,0,NA,0,T58,CANYON CREST DR,RANSOM RD,0,NA,Y,A,-,N,NA,NA,NA,NA,NA,NA,NA,NA,NA,N,3,0,1,2,A,-,12,21453,A,F,C,C,A,A,H,-,A,A,0,NA,NA,NA,NA,Y,NA,D,22,0,1,0,0,0,0,0,0,0,-,-,33.94054,-117.33207,RIVERSIDE,RIVERSIDE,-117.33232009,33.9403701
8133841,2016,2016-10-27,3300,2016-09-07,1350,N5791,002O,3,5,6,3345,0,0,0,NA,0,024,CAMINO REAL,IRONSTONE DR,278,N,N,A,-,N,NA,NA,NA,NA,NA,NA,NA,NA,NA,Y,4,0,1,2,A,-,03,22350,NA,N,C,C,A,A,H,-,A,D,0,NA,NA,NA,NA,Y,NA,A,01,0,0,1,0,0,0,0,0,0,-,-,33.9904,-117.45152,RIVERSIDE,JURUPA VALLEY,-117.45103477,33.99092138
81339398,2020,2020-11-04,3315,2020-10-17,1907,004192,3C,6,5,6,3315,0,0,0,NA,0,002,RIMPAU AV,BEVERLY RD,0,NA,Y,A,-,N,NA,NA,NA,NA,NA,NA,NA,NA,NA,Y,3,0,3,2,A,-,03,22350,NA,N,C,C,A,A,H,-,C,D,0,NA,NA,NA,NA,Y,Y,A,01,0,1,2,0,0,0,0,0,0,-,-,33.86880111694336,-117.5500030517578,RIVERSIDE,CORONA,-117.54987335205078,33.869930267333984
8133982,2016,2016-10-04,3300,2016-09-15,0709,5127,44A2,4,5,3,3392,0,0,0,NA,0,044,AVE 52,WASHINGTON ST,0,NA,Y,A,-,N,NA,NA,NA,NA,NA,NA,NA,NA,NA,N,4,0,1,2,A,-,03,22350,NA,N,C,C,A,A,H,-,A,A,0,NA,NA,NA,NA,Y,NA,A,07,0,0,1,0,0,0,0,0,0,-,-,33.67419,-116.29482,RIVERSIDE,LA QUINTA,-116.29507007,33.67436005
8134072,2016,2016-10-04,3300,2016-09-15,1116,N4588,910U,4,5,5,3335,0,0,0,NA,0,070,VAIL RANCH PKWY,EDISON POLE #4162935E,45,W,N,A,-,N,NA,NA,NA,NA,NA,NA,NA,NA,NA,N,4,0,1,1,A,-,08,22107,NA,N,E,I,A,A,H,-,A,A,0,NA,NA,NA,NA,Y,NA,A,07,0,0,1,0,0,0,0,0,0,-,-,NA,NA,RIVERSIDE,TEMECULA,NA,NA
8134147,2016,2016-10-04,3313,2016-09-21,0933,1026,N,3,5,7,3313,0,0,0,NA,0,T52,JURUPA AV,NOGALES ST,19,E,N,A,-,N,NA,NA,NA,NA,NA,NA,NA,NA,NA,Y,4,0,1,1,A,-,08,22107,NA,N,E,I,A,A,H,-,A,A,0,NA,NA,NA,NA,Y,NA,A,07,0,0,1,0,0,0,0,0,0,-,-,33.96092,-117.39513,RIVERSIDE,RIVERSIDE,-117.39493754,33.96091104
8134183,2016,2016-10-04,3313,2016-08-14,1231,1831,N,7,5,7,3313,0,0,0,NA,0,A137,ARLINGTON AV,STREETER AV,582,E,N,A,-,N,NA,NA,NA,NA,NA,NA,NA,NA,NA,Y,4,0,2,2,A,-,12,21453,A,N,D,C,A,A,H,-,A,A,0,NA,NA,NA,NA,Y,NA,A,01,0,0,2,0,0,0,0,0,0,-,-,33.94581,-117.41829,RIVERSIDE,RIVERSIDE,-117.41659669,33.94606814
81354303,2020,2020-11-26,3315,2020-11-24,1230,004204,14C,2,5,6,3315,0,0,0,NA,0,004,SAINT JAMES DR,MOUNTAIN GATE DR,0,NA,Y,A,-,N,NA,NA,NA,NA,NA,NA,NA,NA,NA,N,4,0,1,2,A,-,10,21950,A,N,G,B,B,A,H,-,A,D,0,Y,NA,NA,NA,Y,NA,D,22,0,0,1,0,1,0,0,0,0,-,-,33.83919906616211,-117.58381652832033,RIVERSIDE,CORONA,-117.58370208740234,33.83919143676758
8135698,2016,2016-10-05,3309,2016-09-02,1652,468,3309,5,5,4,3309,0,0,0,NA,0,002,KENNER AV,TOWNE ST,0,NA,Y,A,-,N,NA,NA,NA,NA,NA,NA,NA,NA,NA,Y,2,0,3,2,A,-,01,23152,A,F,D,C,A,A,H,-,A,A,0,NA,NA,NA,NA,Y,Y,A,01,1,0,2,0,0,0,0,0,0,-,-,NA,NA,RIVERSIDE,INDIO,-116.21941006,33.73307007
8136034,2016,2016-10-06,3313,2016-08-08,0728,0282,E,1,5,7,3313,0,0,0,NA,0,T48,SYCAMORE CANYON BL,SIERRA RIDGE DR,412,N,N,A,-,N,NA,NA,NA,NA,NA,NA,NA,NA,NA,Y,2,0,1,1,A,-,08,22107,NA,N,E,I,A,A,H,-,A,D,0,NA,NA,NA,NA,Y,NA,A,01,1,0,0,0,0,0,0,0,0,-,-,33.93504,-117.29861,RIVERSIDE,RIVERSIDE,-117.29863357,33.93619532
81360806,2020,2020-12-08,3300,2020-11-25,1753,5730,920H,3,5,4,3314,0,0,0,NA,0,074,SAN JACINTO AVE,ESPLANADE AVE,0,NA,Y,A,-,N,NA,NA,NA,NA,NA,NA,NA,NA,NA,Y,3,0,2,2,A,-,12,21453,A,N,A,C,A,A,H,-,C,A,0,NA,NA,NA,NA,Y,NA,A,07,0,1,1,0,0,0,0,0,0,-,-,33.77294158935547,-116.95881652832033,RIVERSIDE,SAN JACINTO,-116.95880889892578,33.77299118041992
81361629,2020,2020-12-09,3300,2020-12-07,1437,4657,901D,1,5,4,3310,0,0,0,NA,0,051,HIDDEN VALLEY PY,CORONA AVENUE,141,W,N,A,-,N,NA,NA,NA,NA,NA,NA,NA,NA,NA,Y,4,0,2,2,A,-,09,21804,A,N,D,C,A,A,H,-,A,D,0,NA,NA,NA,NA,Y,NA,A,01,0,0,2,0,0,0,0,0,0,-,-,NA,NA,RIVERSIDE,NORCO,-117.55388641357422,33.89923095703125
81361651,2020,2020-12-09,3300,2020-11-29,1001,N6519,602 D,7,5,6,3394,0,0,0,NA,0,MV26,INDIAN ST,COTTONWOOD AVE,41,N,N,A,-,N,NA,NA,NA,NA,NA,NA,NA,NA,NA,N,4,0,1,2,A,-,12,21453,A,M,D,C,A,A,H,-,A,D,0,NA,NA,NA,NA,Y,NA,A,07,0,0,1,0,0,0,0,0,0,-,-,33.924461364746094,-117.23497009277344,RIVERSIDE,MORENO VALLEY,-117.23503112792967,33.9246711730957
81362810,2020,2020-12-10,3300,2020-12-03,1713,5568,Y83,4,5,3,3305,0,0,0,NA,0,Y82,CESAR CHAVEZ ST,PARK LANE,40,N,N,A,-,N,NA,NA,NA,NA,NA,NA,NA,NA,NA,Y,4,0,1,2,A,-,03,22350,NA,N,C,C,A,A,H,-,C,A,0,NA,NA,NA,NA,Y,NA,A,01,0,0,1,0,0,0,0,0,0,-,-,NA,NA,RIVERSIDE,COACHELLA,-116.18173980712892,33.68840408325195
8136300,2016,2016-10-06,3313,2016-09-14,1554,1499,W,3,5,7,3313,0,0,0,NA,0,T42,INDIANA AV,LA SIERRA AV,19,E,N,A,-,N,NA,NA,NA,NA,NA,NA,NA,NA,NA,N,4,0,1,2,A,-,10,21950,A,N,G,B,B,A,H,-,A,A,0,Y,NA,NA,NA,Y,NA,A,01,0,0,1,0,1,0,0,0,0,-,-,33.89705,-117.47109,RIVERSIDE,RIVERSIDE,-117.4711174,33.89722805
81363544,2020,2020-12-10,3349,2020-07-28,1316,365,NA,2,5,5,3341,0,0,0,NA,0,002,MENIFEE RD,FIRST STAR CT,0,NA,Y,A,-,N,NA,NA,NA,NA,NA,NA,NA,NA,NA,Y,4,0,3,2,A,-,09,21801,A,N,A,C,A,A,H,-,A,D,0,NA,NA,NA,NA,Y,NA,A,01,0,0,3,0,0,0,0,0,0,-,-,33.671791076660156,-117.15827178955078,RIVERSIDE,MENIFEE,NA,NA
81363576,2020,2020-12-10,3349,2020-08-18,0557,375,NA,2,5,5,3341,0,0,0,NA,0,004,GOETZ RD,CASA BONITA AVE,254,N,N,A,-,N,NA,NA,NA,NA,NA,NA,NA,NA,NA,Y,3,0,1,1,A,-,22,23123,NA,N,E,I,A,A,H,-,A,A,0,NA,NA,NA,NA,Y,NA,A,01,0,1,0,0,0,0,0,0,0,-,-,33.690608978271484,-117.24172973632813,RIVERSIDE,MENIFEE,-117.24241638183594,33.6907958984375
81363615,2020,2020-12-10,3349,2020-09-18,1327,353,NA,5,5,5,3341,0,0,0,NA,0,NA,MURRIETA RD,MANTLE DR,260,S,N,A,-,N,NA,NA,NA,NA,NA,NA,NA,NA,NA,Y,2,0,1,1,D,-,00,NA,NA,N,F,A,A,A,H,-,A,D,0,NA,NA,NA,NA,Y,NA,-,-,1,0,0,0,0,0,0,0,0,-,-,33.73181915283203,-117.2060775756836,RIVERSIDE,MENIFEE,-117.2062530517578,33.731048583984375
81363644,2020,2020-12-10,3349,2020-10-07,0547,375,ME184,3,5,5,3341,0,0,0,NA,0,001,MATTHEWS RD,PALOMAR RD (E),1500,W,N,A,-,Y,NA,NA,NA,NA,NA,NA,NA,NA,NA,Y,3,0,1,2,A,-,03,22350,NA,N,C,C,A,-,H,-,C,D,0,NA,NA,NA,NA,Y,NA,A,01,0,1,0,0,0,0,0,0,0,-,-,33.7411994934082,-117.16763305664063,RIVERSIDE,MENIFEE,-117.16695404052734,33.74077606201172
81363911,2020,2020-12-11,3306,2020-06-18,2142,087,3306,4,5,3,3306,0,0,0,NA,0,NA,PALM DR,GRANADA AVE,0,NA,Y,A,-,N,NA,NA,NA,NA,NA,NA,NA,NA,NA,Y,3,0,5,2,A,-,09,21801,A,N,A,C,A,A,H,-,C,A,0,NA,NA,NA,NA,Y,NA,A,01,0,3,2,0,0,0,0,0,0,-,-,NA,NA,RIVERSIDE,DESERT HOT SPRINGS,-116.50131225585938,33.95505905151367
81364729,2020,2020-12-14,3300,2020-12-10,1336,N4544,602 D,4,5,6,3394,0,0,0,NA,0,MV26,COTTONWOOD AVE,BION DR,343,E,N,A,-,N,NA,NA,NA,NA,NA,NA,NA,NA,NA,N,3,0,1,2,A,-,06,21755,A,N,B,C,A,A,H,-,A,D,0,NA,NA,Y,NA,Y,NA,C,02,0,1,0,0,0,0,0,0,1,-,-,33.92462921142578,-117.2376708984375,RIVERSIDE,MORENO VALLEY,-117.23654174804688,33.924556732177734
81371409,2020,2020-12-21,3300,2020-12-01,1504,4468,905D,2,5,4,3307,0,0,0,NA,0,092,MAIN ST,FLINT ST,340,N,N,A,-,N,NA,NA,NA,NA,NA,NA,NA,NA,NA,Y,3,0,1,2,A,-,03,22350,NA,N,C,C,A,A,H,-,A,A,0,NA,NA,NA,NA,Y,NA,A,01,0,1,0,0,0,0,0,0,0,-,-,33.67485809326172,-117.32485961914063,RIVERSIDE,LAKE ELSINORE,-117.32451629638672,33.675941467285156
81372726,2020,2020-12-22,3349,2020-11-19,2050,336,NA,4,5,5,3341,0,0,0,NA,0,004,NEWPORT RD,CALLE TOMAS,607,E,N,A,-,N,NA,NA,NA,NA,NA,NA,NA,NA,NA,Y,4,0,1,1,A,-,08,22107,NA,N,E,I,A,A,H,-,C,D,0,NA,NA,NA,NA,Y,NA,A,01,0,0,1,0,0,0,0,0,0,-,-,33.68505859375,-117.1832275390625,RIVERSIDE,MENIFEE,-117.18122863769533,33.68503189086914
81377464,2020,2020-12-30,3300,2020-11-05,2302,5447,NA,4,5,6,3345,0,0,0,NA,0,NA,RUBIDOUX BL,CASTELLANO RD,1500,S,N,A,-,N,NA,NA,NA,NA,NA,NA,NA,NA,NA,N,4,0,1,2,A,-,08,22107,NA,N,B,C,A,A,H,-,C,D,0,NA,NA,NA,NA,Y,NA,A,01,0,0,1,0,0,0,0,0,0,-,-,NA,NA,RIVERSIDE,JURUPA VALLEY,-117.39026641845705,34.028892517089844
81377565,2020,2020-12-30,3300,2020-12-18,1150,3995,LA44,5,5,3,3392,0,0,0,NA,0,LA44,MONROE ST,VIA LA SERENA,378,S,N,A,-,N,NA,NA,NA,NA,NA,NA,NA,NA,NA,Y,4,0,1,2,A,-,08,22100,5,N,D,C,A,A,H,-,A,A,0,NA,NA,NA,NA,Y,NA,B,01,0,0,1,0,0,0,0,0,0,-,-,33.6657600402832,-116.23394012451172,RIVERSIDE,LA QUINTA,-116.23394012451172,33.664634704589844
81378357,2020,2020-12-31,3300,2020-12-29,1530,3552,916B,2,5,4,3312,0,0,0,NA,0,032,NUEVO RD,OLD NUEVO RD,0,NA,Y,A,-,N,NA,NA,NA,NA,NA,NA,NA,NA,NA,Y,3,0,4,3,A,-,12,21453,A,N,D,C,A,A,H,-,A,A,0,NA,NA,NA,NA,Y,NA,A,01,0,2,2,0,0,0,0,0,0,-,-,NA,NA,RIVERSIDE,PERRIS,-117.22992706298828,33.80141830444336
81382913,2020,2021-01-07,3300,2020-11-12,1130,4009,001J,4,5,6,3345,0,0,0,NA,0,014,MISSION BL,BYRNE RD,0,NA,Y,A,-,N,NA,NA,NA,NA,NA,NA,NA,NA,NA,N,4,0,1,3,A,-,03,22350,NA,N,C,C,A,A,H,-,A,A,0,NA,NA,NA,NA,Y,NA,D,22,0,0,1,0,0,0,0,0,0,-,-,34.011810302734375,-117.44325256347656,RIVERSIDE,JURUPA VALLEY,-117.44325256347656,34.01198196411133
81382953,2021,2021-01-07,3300,2021-01-03,1152,3536,602 Z,7,5,6,3394,0,0,0,NA,0,MV22,GATEWAY DR,DAY ST,359,E,N,A,-,N,NA,NA,NA,NA,NA,NA,NA,NA,NA,N,3,0,2,2,A,-,09,21804,A,N,D,C,A,A,H,-,A,A,0,NA,NA,NA,NA,Y,NA,A,07,0,1,1,0,0,0,0,0,0,-,-,33.934879302978516,-117.27889251708984,RIVERSIDE,MORENO VALLEY,-117.2775650024414,33.93475341796875
81383779,2020,2021-01-08,3300,2020-12-30,1708,5397,905L,3,5,4,3307,0,0,0,NA,0,093,LAKESHORE DR,MACHADO ST,0,NA,Y,A,-,N,NA,NA,NA,NA,NA,NA,NA,NA,NA,N,4,0,1,2,D,-,00,NA,NA,N,D,C,A,A,H,-,C,A,0,NA,NA,NA,NA,Y,NA,-,-,0,0,1,0,0,0,0,0,0,-,-,33.69102096557617,-117.37307739257813,RIVERSIDE,LAKE ELSINORE,-117.37370300292967,33.68898010253906
81385559,2021,2021-01-12,3300,2021-01-06,1727,4546,910E,3,5,5,3335,0,0,0,NA,0,NA,RANCHO CALIFORNIA RD,SB I-15 ONRAMP,0,NA,Y,A,-,N,NA,NA,NA,NA,NA,NA,NA,NA,NA,Y,4,0,2,3,A,-,01,23152,B,N,C,C,A,A,H,-,C,A,0,NA,NA,NA,NA,Y,Y,A,07,0,0,2,0,0,0,0,0,0,-,-,NA,NA,RIVERSIDE,TEMECULA,-117.15154266357422,33.500701904296875
81386399,2020,2021-01-13,3300,2020-11-11,1106,N4883,002V,3,5,6,3345,0,0,0,NA,0,026,LIMONITE AV,ETIWANDA AV,441,W,N,A,-,N,NA,NA,NA,NA,NA,NA,NA,NA,NA,N,4,0,1,2,A,-,08,22100,B,N,B,C,A,A,H,-,A,A,0,NA,NA,NA,NA,Y,NA,A,07,0,0,1,0,0,0,0,0,0,-,-,33.97557830810547,-117.52342987060548,RIVERSIDE,JURUPA VALLEY,-117.52475738525392,33.975440979003906
81387869,2021,2021-01-15,3300,2021-01-10,2146,5985,601 E,7,5,6,3394,0,0,0,NA,0,MV16,PERRIS BLVD,IRONWOOD AVE,0,NA,Y,A,-,N,NA,NA,NA,NA,NA,NA,NA,NA,NA,Y,4,0,2,2,A,-,12,21453,A,F,D,C,A,A,H,-,C,A,0,NA,NA,NA,NA,Y,NA,A,01,0,0,2,0,0,0,0,0,0,-,-,33.946659088134766,-117.22650909423828,RIVERSIDE,MORENO VALLEY,-117.22643280029295,33.9466667175293
81391062,2020,2021-01-20,3306,2020-12-21,1845,746,NA,1,5,3,3306,0,0,0,NA,0,NA,CACTUS DR,PIERSON BLVD,0,NA,Y,A,-,N,NA,NA,NA,NA,NA,NA,NA,NA,NA,Y,4,0,1,2,A,-,09,21802,A,N,D,C,A,A,H,-,C,A,0,NA,NA,NA,NA,Y,NA,A,01,0,0,1,0,0,0,0,0,0,-,-,NA,NA,RIVERSIDE,DESERT HOT SPRINGS,-116.50572204589844,33.96146011352539
8139235,2016,2016-12-27,3309,2016-02-22,1907,174,3309,1,5,4,3309,0,0,0,NA,0,003,DATE AV,IID POLE 1102907,43,W,N,A,-,N,NA,NA,NA,NA,NA,NA,NA,NA,NA,N,4,0,1,2,A,-,12,22450,A,M,G,B,B,A,H,-,C,D,0,Y,NA,NA,NA,Y,NA,D,22,0,0,1,0,1,0,0,0,0,-,-,NA,NA,RIVERSIDE,INDIO,NA,NA
81392387,2021,2021-01-22,3300,2021-01-16,1508,4546,910U,6,5,5,3335,0,0,0,NA,0,070,BUTTERFIELD STAGE RD,WOLF STORE RD,0,NA,Y,A,-,N,NA,NA,NA,NA,NA,NA,NA,NA,NA,Y,3,0,2,2,A,-,03,22350,NA,N,C,C,A,A,H,-,A,A,0,NA,NA,NA,NA,Y,NA,D,22,0,2,0,0,0,0,0,0,0,-,-,33.48466873168945,-117.0776596069336,RIVERSIDE,TEMECULA,-117.07765197753906,33.48464584350586
8139616,2016,2017-01-10,3300,2016-12-07,0805,4323,910E,3,5,5,3335,0,0,0,NA,0,061,WINCHESTER RD,JEFFERSON AV,150,E,N,A,-,N,NA,NA,NA,NA,NA,NA,NA,NA,NA,N,4,0,2,3,A,-,21,22106,NA,N,C,C,A,A,H,-,A,A,0,NA,NA,NA,NA,Y,NA,A,07,0,0,2,0,0,0,0,0,0,-,-,NA,NA,RIVERSIDE,TEMECULA,-117.16471306,33.5211727
81398283,2021,2021-01-29,3300,2021-01-22,2204,5059,602 E,5,5,6,3394,0,0,0,NA,0,MV28,KITCHING ST,EUCALYPTUS AVE,0,NA,Y,B,C,N,NA,NA,NA,NA,NA,NA,NA,NA,NA,Y,4,0,2,2,A,-,12,22450,A,N,D,D,A,B,H,-,C,A,0,NA,NA,NA,NA,Y,NA,A,01,0,0,2,0,0,0,0,0,0,-,-,33.93159866333008,-117.21749877929688,RIVERSIDE,MORENO VALLEY,-117.21765899658205,33.93181610107422
81399082,2021,2021-02-01,3300,2021-01-20,1757,N5791,011F,3,5,4,3344,0,0,0,NA,0,062,58TH ST,HAMNER AV,0,NA,Y,A,-,N,NA,NA,NA,NA,NA,NA,NA,NA,NA,N,4,0,1,2,A,-,21,22106,NA,N,C,C,A,A,H,-,C,A,0,NA,NA,NA,NA,Y,NA,A,01,0,0,1,0,0,0,0,0,0,-,-,33.98258972167969,-117.55824279785156,RIVERSIDE,EASTVALE,-117.55838775634766,33.98263168334961
81402893,2021,2021-02-05,3300,2021-01-16,1250,4577,916 D,6,5,4,3312,0,0,0,NA,0,031,HARLEY KNOX BLVD,PERRIS BLVD,0,NA,Y,A,-,N,NA,NA,NA,NA,NA,NA,NA,NA,NA,Y,4,0,1,2,A,-,09,21801,A,N,B,C,A,A,H,-,A,A,0,NA,NA,NA,NA,Y,NA,A,01,0,0,1,0,0,0,0,0,0,-,-,33.857269287109375,-117.2258529663086,RIVERSIDE,PERRIS,-117.22618103027344,33.85736846923828
81404821,2021,2021-02-09,3300,2021-01-23,0154,5059,603 A,6,5,6,3394,0,0,0,NA,0,MV32,ALESSANDRO BLVD,BRANDT DR,0,NA,Y,A,B,N,NA,NA,NA,NA,NA,NA,NA,NA,NA,Y,4,0,1,2,A,-,09,21802,A,N,D,D,A,B,H,-,C,D,0,NA,NA,NA,NA,Y,NA,A,01,0,0,1,0,0,0,0,0,0,-,-,33.91722106933594,-117.23767852783205,RIVERSIDE,MORENO VALLEY,-117.23764801025392,33.91719436645508
81404823,2021,2021-02-09,3300,2021-01-28,1220,4850,603 A,4,5,6,3394,0,0,0,NA,0,MV32,CACTUS AVE,FREDERICK ST,100,E,N,A,-,N,NA,NA,NA,NA,NA,NA,NA,NA,NA,Y,3,0,1,2,A,-,03,22350,NA,N,C,C,A,A,H,-,A,A,0,NA,NA,NA,NA,Y,NA,A,07,0,1,0,0,0,0,0,0,0,-,-,33.91006851196289,-117.26119232177734,RIVERSIDE,MORENO VALLEY,-117.26082611083984,33.91022872924805
81404860,2021,2021-02-09,3300,2021-01-08,1227,5056,920A,5,5,4,3314,0,0,0,NA,0,070,WARREN RD,RAMONA EXPY,92,S,N,A,-,N,NA,NA,NA,NA,NA,NA,NA,NA,NA,Y,4,0,1,2,A,-,03,22350,NA,N,C,C,A,A,H,-,A,D,0,NA,NA,NA,NA,Y,NA,A,01,0,0,1,0,0,0,0,0,0,-,-,33.82355880737305,-117.03346252441406,RIVERSIDE,SAN JACINTO,-117.0337142944336,33.82320785522461