CASE_ID,ACCIDENT_YEAR,PROC_DATE,JURIS,COLLISION_DATE,COLLISION_TIME,OFFICER_ID,REPORTING_DISTRICT,DAY_OF_WEEK,CHP_SHIFT,POPULATION,CNTY_CITY_LOC,SPECIAL_COND,BEAT_TYPE,CHP_BEAT_TYPE,CITY_DIVISION_LAPD,CHP_BEAT_CLASS,BEAT_NUMBER,PRIMARY_RD,SECONDARY_RD,DISTANCE,DIRECTION,INTERSECTION,WEATHER_1,WEATHER_2,STATE_HWY_IND,CALTRANS_COUNTY,CALTRANS_DISTRICT,STATE_ROUTE,ROUTE_SUFFIX,POSTMILE_PREFIX,POSTMILE,LOCATION_TYPE,RAMP_INTERSECTION,SIDE_OF_HWY,TOW_AWAY,COLLISION_SEVERITY,NUMBER_KILLED,NUMBER_INJURED,PARTY_COUNT,PRIMARY_COLL_FACTOR,PCF_CODE_OF_VIOL,PCF_VIOL_CATEGORY,PCF_VIOLATION,PCF_VIOL_SUBSECTION,HIT_AND_RUN,TYPE_OF_COLLISION,MVIW,PED_ACTION,ROAD_SURFACE,ROAD_COND_1,ROAD_COND_2,LIGHTING,CONTROL_DEVICE,CHP_ROAD_TYPE,PEDESTRIAN_ACCIDENT,BICYCLE_ACCIDENT,MOTORCYCLE_ACCIDENT,TRUCK_ACCIDENT,NOT_PRIVATE_PROPERTY,ALCOHOL_INVOLVED,STWD_VEHTYPE_AT_FAULT,CHP_VEHTYPE_AT_FAULT,COUNT_SEVERE_INJ,COUNT_VISIBLE_INJ,COUNT_COMPLAINT_PAIN,COUNT_PED_KILLED,COUNT_PED_INJURED,COUNT_BICYCLIST_KILLED,COUNT_BICYCLIST_INJURED,COUNT_MC_KILLED,COUNT_MC_INJURED,PRIMARY_RAMP,SECONDARY_RAMP,LATITUDE,LONGITUDE,COUNTY,CITY,POINT_X,POINT_Y
81638884,2021,2021-12-01,3300,2021-10-21,1559,3611,603 A,4,5,6,3394,0,0,0,NA,0,MV32,HEACOCK ST,JOHN F KENNEDY DR,227,N,N,A,-,N,NA,NA,NA,NA,NA,NA,NA,NA,NA,Y,4,0,2,2,A,-,05,21651,B,N,A,C,A,A,H,-,A,A,0,NA,NA,NA,NA,Y,NA,A,07,0,0,2,0,0,0,0,0,0,-,-,33.90277099609375,-117.24352264404295,RIVERSIDE,MORENO VALLEY,-117.24358367919922,33.90340805053711
81638963,2021,2021-12-01,3300,2021-08-17,1715,4287,NA,2,5,4,3318,0,0,0,NA,0,NA,COUNTRY CLUB DR,HARRIS LN,0,NA,Y,A,-,N,NA,NA,NA,NA,NA,NA,NA,NA,NA,Y,4,0,1,4,A,-,03,22350,NA,N,C,C,A,A,H,-,A,A,0,NA,NA,NA,NA,Y,NA,D,23,0,0,1,0,0,0,0,0,0,-,-,33.75817108154297,-116.30558776855467,RIVERSIDE,PALM DESERT,-116.3056182861328,33.758155822753906
81638992,2021,2021-12-01,3300,2021-09-30,1430,N1673,30K1,4,5,4,3318,0,0,0,NA,0,T30,HWY 111,PORTOLA AVE,207,E,N,A,-,N,NA,NA,NA,NA,NA,NA,NA,NA,NA,N,4,0,1,2,A,-,03,22350,NA,N,C,C,A,A,H,-,A,A,0,NA,NA,NA,NA,Y,NA,D,22,0,0,1,0,0,0,0,0,0,-,-,33.72134017944336,-116.37374877929688,RIVERSIDE,PALM DESERT,-116.3730697631836,33.72134017944336
81640316,2021,2021-12-02,3300,2021-11-24,1332,N6519,603 A,3,5,6,3394,0,0,0,NA,0,MV32,CACTUS AVE,ELSWORTH ST,10,S,N,A,-,N,NA,NA,NA,NA,NA,NA,NA,NA,NA,N,3,0,1,2,A,-,09,21801,A,N,D,C,A,A,H,-,A,D,0,NA,NA,NA,NA,Y,NA,A,01,0,1,0,0,0,0,0,0,0,-,-,33.910308837890625,-117.2702865600586,RIVERSIDE,MORENO VALLEY,-117.27014923095705,33.91012954711914
81640370,2021,2021-12-02,3300,2021-10-16,1300,5430,30A2,6,5,4,3318,0,0,0,NA,0,T30,HWY 111,FRED WARING DR,612,N,N,A,-,Y,NA,NA,NA,NA,NA,NA,NA,NA,NA,N,4,0,1,2,A,-,09,21800,A,N,D,G,A,A,H,-,A,A,0,NA,Y,NA,NA,Y,NA,A,01,0,0,1,0,0,0,1,0,0,-,-,33.72863006591797,-116.4030990600586,RIVERSIDE,PALM DESERT,-116.40386962890624,33.730125427246094
81641416,2021,2021-12-03,3300,2021-11-20,0105,N4445,910H,6,5,5,3335,0,0,0,NA,0,063,MARGARITA RD,AVENIDA CIMA DEL SOL,450,N,N,B,E,N,NA,NA,NA,NA,NA,NA,NA,NA,NA,Y,4,0,1,1,A,-,03,22350,NA,M,E,I,A,A,H,-,C,D,0,NA,NA,NA,NA,Y,Y,A,01,0,0,1,0,0,0,0,0,0,-,-,33.513240814208984,-117.13641357421876,RIVERSIDE,TEMECULA,-117.13528442382813,33.51423263549805
81641560,2021,2021-12-03,3300,2021-11-19,2213,5512,30K1,5,5,4,3318,0,0,0,NA,0,5T62,HWY 111,PORTOLA AVE,20,W,N,A,-,N,NA,NA,NA,NA,NA,NA,NA,NA,NA,Y,3,0,1,1,A,-,01,23152,A,M,E,I,A,A,H,-,C,A,0,NA,NA,NA,NA,Y,Y,D,22,0,1,0,0,0,0,0,0,0,-,-,33.721248626708984,-116.37393188476563,RIVERSIDE,PALM DESERT,-116.37381744384766,33.72134017944336
8164262,2016,2016-11-08,3300,2016-10-15,2245,5221,36P6,6,5,4,3318,0,0,0,NA,0,036,FRED WARING DR,SAN PABLO AV,0,NA,Y,A,-,N,NA,NA,NA,NA,NA,NA,NA,NA,NA,Y,3,0,2,2,A,-,12,21453,A,N,D,C,A,A,H,-,C,A,0,NA,NA,NA,NA,Y,NA,A,01,0,1,1,0,0,0,0,0,0,-,-,NA,NA,RIVERSIDE,PALM DESERT,-116.3825301,33.7288801
81642775,2021,2021-12-06,3300,2021-05-24,1030,N2659,87E1,1,5,4,3318,0,0,0,NA,0,NA,HWY 111,INDIAN WELLS LN,599,E,N,A,-,N,NA,NA,NA,NA,NA,NA,NA,NA,NA,Y,4,0,1,2,A,-,03,22350,NA,N,C,C,A,A,D,-,A,D,0,NA,NA,NA,NA,Y,NA,A,07,0,0,1,0,0,0,0,0,0,-,-,33.72140884399414,-116.33026885986328,RIVERSIDE,PALM DESERT,-116.3281021118164,33.721588134765625
81642891,2021,2021-12-06,3300,2021-11-25,1525,N5259,LA45,4,5,3,3392,0,0,0,NA,0,LA45,MONROE ST,58TH AV,59,S,N,A,-,N,NA,NA,NA,NA,NA,NA,NA,NA,NA,N,2,0,1,1,C,-,18,NA,NA,N,E,I,A,A,H,-,A,A,0,NA,NA,NA,NA,Y,NA,-,-,1,0,0,0,0,0,0,0,0,-,-,33.62739944458008,-116.2332763671875,RIVERSIDE,LA QUINTA,-116.23333740234376,33.62725830078125
8164297,2016,2016-11-08,3300,2016-10-12,0820,N5890,36G1,3,5,4,3318,0,0,0,NA,0,T36,MONTEREY AV,COUNTRY CLUB DR,0,NA,Y,A,-,N,NA,NA,NA,NA,NA,NA,NA,NA,NA,Y,3,0,1,2,A,-,12,21453,A,N,D,C,A,A,H,-,A,A,0,NA,NA,NA,NA,Y,NA,A,01,0,1,0,0,0,0,0,0,0,-,-,NA,NA,RIVERSIDE,PALM DESERT,-116.39127004,33.75794002
8164305,2016,2016-11-08,3300,2016-10-13,1956,4309,502C,4,5,5,3341,0,0,0,NA,0,052,BRADLEY RD,CHAMBERS AV,1600,S,N,A,-,N,NA,NA,NA,NA,NA,NA,NA,NA,NA,N,4,0,1,2,A,-,03,22350,NA,N,C,C,A,A,H,-,C,D,0,NA,NA,Y,NA,Y,NA,C,02,0,0,1,0,0,0,0,0,1,-,-,33.72172,-117.18953,RIVERSIDE,MENIFEE,-117.18981322,33.71737689
81643100,2021,2021-12-06,3300,2021-11-25,2105,N3074,80D1,4,5,3,3305,0,0,0,NA,0,Y80,VAN BUREN ST,AVENUE 48,3,S,N,A,-,N,NA,NA,NA,NA,NA,NA,NA,NA,NA,Y,4,0,1,2,A,-,03,22350,NA,N,D,C,A,A,H,-,C,A,0,NA,NA,NA,NA,Y,NA,A,01,0,0,1,0,0,0,0,0,0,-,-,NA,NA,RIVERSIDE,COACHELLA,-116.1990203857422,33.700382232666016
81643294,2021,2021-12-06,3300,2021-12-02,1715,N5259,42A5,4,5,3,3392,0,0,0,NA,0,LA42,WASHINGTON ST,EISENHOWER DR,276,N,N,A,-,N,NA,NA,NA,NA,NA,NA,NA,NA,NA,N,4,0,1,2,A,-,03,22350,NA,N,C,C,A,A,H,-,A,A,0,NA,NA,NA,NA,Y,NA,A,01,0,0,1,0,0,0,0,0,0,-,-,33.695369720458984,-116.29496002197266,RIVERSIDE,LA QUINTA,-116.29493713378906,33.69611358642578
81645823,2021,2021-12-08,3300,2021-11-19,0003,5672,916B,5,5,4,3312,0,0,0,NA,0,032,REDLANDS AV,MILDRED ST,0,NA,Y,A,-,N,NA,NA,NA,NA,NA,NA,NA,NA,NA,Y,4,0,1,2,A,-,01,23152,A,N,D,C,A,A,H,-,C,D,0,NA,NA,NA,NA,Y,Y,A,01,0,0,1,0,0,0,0,0,0,-,-,33.79555130004883,-117.21721649169922,RIVERSIDE,PERRIS,-117.21739959716795,33.79563903808594
81645850,2021,2021-12-08,3300,2021-06-25,2014,5059,603 B,5,5,6,3394,0,0,0,NA,0,MV34,PERRIS BLVD,IRIS AVE,243,N,N,A,-,N,NA,NA,NA,NA,NA,NA,NA,NA,NA,N,2,0,1,2,A,-,11,21950,B,N,G,B,D,A,H,-,A,D,0,Y,NA,NA,NA,Y,NA,N,60,1,0,0,0,1,0,0,0,0,-,-,33.88822937011719,-117.22657012939452,RIVERSIDE,MORENO VALLEY,-117.226318359375,33.889076232910156
81647121,2021,2021-12-09,3300,2021-03-01,1820,N5670,36P3,1,5,4,3318,0,0,0,NA,0,T36,FRED WARING DR,SAN PASQUAL AVE,97,W,N,A,-,N,NA,NA,NA,NA,NA,NA,NA,NA,NA,N,4,0,3,4,A,-,03,22350,NA,N,C,C,A,A,H,-,C,A,0,NA,NA,NA,NA,Y,NA,A,01,0,0,3,0,0,0,0,0,0,-,-,33.72874069213867,-116.37828063964844,RIVERSIDE,PALM DESERT,-116.37842559814452,33.72892761230469
81648363,2020,2021-12-10,3300,2020-12-10,2140,5132,NA,4,5,6,3345,0,0,0,NA,0,NA,SAN SEVAINE WY,WABASH DR,0,NA,Y,A,-,N,NA,NA,NA,NA,NA,NA,NA,NA,NA,Y,1,1,0,3,A,-,03,22350,NA,F,E,I,A,A,H,-,C,D,0,NA,NA,NA,NA,Y,Y,A,01,0,0,0,0,0,0,0,0,0,-,-,34.01449966430664,-117.50987243652344,RIVERSIDE,JURUPA VALLEY,-117.51010894775392,34.014400482177734
81648408,2021,2021-12-10,3300,2021-03-17,1240,4363,22H1,3,5,3,3317,0,0,0,NA,0,MO829,BOB HOPE DR,KAVENISH WAY,307,S,N,A,-,N,NA,NA,NA,NA,NA,NA,NA,NA,NA,Y,4,0,1,2,A,-,03,22350,NA,N,C,C,A,A,H,-,A,D,0,NA,NA,NA,NA,Y,NA,A,07,0,0,1,0,0,0,0,0,0,-,-,33.76871871948242,-116.40811920166016,RIVERSIDE,RANCHO MIRAGE,-116.40823364257813,33.767818450927734
81651235,2021,2021-12-14,3300,2021-10-07,2214,5741,920A,4,5,4,3314,0,0,0,NA,0,070,DE ANZA DR,STATE ST,0,NA,Y,A,-,N,NA,NA,NA,NA,NA,NA,NA,NA,NA,Y,4,0,1,2,A,-,12,21453,A,N,B,D,A,A,H,-,C,A,0,NA,NA,NA,NA,Y,NA,-,-,0,0,1,0,0,0,0,0,0,-,-,33.78953170776367,-116.97176361083984,RIVERSIDE,SAN JACINTO,-116.97190856933594,33.789527893066406
81652394,2021,2021-12-15,3300,2021-11-29,1735,4050,601 D,1,5,6,3394,0,0,0,NA,0,MV14,HEACOCK ST,GREGORY LN,71,S,N,A,-,N,NA,NA,NA,NA,NA,NA,NA,NA,NA,Y,4,0,1,2,A,-,08,22107,NA,F,C,C,A,A,H,-,C,A,0,NA,NA,NA,NA,Y,NA,A,01,0,0,1,0,0,0,0,0,0,-,-,33.95206832885742,-117.24356079101563,RIVERSIDE,MORENO VALLEY,-117.24395751953124,33.951873779296875
8165315,2016,2016-11-15,3300,2016-10-19,0958,4625,80B5,3,5,3,3305,0,0,0,NA,0,080,AVE 50,VAN BUREN ST,36,W,N,A,-,N,NA,NA,NA,NA,NA,NA,NA,NA,NA,Y,4,0,2,2,A,-,12,21453,A,N,D,C,A,A,H,-,A,A,0,NA,NA,NA,NA,Y,NA,D,22,0,0,2,0,0,0,0,0,0,-,-,NA,NA,RIVERSIDE,COACHELLA,-116.19919781,33.68546
8165398,2016,2016-11-10,3311,2016-10-23,0938,15480,NA,7,5,4,3311,0,0,0,NA,0,006,EAST RAMON RD,SUNRISE WY,0,NA,Y,A,-,N,NA,NA,NA,NA,NA,NA,NA,NA,NA,N,4,0,1,2,A,-,09,21453,B,N,H,G,A,A,H,-,A,A,0,NA,Y,NA,NA,Y,NA,A,01,0,0,1,0,0,0,1,0,0,-,-,NA,NA,RIVERSIDE,PALM SPRINGS,-116.52821002,33.81593002
81655704,2021,2021-12-20,3349,2021-10-26,1157,345,NA,2,5,5,3341,0,0,0,NA,0,004,OAKBRIDGE DR,MOONSTONE WAY,0,NA,Y,A,-,N,NA,NA,NA,NA,NA,NA,NA,NA,NA,Y,4,0,1,2,A,-,09,21800,A,N,D,D,A,A,H,-,A,D,0,NA,NA,NA,NA,Y,NA,-,-,0,0,1,0,0,0,0,0,0,-,-,33.687889099121094,-117.20002746582033,RIVERSIDE,MENIFEE,-117.20001220703124,33.68779373168945
8165610,2016,2016-11-14,3311,2016-09-07,0346,16000,NA,3,5,4,3311,0,0,0,NA,0,001,N INDIAN CANYON,PALM SPRINGS STATION RD,845,N,N,A,-,N,NA,NA,NA,NA,NA,NA,NA,NA,NA,N,4,0,1,2,A,-,08,22107,NA,F,G,B,E,A,H,-,D,D,0,Y,NA,NA,NA,Y,NA,-,NA,0,0,1,0,1,0,0,0,0,-,-,NA,NA,RIVERSIDE,PALM SPRINGS,NA,NA
8165721,2016,2016-11-15,3300,2016-10-19,2027,N5835,603A3,3,5,6,3394,0,0,0,NA,0,MV32,CACTUS AV,GRAHAM ST,577,E,N,A,-,N,NA,NA,NA,NA,NA,NA,NA,NA,NA,Y,4,0,1,2,A,-,03,22350,NA,N,C,C,A,A,H,-,C,D,0,NA,NA,NA,NA,Y,NA,A,01,0,0,1,0,0,0,0,0,0,-,-,33.91012,-117.2525,RIVERSIDE,MORENO VALLEY,-117.25045436,33.91023942
81658256,2021,2021-12-22,3300,2021-12-15,0648,4449,001L4,3,5,6,3345,0,0,0,NA,0,016,MISSION BL,MINTERN ST,0,NA,Y,A,-,N,NA,NA,NA,NA,NA,NA,NA,NA,NA,Y,4,0,1,3,A,-,08,22107,NA,N,D,D,A,A,H,-,A,D,0,NA,NA,NA,NA,Y,NA,D,22,0,0,1,0,0,0,0,0,0,-,-,33.99562072753906,-117.40432739257813,RIVERSIDE,JURUPA VALLEY,-117.40420532226563,33.995548248291016
81658265,2021,2021-12-22,3300,2021-12-02,0837,3774,603 B,4,5,6,3394,0,0,0,NA,0,MV34,POPPYSTONE DR,HEACOCK ST,19,E,N,A,-,N,NA,NA,NA,NA,NA,NA,NA,NA,NA,N,3,0,1,2,A,-,01,23152,F,N,D,E,A,A,H,-,A,D,0,NA,NA,NA,NA,Y,NA,A,08,0,1,0,0,0,0,0,0,0,-,-,33.89870071411133,-117.24356079101563,RIVERSIDE,MORENO VALLEY,-117.24359893798828,33.898677825927734
81659350,2021,2021-12-23,3300,2021-10-11,1614,N4187,916A,1,5,4,3312,0,0,0,NA,0,031,RIDER ST,WEBSTER AV,660,W,N,B,-,N,NA,NA,NA,NA,NA,NA,NA,NA,NA,N,1,1,0,1,A,-,03,22350,NA,N,E,I,A,A,D,-,A,D,0,NA,NA,Y,NA,Y,NA,C,02,0,0,0,0,0,0,0,1,0,-,-,33.83060836791992,-117.24392700195313,RIVERSIDE,PERRIS,-117.2452392578125,33.83034896850586
81659355,2021,2021-12-23,3300,2021-12-16,1652,5822,916D,4,5,4,3312,0,0,0,NA,0,035,4TH ST,WILKERSON AV,187,W,N,B,-,N,NA,NA,NA,NA,NA,NA,NA,NA,NA,N,4,0,4,2,A,-,08,22107,NA,N,D,C,A,A,H,-,C,D,0,NA,NA,NA,NA,Y,NA,A,01,0,0,4,0,0,0,0,0,0,-,-,33.78226089477539,-117.21894073486328,RIVERSIDE,PERRIS,-117.21959686279295,33.782371520996094
81659402,2021,2021-12-23,3300,2021-12-13,0912,4695,604 C,1,5,6,3394,0,0,0,NA,0,MV44,LASSELLE ST,GENTIAN AVE,0,NA,Y,B,-,N,NA,NA,NA,NA,NA,NA,NA,NA,NA,Y,3,0,3,2,A,-,12,21453,A,N,D,C,A,A,H,-,A,A,0,NA,NA,NA,NA,Y,NA,-,-,0,1,2,0,0,0,0,0,0,-,-,33.895469665527344,-117.2092514038086,RIVERSIDE,MORENO VALLEY,-117.20887756347656,33.895477294921875
81659700,2021,2021-12-23,3342,2021-11-23,0948,1027,561,2,5,4,3342,0,0,0,NA,0,005,ALTA MURRIETA DR,PRIVATE DRIVE,0,NA,Y,A,-,N,NA,NA,NA,NA,NA,NA,NA,NA,NA,Y,4,0,1,2,A,-,09,21801,A,N,D,C,A,A,H,-,A,D,0,NA,NA,NA,NA,Y,NA,A,07,0,0,1,0,0,0,0,0,0,-,-,NA,NA,RIVERSIDE,MURRIETA,NA,NA
81662913,2021,2021-12-28,3300,2021-12-21,1048,N6299,22E3,2,5,3,3317,0,0,0,NA,0,2S367,HWY 111,ONE MIRAGE PLACE,0,NA,Y,A,-,N,NA,NA,NA,NA,NA,NA,NA,NA,NA,Y,4,0,1,2,A,-,12,21453,A,N,D,C,A,A,H,-,A,A,0,NA,NA,NA,NA,Y,NA,A,01,0,0,1,0,0,0,0,0,0,-,-,NA,NA,RIVERSIDE,RANCHO MIRAGE,-116.44925689697266,33.77481460571289
81665140,2021,2021-12-29,3300,2021-11-29,1720,5794,Y81,1,5,3,3305,0,0,0,NA,0,Y81,CESAR CHAVEZ ST,BAGDAD AV (N),14,S,N,A,-,N,NA,NA,NA,NA,NA,NA,NA,NA,NA,N,3,0,1,2,A,-,03,22350,NA,N,G,B,C,A,H,-,C,A,0,Y,NA,NA,NA,Y,Y,A,01,0,1,0,0,1,0,0,0,0,-,-,33.67472839355469,-116.18158721923828,RIVERSIDE,COACHELLA,-116.18167114257813,33.67449188232422
8166664,2016,2018-09-24,3300,2016-12-20,2325,4578,85A2,2,5,3,3305,0,0,0,NA,0,085,86 EXPWY,AVENUE 52,146,S,N,B,-,Y,RIV,8,86,-,R,99.05,H,-,S,Y,1,1,0,3,A,-,11,21954,A,F,G,B,E,A,H,-,D,D,0,Y,NA,NA,NA,Y,NA,N,60,0,0,0,1,0,0,0,0,0,-,-,NA,NA,RIVERSIDE,COACHELLA,NA,NA
81666987,2021,2021-12-31,3311,2021-12-03,1658,16322,NA,5,5,4,3311,0,0,0,NA,0,006,PALM CANYON DRIVE E,SOUTHRIDGE DRIVE,1584,E,N,A,-,Y,NA,NA,NA,NA,NA,NA,NA,NA,NA,Y,3,0,1,3,A,-,01,23152,A,N,C,C,A,A,H,-,B,D,0,NA,NA,NA,NA,Y,Y,A,01,0,1,0,0,0,0,0,0,0,-,-,33.79737091064453,-116.5102996826172,RIVERSIDE,PALM SPRINGS,-116.50523376464844,33.795902252197266
81667855,2021,2022-01-03,3300,2021-10-22,1239,4765,24A1,5,5,3,3317,0,0,0,NA,0,MO875,RAMON RD,RATTLER RD,330,E,N,A,-,N,NA,NA,NA,NA,NA,NA,NA,NA,NA,Y,3,0,1,3,A,-,07,21658,A,N,B,C,A,A,H,-,A,D,0,NA,NA,Y,NA,Y,NA,C,02,0,1,0,0,0,0,0,0,1,-,-,33.81608963012695,-116.4316864013672,RIVERSIDE,RANCHO MIRAGE,-116.43090057373048,33.81602096557617
81667872,2021,2022-01-03,3300,2021-09-15,1009,4765,34D2,3,5,4,3318,0,0,0,NA,0,MO875,HOVLEY LN E,OASIS CLUB DR,224,W,N,A,-,N,NA,NA,NA,NA,NA,NA,NA,NA,NA,Y,4,0,1,2,A,-,03,22350,NA,N,C,C,A,A,H,-,A,A,0,NA,NA,NA,NA,Y,NA,D,22,0,0,1,0,0,0,0,0,0,-,-,33.74361038208008,-116.32132720947266,RIVERSIDE,PALM DESERT,-116.32207489013672,33.74357986450195
81667894,2021,2022-01-03,3308,2021-11-02,2011,10548,545,2,5,5,3308,0,0,0,NA,0,SOUTH,STETSON AVE,KIRBY ST,0,NA,Y,A,-,N,NA,NA,NA,NA,NA,NA,NA,NA,NA,Y,4,0,3,2,A,-,12,21453,A,N,A,C,A,A,H,-,C,A,0,NA,NA,NA,NA,Y,NA,A,01,0,0,3,0,0,0,0,0,0,-,-,33.727439880371094,-116.99439239501952,RIVERSIDE,HEMET,-116.9976806640625,33.72935485839844
81667901,2021,2022-01-03,3308,2021-11-20,1943,10801,517,6,5,5,3308,0,0,0,NA,0,NORTH,STATE ST,DEVONSHIRE AVE,0,NA,Y,A,-,N,NA,NA,NA,NA,NA,NA,NA,NA,NA,Y,4,0,1,2,A,-,17,21451,A,N,D,C,A,A,H,-,C,A,0,NA,NA,NA,NA,Y,NA,J,41,0,0,1,0,0,0,0,0,0,-,-,NA,NA,RIVERSIDE,HEMET,-116.9717025756836,33.75115966796875
8167022,2016,2018-09-24,3342,2016-10-01,1755,777,195,6,5,4,3342,0,0,0,NA,0,00A,JEFFERSON AV,KALMIA ST,0,NA,Y,A,-,N,NA,NA,NA,NA,NA,NA,NA,NA,NA,N,1,2,0,3,A,-,12,21453,A,N,D,C,A,A,H,-,A,A,0,NA,NA,Y,NA,Y,NA,C,02,0,0,0,0,0,0,0,2,0,-,-,33.56131,-117.21073,RIVERSIDE,MURRIETA,-117.21067002,33.56130006
81670520,2021,2022-01-05,3300,2021-09-26,0038,5317,601 E,7,5,6,3394,0,0,0,NA,0,MV16,HEMLOCK AVE,ORCHID LN,80,W,N,A,-,N,NA,NA,NA,NA,NA,NA,NA,NA,NA,Y,4,0,1,2,A,-,01,23152,A,N,C,E,A,A,H,-,C,D,0,NA,NA,NA,NA,Y,NA,A,01,0,0,1,0,0,0,0,0,0,-,-,33.94269943237305,-117.22863006591795,RIVERSIDE,MORENO VALLEY,-117.22883605957033,33.94266891479492
8167251,2018,2020-05-26,3300,2018-02-20,0054,5009,002X,2,5,6,3345,0,0,0,NA,0,026,LIMONITE AV,PATS RANCH RD,0,NA,Y,A,-,N,NA,NA,NA,NA,NA,NA,NA,NA,NA,N,1,1,0,1,A,-,01,23152,A,N,E,I,A,A,H,-,C,A,0,NA,NA,NA,NA,Y,Y,A,01,0,0,0,0,0,0,0,0,0,-,-,33.97505187988281,-117.54367065429688,RIVERSIDE,JURUPA VALLEY,-117.54366302490234,33.9752311706543
81673904,2021,2022-01-10,3300,2021-06-24,0040,5512,24D3,4,5,3,3317,0,0,0,NA,0,1S20,DINAH SHORE DR,DA VALL DR,0,NA,Y,A,-,N,NA,NA,NA,NA,NA,NA,NA,NA,NA,Y,2,0,2,3,A,-,01,23152,G,N,D,C,A,A,H,-,C,A,0,NA,NA,NA,Y,Y,NA,A,07,2,0,0,0,0,0,0,0,0,-,-,33.801490783691406,-116.44062042236328,RIVERSIDE,RANCHO MIRAGE,-116.44064331054688,33.80142593383789
81674154,2022,2022-01-10,3315,2022-01-08,1455,004382,11A,6,5,6,3315,0,0,0,NA,0,002,MCKINLEY ST,MOUNT HUMPHRIES ST,127,S,N,A,-,N,NA,NA,NA,NA,NA,NA,NA,NA,NA,Y,2,0,1,1,A,-,01,23152,G,N,E,I,A,A,H,-,A,D,0,NA,NA,NA,NA,Y,Y,A,01,1,0,0,0,0,0,0,0,0,-,-,33.894989013671875,-117.5251007080078,RIVERSIDE,CORONA,-117.5248565673828,33.894718170166016
81677894,2021,2022-01-14,3300,2021-09-14,0508,6037,603 B,2,5,6,3394,0,0,0,NA,0,MV32,KRAMERIA AVE,COSMOS ST (N),0,NA,Y,A,-,N,NA,NA,NA,NA,NA,NA,NA,NA,NA,N,4,0,1,2,A,-,08,22107,NA,N,B,C,A,A,H,-,C,D,0,NA,NA,NA,NA,Y,NA,-,31,0,0,1,0,0,0,0,0,0,-,-,33.88335037231445,-117.2393035888672,RIVERSIDE,MORENO VALLEY,-117.23928833007813,33.8832893371582
81677920,2022,2022-01-14,3300,2022-01-05,1127,4850,603 A,3,5,6,3394,0,0,0,NA,0,MV32,CACTUS AVE,FREDERICK ST,0,NA,Y,A,-,N,NA,NA,NA,NA,NA,NA,NA,NA,NA,Y,4,0,2,2,A,-,12,21453,A,N,A,C,A,A,H,-,A,A,0,NA,NA,NA,NA,Y,NA,A,01,0,0,2,0,0,0,0,0,0,-,-,33.91006851196289,-117.26119232177734,RIVERSIDE,MORENO VALLEY,-117.26113128662108,33.91016387939453
81678790,2021,2022-01-17,3300,2021-12-11,1745,N6910,002V,6,5,6,3345,0,0,0,NA,0,026,LIMONITE AV,ETIWANDA AV,260,E,N,A,-,N,NA,NA,NA,NA,NA,NA,NA,NA,NA,N,2,0,1,2,A,-,09,21804,A,N,D,C,A,A,H,-,C,A,0,NA,NA,NA,NA,Y,NA,A,07,1,0,0,0,0,0,0,0,0,-,-,33.97557830810547,-117.52342987060548,RIVERSIDE,JURUPA VALLEY,-117.52245330810548,33.97544860839844
81679005,2021,2022-01-17,3308,2021-10-23,1847,10801,519,6,5,5,3308,0,0,0,NA,0,NORTH,PARK AVE,LINCOLN AVE,0,NA,Y,-,-,N,NA,NA,NA,NA,NA,NA,NA,NA,NA,Y,4,0,3,2,A,-,09,21802,A,N,D,C,A,A,H,-,C,D,0,NA,NA,NA,NA,Y,NA,A,01,0,0,3,0,0,0,0,0,0,-,-,33.74905014038086,-116.92562866210938,RIVERSIDE,HEMET,-116.92910003662108,33.75135803222656
81679010,2021,2022-01-17,3308,2021-12-04,1542,10670,536,6,5,5,3308,0,0,0,NA,0,SOUTH,JOHNSTON AVE,PALM AVE,101,W,N,A,-,N,NA,NA,NA,NA,NA,NA,NA,NA,NA,Y,3,0,1,1,A,-,08,22107,NA,N,E,I,A,A,H,-,A,D,0,NA,NA,NA,NA,Y,NA,D,22,0,1,0,0,0,0,0,0,0,-,-,33.733009338378906,-116.98033142089844,RIVERSIDE,HEMET,-116.98061370849608,33.73293685913086
81679388,2022,2022-01-18,3300,2022-01-16,1739,N6297,910S,7,5,5,3335,0,0,0,NA,0,070,TEMECULA PKY,COUNTRY GLEN WY,778,W,N,B,-,N,NA,NA,NA,NA,NA,NA,NA,NA,NA,N,3,0,2,2,A,-,03,22350,NA,N,C,C,A,A,H,-,C,A,0,NA,NA,NA,NA,Y,NA,A,01,0,1,1,0,0,0,0,0,0,-,-,33.479129791259766,-117.10559844970705,RIVERSIDE,TEMECULA,-117.10811614990234,33.47869110107422
81684394,2021,2022-01-25,3349,2021-11-23,0751,399,NA,2,5,5,3341,0,0,0,NA,0,001,BRIGGS,SCOTT RD,0,NA,Y,A,-,N,NA,NA,NA,NA,NA,NA,NA,NA,NA,N,3,0,1,2,A,-,09,21804,A,N,D,C,A,A,H,-,A,A,0,NA,NA,NA,NA,Y,NA,A,07,0,1,0,0,0,0,0,0,0,-,-,NA,NA,RIVERSIDE,MENIFEE,-117.13684844970705,33.64151382446289