CASE_ID,ACCIDENT_YEAR,PROC_DATE,JURIS,COLLISION_DATE,COLLISION_TIME,OFFICER_ID,REPORTING_DISTRICT,DAY_OF_WEEK,CHP_SHIFT,POPULATION,CNTY_CITY_LOC,SPECIAL_COND,BEAT_TYPE,CHP_BEAT_TYPE,CITY_DIVISION_LAPD,CHP_BEAT_CLASS,BEAT_NUMBER,PRIMARY_RD,SECONDARY_RD,DISTANCE,DIRECTION,INTERSECTION,WEATHER_1,WEATHER_2,STATE_HWY_IND,CALTRANS_COUNTY,CALTRANS_DISTRICT,STATE_ROUTE,ROUTE_SUFFIX,POSTMILE_PREFIX,POSTMILE,LOCATION_TYPE,RAMP_INTERSECTION,SIDE_OF_HWY,TOW_AWAY,COLLISION_SEVERITY,NUMBER_KILLED,NUMBER_INJURED,PARTY_COUNT,PRIMARY_COLL_FACTOR,PCF_CODE_OF_VIOL,PCF_VIOL_CATEGORY,PCF_VIOLATION,PCF_VIOL_SUBSECTION,HIT_AND_RUN,TYPE_OF_COLLISION,MVIW,PED_ACTION,ROAD_SURFACE,ROAD_COND_1,ROAD_COND_2,LIGHTING,CONTROL_DEVICE,CHP_ROAD_TYPE,PEDESTRIAN_ACCIDENT,BICYCLE_ACCIDENT,MOTORCYCLE_ACCIDENT,TRUCK_ACCIDENT,NOT_PRIVATE_PROPERTY,ALCOHOL_INVOLVED,STWD_VEHTYPE_AT_FAULT,CHP_VEHTYPE_AT_FAULT,COUNT_SEVERE_INJ,COUNT_VISIBLE_INJ,COUNT_COMPLAINT_PAIN,COUNT_PED_KILLED,COUNT_PED_INJURED,COUNT_BICYCLIST_KILLED,COUNT_BICYCLIST_INJURED,COUNT_MC_KILLED,COUNT_MC_INJURED,PRIMARY_RAMP,SECONDARY_RAMP,LATITUDE,LONGITUDE,COUNTY,CITY,POINT_X,POINT_Y
81974037,2022,2023-01-23,3313,2022-12-31,1931,1830,5,6,5,7,3313,0,0,0,NA,0,T41,VAN BUREN BLVD,CENTRAL AVE,0,NA,Y,C,-,N,NA,NA,NA,NA,NA,NA,NA,NA,NA,Y,3,0,2,2,A,-,12,21453,A,M,A,C,A,B,H,-,C,A,0,NA,NA,NA,NA,Y,NA,A,01,0,1,1,0,0,0,0,0,0,-,-,33.95492935180664,-117.45700073242188,RIVERSIDE,RIVERSIDE,-117.45703887939452,33.95545959472656
81975133,2022,2023-01-24,3300,2022-10-19,1509,5397,905I,3,5,4,3307,0,0,0,NA,0,095,DEXTER AVE,CENTRAL AVE,133,S,N,A,-,N,NA,NA,NA,NA,NA,NA,NA,NA,NA,N,3,0,1,1,A,-,21,22106,NA,N,E,I,A,A,A,H,A,D,0,NA,NA,NA,Y,Y,NA,F,26,0,1,0,0,0,0,0,0,0,-,-,NA,NA,RIVERSIDE,LAKE ELSINORE,-117.33588409423828,33.692989349365234
81975145,2022,2023-01-24,3300,2022-10-26,1421,N6583,905D,3,5,4,3307,0,0,0,NA,0,091,MISSION TRL,CAMPBELL ST,351,S,N,A,-,N,NA,NA,NA,NA,NA,NA,NA,NA,NA,N,4,0,1,2,A,-,04,21703,NA,N,C,C,A,A,H,-,A,D,0,NA,NA,NA,NA,Y,NA,A,01,0,0,1,0,0,0,0,0,0,-,-,33.65663146972656,-117.29812622070313,RIVERSIDE,LAKE ELSINORE,-117.29772186279295,33.655757904052734
81975219,2023,2023-01-24,3300,2023-01-16,1805,N7727,905L,1,5,4,3307,0,0,0,NA,0,093,RIVERSIDE DR,ALBERTSONS,312,E,Y,C,-,N,NA,NA,NA,NA,NA,NA,NA,NA,NA,Y,4,0,1,2,A,-,07,21658,A,N,C,C,A,B,H,-,C,A,0,NA,NA,NA,NA,Y,NA,A,01,0,0,1,0,0,0,0,0,0,-,-,33.68518829345703,-117.36595916748048,RIVERSIDE,LAKE ELSINORE,-117.3660125732422,33.685237884521484
81975307,2023,2023-01-24,3308,2023-01-03,1547,10379,509,2,5,5,3308,0,0,0,NA,0,NORTH,SOBOBA ST,BERKLEY AVE,0,NA,Y,B,C,N,NA,NA,NA,NA,NA,NA,NA,NA,NA,Y,4,0,3,2,A,-,09,21802,A,N,E,I,A,A,H,-,C,D,0,NA,NA,NA,NA,Y,NA,D,22,0,0,3,0,0,0,0,0,0,-,-,NA,NA,RIVERSIDE,HEMET,-116.91952514648438,33.75864028930664
81976500,2023,2023-01-25,3300,2023-01-18,803,N6763,LA41,3,5,3,3392,0,0,0,NA,0,LA41,HWY 111,DUNE PALMS RD,0,NA,Y,A,-,N,NA,NA,NA,NA,NA,NA,NA,NA,NA,Y,3,0,3,3,A,-,09,21453,C,N,D,C,A,A,H,-,A,A,0,NA,NA,NA,NA,Y,NA,A,01,0,2,1,0,0,0,0,0,0,-,-,33.70743942260742,-116.27744293212892,RIVERSIDE,LA QUINTA,-116.27747344970705,33.70743942260742
81976515,2022,2023-01-25,3313,2022-12-30,2209,2040,3,5,5,7,3313,0,0,0,NA,0,1R35,TRAUTWEIN RD,MISSION GROVE PKWY S,0,NA,Y,B,C,N,NA,NA,NA,NA,NA,NA,NA,NA,NA,Y,3,0,2,2,A,-,01,23152,A,N,A,C,A,B,H,-,C,A,0,NA,NA,NA,NA,Y,Y,A,07,0,2,0,0,0,0,0,0,0,-,-,33.908058166503906,-117.32839965820313,RIVERSIDE,RIVERSIDE,-117.32852935791016,33.90797805786133
81979919,2022,2023-01-27,3300,2022-12-10,1917,5955,002B,6,5,6,3345,0,0,0,NA,0,020,MISSION BL,PYRITE ST,0,NA,Y,A,-,N,NA,NA,NA,NA,NA,NA,NA,NA,NA,N,2,0,1,2,A,-,10,21950,A,N,G,B,B,A,H,-,C,A,0,Y,NA,NA,NA,Y,NA,A,01,1,0,0,0,1,0,0,0,0,-,-,34.01041030883789,-117.46128845214844,RIVERSIDE,JURUPA VALLEY,-117.46236419677734,34.011802673339844
81979935,2023,2023-01-27,3300,2023-01-14,2230,6021,NA,6,5,6,3345,0,0,0,NA,0,024,ETIWANDA AV,LIMONITE AV,0,NA,Y,C,-,N,NA,NA,NA,NA,NA,NA,NA,NA,NA,Y,4,0,1,2,A,-,01,23152,A,N,A,C,A,B,H,-,C,D,0,NA,NA,NA,NA,Y,Y,A,01,0,0,1,0,0,0,0,0,0,-,-,33.97468948364258,-117.52279663085938,RIVERSIDE,JURUPA VALLEY,-117.52330780029295,33.97544860839844
81980053,2023,2023-01-27,3300,2023-01-22,1804,4440,920H,7,5,4,3314,0,0,0,NA,0,074,ESPLANADE AVE,HEWITT ST,0,NA,Y,A,-,Y,NA,NA,NA,NA,NA,NA,NA,NA,NA,Y,4,0,6,2,A,-,12,21453,A,N,D,C,A,A,H,-,C,A,0,NA,NA,NA,NA,Y,NA,A,01,0,0,6,0,0,0,0,0,0,-,-,33.77219009399414,-116.95104217529295,RIVERSIDE,SAN JACINTO,-116.95096588134766,33.772239685058594
81980919,2022,2023-07-05,3300,2022-11-04,1803,5665,602 C,5,5,6,3394,0,0,0,NA,0,MV26,HEACOCK ST,SUNNYMEAD BLVD,0,NA,Y,A,-,N,NA,NA,NA,NA,NA,NA,NA,NA,NA,N,4,0,1,2,A,-,08,22100,5,F,D,C,A,A,H,-,B,A,0,NA,NA,NA,NA,Y,NA,A,01,0,0,1,0,0,0,0,0,0,-,-,33.939048767089844,-117.24353790283205,RIVERSIDE,MORENO VALLEY,-117.24378967285156,33.93905258178711
81983645,2023,2023-02-01,3300,2023-01-29,1452,3536,604 B,7,5,6,3394,0,0,0,NA,0,MV42,EUCALYPTUS AVE,MORENO BEACH DR,772,W,N,B,C,N,NA,NA,NA,NA,NA,NA,NA,NA,NA,Y,3,0,2,2,A,-,09,21801,A,N,D,C,A,B,H,-,A,D,0,NA,NA,NA,NA,Y,NA,A,01,0,1,1,0,0,0,0,0,0,-,-,33.936790466308594,-117.1782684326172,RIVERSIDE,MORENO VALLEY,-117.1810302734375,33.937442779541016
81983676,2022,2023-02-01,3308,2022-12-28,0346,10877,517,3,5,5,3308,0,0,0,NA,0,NORTH,OAKLAND AVE,SAN JACINTO ST,294,E,N,C,-,N,NA,NA,NA,NA,NA,NA,NA,NA,NA,Y,4,0,1,1,A,-,08,22107,NA,N,E,J,A,B,H,-,C,A,0,NA,NA,NA,NA,Y,Y,A,07,0,0,1,0,0,0,0,0,0,-,-,NA,NA,RIVERSIDE,HEMET,-116.95770263671876,33.754859924316406
81984522,2023,2023-02-02,3300,2023-01-13,828,N5767,901D,5,5,4,3310,0,0,0,NA,0,051,HIDDEN VALLEY PY,EL PASO DR,0,NA,Y,A,-,N,NA,NA,NA,NA,NA,NA,NA,NA,NA,Y,4,0,1,3,A,-,03,22350,NA,N,C,C,A,A,H,-,A,A,0,NA,NA,NA,NA,Y,NA,A,01,0,0,1,0,0,0,0,0,0,-,-,33.89801025390625,-117.54396057128906,RIVERSIDE,NORCO,-117.5435791015625,33.898067474365234
81984532,2022,2023-02-02,3300,2022-12-16,1627,6245,601 D,5,5,6,3394,0,0,0,NA,0,MV14,PIGEON PASS RD,HEMLOCK AVE,277,N,N,A,-,N,NA,NA,NA,NA,NA,NA,NA,NA,NA,Y,4,0,1,5,A,-,03,22350,NA,N,C,C,A,A,H,-,B,A,0,NA,NA,NA,NA,Y,NA,A,01,0,0,1,0,0,0,0,0,0,-,-,33.942420959472656,-117.26143646240234,RIVERSIDE,MORENO VALLEY,-117.26146697998048,33.943180084228516
81986554,2023,2023-02-06,3300,2023-01-26,1122,N4187,916D,4,5,4,3312,0,0,0,NA,0,035,PERRIS BL,MARKHAM ST (N),0,NA,Y,A,-,N,NA,NA,NA,NA,NA,NA,NA,NA,NA,N,4,0,1,2,A,-,12,21453,A,N,D,C,A,A,H,-,A,A,0,NA,NA,NA,NA,Y,NA,A,01,0,0,1,0,0,0,0,0,0,-,-,33.851829528808594,-117.22590637207033,RIVERSIDE,PERRIS,-117.22615814208984,33.85179901123047
8198749,2016,2017-01-04,3300,2016-11-29,1158,N5539,905H,2,5,4,3307,0,0,0,NA,0,092,COLLIER AV,CHANEY ST,0,NA,Y,A,-,N,NA,NA,NA,NA,NA,NA,NA,NA,NA,N,4,0,1,2,A,-,09,21802,A,N,D,C,A,A,H,-,A,A,0,NA,NA,NA,NA,Y,NA,A,01,0,0,1,0,0,0,0,0,0,-,-,33.6851,-117.3333,RIVERSIDE,LAKE ELSINORE,-117.33321007,33.68519001
81988124,2022,2023-02-07,3300,2022-11-24,0759,5329,001G,4,5,6,3345,0,0,0,NA,0,014,MISSION BL,RIVERVIEW DR,0,NA,Y,A,-,N,NA,NA,NA,NA,NA,NA,NA,NA,NA,Y,4,0,1,2,A,-,01,23152,F,N,D,C,A,A,H,-,A,A,0,NA,NA,NA,NA,Y,NA,A,07,0,0,1,0,0,0,0,0,0,-,-,33.99787139892578,-117.41143798828124,RIVERSIDE,JURUPA VALLEY,-117.41252899169922,33.99966812133789
81988161,2023,2023-02-07,3306,2023-01-12,1648,2923,NA,4,5,3,3306,0,0,0,NA,0,NA,PALM DR,HACIENDA AVE,8,W,N,A,-,N,NA,NA,NA,NA,NA,NA,NA,NA,NA,N,3,0,1,2,A,-,09,21800,A,N,B,G,A,A,H,-,B,A,0,NA,Y,NA,NA,Y,NA,A,08,0,1,0,0,0,0,1,0,0,-,-,NA,NA,RIVERSIDE,DESERT HOT SPRINGS,-116.50131225585938,33.95415115356445
8198907,2016,2016-12-28,3300,2016-12-18,1357,5119,806A,7,5,3,3343,0,0,0,NA,0,W186,PORRAS RD,BAXTER RD,0,NA,Y,A,-,N,NA,NA,NA,NA,NA,NA,NA,NA,NA,Y,3,0,1,1,A,-,03,22350,NA,N,E,I,A,A,H,-,A,A,0,NA,NA,NA,NA,Y,NA,A,01,0,1,0,0,0,0,0,0,0,-,-,33.61232,-117.24087,RIVERSIDE,WILDOMAR,-117.24069006,33.6122601
81990317,2022,2023-02-09,3300,2022-07-11,0734,3481,920C,1,5,4,3314,0,0,0,NA,0,070,WARREN RD,COTTONWOOD AVE,2500,S,N,A,-,N,NA,NA,NA,NA,NA,NA,NA,NA,NA,Y,3,0,1,2,A,-,03,22350,NA,N,C,C,A,A,H,-,A,D,0,NA,NA,NA,NA,Y,NA,A,01,0,1,0,0,0,0,0,0,0,-,-,33.78750991821289,-117.03365325927734,RIVERSIDE,SAN JACINTO,-117.03350067138672,33.78059387207031
81995676,2023,2023-02-16,3300,2023-02-06,1615,6098,603 C,1,5,6,3394,0,0,0,NA,0,MV36,KRAMERIA AVE,LASSELLE ST,0,NA,Y,A,-,N,NA,NA,NA,NA,NA,NA,NA,NA,NA,N,4,0,1,2,B,-,22,NA,NA,F,D,G,A,A,H,-,A,A,0,NA,Y,NA,NA,Y,NA,D,22,0,0,1,0,0,0,1,0,0,-,-,33.882240295410156,-117.20794677734376,RIVERSIDE,MORENO VALLEY,-117.20751190185548,33.88230895996094
81995800,2023,2023-02-16,3313,2023-01-09,2039,2080,1,1,5,7,3313,0,0,0,NA,0,T48,BROCKTON AVE,JURUPA AVE,0,NA,Y,B,-,N,NA,NA,NA,NA,NA,NA,NA,NA,NA,Y,4,0,1,1,A,-,03,22350,NA,N,E,I,A,A,H,-,C,A,0,NA,NA,NA,NA,Y,NA,A,07,0,0,1,0,0,0,0,0,0,-,-,NA,NA,RIVERSIDE,RIVERSIDE,-117.39672088623048,33.96089553833008
81996611,2023,2023-02-17,3300,2023-02-15,537,4323,NA,3,5,5,3335,0,0,0,NA,0,NA,TEMECULA PKY,BUTTERFIELD STAGE RD,200,E,N,A,-,N,NA,NA,NA,NA,NA,NA,NA,NA,NA,N,4,0,1,1,A,-,03,22350,NA,N,E,I,A,A,H,-,C,D,0,NA,NA,NA,NA,Y,NA,A,07,0,0,1,0,0,0,0,0,0,-,-,33.48569107055664,-117.07875823974608,RIVERSIDE,TEMECULA,-117.07789611816406,33.48647689819336
81996751,2023,2023-02-17,3313,2023-01-13,137,2073,1,5,5,7,3313,0,0,0,NA,0,1R13,MARKET ST,FAIRMOUNT BLVD,27,N,N,A,-,N,NA,NA,NA,NA,NA,NA,NA,NA,NA,Y,3,0,2,1,A,-,03,22350,NA,F,E,I,A,A,H,-,C,A,0,NA,NA,NA,NA,Y,Y,A,01,0,1,1,0,0,0,0,0,0,-,-,33.99681854248047,-117.37042236328124,RIVERSIDE,RIVERSIDE,-117.37059020996094,33.996917724609375
81996798,2022,2023-02-17,3349,2022-12-22,1542,331,NA,4,5,5,3341,0,0,0,NA,0,004,CHERRY HILLS BLVD,PEBBLE BEACH DR,0,NA,Y,A,-,N,NA,NA,NA,NA,NA,NA,NA,NA,NA,N,4,0,1,2,A,-,09,21804,A,N,D,G,A,A,H,-,A,A,0,NA,Y,NA,NA,Y,NA,L,04,0,0,1,0,0,0,1,0,0,-,-,33.70949172973633,-117.19759368896484,RIVERSIDE,MENIFEE,-117.19747924804688,33.70947265625
81997583,2023,2023-02-20,3300,2023-01-31,1715,N6838,002M,2,5,6,3345,0,0,0,NA,0,022,BELLEGRAVE AV,WINEVILLE AV,48,E,N,A,-,N,NA,NA,NA,NA,NA,NA,NA,NA,NA,Y,4,0,1,2,A,-,03,22350,NA,N,C,C,A,A,H,-,B,A,0,NA,NA,NA,NA,Y,NA,A,07,0,0,1,0,0,0,0,0,0,-,-,33.99385070800781,-117.54139709472656,RIVERSIDE,JURUPA VALLEY,-117.54127502441406,33.993873596191406
81998066,2023,2023-02-20,3308,2023-01-23,1607,10746,527,1,5,5,3308,0,0,0,NA,0,SOUTH,SAN JACINTO ST,ACACIA AVE,286,S,N,A,-,N,NA,NA,NA,NA,NA,NA,NA,NA,NA,Y,4,0,1,2,A,-,03,22350,NA,N,C,C,A,A,H,-,A,D,0,NA,NA,NA,NA,Y,NA,A,01,0,0,1,0,0,0,0,0,0,-,-,NA,NA,RIVERSIDE,HEMET,-116.9586181640625,33.743186950683594
81999437,2023,2023-02-22,3300,2023-01-19,2109,4024,905I,4,5,4,3307,0,0,0,NA,0,095,2ND ST,CAMINO DEL NORTE,0,NA,Y,B,C,N,NA,NA,NA,NA,NA,NA,NA,NA,NA,Y,3,0,2,2,A,-,05,21650,NA,N,A,C,A,B,H,-,C,D,0,NA,NA,NA,NA,Y,NA,D,22,0,1,1,0,0,0,0,0,0,-,-,33.68724822998047,-117.33061981201172,RIVERSIDE,LAKE ELSINORE,-117.3307647705078,33.68603515625
81999468,2023,2023-02-22,3300,2023-02-10,1110,4996,603 A,5,5,6,3394,0,0,0,NA,0,MV32,CACTUS AVE,FREDERICK ST,0,NA,Y,A,-,N,NA,NA,NA,NA,NA,NA,NA,NA,NA,Y,4,0,3,2,A,-,12,21453,A,N,D,C,A,A,H,-,A,A,0,NA,NA,NA,NA,Y,NA,A,01,0,0,3,0,0,0,0,0,0,-,-,33.91006851196289,-117.26119232177734,RIVERSIDE,MORENO VALLEY,-117.26113128662108,33.91016387939453
8200005,2016,2017-01-03,3300,2016-12-12,1630,3613,506C,1,5,5,3341,0,0,0,NA,0,056,NEWTON RD,AVENIDA DE CORTEZ,470,W,N,A,-,N,NA,NA,NA,NA,NA,NA,NA,NA,NA,Y,4,0,1,2,A,-,03,22350,NA,N,C,C,A,A,H,-,C,D,0,NA,NA,NA,NA,Y,NA,A,07,0,0,1,0,0,0,0,0,0,-,-,33.68525,-117.17974,RIVERSIDE,MENIFEE,-117.181286,33.685014
82000503,2023,2023-02-23,3300,2023-01-31,1302,4254,805A,2,5,3,3343,0,0,0,NA,0,085,MISSION TRL,PALOMAR ST,0,NA,Y,A,-,N,NA,NA,NA,NA,NA,NA,NA,NA,NA,Y,4,0,1,2,A,-,09,21801,A,N,D,C,A,A,H,-,A,D,0,NA,NA,NA,NA,Y,NA,A,01,0,0,1,0,0,0,0,0,0,-,-,33.614559173583984,-117.2898406982422,RIVERSIDE,WILDOMAR,-117.28964996337892,33.61469268798828
82002920,2022,2023-02-27,3315,2022-05-26,0557,001886,3E,4,5,6,3315,0,0,0,NA,0,003,FULLERTON AV,MAGNOLIA AV,0,NA,Y,A,-,N,NA,NA,NA,NA,NA,NA,NA,NA,NA,Y,3,0,1,2,A,-,12,21453,A,N,D,C,A,A,H,-,A,A,0,NA,NA,NA,NA,Y,NA,A,01,0,1,0,0,0,0,0,0,0,-,-,NA,NA,RIVERSIDE,CORONA,-117.55034637451172,33.86132049560547
82002985,2022,2023-02-27,3315,2022-06-15,2147,001219,5A,3,5,6,3315,0,0,0,NA,0,004,SIXTH ST,AVENIDA DEL VISTA,213,E,N,A,-,N,NA,NA,NA,NA,NA,NA,NA,NA,NA,Y,4,0,1,2,A,-,01,23152,A,N,D,C,A,A,H,-,C,D,0,NA,NA,NA,NA,Y,Y,A,01,0,0,1,0,0,0,0,0,0,-,-,33.87860107421875,-117.5967025756836,RIVERSIDE,CORONA,-117.59600830078124,33.87854766845703
82003025,2022,2023-02-27,3315,2022-07-03,1249,004248,3D,7,5,6,3315,0,0,0,NA,0,003,MAGNOLIA AV,15 NB OFF RAMP,0,NA,Y,A,-,N,NA,NA,NA,NA,NA,NA,NA,NA,NA,N,3,0,2,2,A,-,12,21453,A,N,D,C,A,A,H,-,A,A,0,NA,NA,NA,NA,Y,NA,A,01,0,1,1,0,0,0,0,0,0,-,-,33.86656188964844,-117.54103088378906,RIVERSIDE,CORONA,-117.54212951660156,33.86597442626953
82003037,2022,2023-02-27,3315,2022-07-08,1531,003152,7C,5,5,6,3315,0,0,0,NA,0,001,SIXTH ST,SHOPPING CENTER,469,W,N,A,-,N,NA,NA,NA,NA,NA,NA,NA,NA,NA,Y,4,0,1,2,A,-,03,22350,NA,N,C,C,A,A,H,-,A,D,0,NA,NA,NA,NA,Y,NA,D,22,0,0,1,0,0,0,0,0,0,-,-,NA,NA,RIVERSIDE,CORONA,NA,NA
82003065,2022,2023-02-27,3315,2022-07-19,1610,004349,3E,2,5,6,3315,0,0,0,NA,0,003,MAGNOLIA AV,RIMPAU AV,0,NA,Y,A,-,N,NA,NA,NA,NA,NA,NA,NA,NA,NA,N,4,0,1,2,A,-,03,22350,NA,N,C,C,A,A,H,-,A,A,0,NA,NA,NA,NA,Y,NA,A,01,0,0,1,0,0,0,0,0,0,-,-,33.86445999145508,-117.54457855224608,RIVERSIDE,CORONA,-117.544677734375,33.86454391479492
82003121,2023,2023-02-27,3315,2023-01-17,1925,003152,10C,2,5,6,3315,0,0,0,NA,0,002,RADIO RD,QUARRY ST,5,N,N,A,-,N,NA,NA,NA,NA,NA,NA,NA,NA,NA,N,4,0,2,2,A,-,03,22350,NA,N,C,C,A,A,H,-,C,D,0,NA,NA,NA,NA,Y,NA,A,01,0,0,2,0,0,0,0,0,0,-,-,33.876380920410156,-117.54283142089844,RIVERSIDE,CORONA,-117.54282379150392,33.877593994140625
82003135,2023,2023-02-27,3315,2023-01-23,1448,004754,3A,1,5,6,3315,0,0,0,NA,0,002,TENTH ST,JOY ST,0,NA,Y,A,G,N,NA,NA,NA,NA,NA,NA,NA,NA,NA,N,4,0,1,2,A,-,09,21802,A,N,D,C,A,A,H,-,A,A,0,NA,NA,NA,NA,Y,NA,A,01,0,0,1,0,0,0,0,0,0,-,-,33.87078094482422,-117.5621337890625,RIVERSIDE,CORONA,-117.5620574951172,33.87070083618164
82003136,2023,2023-02-27,3315,2023-01-23,2043,002235,9A,1,5,6,3315,0,0,0,NA,0,002,HIDDEN VALLEY PY,PARKRIDGE AV,0,NA,Y,A,-,N,NA,NA,NA,NA,NA,NA,NA,NA,NA,Y,3,0,2,2,A,-,09,21453,C,N,D,C,A,A,H,-,C,A,0,NA,NA,NA,NA,Y,NA,D,22,0,1,1,0,0,0,0,0,0,-,-,33.89680099487305,-117.54329681396484,RIVERSIDE,CORONA,-117.5436553955078,33.897987365722656
82003194,2023,2023-02-27,3315,2023-02-15,648,001452,2B,3,5,6,3315,0,0,0,NA,0,001,MAIN ST,RINCON ST,0,NA,Y,A,-,N,NA,NA,NA,NA,NA,NA,NA,NA,NA,Y,4,0,2,2,A,-,12,21453,A,N,D,C,A,A,H,-,A,A,0,NA,NA,NA,NA,Y,NA,A,01,0,0,2,0,0,0,0,0,0,-,-,NA,NA,RIVERSIDE,CORONA,-117.5647430419922,33.88663864135742
82003368,2023,2023-02-27,3300,2023-02-22,1811,5059,601 Z,3,5,6,3394,0,0,0,NA,0,MV14,BOX SPRINGS RD,DAY ST,620,W,N,A,-,N,NA,NA,NA,NA,NA,NA,NA,NA,NA,N,4,0,2,3,A,-,03,22350,NA,N,C,C,A,A,H,-,C,D,0,NA,NA,NA,NA,Y,NA,D,22,0,0,2,0,0,0,0,0,0,-,-,33.94657897949219,-117.27899932861328,RIVERSIDE,MORENO VALLEY,-117.28103637695313,33.946571350097656
8200404,2017,2017-03-13,3300,2017-02-18,1545,5362,81A1,6,5,3,3305,0,0,0,NA,0,Y81,CALHOUN ST,AVENUE 50,0,NA,Y,B,-,N,NA,NA,NA,NA,NA,NA,NA,NA,NA,Y,3,0,5,2,A,-,12,22450,A,N,D,C,A,A,H,-,A,A,0,NA,NA,NA,NA,Y,NA,A,01,0,3,2,0,0,0,0,0,0,-,-,NA,NA,RIVERSIDE,COACHELLA,-116.20779007,33.68547012
82004604,2023,2023-02-28,3300,2023-02-21,1235,N1673,36P4,2,5,4,3318,0,0,0,NA,0,T36,PORTOLA AVE,FRED WARING DR,538,S,N,B,-,N,NA,NA,NA,NA,NA,NA,NA,NA,NA,Y,3,0,3,3,A,-,03,22350,NA,N,C,C,A,A,D,-,A,A,0,NA,NA,NA,NA,Y,NA,D,22,0,1,2,0,0,0,0,0,0,-,-,33.7287483215332,-116.37394714355467,RIVERSIDE,PALM DESERT,-116.3737564086914,33.72732925415039
82005655,2023,2023-03-01,3300,2023-02-23,1531,N7042,916D,4,5,4,3312,0,0,0,NA,0,031,PERRIS BL,SPECTRUM (N),0,NA,Y,B,-,N,NA,NA,NA,NA,NA,NA,NA,NA,NA,Y,4,0,1,2,A,-,12,21453,A,N,D,C,A,B,H,-,A,A,0,NA,NA,NA,NA,Y,NA,A,07,0,0,1,0,0,0,0,0,0,-,-,33.818260192871094,-117.22640228271484,RIVERSIDE,PERRIS,-117.22620391845705,33.818302154541016
82005864,2022,2023-03-01,3342,2022-03-02,1420,1027,553,3,5,4,3342,0,0,0,NA,0,005,WHITEWOOD RD,VIA TEMPRANO (S),0,NA,Y,A,-,N,NA,NA,NA,NA,NA,NA,NA,NA,NA,Y,3,0,2,2,A,-,09,21801,A,N,D,C,A,A,H,-,A,D,0,NA,NA,NA,NA,Y,NA,A,08,0,1,1,0,0,0,0,0,0,-,-,33.562599182128906,-117.16510772705078,RIVERSIDE,MURRIETA,-117.1671142578125,33.56857681274414
82005869,2022,2023-03-01,3342,2022-03-08,2053,646,373,2,5,4,3342,0,0,0,NA,0,003,LOS ALAMOS RD,CRAWFORD CANYON RD,300,E,N,A,-,N,NA,NA,NA,NA,NA,NA,NA,NA,NA,N,4,0,2,2,A,-,05,21651,A,F,B,C,A,A,H,-,D,D,0,NA,NA,NA,NA,Y,NA,-,-,0,0,2,0,0,0,0,0,0,-,-,33.59693908691406,-117.151123046875,RIVERSIDE,MURRIETA,-117.15004730224608,33.59703063964844
8200601,2017,2017-03-14,3313,2017-01-12,0700,0282,2,4,5,7,3313,0,0,0,NA,0,T48,CANYON CREEK DR,UNIVERSITY DR,150,S,N,B,C,N,NA,NA,NA,NA,NA,NA,NA,NA,NA,Y,4,0,1,2,A,-,07,21658,A,F,B,C,A,B,H,-,A,D,0,NA,NA,NA,NA,Y,NA,A,07,0,0,1,0,0,0,0,0,0,-,-,33.9858,-117.33107,RIVERSIDE,RIVERSIDE,NA,NA
82006023,2022,2023-03-01,3342,2022-05-17,0722,1027,135,2,5,4,3342,0,0,0,NA,0,001,WASHINGTON AVE,SANTA FE TR,21,N,N,A,-,N,NA,NA,NA,NA,NA,NA,NA,NA,NA,N,4,0,3,2,A,-,03,22350,NA,N,C,D,A,A,H,-,A,D,0,NA,NA,NA,Y,Y,NA,F,26,0,0,3,0,0,0,0,0,0,-,-,33.56937026977539,-117.23127746582033,RIVERSIDE,MURRIETA,-117.23134613037108,33.56950378417969
82006101,2022,2023-03-02,3342,2022-06-28,1547,481,603,2,5,4,3342,0,0,0,NA,0,006,WINCHESTER RD,VIA MIRA MOSA,0,NA,Y,A,-,N,NA,NA,NA,NA,NA,NA,NA,NA,NA,Y,2,0,2,4,A,-,01,23152,F,N,A,C,A,A,H,-,A,A,0,NA,NA,NA,Y,Y,NA,A,07,1,0,1,0,0,0,0,0,0,-,-,33.58238983154297,-117.13279724121094,RIVERSIDE,MURRIETA,-117.13280487060548,33.58235549926758
82006184,2022,2023-03-01,3342,2022-08-15,0909,898,173,1,5,4,3342,0,0,0,NA,0,001,CALIFORNIA OAKS RD,NORTHBOUND I-15 OFF RAMP,0,NA,Y,A,-,N,NA,NA,NA,NA,NA,NA,NA,NA,NA,Y,4,0,1,2,A,-,12,21453,A,N,D,C,A,A,H,-,A,A,0,NA,NA,NA,Y,Y,NA,-,-,0,0,1,0,0,0,0,0,0,-,-,33.566429138183594,-117.20645141601563,RIVERSIDE,MURRIETA,NA,NA
82006204,2022,2023-03-01,3342,2022-08-23,2012,1225,304,2,5,4,3342,0,0,0,NA,0,003,ANTELOPE RD,MURRIETTA HERITAGE MARKETPLACE,0,NA,Y,A,-,N,NA,NA,NA,NA,NA,NA,NA,NA,NA,N,4,0,1,2,A,-,11,21954,A,N,G,B,D,A,H,-,C,A,0,Y,NA,NA,NA,Y,NA,N,60,0,0,1,0,1,0,0,0,0,-,-,33.64033889770508,-117.16815185546876,RIVERSIDE,MURRIETA,NA,NA