CASE_ID,ACCIDENT_YEAR,PROC_DATE,JURIS,COLLISION_DATE,COLLISION_TIME,OFFICER_ID,REPORTING_DISTRICT,DAY_OF_WEEK,CHP_SHIFT,POPULATION,CNTY_CITY_LOC,SPECIAL_COND,BEAT_TYPE,CHP_BEAT_TYPE,CITY_DIVISION_LAPD,CHP_BEAT_CLASS,BEAT_NUMBER,PRIMARY_RD,SECONDARY_RD,DISTANCE,DIRECTION,INTERSECTION,WEATHER_1,WEATHER_2,STATE_HWY_IND,CALTRANS_COUNTY,CALTRANS_DISTRICT,STATE_ROUTE,ROUTE_SUFFIX,POSTMILE_PREFIX,POSTMILE,LOCATION_TYPE,RAMP_INTERSECTION,SIDE_OF_HWY,TOW_AWAY,COLLISION_SEVERITY,NUMBER_KILLED,NUMBER_INJURED,PARTY_COUNT,PRIMARY_COLL_FACTOR,PCF_CODE_OF_VIOL,PCF_VIOL_CATEGORY,PCF_VIOLATION,PCF_VIOL_SUBSECTION,HIT_AND_RUN,TYPE_OF_COLLISION,MVIW,PED_ACTION,ROAD_SURFACE,ROAD_COND_1,ROAD_COND_2,LIGHTING,CONTROL_DEVICE,CHP_ROAD_TYPE,PEDESTRIAN_ACCIDENT,BICYCLE_ACCIDENT,MOTORCYCLE_ACCIDENT,TRUCK_ACCIDENT,NOT_PRIVATE_PROPERTY,ALCOHOL_INVOLVED,STWD_VEHTYPE_AT_FAULT,CHP_VEHTYPE_AT_FAULT,COUNT_SEVERE_INJ,COUNT_VISIBLE_INJ,COUNT_COMPLAINT_PAIN,COUNT_PED_KILLED,COUNT_PED_INJURED,COUNT_BICYCLIST_KILLED,COUNT_BICYCLIST_INJURED,COUNT_MC_KILLED,COUNT_MC_INJURED,PRIMARY_RAMP,SECONDARY_RAMP,LATITUDE,LONGITUDE,COUNTY,CITY,POINT_X,POINT_Y
82006225,2022,2023-03-01,3342,2022-09-06,1639,898,381,2,5,4,3342,0,0,0,NA,0,003,WINCHESTER RD,MAX GILLISS BLVD,0,NA,Y,A,-,Y,RIV,NA,79,NA,R,8.443,H,NA,R,N,3,0,1,2,A,-,08,22107,NA,N,D,G,A,A,H,-,A,A,0,NA,Y,NA,NA,Y,NA,A,07,0,1,0,0,0,0,1,0,0,-,-,33.597930908203125,-117.11831665039063,RIVERSIDE,MURRIETA,-117.11843872070313,33.5980110168457
82006226,2022,2023-03-01,3342,2022-09-06,1955,867,305,2,5,4,3342,0,0,0,NA,0,003,ANTELOPE RD,MAPLETON AVE,0,NA,Y,A,-,N,NA,NA,NA,NA,NA,NA,NA,NA,NA,Y,4,0,1,2,A,-,09,21800,A,N,D,C,A,A,H,-,D,A,0,NA,NA,NA,NA,Y,NA,A,01,0,0,1,0,0,0,0,0,0,-,-,33.63203811645508,-117.1706085205078,RIVERSIDE,MURRIETA,-117.1706085205078,33.63206481933594
82006228,2022,2023-03-01,3342,2022-09-07,1359,481,649,3,5,4,3342,0,0,0,NA,0,006,MARGARITA RD,FORDHAM WAY,0,NA,Y,A,-,N,NA,NA,NA,NA,NA,NA,NA,NA,NA,N,4,0,1,2,A,-,12,21453,A,N,D,G,A,A,H,-,A,A,0,NA,Y,NA,NA,Y,NA,A,07,0,0,1,0,0,0,1,0,0,-,-,33.55358123779297,-117.15782928466795,RIVERSIDE,MURRIETA,-117.15777587890624,33.553611755371094
82006282,2022,2023-03-01,3342,2022-10-03,1541,898,281,1,5,4,3342,0,0,0,NA,0,002,SYMPHONY PARK LN,SUNFLOWER RD,0,NA,Y,A,-,N,NA,NA,NA,NA,NA,NA,NA,NA,NA,N,4,0,1,2,D,-,00,NA,NA,N,G,B,B,A,H,-,A,A,0,Y,NA,NA,NA,Y,NA,-,-,0,0,1,0,1,0,0,0,0,-,-,33.57046127319336,-117.1990966796875,RIVERSIDE,MURRIETA,-117.19911193847656,33.57038879394531
82006296,2022,2023-03-01,3342,2022-10-08,1616,1154,199,6,5,4,3342,0,0,0,NA,0,001,MADISON AVE,JUNIPER ST,0,NA,Y,A,-,N,NA,NA,NA,NA,NA,NA,NA,NA,NA,Y,4,0,2,2,A,-,12,21453,A,N,D,C,A,A,H,-,A,A,0,NA,NA,NA,NA,Y,NA,A,07,0,0,2,0,0,0,0,0,0,-,-,33.561119079589844,-117.2043685913086,RIVERSIDE,MURRIETA,-117.20448303222656,33.56106185913086
82006374,2022,2023-03-01,3342,2022-11-10,1437,481,623,4,5,4,3342,0,0,0,NA,0,006,WINCHESTER RD,HUNTER RD,294,N,N,A,-,N,NA,NA,NA,NA,NA,NA,NA,NA,NA,Y,4,0,4,4,A,-,03,22350,NA,N,C,C,A,A,H,-,A,A,0,NA,NA,NA,NA,Y,NA,A,01,0,0,4,0,0,0,0,0,0,-,-,33.568870544433594,-117.13651275634766,RIVERSIDE,MURRIETA,-117.13637542724608,33.569637298583984
82006394,2022,2023-03-01,3342,2022-11-17,1603,1148,563,4,5,4,3342,0,0,0,NA,0,005,MURRIETA HOT SPRINGS RD,JACKSON AVE,83,E,N,A,-,N,NA,NA,NA,NA,NA,NA,NA,NA,NA,N,4,0,1,2,A,-,21,22106,NA,N,C,C,A,A,H,-,A,A,0,NA,NA,NA,NA,Y,NA,A,07,0,0,1,0,0,0,0,0,0,-,-,33.555850982666016,-117.17282104492188,RIVERSIDE,MURRIETA,-117.18661499023438,33.5553092956543
82006405,2022,2023-03-01,3342,2022-11-22,2159,166,300,2,5,4,3342,0,0,0,NA,0,003,SCOTT RD,ANTELOPE RD,0,NA,Y,A,-,N,NA,NA,NA,NA,NA,NA,NA,NA,NA,N,4,0,4,2,A,-,12,21453,A,N,C,C,A,A,H,-,C,A,0,NA,NA,NA,NA,Y,NA,D,22,0,0,4,0,0,0,0,0,0,-,-,33.64152908325195,-117.16790771484376,RIVERSIDE,MURRIETA,-117.16806793212892,33.64170455932617
82006414,2022,2023-03-01,3342,2022-11-29,0729,898,525,2,5,4,3342,0,0,0,NA,0,005,WHITEWOOD RD,VIA CUENCA,0,NA,Y,A,-,N,NA,NA,NA,NA,NA,NA,NA,NA,NA,Y,4,0,1,2,A,-,09,21801,A,N,D,C,A,A,H,-,A,A,0,NA,NA,NA,NA,Y,NA,D,22,0,0,1,0,0,0,0,0,0,-,-,33.57780075073242,-117.17862701416016,RIVERSIDE,MURRIETA,-117.17878723144533,33.57776641845703
82006461,2022,2023-03-01,3342,2022-12-15,1327,1098,525,4,5,4,3342,0,0,0,NA,0,005,WHITEWOOD RD,LOS ALAMOS RD,300,N,N,A,-,N,NA,NA,NA,NA,NA,NA,NA,NA,NA,Y,4,0,1,2,A,-,06,21755,NA,N,D,C,A,A,H,-,A,C,0,NA,NA,NA,NA,Y,NA,A,01,0,0,1,0,0,0,0,0,0,-,-,33.5759391784668,-117.17655181884766,RIVERSIDE,MURRIETA,-117.17739105224608,33.5764274597168
82006512,2023,2023-03-01,3342,2023-01-11,1355,1382,218,3,5,4,3342,0,0,0,NA,0,002,NUTMEG ST,JACKSON AVE,0,NA,Y,A,-,N,NA,NA,NA,NA,NA,NA,NA,NA,NA,N,3,0,1,2,A,-,08,22107,NA,N,H,C,A,A,H,-,A,A,0,NA,NA,Y,NA,Y,NA,-,31,0,1,0,0,0,0,0,0,1,-,-,33.584808349609375,-117.21839904785156,RIVERSIDE,MURRIETA,-117.21851348876952,33.58481216430664
82009778,2023,2023-03-06,3300,2023-02-16,833,N8055,601 E,4,5,6,3394,0,0,0,NA,0,MV16,ELDER AVE,YUMA CT,51,E,N,A,-,N,NA,NA,NA,NA,NA,NA,NA,NA,NA,Y,4,0,1,2,A,-,08,22107,NA,N,B,E,A,A,H,-,A,D,0,NA,NA,NA,NA,Y,NA,A,07,0,0,1,0,0,0,0,0,0,-,-,33.939918518066406,-117.21381378173828,RIVERSIDE,MORENO VALLEY,-117.21379852294922,33.939945220947266
82013254,2022,2023-03-09,3313,2022-12-16,0412,1949,2,5,5,7,3313,0,0,0,NA,0,1R21,ALESSANDRO BLVD,MISSION GROVE PKWY N,0,NA,Y,A,-,N,NA,NA,NA,NA,NA,NA,NA,NA,NA,N,4,0,1,2,A,-,08,22107,NA,F,B,C,A,A,H,-,C,D,0,NA,NA,NA,NA,Y,NA,A,01,0,0,1,0,0,0,0,0,0,-,-,33.91651153564453,-117.32460021972656,RIVERSIDE,RIVERSIDE,-117.32473754882813,33.91630172729492
82014331,2023,2023-03-10,3300,2023-03-05,1706,5228,910V,7,5,5,3335,0,0,0,NA,0,070,EASTRIDGE PL,QUAIL CREST DR,0,NA,Y,A,-,N,NA,NA,NA,NA,NA,NA,NA,NA,NA,N,3,0,1,2,A,-,12,22450,A,N,D,C,A,A,H,-,B,A,0,NA,NA,Y,NA,Y,NA,O,05,0,1,0,0,0,0,0,0,1,-,-,33.46772003173828,-117.0773468017578,RIVERSIDE,TEMECULA,-117.07686614990234,33.468265533447266
82014337,2022,2023-03-10,3300,2022-06-09,2322,3786,002Z,4,5,6,3345,0,0,0,NA,0,026,PATS RANCH RD,65TH ST,628,S,N,A,-,N,NA,NA,NA,NA,NA,NA,NA,NA,NA,Y,4,0,2,2,A,-,03,22350,NA,N,C,C,A,A,H,-,C,D,0,NA,NA,NA,NA,Y,NA,A,01,0,0,2,0,0,0,0,0,0,-,-,33.969661712646484,-117.54618072509766,RIVERSIDE,JURUPA VALLEY,-117.54618072509766,33.96811294555664
82014344,2023,2023-03-10,3300,2023-02-02,1918,N6910,001G,4,5,6,3345,0,0,0,NA,0,014,RIVERVIEW DR,MISSION BL,12,S,N,A,-,N,NA,NA,NA,NA,NA,NA,NA,NA,NA,N,4,0,1,2,A,-,11,21950,B,N,G,B,B,A,H,-,C,A,0,Y,NA,NA,NA,Y,NA,N,60,0,0,1,0,1,0,0,0,0,-,-,33.99974060058594,-117.41249084472656,RIVERSIDE,JURUPA VALLEY,-117.4125518798828,33.9996452331543
82014544,2023,2023-03-10,3313,2023-01-24,147,1384,2,2,5,7,3313,0,0,0,NA,0,M17,UNIVERSITY AVE,CRANFORD AVE,0,NA,Y,A,-,N,NA,NA,NA,NA,NA,NA,NA,NA,NA,N,3,0,1,2,A,-,10,21950,A,N,G,B,B,A,H,-,A,A,0,Y,NA,NA,NA,Y,NA,D,22,0,1,0,0,1,0,0,0,0,-,-,33.974098205566406,-117.34390258789063,RIVERSIDE,RIVERSIDE,-117.34420013427734,33.97562026977539
82015392,2023,2023-03-13,3315,2023-03-08,1707,003546,NA,3,5,6,3315,0,0,0,NA,0,004,FOOTHILL PY,MAIN ST,673,W,N,A,-,N,NA,NA,NA,NA,NA,NA,NA,NA,NA,Y,2,0,1,2,A,-,09,21802,A,N,D,C,A,A,H,-,A,D,0,NA,NA,Y,NA,Y,NA,A,01,1,0,0,0,0,0,0,0,1,-,-,33.843910217285156,-117.57205963134766,RIVERSIDE,CORONA,-117.57391357421876,33.84495162963867
82015477,2023,2023-03-13,3308,2023-02-27,930,10746,567,1,5,5,3308,0,0,0,NA,0,SOUTH,SOUTH VILLAGE LOOP,MONTAGE ST,0,NA,Y,B,-,N,NA,NA,NA,NA,NA,NA,NA,NA,NA,Y,4,0,1,1,C,-,18,NA,NA,N,E,I,A,A,H,-,A,A,0,NA,NA,NA,NA,Y,NA,-,-,0,0,1,0,0,0,0,0,0,-,-,NA,NA,RIVERSIDE,HEMET,-117.53929138183594,33.89644241333008
82015511,2023,2023-03-13,3313,2023-01-30,1712,1887,1,1,5,7,3313,0,0,0,NA,0,3R10,CENTRAL AVE,BELINDA DR,0,NA,Y,A,-,N,NA,NA,NA,NA,NA,NA,NA,NA,NA,N,4,0,1,2,A,-,03,22350,NA,N,C,C,A,A,H,-,B,D,0,NA,NA,NA,NA,Y,NA,A,08,0,0,1,0,0,0,0,0,0,-,-,33.95241928100586,-117.40824127197266,RIVERSIDE,RIVERSIDE,-117.40821838378906,33.953426361083984
82015671,2023,2023-03-13,3300,2023-03-07,1905,4867,602 E,2,5,6,3394,0,0,0,NA,0,MV28,KITCHING ST,FIR AVE,0,NA,Y,A,-,N,NA,NA,NA,NA,NA,NA,NA,NA,NA,Y,4,0,1,2,A,-,09,21802,A,N,D,C,A,A,H,-,C,A,0,NA,NA,NA,NA,Y,NA,A,01,0,0,1,0,0,0,0,0,0,-,-,33.93545150756836,-117.21756744384766,RIVERSIDE,MORENO VALLEY,-117.21763610839844,33.935428619384766
82015673,2023,2023-03-13,3300,2023-03-09,1732,5059,604 D,4,5,6,3394,0,0,0,NA,0,MV48,ALESSANDRO BLVD,WILMOT ST,0,NA,Y,A,-,N,NA,NA,NA,NA,NA,NA,NA,NA,NA,N,3,0,1,2,A,-,11,21950,B,N,G,B,D,A,H,-,A,D,0,Y,NA,NA,NA,Y,Y,N,60,0,1,0,0,1,0,0,0,0,-,-,33.91714096069336,-117.16107177734376,RIVERSIDE,MORENO VALLEY,-117.16107940673828,33.91746139526367
8201612,2017,2017-03-29,3300,2017-02-11,1903,3775,602D2,6,5,6,3394,0,0,0,NA,0,MV26,SUNNYMEAD BL,INDIAN ST,0,NA,Y,C,-,N,NA,NA,NA,NA,NA,NA,NA,NA,NA,Y,4,0,1,4,A,-,12,21453,A,F,A,C,A,B,H,-,C,A,0,NA,NA,NA,NA,Y,NA,A,01,0,0,1,0,0,0,0,0,0,-,-,33.93905,-117.23497,RIVERSIDE,MORENO VALLEY,-117.23507004,33.93906001
8201683,2017,2017-03-28,3300,2017-03-02,0640,N2646,604C5,4,5,6,3394,0,0,0,NA,0,044,LASSELLE ST,CAMINO DEL REY,55,S,N,A,-,N,NA,NA,NA,NA,NA,NA,NA,NA,NA,N,4,0,2,3,A,-,07,21658,A,N,B,C,A,A,H,-,A,D,0,NA,Y,NA,NA,Y,NA,A,01,0,0,2,0,0,0,1,0,0,-,-,33.8596,-117.20874,RIVERSIDE,MORENO VALLEY,-117.20881,33.85949934
82018254,2023,2023-03-15,3315,2023-02-04,1854,004516,6E,6,5,6,3315,0,0,0,NA,0,001,MAIN ST,91 WB ON RAMP,0,W,Y,A,-,N,NA,NA,NA,NA,NA,NA,NA,NA,NA,N,4,0,1,2,A,-,12,21453,A,N,D,C,A,A,H,-,C,A,0,NA,NA,NA,NA,Y,NA,A,01,0,0,1,0,0,0,0,0,0,-,-,33.88058853149414,-117.56568908691406,RIVERSIDE,CORONA,-117.56552124023438,33.88063430786133
82019020,2023,2023-03-16,3300,2023-03-10,1422,4713,910B,5,5,5,3335,0,0,0,NA,0,063,WINCHESTER RD,NICOLAS RD,447,S,N,C,-,N,NA,NA,NA,NA,NA,NA,NA,NA,NA,Y,4,0,2,5,A,-,01,23152,A,N,C,C,A,B,H,-,A,A,0,NA,NA,NA,NA,Y,Y,A,07,0,0,2,0,0,0,0,0,0,-,-,33.539371490478516,-117.14469146728516,RIVERSIDE,TEMECULA,-117.14508056640624,33.53812026977539
82020280,2023,2023-03-17,3311,2023-01-29,1856,15984,NA,7,5,4,3311,0,0,0,NA,0,006,RAMON ROAD,CROSSLEY ROAD,0,NA,Y,A,-,N,NA,NA,NA,NA,NA,NA,NA,NA,NA,Y,4,0,1,2,A,-,09,21801,A,N,A,C,A,A,H,-,C,A,0,NA,NA,NA,NA,Y,NA,A,01,0,0,1,0,0,0,0,0,0,-,-,33.81584930419922,-116.48419189453124,RIVERSIDE,PALM SPRINGS,-116.48426818847656,33.815860748291016
82021568,2023,2023-03-20,3300,2023-03-02,1208,3481,920C,4,5,4,3314,0,0,0,NA,0,072,STATE ST,7TH ST,230,N,N,A,-,N,NA,NA,NA,NA,NA,NA,NA,NA,NA,Y,4,0,1,2,A,-,09,21804,A,N,D,C,A,A,H,-,A,D,0,NA,NA,NA,NA,Y,NA,D,22,0,0,1,0,0,0,0,0,0,-,-,33.780208587646484,-116.9718780517578,RIVERSIDE,SAN JACINTO,-116.9719009399414,33.780818939208984
82021707,2023,2023-03-20,3300,2023-03-17,1517,5059,604 A,5,5,6,3394,0,0,0,NA,0,MV42,CACTUS AVE,LASSELLE ST,197,W,N,A,-,N,NA,NA,NA,NA,NA,NA,NA,NA,NA,N,4,0,1,2,A,-,21,22106,NA,N,C,C,A,A,H,-,A,A,0,NA,NA,NA,NA,Y,NA,A,01,0,0,1,0,0,0,0,0,0,-,-,33.91014099121094,-117.20896911621094,RIVERSIDE,MORENO VALLEY,-117.20962524414063,33.910099029541016
82028480,2023,2023-03-27,3313,2023-03-03,1805,1880,3,5,5,7,3313,0,0,0,NA,0,M10,SYCAMORE CANYON BLVD,FAIR ISLE DR,0,NA,Y,A,-,N,NA,NA,NA,NA,NA,NA,NA,NA,NA,N,4,0,1,2,A,-,12,21453,A,N,D,C,A,A,H,-,C,A,0,NA,NA,NA,NA,Y,NA,-,-,0,0,1,0,0,0,0,0,0,-,-,33.94731140136719,-117.30229949951172,RIVERSIDE,RIVERSIDE,-117.3023681640625,33.947296142578125
82028496,2023,2023-03-27,3315,2023-03-09,651,001874,5A,4,5,6,3315,0,0,0,NA,0,004,SIXTH ST,MAPLE ST,0,NA,Y,A,-,Y,NA,NA,NA,NA,NA,NA,NA,NA,NA,Y,4,0,3,2,A,-,09,21453,C,N,D,C,A,A,H,-,A,A,0,NA,NA,NA,NA,Y,NA,A,01,0,0,3,0,0,0,0,0,0,-,-,NA,NA,RIVERSIDE,CORONA,-117.60375213623048,33.879520416259766
82028504,2023,2023-03-27,3315,2023-03-23,400,001338,5A,4,5,6,3315,0,0,0,NA,0,004,SIXTH ST,PASEO GRANDE,0,NA,Y,B,-,N,NA,NA,NA,NA,NA,NA,NA,NA,NA,Y,3,0,2,2,A,-,09,21453,C,N,D,C,A,A,H,-,C,A,0,NA,NA,NA,NA,Y,NA,A,01,0,2,0,0,0,0,0,0,0,-,-,33.879188537597656,-117.601318359375,RIVERSIDE,CORONA,-117.60134887695313,33.879058837890625
8202983,2016,2017-01-13,3300,2016-12-01,0747,3710,24A1,4,5,3,3317,0,0,0,NA,0,024,RATTLER RD,RAMON RD,1278,N,N,B,-,N,NA,NA,NA,NA,NA,NA,NA,NA,NA,N,3,0,1,2,A,-,05,21650,1,N,D,G,A,A,H,-,A,D,0,NA,Y,NA,NA,Y,NA,L,04,0,1,0,0,0,0,1,0,0,-,-,33.81609,-116.43169,RIVERSIDE,RANCHO MIRAGE,-116.4320391,33.81966696
82029981,2023,2023-03-28,3300,2023-03-26,1223,4323,910F,7,5,5,3335,0,0,0,NA,0,062,OVERLAND DR,PROMENADE WY,0,NA,Y,B,-,N,NA,NA,NA,NA,NA,NA,NA,NA,NA,Y,3,0,2,2,A,-,12,21453,A,N,D,C,A,A,H,-,A,A,0,NA,NA,NA,NA,Y,NA,A,07,0,1,1,0,0,0,0,0,0,-,-,33.51987838745117,-117.15310668945313,RIVERSIDE,TEMECULA,-117.15313720703124,33.51987838745117
82030015,2023,2023-03-28,3300,2023-03-15,554,5716,20C7,3,5,3,3317,0,0,0,NA,0,S20,HIGHWAY 111,MAGNESIA FALLS DR,253,E,N,C,-,N,NA,NA,NA,NA,NA,NA,NA,NA,NA,Y,4,0,2,2,A,-,03,22350,NA,N,C,C,A,B,H,-,C,A,0,NA,NA,NA,NA,Y,NA,A,01,0,0,2,0,0,0,0,0,0,-,-,33.801490783691406,-116.44062042236328,RIVERSIDE,RANCHO MIRAGE,-116.40754699707033,33.7352294921875
8203029,2016,2017-01-05,3300,2016-09-27,2100,4809,910Q,2,5,5,3335,0,0,0,NA,0,069,PECHANGA PKWY,TEMECULA PKWY,0,NA,Y,A,-,N,NA,NA,NA,NA,NA,NA,NA,NA,NA,N,4,0,1,2,A,-,08,22107,NA,N,G,B,B,A,H,-,C,A,0,Y,NA,NA,NA,Y,NA,A,01,0,0,1,0,1,0,0,0,0,-,-,33.47564,-117.12914,RIVERSIDE,TEMECULA,-117.129155,33.47561
82032295,2022,2023-03-30,3349,2022-12-28,2342,404,NA,3,5,5,3341,0,0,0,NA,0,002,NEWPORT RD,ANTELOPE RD,280,E,N,A,-,N,NA,NA,NA,NA,NA,NA,NA,NA,NA,Y,3,0,2,1,A,-,01,23152,A,N,E,I,A,A,H,-,C,A,0,NA,NA,NA,NA,Y,Y,A,01,0,2,0,0,0,0,0,0,0,-,-,33.68516159057617,-117.1672134399414,RIVERSIDE,MENIFEE,-117.16631317138672,33.68497085571289
82034155,2023,2023-03-31,3300,2023-03-24,1150,N6838,002S,5,5,6,3345,0,0,0,NA,0,024,BAIN ST,60TH ST,0,NA,Y,A,-,N,NA,NA,NA,NA,NA,NA,NA,NA,NA,Y,4,0,1,2,A,-,12,22450,A,N,D,C,A,A,H,-,A,A,0,NA,NA,NA,NA,Y,NA,D,22,0,0,1,0,0,0,0,0,0,-,-,33.97903823852539,-117.50592041015624,RIVERSIDE,JURUPA VALLEY,-117.50584411621094,33.979129791259766
82034398,2023,2023-03-31,3313,2023-02-20,650,581,5,1,5,7,3313,0,0,0,NA,0,M25,VAN BUREN,CITRUS HEIGHTS,0,NA,Y,A,-,N,NA,NA,NA,NA,NA,NA,NA,NA,NA,N,4,0,1,2,A,-,12,21453,A,N,D,C,A,A,H,-,A,A,0,NA,NA,NA,NA,Y,NA,-,-,0,0,1,0,0,0,0,0,0,-,-,NA,NA,RIVERSIDE,RIVERSIDE,-117.41890716552734,33.892669677734375
82034868,2023,2023-04-21,3342,2023-03-29,1351,1240,445,3,5,4,3342,0,0,0,NA,0,004,MURRIETA HOT SPRINGS RD,SPARKMAN DR,0,NA,Y,C,-,N,NA,NA,NA,NA,NA,NA,NA,NA,NA,N,3,0,1,2,A,-,08,22107,NA,N,D,C,A,B,H,-,A,D,0,NA,NA,NA,NA,Y,NA,A,01,0,1,0,0,0,0,0,0,0,-,-,33.555381774902344,-117.1867904663086,RIVERSIDE,MURRIETA,-117.18672943115234,33.55544662475586
82035017,2023,2023-04-03,3313,2023-03-16,1221,1641,4,4,5,7,3313,0,0,0,NA,0,T55,FIRETHORN AVE,IRVING ST,300,S,N,A,-,N,NA,NA,NA,NA,NA,NA,NA,NA,NA,Y,3,0,1,2,A,-,08,22107,NA,N,B,C,A,A,H,-,A,D,0,NA,NA,NA,NA,Y,NA,-,-,0,1,0,0,0,0,0,0,0,-,-,33.890350341796875,-117.40599822998048,RIVERSIDE,RIVERSIDE,-117.4066925048828,33.89010238647461
82037103,2023,2023-04-05,3300,2023-03-24,1852,N7042,916D,5,5,4,3312,0,0,0,NA,0,031,PLACENTIA AV,FRONTAGE RD E,0,NA,Y,A,-,N,NA,NA,NA,NA,NA,NA,NA,NA,NA,Y,3,0,1,2,A,-,08,22107,NA,N,A,C,A,A,H,-,A,A,0,NA,NA,NA,NA,Y,NA,A,01,0,1,0,0,0,0,0,0,0,-,-,33.82320022583008,-117.23931121826172,RIVERSIDE,PERRIS,-117.2391357421875,33.82307052612305
82037256,2023,2023-04-05,3342,2023-03-30,1239,1098,655,4,5,4,3342,0,0,0,NA,0,006,WINCHESTER RD,ROBERT TRENT JONES PKY,1490,S,N,C,-,Y,RIV,NA,79,NA,R,5.396,H,NA,L,Y,2,0,1,1,A,-,03,22350,NA,N,E,I,A,B,H,-,A,D,0,NA,NA,NA,NA,Y,NA,A,01,1,0,0,0,0,0,0,0,0,-,-,33.56079864501953,-117.138671875,RIVERSIDE,MURRIETA,-117.13874816894533,33.56081771850586
82038065,2023,2023-04-06,3311,2023-03-13,1213,16404,NA,1,5,4,3311,0,0,0,NA,0,003,TAHQUITZ CANYON WAY,AVENIDA CABALLEROS,0,NA,Y,A,-,N,NA,NA,NA,NA,NA,NA,NA,NA,NA,N,3,0,1,2,A,-,10,21950,A,N,D,G,A,A,H,-,A,A,0,NA,Y,NA,NA,Y,NA,A,01,0,1,0,0,0,0,1,0,0,-,-,33.823150634765625,-116.5370635986328,RIVERSIDE,PALM SPRINGS,-116.53695678710938,33.82307815551758
82038173,2023,2023-04-06,3313,2023-03-03,200,2128,2,5,5,7,3313,0,0,0,NA,0,1R23,BLAINE ST,215 FWY,85,E,N,A,-,N,NA,NA,NA,NA,NA,NA,NA,NA,NA,N,2,0,1,2,A,-,11,21954,A,F,G,B,E,A,H,-,C,A,0,Y,NA,NA,NA,Y,Y,N,60,1,0,0,0,1,0,0,0,0,-,-,NA,NA,RIVERSIDE,RIVERSIDE,-117.34238433837892,33.9827995300293
82039073,2023,2023-04-07,3300,2023-04-04,1720,3786,001E,2,5,6,3345,0,0,0,NA,0,012,SIERRA AV,ARMSTRONG RD,1025,N,N,A,-,N,NA,NA,NA,NA,NA,NA,NA,NA,NA,Y,4,0,1,3,A,-,03,22350,NA,N,C,C,A,A,H,-,A,D,0,NA,NA,NA,NA,Y,NA,A,01,0,0,1,0,0,0,0,0,0,-,-,34.02177810668945,-117.42337036132813,RIVERSIDE,JURUPA VALLEY,-117.42588806152344,34.02360153198242
82040078,2023,2023-04-10,3342,2023-03-31,2258,1342,495,5,5,4,3342,0,0,0,NA,0,001,JEFFERSON AVE,KALMIA STREET,500,N,N,A,-,N,NA,NA,NA,NA,NA,NA,NA,NA,NA,Y,3,0,2,1,A,-,01,23152,A,N,E,I,A,A,H,-,D,D,0,NA,NA,NA,NA,Y,Y,A,01,0,1,1,0,0,0,0,0,0,-,-,NA,NA,RIVERSIDE,MURRIETA,-117.21170806884766,33.562355041503906
82040100,2023,2023-04-10,3313,2023-03-10,1208,1989,2,5,5,7,3313,0,0,0,NA,0,2R29,CHICAGO AVE,THIRD ST,320,N,N,A,-,N,NA,NA,NA,NA,NA,NA,NA,NA,NA,N,3,0,2,2,A,-,08,22107,NA,N,D,C,A,B,H,-,A,D,0,NA,NA,NA,NA,Y,NA,A,01,0,1,1,0,0,0,0,0,0,-,-,33.983131408691406,-117.34866333007813,RIVERSIDE,RIVERSIDE,-117.34845733642578,33.98388671875
82041661,2023,2023-04-11,3313,2023-03-12,1442,1881,5,7,5,7,3313,0,0,0,NA,0,0FC,WOHLSTETTER ST,PHILBIN AVE,145,N,N,A,-,N,NA,NA,NA,NA,NA,NA,NA,NA,NA,N,3,0,1,2,A,-,09,21804,A,N,D,G,A,A,H,-,A,A,0,NA,Y,NA,NA,Y,NA,L,04,0,1,0,0,0,0,1,0,0,-,-,33.938541412353516,-117.46182250976563,RIVERSIDE,RIVERSIDE,-117.46160125732422,33.93941879272461
82042566,2023,2023-04-12,3311,2023-03-19,1421,16404,NA,7,5,4,3311,0,0,0,NA,0,004,GENE AUTRY TRAIL,VIA ESCUELA,2782,N,N,A,-,N,NA,NA,NA,NA,NA,NA,NA,NA,NA,Y,4,0,1,2,A,-,03,22350,NA,N,B,C,A,B,F,-,A,D,0,NA,NA,NA,NA,Y,NA,A,01,0,0,1,0,0,0,0,0,0,-,-,33.848480224609375,-116.5481414794922,RIVERSIDE,PALM SPRINGS,-116.5058364868164,33.85612106323242
82045747,2023,2023-04-17,3313,2023-03-30,1258,1389,4,4,5,7,3313,0,0,0,NA,0,T53,COLORADO AVE,MONTICELLO AVE,0,NA,Y,B,-,N,NA,NA,NA,NA,NA,NA,NA,NA,NA,N,4,0,1,2,A,-,12,22450,A,N,D,C,A,A,H,-,A,A,0,NA,NA,NA,NA,Y,NA,-,-,0,0,1,0,0,0,0,0,0,-,-,33.9381217956543,-117.44728088378906,RIVERSIDE,RIVERSIDE,-117.44744873046876,33.93803787231445