CASE_ID,ACCIDENT_YEAR,PROC_DATE,JURIS,COLLISION_DATE,COLLISION_TIME,OFFICER_ID,REPORTING_DISTRICT,DAY_OF_WEEK,CHP_SHIFT,POPULATION,CNTY_CITY_LOC,SPECIAL_COND,BEAT_TYPE,CHP_BEAT_TYPE,CITY_DIVISION_LAPD,CHP_BEAT_CLASS,BEAT_NUMBER,PRIMARY_RD,SECONDARY_RD,DISTANCE,DIRECTION,INTERSECTION,WEATHER_1,WEATHER_2,STATE_HWY_IND,CALTRANS_COUNTY,CALTRANS_DISTRICT,STATE_ROUTE,ROUTE_SUFFIX,POSTMILE_PREFIX,POSTMILE,LOCATION_TYPE,RAMP_INTERSECTION,SIDE_OF_HWY,TOW_AWAY,COLLISION_SEVERITY,NUMBER_KILLED,NUMBER_INJURED,PARTY_COUNT,PRIMARY_COLL_FACTOR,PCF_CODE_OF_VIOL,PCF_VIOL_CATEGORY,PCF_VIOLATION,PCF_VIOL_SUBSECTION,HIT_AND_RUN,TYPE_OF_COLLISION,MVIW,PED_ACTION,ROAD_SURFACE,ROAD_COND_1,ROAD_COND_2,LIGHTING,CONTROL_DEVICE,CHP_ROAD_TYPE,PEDESTRIAN_ACCIDENT,BICYCLE_ACCIDENT,MOTORCYCLE_ACCIDENT,TRUCK_ACCIDENT,NOT_PRIVATE_PROPERTY,ALCOHOL_INVOLVED,STWD_VEHTYPE_AT_FAULT,CHP_VEHTYPE_AT_FAULT,COUNT_SEVERE_INJ,COUNT_VISIBLE_INJ,COUNT_COMPLAINT_PAIN,COUNT_PED_KILLED,COUNT_PED_INJURED,COUNT_BICYCLIST_KILLED,COUNT_BICYCLIST_INJURED,COUNT_MC_KILLED,COUNT_MC_INJURED,PRIMARY_RAMP,SECONDARY_RAMP,LATITUDE,LONGITUDE,COUNTY,CITY,POINT_X,POINT_Y
8514998,2017,2017-12-16,3313,2017-10-22,1656,1696,EAST,7,5,7,3313,0,0,0,NA,0,3R24,VINE ST,JACK B CLARKE,19,S,N,A,-,N,NA,NA,NA,NA,NA,NA,NA,NA,NA,N,3,0,1,1,A,-,08,22107,NA,N,E,I,A,A,H,-,A,D,0,NA,NA,Y,NA,Y,NA,O,05,0,1,0,0,0,0,0,0,1,-,-,NA,NA,RIVERSIDE,RIVERSIDE,-117.36897075,33.97891468
8516062,2017,2018-07-05,3308,2017-11-03,2130,10377,515,5,5,5,3308,0,0,0,NA,0,SOUTH,FLORIDA AV,GILMORE ST,55,W,N,A,-,Y,RIV,8,74,-,-,39.21,H,-,E,Y,4,0,3,3,A,-,03,22350,NA,N,C,C,A,A,H,-,C,A,0,NA,NA,NA,NA,Y,Y,A,08,0,0,3,0,0,0,0,0,0,-,-,33.74754,-116.99352,RIVERSIDE,HEMET,-116.99394116,33.74737243
8516660,2017,2018-01-12,3300,2017-12-26,1250,N1673,34C2,2,5,4,3318,0,0,0,NA,0,T34,COUNTRY CLUB DR,PARK CENTER DR,66,E,N,B,-,N,NA,NA,NA,NA,NA,NA,NA,NA,NA,Y,3,0,1,2,A,-,08,22107,NA,N,C,C,A,-,H,-,A,A,0,NA,NA,NA,NA,Y,NA,D,22,0,1,0,0,0,0,0,0,0,-,-,NA,NA,RIVERSIDE,PALM DESERT,-116.31066382,33.75830775
8516708,2017,2018-01-12,3308,2017-12-10,1337,10673,516,7,5,5,3308,0,0,0,NA,0,NORTH,LATHAM AV,WESTERN AV,0,NA,Y,A,-,N,NA,NA,NA,NA,NA,NA,NA,NA,NA,Y,3,0,1,2,A,-,12,22450,A,N,D,C,A,A,H,-,A,A,0,NA,NA,NA,NA,Y,NA,A,01,0,1,0,0,0,0,0,0,0,-,-,33.74931,-116.98157,RIVERSIDE,HEMET,-116.98149006,33.74926
8516816,2017,2018-01-11,3311,2017-11-28,1945,15953,3311,2,5,4,3311,0,0,0,NA,0,BIK,INDIAN CANYON DR S,RAMON RD,0,NA,N,A,-,N,NA,NA,NA,NA,NA,NA,NA,NA,NA,Y,3,0,1,2,A,-,12,21453,A,N,D,C,A,A,H,-,C,A,0,NA,NA,NA,NA,Y,NA,A,01,0,1,0,0,0,0,0,0,0,-,-,33.81586,-116.54552,RIVERSIDE,PALM SPRINGS,-116.54557012,33.81583006
8517893,2017,2017-12-18,3300,2017-11-06,2133,N4809,9201,1,5,4,3314,0,0,0,NA,0,072,RAMONA EXPWY,LAKE PARK DR,0,NA,Y,A,-,N,NA,NA,NA,NA,NA,NA,NA,NA,NA,Y,4,0,2,2,A,-,09,21453,C,N,A,C,A,A,H,-,C,A,0,NA,NA,NA,NA,Y,NA,A,01,0,0,2,0,0,0,0,0,0,-,-,33.78439,-116.83734,RIVERSIDE,SAN JACINTO,-116.93727006,33.78433006
8518258,2017,2017-12-19,3309,2017-11-21,1208,443,3309,2,5,4,3309,0,0,0,NA,0,005,INDIO BL,POLE #8475204,645,E,N,A,-,N,NA,NA,NA,NA,NA,NA,NA,NA,NA,N,3,0,1,1,C,-,18,NA,NA,N,E,I,A,A,H,-,A,A,0,NA,Y,NA,NA,Y,NA,-,-,0,1,0,0,0,0,1,0,0,-,-,NA,NA,RIVERSIDE,INDIO,NA,NA
8518488,2017,2017-12-20,3300,2017-10-28,1807,4773,905K,6,5,4,3307,0,0,0,NA,0,094,GRAND AV,BROADWAY AV,0,NA,Y,A,-,N,NA,NA,NA,NA,NA,NA,NA,NA,NA,Y,4,0,1,2,A,-,12,21453,A,N,D,C,A,A,H,-,B,A,0,NA,NA,NA,NA,Y,NA,A,01,0,0,1,0,0,0,0,0,0,-,-,33.69103,-117.39012,RIVERSIDE,LAKE ELSINORE,-117.39023003,33.69105
8519466,2017,2018-01-25,3300,2017-12-01,1245,4141,20E1,5,5,3,3317,0,0,0,NA,0,020,LUGO DR,SUNRISE DR,17,S,N,A,-,N,NA,NA,NA,NA,NA,NA,NA,NA,NA,Y,2,0,1,2,A,-,08,22100,5,N,F,I,A,A,H,-,A,D,0,NA,NA,NA,NA,Y,Y,-,NA,1,0,0,0,0,0,0,0,0,-,-,NA,NA,RIVERSIDE,RANCHO MIRAGE,-116.41331,33.75027348
8519647,2017,2018-01-05,3300,2017-12-01,1715,N3672,507C,5,5,5,3341,0,0,0,NA,0,057,SCOTT RD,ZEIDERS RD,425,W,N,A,-,N,NA,NA,NA,NA,NA,NA,NA,NA,NA,N,4,0,1,2,A,-,03,22350,NA,N,C,C,A,A,H,-,B,A,0,NA,NA,NA,NA,Y,NA,D,22,0,0,1,0,0,0,0,0,0,-,-,33.64175,-117.17564,RIVERSIDE,MENIFEE,-117.17701188,33.64154224
8519845,2017,2018-01-04,3300,2017-12-05,0840,N1673,34D4,2,5,4,3318,0,0,0,NA,0,T34,COUNTRY CLUB DR,BARRINGTON DR,41,E,N,A,-,N,NA,NA,NA,NA,NA,NA,NA,NA,NA,N,3,0,1,2,A,-,04,21703,NA,N,C,C,A,A,H,-,A,A,0,NA,NA,NA,NA,Y,NA,A,08,0,1,0,0,0,0,0,0,0,-,-,NA,NA,RIVERSIDE,PALM DESERT,-116.31074571,33.7583086
8520621,2017,2018-06-08,3315,2017-12-18,1010,002504,16D,1,5,6,3315,0,0,0,NA,0,003,EAGLE GLEN PKWY,RT 15,111,W,N,A,-,N,NA,NA,NA,NA,NA,NA,NA,NA,NA,N,3,0,1,2,A,-,07,21658,A,N,D,C,A,A,H,-,A,A,0,NA,NA,NA,NA,Y,NA,A,01,0,1,0,0,0,0,0,0,0,-,SF,33.82107,-117.52098,RIVERSIDE,CORONA,NA,NA
8521472,2017,2018-01-03,3300,2017-11-13,0942,3709,910S,1,5,5,3335,0,0,0,NA,0,070,BUTTERFIELD STAGE RD,WOLF STORE RD,0,NA,Y,A,-,N,NA,NA,NA,NA,NA,NA,NA,NA,NA,Y,3,0,1,2,A,-,12,21453,A,N,A,C,A,A,H,-,A,A,0,NA,NA,NA,NA,Y,NA,A,01,0,1,0,0,0,0,0,0,0,-,-,33.48467,-117.07766,RIVERSIDE,TEMECULA,-117.07765014,33.48464004
8523018,2017,2018-01-11,3300,2017-12-09,2120,N3672,916D,6,5,4,3312,0,0,0,NA,0,035,CASE RD,MURRIETA RD,165,W,N,A,-,N,NA,NA,NA,NA,NA,NA,NA,NA,NA,N,3,0,1,1,A,-,08,22107,NA,N,E,I,A,A,H,-,D,A,0,NA,NA,NA,NA,Y,NA,A,01,0,1,0,0,0,0,0,0,0,-,-,33.76336,-117.20527,RIVERSIDE,PERRIS,-117.2066072,33.76429632
8525759,2017,2018-01-17,3313,2017-12-13,2141,1738,NORTH,3,5,7,3313,0,0,0,NA,0,FT2,GRAND AV,GLORIETTA LN,215,S,N,A,-,N,NA,NA,NA,NA,NA,NA,NA,NA,NA,N,3,0,1,2,A,-,08,22107,NA,N,A,E,A,A,H,-,C,D,0,NA,NA,NA,NA,Y,NA,A,01,0,1,0,0,0,0,0,0,0,-,-,33.96885,-117.40444,RIVERSIDE,RIVERSIDE,-117.40501797,33.9684107
8526037,2017,2018-01-03,3308,2017-11-14,0905,10610,536,2,5,5,3308,0,0,0,NA,0,SOUTH,MALAGA PL,JOHNSTON AV,296,N,N,A,-,N,NA,NA,NA,NA,NA,NA,NA,NA,NA,Y,3,0,1,1,A,-,03,22350,NA,N,E,I,A,A,H,-,A,D,0,NA,NA,NA,NA,Y,NA,A,07,0,1,0,0,0,0,0,0,0,-,-,33.73299,-116.97772,RIVERSIDE,HEMET,-116.97768,33.73364
8527778,2017,2018-01-13,3311,2017-12-30,0154,15920,3311,6,5,4,3311,0,0,0,NA,0,002,INDIAN CANYON DR,OASIS RD,0,NA,Y,A,-,N,NA,NA,NA,NA,NA,NA,NA,NA,NA,Y,2,0,1,2,A,-,05,21651,A,N,D,C,A,A,H,-,D,D,0,NA,NA,Y,NA,Y,Y,A,07,1,0,0,0,0,0,0,0,1,-,-,33.86134,-116.54549,RIVERSIDE,PALM SPRINGS,-116.54560005,33.86137012
8528686,2017,2018-01-23,3300,2017-11-07,1726,4571,603B1,2,5,6,3394,0,0,0,NA,0,034,PERRIS BL,JOHNNY F KENNEDY DR,27,N,N,A,-,N,NA,NA,NA,NA,NA,NA,NA,NA,NA,N,3,0,1,2,A,-,11,21954,A,N,G,B,D,A,H,-,C,D,0,Y,NA,NA,NA,Y,NA,N,60,0,1,0,0,1,0,0,0,0,-,-,33.93268,-117.22652,RIVERSIDE,MORENO VALLEY,-117.2263,33.90284396
8528926,2017,2018-01-10,3302,2017-12-12,1607,1089,NA,2,5,3,3302,0,0,0,NA,0,003,BEAUMONT AV,10TH ST,228,S,N,A,-,N,NA,NA,NA,NA,NA,NA,NA,NA,NA,Y,4,0,2,2,A,-,08,22101,D,N,D,C,A,A,H,-,A,A,0,NA,NA,NA,NA,Y,NA,A,01,0,0,2,0,0,0,0,0,0,-,-,33.93556,-116.97717,RIVERSIDE,BEAUMONT,-116.97718189,33.93491566
8530158,2017,2018-01-18,3308,2017-11-29,1847,10686,516,3,5,5,3308,0,0,0,NA,0,NORTH,DEVONSHIRE AV,ELK ST,164,E,N,A,-,N,NA,NA,NA,NA,NA,NA,NA,NA,NA,N,4,0,1,2,A,-,09,21804,A,N,D,G,A,A,H,-,C,D,0,NA,Y,NA,NA,Y,NA,L,04,0,0,1,0,0,0,1,0,0,-,-,33.75113,-116.9849,RIVERSIDE,HEMET,-116.98431234,33.75107
8530379,2017,2018-01-22,3315,2017-09-27,1526,002089,6D,3,5,6,3315,0,0,0,NA,0,001,6TH ST,MAIN ST,16,W,N,A,-,N,NA,NA,NA,NA,NA,NA,NA,NA,NA,N,2,0,1,2,A,-,12,21453,A,F,G,B,B,A,H,-,A,A,0,Y,NA,NA,NA,Y,NA,D,22,1,0,0,0,1,0,0,0,0,-,-,33.87562,-117.5675,RIVERSIDE,CORONA,-117.56767209,33.8755259
8530464,2017,2018-01-23,3300,2017-12-05,1302,3821,920C,2,5,4,3314,0,0,0,NA,0,070,SANDERSON AV,ESPLANADE CENTER,0,NA,Y,A,-,N,NA,NA,NA,NA,NA,NA,NA,NA,NA,Y,4,0,2,1,A,-,08,22107,NA,N,E,I,A,A,H,-,A,A,0,NA,NA,NA,NA,Y,NA,A,01,0,0,2,0,0,0,0,0,0,-,-,NA,NA,RIVERSIDE,SAN JACINTO,-117.00669007,33.77278004
8530522,2018,2018-01-20,3300,2018-01-04,1435,4713,910K,4,5,5,3335,0,0,0,NA,0,064,RANCHO CALIFORNIA RD,MARGARITA RD,334,W,N,A,-,N,NA,NA,NA,NA,NA,NA,NA,NA,NA,N,4,0,1,2,A,-,03,22350,NA,N,C,C,A,A,H,-,A,A,0,NA,NA,NA,NA,Y,NA,A,01,0,0,1,0,0,0,0,0,0,-,-,NA,NA,RIVERSIDE,TEMECULA,-117.12569427490234,33.50812530517578
8530731,2017,2018-01-23,3309,2017-12-22,1200,206,3309,5,5,4,3309,0,0,0,NA,0,004,AVE 48,JEFFERSON ST,30,E,N,A,-,N,NA,NA,NA,NA,NA,NA,NA,NA,NA,N,4,0,2,2,A,-,03,22350,NA,M,C,C,A,A,H,-,A,A,0,NA,NA,NA,NA,Y,NA,D,22,0,0,2,0,0,0,0,0,0,-,-,NA,NA,RIVERSIDE,INDIO,-116.26873633,33.69984535
8532073,2017,2018-01-19,3300,2017-12-15,2153,4309,506C,5,5,5,3341,0,0,0,NA,0,056,MURRIETA RD,MURPHY RANCH,0,NA,Y,A,-,N,NA,NA,NA,NA,NA,NA,NA,NA,NA,N,4,0,1,2,A,-,09,21801,A,N,A,C,A,A,H,-,C,A,0,NA,NA,NA,NA,Y,NA,A,01,0,0,1,0,0,0,0,0,0,-,-,NA,NA,RIVERSIDE,MENIFEE,-117.20590004,33.68045002
8532206,2017,2018-01-20,3309,2017-12-12,2023,191,3309,2,5,4,3309,0,0,0,NA,0,001,SAIDY AV,DEGLET NOOR ST,51,E,N,A,-,N,NA,NA,NA,NA,NA,NA,NA,NA,NA,N,4,0,1,2,A,-,11,21954,A,N,G,B,D,A,H,-,C,D,0,Y,NA,NA,NA,Y,NA,N,60,0,0,1,0,1,0,0,0,0,-,-,NA,NA,RIVERSIDE,INDIO,-116.22324304,33.71564
8532214,2017,2018-01-20,3309,2017-12-24,2058,149,DESER,7,5,4,3309,0,0,0,NA,0,002,AVE 44,GOLF CENTER PKWY,0,NA,Y,A,-,N,NA,NA,NA,NA,NA,NA,NA,NA,NA,N,4,0,1,2,A,-,09,21801,A,N,D,C,A,A,H,-,C,A,0,NA,NA,NA,NA,Y,NA,-,NA,0,0,1,0,0,0,0,0,0,-,-,NA,NA,RIVERSIDE,INDIO,-116.19940011,33.72942009
8532291,2018,2018-01-23,3300,2018-01-04,1109,N3558,916A,4,5,4,3312,0,0,0,NA,0,393,EVANS RD,BEAR MEADOWS RD,0,NA,Y,A,-,N,NA,NA,NA,NA,NA,NA,NA,NA,NA,Y,3,0,1,2,A,-,09,21801,A,N,D,C,A,A,H,-,A,D,0,NA,NA,NA,NA,Y,NA,A,01,0,1,0,0,0,0,0,0,0,-,-,33.84128189086914,-117.2079620361328,RIVERSIDE,PERRIS,-117.20806121826172,33.84135818481445
8534817,2017,2018-01-29,3325,2017-09-18,1048,2201,3325,1,5,4,3325,0,0,0,NA,0,002,DATE PALM DR,DAVE KELLEY RD,300,S,N,A,-,N,NA,NA,NA,NA,NA,NA,NA,NA,NA,Y,2,0,2,2,A,-,05,21650,NA,N,A,C,A,A,H,-,A,A,0,NA,NA,NA,NA,Y,NA,A,01,1,1,0,0,0,0,0,0,0,-,-,NA,NA,RIVERSIDE,CATHEDRAL CITY,-116.45794866,33.80421901
8535252,2018,2018-01-23,3313,2018-01-06,2001,1720,1,6,5,7,3313,0,0,0,NA,0,3R10,BROCKTON AV,JURUPA AV,0,NA,Y,A,-,N,NA,NA,NA,NA,NA,NA,NA,NA,NA,Y,3,0,3,1,A,-,01,23152,A,N,E,I,A,A,H,-,C,A,0,NA,NA,NA,NA,Y,Y,A,07,0,1,2,0,0,0,0,0,0,-,-,33.96092987060547,-117.39689636230467,RIVERSIDE,RIVERSIDE,-117.39672088623048,33.960899353027344
8535266,2017,2018-01-26,3313,2017-11-24,1521,1323,4,5,5,7,3313,0,0,0,NA,0,2R49,JACKSON ST,HAWTHORNE AV,0,NA,Y,A,-,N,NA,NA,NA,NA,NA,NA,NA,NA,NA,Y,3,0,1,3,A,-,09,21801,A,N,D,C,A,A,H,-,A,D,0,NA,NA,NA,NA,Y,NA,A,01,0,1,0,0,0,0,0,0,0,-,-,33.92848,-117.44237,RIVERSIDE,RIVERSIDE,-117.44234013,33.92846012
8536919,2018,2018-08-06,3302,2018-01-16,1850,1044,NA,2,5,3,3302,0,0,0,NA,0,NA,BEAUMONT AV,1ST ST,210,N,N,A,-,Y,RIV,8,79,-,-,40.12,H,-,S,N,4,0,1,3,A,-,03,22350,NA,N,C,C,A,A,H,-,C,A,0,NA,NA,NA,Y,Y,NA,F,26,0,0,1,0,0,0,0,0,0,-,-,33.92169952392578,-116.9771728515625,RIVERSIDE,BEAUMONT,-116.97714233398438,33.92221450805664
8538983,2017,2018-01-30,3308,2017-12-15,1840,10515,573,5,5,5,3308,0,0,0,NA,0,SOUTH,DOMENIGONI PKWY,WARREN RD,142,E,N,A,-,N,NA,NA,NA,NA,NA,NA,NA,NA,NA,Y,4,0,3,3,A,-,03,22350,NA,N,C,C,A,A,H,-,C,A,0,NA,NA,NA,NA,Y,NA,A,01,0,0,3,0,0,0,0,0,0,-,-,NA,NA,RIVERSIDE,HEMET,-117.03359798,33.70460073
8539483,2017,2018-05-08,3313,2017-08-26,1725,1768,4,6,5,7,3313,0,0,0,NA,0,3R46,ARLINGTON AV,BROCKTON AV,0,NA,Y,A,-,N,NA,NA,NA,NA,NA,NA,NA,NA,NA,Y,4,0,2,2,D,-,00,NA,NA,N,D,C,A,A,H,-,A,A,0,NA,NA,NA,NA,Y,NA,-,-,0,0,2,0,0,0,0,0,0,-,-,33.94637,-117.39675,RIVERSIDE,RIVERSIDE,-117.39676011,33.94625007
8539665,2018,2018-01-31,3300,2018-01-16,1526,3747,002X,2,5,6,3345,0,0,0,NA,0,026,WINEVILLE AV,PARK CENTER DR,0,NA,Y,A,-,N,NA,NA,NA,NA,NA,NA,NA,NA,NA,Y,4,0,2,2,A,-,12,22450,A,N,D,C,A,A,H,-,A,A,0,NA,NA,NA,NA,Y,NA,A,01,0,0,2,0,0,0,0,0,0,-,-,33.9853401184082,-117.54074096679688,RIVERSIDE,JURUPA VALLEY,-117.54058074951172,33.98535919189453
8540602,2018,2018-02-07,3300,2018-01-05,1225,2744,002W,5,5,6,3345,0,0,0,NA,0,026,ETIWANDA AV,50TH ST,0,NA,Y,A,-,N,NA,NA,NA,NA,NA,NA,NA,NA,NA,Y,4,0,1,2,A,-,09,21801,A,N,D,C,A,A,H,-,A,D,0,NA,NA,NA,NA,Y,NA,-,NA,0,0,1,0,0,0,0,0,0,-,-,33.996150970458984,-117.52335357666016,RIVERSIDE,JURUPA VALLEY,-117.5234375,33.99631881713867
8541549,2017,2018-02-05,3300,2017-12-03,1710,4867,601E1,7,5,6,3394,0,0,0,NA,0,MV16,HEACOCK ST,HILLGATE ST,0,NA,Y,A,-,N,NA,NA,NA,NA,NA,NA,NA,NA,NA,Y,4,0,1,2,A,-,08,22107,NA,N,B,C,A,A,H,-,C,D,0,NA,NA,NA,NA,Y,NA,A,01,0,0,1,0,0,0,0,0,0,-,-,33.95953,-117.24391,RIVERSIDE,MORENO VALLEY,-117.24392006,33.95955009
8542245,2018,2018-02-01,3300,2018-01-16,0840,N5073,30J1,2,5,4,3318,0,0,0,NA,0,T390,PALM DESERT NORTH,DE ANZA WY,252,E,N,A,-,N,NA,NA,NA,NA,NA,NA,NA,NA,NA,N,4,0,1,2,A,-,06,21750,NA,N,B,C,A,A,H,-,A,D,0,NA,NA,NA,NA,Y,NA,A,01,0,0,1,0,0,0,0,0,0,-,-,NA,NA,RIVERSIDE,PALM DESERT,-116.36582183837892,33.721561431884766
8542639,2018,2018-03-13,3300,2018-01-09,1109,N6000,506A,2,5,5,3341,0,0,0,NA,0,056,NEWPORT RD,HAUN RD,0,NA,Y,B,C,N,NA,NA,NA,NA,NA,NA,NA,NA,NA,N,4,0,1,2,A,-,12,21453,A,N,D,C,A,B,H,-,A,A,0,NA,NA,NA,NA,Y,NA,A,01,0,0,1,0,0,0,0,0,0,-,-,33.685218811035156,-117.17549896240234,RIVERSIDE,MENIFEE,-117.17552185058594,33.68505859375
8544172,2018,2018-01-31,3300,2018-01-01,1309,4413,910F,1,5,5,3335,0,0,0,NA,0,062,YNEZ RD,PROMENADE MALL,230,S,N,B,-,N,NA,NA,NA,NA,NA,NA,NA,NA,NA,Y,3,0,2,2,A,-,01,23152,A,N,A,C,A,A,H,-,A,A,0,NA,NA,NA,NA,Y,NA,A,01,0,2,0,0,0,0,0,0,0,-,-,33.52170944213867,-117.15701293945313,RIVERSIDE,TEMECULA,-117.1578369140625,33.52259826660156
8546915,2018,2018-02-09,3313,2018-01-12,0726,1686,3,5,5,7,3313,0,0,0,NA,0,T58,VAN BUREN BL,TRAUTWEIN RD,33,W,N,A,-,N,NA,NA,NA,NA,NA,NA,NA,NA,NA,Y,3,0,3,5,A,-,03,22350,NA,N,C,C,A,A,H,-,A,A,0,NA,NA,NA,NA,Y,NA,A,01,0,1,2,0,0,0,0,0,0,-,-,33.8884391784668,-117.32430267333984,RIVERSIDE,RIVERSIDE,-117.32435607910156,33.88850021362305
8546944,2018,2018-02-12,3313,2018-01-22,1137,1887,2,1,5,7,3313,0,0,0,NA,0,T70,BLAINE ST,CANYON CREST DR,180,W,N,A,-,N,NA,NA,NA,NA,NA,NA,NA,NA,NA,N,4,0,1,2,B,-,22,NA,NA,N,C,G,A,A,H,-,A,A,0,NA,Y,NA,NA,Y,NA,L,04,0,0,1,0,0,0,1,0,0,-,-,33.98305130004883,-117.3311767578125,RIVERSIDE,RIVERSIDE,-117.33171844482422,33.98299026489258
8549869,2018,2018-02-08,3300,2018-01-22,0915,4338,910O,1,5,5,3335,0,0,0,NA,0,064,PAUBA RD,MEADOWS PKWY,0,NA,Y,A,-,N,NA,NA,NA,NA,NA,NA,NA,NA,NA,N,4,0,1,2,A,-,21,22106,NA,N,C,C,A,A,H,-,A,A,0,NA,NA,NA,NA,Y,NA,A,07,0,0,1,0,0,0,0,0,0,-,-,33.506351470947266,-117.09638214111328,RIVERSIDE,TEMECULA,-117.09622192382813,33.5063591003418
8550575,2018,2018-02-12,3313,2018-01-18,1525,1202,2,4,5,7,3313,0,0,0,NA,0,M30,14TH ST,BERMUDA AV,72,W,N,A,-,N,NA,NA,NA,NA,NA,NA,NA,NA,NA,Y,3,0,2,3,A,-,03,22350,NA,N,C,C,A,A,H,-,A,D,0,NA,NA,NA,NA,Y,NA,A,07,0,1,1,0,0,0,0,0,0,-,-,33.97053909301758,-117.36315155029295,RIVERSIDE,RIVERSIDE,-117.3634796142578,33.97053146362305
8553763,2017,2018-02-26,3300,2017-12-20,0245,3211,603D1,3,5,6,3394,0,0,0,NA,0,MV38,PERRIS BL,RED MAPLE LN,0,NA,Y,A,-,N,NA,NA,NA,NA,NA,NA,NA,NA,NA,N,4,0,1,2,A,-,12,21453,A,N,D,C,A,A,H,-,C,A,0,NA,NA,NA,Y,Y,NA,A,01,0,0,1,0,0,0,0,0,0,-,-,33.88471,-117.22624,RIVERSIDE,MORENO VALLEY,-117.22630004,33.8846801
8553847,2018,2018-02-22,3300,2018-01-10,1914,4867,604C3,3,5,6,3394,0,0,0,NA,0,MV44,LASSELLE ST,IRIS AV,0,NA,Y,A,-,N,NA,NA,NA,NA,NA,NA,NA,NA,NA,Y,4,0,2,2,A,-,12,21453,A,N,D,C,A,A,H,-,C,A,0,NA,NA,NA,NA,Y,NA,A,08,0,0,2,0,0,0,0,0,0,-,-,33.89094161987305,-117.2074737548828,RIVERSIDE,MORENO VALLEY,-117.20716857910156,33.891029357910156
8554534,2016,2018-03-03,3342,2016-03-21,1930,665,565,1,5,4,3342,0,0,0,NA,0,00E,MURRIETA HOT SPRINGS RD,VIA PRINCESSA,110,E,N,A,-,N,NA,NA,NA,NA,NA,NA,NA,NA,NA,Y,4,0,2,4,A,-,01,23153,A,F,C,C,A,A,H,-,C,A,0,NA,NA,NA,NA,Y,Y,D,22,0,0,2,0,0,0,0,0,0,-,-,33.55622,-117.15355,RIVERSIDE,MURRIETA,-117.1599661,33.55695465
8554618,2016,2018-03-06,3342,2016-04-18,0850,659,196,1,5,4,3342,0,0,0,NA,0,00D,LOS ALAMOS RD,MADISON AV,678,E,N,A,-,N,NA,NA,NA,NA,NA,NA,NA,NA,NA,Y,4,0,2,2,A,-,03,22350,NA,N,C,C,A,A,H,-,A,A,0,NA,NA,NA,NA,Y,NA,A,01,0,0,2,0,0,0,0,0,0,-,-,33.55839,-117.20147,RIVERSIDE,MURRIETA,-117.19990257,33.55962502
8554621,2016,2018-03-06,3342,2016-04-18,1058,419,230,1,5,4,3342,0,0,0,NA,0,00B,CALIFORNIA OAKS RD,ST RAPHAEL DR,0,NA,Y,A,-,N,NA,NA,NA,NA,NA,NA,NA,NA,NA,Y,4,0,1,2,A,-,09,21801,A,N,D,C,A,A,H,-,A,A,0,NA,NA,NA,NA,Y,NA,A,01,0,0,1,0,0,0,0,0,0,-,-,33.5932,-117.19753,RIVERSIDE,MURRIETA,-117.19752012,33.59303001
8555438,2018,2018-02-16,3313,2018-01-13,1053,1579,4,6,5,7,3313,0,0,0,NA,0,2R41,ADAMS ST,COLORADO AV,0,NA,Y,A,-,N,NA,NA,NA,NA,NA,NA,NA,NA,NA,N,3,0,1,2,D,-,00,NA,NA,N,D,C,A,A,H,-,A,D,0,NA,NA,Y,NA,Y,NA,-,-,0,1,0,0,0,0,0,0,1,-,-,33.945350646972656,-117.43424987792967,RIVERSIDE,RIVERSIDE,-117.43446350097656,33.945430755615234
8555522,2018,2018-02-16,3313,2018-01-31,0652,1686,1,3,5,7,3313,0,0,0,NA,0,T58,JURUPA AV,GREENFIELD AV,0,NA,Y,A,-,N,NA,NA,NA,NA,NA,NA,NA,NA,NA,N,3,0,1,3,A,-,08,22107,NA,N,D,G,A,A,H,-,A,D,0,NA,Y,NA,NA,Y,NA,L,04,0,1,0,0,0,0,1,0,0,-,-,33.96154022216797,-117.40779876708984,RIVERSIDE,RIVERSIDE,-117.40760803222656,33.96141052246094
8557850,2018,2018-06-29,3300,2018-03-31,1806,N6265,NA,6,5,6,3345,0,0,0,NA,0,NA,MISSION BL,JURUPA RD,55,W,N,A,-,N,NA,NA,60,NA,NA,NA,NA,NA,NA,N,4,0,1,2,A,-,08,22100,A,N,B,C,A,A,H,-,A,D,0,NA,NA,Y,NA,Y,NA,A,01,0,0,1,0,0,0,0,0,1,-,-,34.01068115234375,-117.43328094482422,RIVERSIDE,JURUPA VALLEY,-117.43304443359376,34.01146697998047
8561095,2018,2018-03-08,3300,2018-01-30,1216,N4902,809A,2,5,3,3343,0,0,0,NA,0,089,CLINTON KEITH RD,OAK CREEK,0,NA,Y,A,-,N,NA,NA,NA,NA,NA,NA,NA,NA,NA,Y,4,0,1,2,A,-,09,21453,C,N,D,C,A,A,H,-,A,A,0,NA,NA,NA,NA,Y,NA,A,01,0,0,1,0,0,0,0,0,0,-,-,NA,NA,RIVERSIDE,WILDOMAR,-117.24162292480467,33.5938606262207
8561262,2018,2018-02-22,3300,2018-01-20,1625,4406,603A3,6,5,6,3394,0,0,0,NA,0,024,ALESSANDRO BL,GRAHAM ST,207,W,N,A,-,N,NA,NA,NA,NA,NA,NA,NA,NA,NA,Y,4,0,2,3,A,-,03,22350,NA,N,C,C,A,A,H,-,B,A,0,NA,NA,NA,NA,Y,NA,A,01,0,0,2,0,0,0,0,0,0,-,-,33.917240142822266,-117.25244140625,RIVERSIDE,MORENO VALLEY,-117.25311279296876,33.917320251464844
8562296,2018,2018-03-01,3342,2018-01-08,1853,788,301,1,5,4,3342,0,0,0,NA,0,00C,SCOTT RD,ANTELOPE RD,375,E,N,C,-,N,NA,NA,NA,NA,NA,NA,NA,NA,NA,Y,4,0,1,3,A,-,08,22107,NA,N,D,C,A,B,H,-,B,A,0,NA,NA,NA,NA,Y,NA,D,22,0,0,1,0,0,0,0,0,0,-,-,33.641510009765625,-117.16790771484376,RIVERSIDE,MURRIETA,-117.16680908203124,33.64146041870117