CASE_ID,ACCIDENT_YEAR,PROC_DATE,JURIS,COLLISION_DATE,COLLISION_TIME,OFFICER_ID,REPORTING_DISTRICT,DAY_OF_WEEK,CHP_SHIFT,POPULATION,CNTY_CITY_LOC,SPECIAL_COND,BEAT_TYPE,CHP_BEAT_TYPE,CITY_DIVISION_LAPD,CHP_BEAT_CLASS,BEAT_NUMBER,PRIMARY_RD,SECONDARY_RD,DISTANCE,DIRECTION,INTERSECTION,WEATHER_1,WEATHER_2,STATE_HWY_IND,CALTRANS_COUNTY,CALTRANS_DISTRICT,STATE_ROUTE,ROUTE_SUFFIX,POSTMILE_PREFIX,POSTMILE,LOCATION_TYPE,RAMP_INTERSECTION,SIDE_OF_HWY,TOW_AWAY,COLLISION_SEVERITY,NUMBER_KILLED,NUMBER_INJURED,PARTY_COUNT,PRIMARY_COLL_FACTOR,PCF_CODE_OF_VIOL,PCF_VIOL_CATEGORY,PCF_VIOLATION,PCF_VIOL_SUBSECTION,HIT_AND_RUN,TYPE_OF_COLLISION,MVIW,PED_ACTION,ROAD_SURFACE,ROAD_COND_1,ROAD_COND_2,LIGHTING,CONTROL_DEVICE,CHP_ROAD_TYPE,PEDESTRIAN_ACCIDENT,BICYCLE_ACCIDENT,MOTORCYCLE_ACCIDENT,TRUCK_ACCIDENT,NOT_PRIVATE_PROPERTY,ALCOHOL_INVOLVED,STWD_VEHTYPE_AT_FAULT,CHP_VEHTYPE_AT_FAULT,COUNT_SEVERE_INJ,COUNT_VISIBLE_INJ,COUNT_COMPLAINT_PAIN,COUNT_PED_KILLED,COUNT_PED_INJURED,COUNT_BICYCLIST_KILLED,COUNT_BICYCLIST_INJURED,COUNT_MC_KILLED,COUNT_MC_INJURED,PRIMARY_RAMP,SECONDARY_RAMP,LATITUDE,LONGITUDE,COUNTY,CITY,POINT_X,POINT_Y
8669158,2018,2018-08-10,3315,2018-07-14,1847,11245,9B,6,5,6,3315,0,0,0,NA,0,002,HIDDEN VALLEY PKWY,PARKVIEW DR,0,NA,Y,A,-,N,NA,NA,NA,NA,NA,NA,NA,NA,NA,Y,4,0,2,2,A,-,12,21453,A,N,D,C,A,A,H,-,A,A,0,NA,NA,NA,NA,Y,NA,A,01,0,0,2,0,0,0,0,0,0,-,-,33.898109436035156,-117.5303192138672,RIVERSIDE,CORONA,-117.53038024902344,33.898048400878906
8669441,2018,2018-08-15,3300,2018-07-16,2054,3536,601E1,1,5,6,3394,0,0,0,NA,0,MV16,HEACOCK ST,MANZANITA AV,52,S,N,A,-,N,NA,NA,NA,NA,NA,NA,NA,NA,NA,N,4,0,1,2,A,-,21,22106,NA,N,C,C,A,A,H,-,C,A,0,NA,NA,NA,NA,Y,NA,A,01,0,0,1,0,0,0,0,0,0,-,-,33.961151123046875,-117.24388122558594,RIVERSIDE,MORENO VALLEY,-117.2439193725586,33.96100616455078
8670381,2018,2018-08-29,3315,2018-07-13,0705,001531,1A,5,5,6,3315,0,0,0,NA,0,NA,RAILROAD ST,AIRPORT CIR,0,NA,Y,A,-,N,NA,NA,NA,NA,NA,NA,NA,NA,NA,Y,4,0,1,1,A,-,08,22107,NA,N,E,I,A,A,H,-,A,A,0,NA,NA,NA,NA,Y,NA,A,01,0,0,1,0,0,0,0,0,0,-,-,NA,NA,RIVERSIDE,CORONA,-117.60043334960938,33.89012908935547
8671139,2018,2018-10-10,3313,2018-07-10,1329,1686,4,2,5,7,3313,0,0,0,NA,0,T58,INDIANA AV,MARY ST,28,W,N,A,-,N,NA,NA,NA,NA,NA,NA,NA,NA,NA,Y,4,0,2,3,A,-,08,22100,A,M,H,A,A,A,H,-,A,A,0,NA,NA,NA,NA,Y,NA,-,99,0,0,2,0,0,0,0,0,0,-,-,33.94197082519531,-117.39351654052734,RIVERSIDE,RIVERSIDE,-117.39359283447266,33.941829681396484
8672011,2018,2018-09-26,3313,2018-07-14,1611,1705,3,6,5,7,3313,0,0,0,NA,0,3R32,TRAUTWEIN RD,MISSION GROVE PKWY,495,N,N,A,-,N,NA,NA,NA,NA,NA,NA,NA,NA,NA,N,3,0,1,2,A,-,08,22107,NA,N,B,C,A,A,H,-,A,D,0,NA,NA,NA,NA,Y,NA,A,01,0,1,0,0,0,0,0,0,0,-,-,33.908058166503906,-117.32839965820313,RIVERSIDE,RIVERSIDE,-117.32900238037108,33.909278869628906
8673201,2018,2018-08-08,3313,2018-07-17,1005,1686,4,2,5,7,3313,0,0,0,NA,0,T58,MESQUITE DR,TAMARISK PL,37,N,N,A,-,N,NA,NA,NA,NA,NA,NA,NA,NA,NA,Y,3,0,1,3,A,-,08,22107,NA,N,B,E,A,A,H,-,A,D,0,NA,NA,NA,NA,Y,NA,A,07,0,1,0,0,0,0,0,0,0,-,-,33.91154861450195,-117.43248748779295,RIVERSIDE,RIVERSIDE,-117.43274688720705,33.911582946777344
8673209,2018,2018-08-08,3313,2018-07-13,1755,1073,5,5,5,7,3313,0,0,0,NA,0,M31,TYLER ST,HOLE AV,0,NA,Y,A,-,N,NA,NA,NA,NA,NA,NA,NA,NA,NA,N,3,0,1,2,A,-,09,21800,A,N,B,C,A,A,H,-,A,A,0,NA,NA,Y,NA,Y,NA,C,02,0,1,0,0,0,0,0,0,1,-,-,33.91539001464844,-117.46427154541016,RIVERSIDE,RIVERSIDE,-117.46408081054688,33.91521072387695
8673238,2018,2018-08-03,3300,2018-07-03,1908,5132,44D1,2,5,3,3392,0,0,0,NA,0,044,AVE 54,MADISON ST,0,NA,Y,A,-,N,NA,NA,NA,NA,NA,NA,NA,NA,NA,Y,4,0,2,2,A,-,12,22450,A,N,D,C,A,A,H,-,A,A,0,NA,NA,NA,NA,Y,NA,A,01,0,0,2,0,0,0,0,0,0,-,-,NA,NA,RIVERSIDE,LA QUINTA,-116.25138092041016,33.656639099121094
8673247,2018,2018-08-13,3313,2018-07-06,1242,1883,2,5,5,7,3313,0,0,0,NA,0,2R25,UNIVERSITY AV,PARK AV,0,NA,Y,A,-,N,NA,NA,NA,NA,NA,NA,NA,NA,NA,Y,4,0,1,2,A,-,12,21453,A,N,A,C,A,A,H,-,A,A,0,NA,NA,NA,NA,Y,NA,A,01,0,0,1,0,0,0,0,0,0,-,-,33.97732925415039,-117.36443328857422,RIVERSIDE,RIVERSIDE,-117.36456298828124,33.977291107177734
8673277,2018,2018-08-08,3300,2018-07-08,0748,4546,910L,7,5,5,3335,0,0,0,NA,0,064,BUTTERFIELD STAGE RD,PAUBA RD,0,NA,Y,A,-,N,NA,NA,NA,NA,NA,NA,NA,NA,NA,Y,4,0,3,2,A,-,12,21453,A,N,D,C,A,A,H,-,A,A,0,NA,NA,NA,NA,Y,NA,A,01,0,0,3,0,0,0,0,0,0,-,-,33.50812911987305,-117.0900421142578,RIVERSIDE,TEMECULA,-117.08989715576172,33.50822067260742
8675294,2018,2018-10-03,3308,2018-07-19,1725,10670,557,4,5,5,3308,0,0,0,NA,0,SOUTH,STATE ST,CHAMBERS ST,528,S,N,A,-,N,NA,NA,NA,NA,NA,NA,NA,NA,NA,Y,4,0,1,1,A,-,08,22107,NA,N,E,I,A,A,H,-,A,D,0,NA,NA,NA,NA,Y,Y,A,01,0,0,1,0,0,0,0,0,0,-,-,33.72206115722656,-116.97160339355467,RIVERSIDE,HEMET,-116.97148895263672,33.720603942871094
8675364,2018,2018-08-17,3300,2018-03-05,0157,4807,002E,1,5,6,3345,0,0,0,NA,0,022,COUNTRY VILLAGE RD,PHILADELPHIA AV,0,NA,Y,A,-,N,NA,NA,NA,NA,NA,NA,NA,NA,NA,Y,4,0,1,3,A,-,01,23152,B,N,D,C,A,A,H,-,C,A,0,NA,NA,NA,NA,Y,Y,A,01,0,0,1,0,0,0,0,0,0,-,-,34.033531188964844,-117.50640106201172,RIVERSIDE,JURUPA VALLEY,-117.50689697265624,34.0334587097168
8675375,2018,2018-08-17,3325,2018-01-12,0605,534,3325,5,5,4,3325,0,0,0,NA,0,003,RAMON RD,LA PALOMA DR,168,W,N,A,-,N,NA,NA,NA,NA,NA,NA,NA,NA,NA,Y,2,0,1,2,A,-,11,21954,A,N,G,B,D,A,H,-,D,D,0,Y,NA,NA,NA,Y,Y,N,60,1,0,0,0,1,0,0,0,0,-,-,NA,NA,RIVERSIDE,CATHEDRAL CITY,-116.47354125976563,33.81597137451172
8675839,2018,2018-10-04,3309,2018-07-25,1658,283,3309,3,5,4,3309,0,0,0,NA,0,003,JACKSON ST,VIA ALDEA,0,NA,Y,A,-,N,NA,NA,NA,NA,NA,NA,NA,NA,NA,Y,4,0,1,2,A,-,12,21453,A,N,D,C,A,A,H,-,A,A,0,NA,NA,NA,NA,Y,NA,D,22,0,0,1,0,0,0,0,0,0,-,-,NA,NA,RIVERSIDE,INDIO,-116.21638,33.71135
8676538,2018,2018-08-29,3300,2018-05-24,1910,N6265,001M,4,5,6,3345,0,0,0,NA,0,016,LIMONITE AV,AVENUE JUAN BAUTISTA,1074,E,N,A,-,N,NA,NA,NA,NA,NA,NA,NA,NA,NA,Y,3,0,1,2,A,-,01,23152,NA,N,B,C,A,A,H,-,A,D,0,NA,NA,NA,NA,Y,Y,A,01,0,1,0,0,0,0,0,0,0,-,-,33.98419189453125,-117.43344879150392,RIVERSIDE,JURUPA VALLEY,-117.43075561523438,33.986167907714844
8678017,2018,2018-10-05,3313,2018-08-03,1732,1868,1,5,5,7,3313,0,0,0,NA,0,3R14,14TH ST,OLIVEWOOD AV,190,E,N,A,-,N,NA,NA,NA,NA,NA,NA,NA,NA,NA,Y,3,0,2,2,A,-,09,21804,A,N,D,C,A,A,H,-,A,A,0,NA,NA,Y,NA,Y,NA,A,01,0,1,1,0,0,0,0,0,1,-,-,33.97455978393555,-117.3745574951172,RIVERSIDE,RIVERSIDE,-117.37427520751952,33.97426223754883
8678705,2018,2018-10-08,3315,2018-08-08,2021,001874,1D,3,5,6,3315,0,0,0,NA,0,001,MAIN ST,PARKRIDGE AV,0,NA,Y,A,-,N,NA,NA,NA,NA,NA,NA,NA,NA,NA,N,4,0,1,2,A,-,03,22350,NA,N,C,C,A,A,H,-,A,A,0,NA,NA,NA,NA,Y,NA,A,01,0,0,1,0,0,0,0,0,0,-,-,NA,NA,RIVERSIDE,CORONA,-117.56366729736328,33.89308166503906
8679206,2018,2018-10-08,3300,2018-08-01,1144,4323,910S,3,5,5,3335,0,0,0,NA,0,070,TEMECULA PKWY,REDHAWK PKWY,150,W,N,A,-,N,NA,NA,NA,NA,NA,NA,NA,NA,NA,N,4,0,1,2,A,-,21,22106,NA,N,C,C,A,A,H,-,A,A,0,NA,NA,NA,NA,Y,NA,A,01,0,0,1,0,0,0,0,0,0,-,-,NA,NA,RIVERSIDE,TEMECULA,-117.10193634033205,33.480106353759766
8679610,2018,2018-09-25,3313,2018-07-31,0953,1026,1,2,5,7,3313,0,0,0,NA,0,T52,TWELFTH ST,CHESTNUT ST,140,E,N,A,-,N,NA,NA,NA,NA,NA,NA,NA,NA,NA,Y,3,0,1,2,A,-,08,22107,NA,N,D,E,A,A,H,-,A,D,0,NA,NA,NA,NA,Y,NA,A,01,0,1,0,0,0,0,0,0,0,-,-,33.979759216308594,-117.38078308105467,RIVERSIDE,RIVERSIDE,-117.38022613525392,33.9795036315918
8679877,2018,2018-10-04,3300,2018-07-07,2209,4439,901B,6,5,4,3310,0,0,0,NA,0,050,CENTER AV,RIVER DR,210,S,N,A,-,N,NA,NA,NA,NA,NA,NA,NA,NA,NA,Y,3,0,1,1,A,-,08,22107,NA,N,E,I,A,A,H,-,D,D,0,NA,NA,NA,NA,Y,NA,-,NA,0,1,0,0,0,0,0,0,0,-,-,NA,NA,RIVERSIDE,NORCO,-117.53902435302734,33.9500846862793
8682678,2018,2018-09-28,3300,2018-08-17,1555,N6567,501A,5,5,5,3341,0,0,0,NA,0,051,MENIFEE RD,WATSON RD,0,NA,Y,A,-,N,NA,NA,NA,NA,NA,NA,NA,NA,NA,Y,3,0,1,3,A,-,09,21804,A,N,D,C,A,A,H,-,A,A,0,NA,NA,NA,NA,Y,NA,D,22,0,1,0,0,0,0,0,0,0,-,-,33.75035858154297,-117.15389251708984,RIVERSIDE,MENIFEE,-117.1540985107422,33.750431060791016
8683286,2018,2018-08-24,3300,2018-06-10,0138,4807,002Q,7,5,6,3345,0,0,0,NA,0,024,PEDLEY RD,LIMONITE AV,0,NA,Y,A,-,N,NA,NA,NA,NA,NA,NA,NA,NA,NA,Y,4,0,1,1,A,-,01,23152,A,N,E,I,A,A,H,-,C,D,0,NA,NA,NA,NA,Y,Y,A,01,0,0,1,0,0,0,0,0,0,-,-,NA,NA,RIVERSIDE,JURUPA VALLEY,-117.4739227294922,33.9758186340332
8683353,2018,2018-08-27,3309,2018-06-05,1734,180,3309,2,5,4,3309,0,0,0,NA,0,002,AVE 44,DEGLET NOOR ST,83,E,N,A,-,N,NA,NA,NA,NA,NA,NA,NA,NA,NA,N,3,0,1,2,A,-,08,22107,NA,N,D,C,A,A,H,-,A,D,0,NA,NA,NA,NA,Y,NA,A,01,0,1,0,0,0,0,0,0,0,-,-,NA,NA,RIVERSIDE,INDIO,-116.22349548339844,33.72942352294922
8684080,2018,2018-09-06,3311,2018-08-13,0747,16144,NA,1,5,4,3311,0,0,0,NA,0,003,CALLE ENCILIA,SATURNINO RD,0,NA,Y,A,-,N,NA,NA,NA,NA,NA,NA,NA,NA,NA,Y,4,0,1,2,A,-,09,21802,A,N,D,C,A,A,H,-,A,D,0,NA,NA,NA,NA,Y,NA,A,01,0,0,1,0,0,0,0,0,0,-,-,33.81816864013672,-116.54364776611328,RIVERSIDE,PALM SPRINGS,-116.54373931884766,33.818328857421875
8686606,2018,2018-09-06,3300,2018-07-13,0545,N6567,507B,5,5,5,3341,0,0,0,NA,0,057,NEWPORT RD,ANTELOPE RD,211,W,N,A,-,N,NA,NA,NA,NA,NA,NA,NA,NA,NA,N,3,0,1,2,A,-,05,21202,A,N,H,G,A,A,H,-,B,D,0,NA,Y,NA,NA,Y,NA,L,04,0,1,0,0,0,0,1,0,0,-,-,33.68516159057617,-117.1672134399414,RIVERSIDE,MENIFEE,-117.1679229736328,33.685096740722656
8686928,2018,2018-09-12,3300,2018-07-09,1340,4561,508A,1,5,5,3341,0,0,0,NA,0,058,HOLLAND RD,EVANS RD,122,N,N,B,-,N,NA,NA,NA,NA,NA,NA,NA,NA,NA,Y,3,0,1,2,B,-,22,NA,NA,N,G,G,A,A,H,-,A,D,0,NA,Y,NA,NA,Y,NA,L,04,0,1,0,0,0,0,1,0,0,-,-,33.67047119140625,-117.19735717773438,RIVERSIDE,MENIFEE,-117.19732666015624,33.67055130004883
8686998,2018,2018-09-04,3325,2018-01-24,1832,536,RIVER,3,5,4,3325,0,0,0,NA,0,003,DATE PALM DR,30TH AV,0,NA,Y,A,-,N,NA,NA,NA,NA,NA,NA,NA,NA,NA,N,3,0,1,1,A,-,08,22107,NA,N,A,I,A,A,H,-,C,A,0,NA,NA,NA,NA,Y,NA,A,01,0,1,0,0,0,0,0,0,0,-,-,NA,NA,RIVERSIDE,CATHEDRAL CITY,-116.45819854736328,33.83047103881836
8688124,2018,2018-09-17,3300,2018-08-20,0918,4323,910O,1,5,5,3335,0,0,0,NA,0,064,TEMECULA PKWY,CAMINO DEL SOL,100,E,N,A,-,N,NA,NA,NA,NA,NA,NA,NA,NA,NA,N,4,0,2,2,A,-,03,22350,NA,N,C,C,A,A,H,-,A,A,0,NA,NA,NA,NA,Y,NA,A,07,0,0,2,0,0,0,0,0,0,-,-,NA,NA,RIVERSIDE,TEMECULA,-117.09707641601563,33.48138427734375
8689971,2018,2018-09-14,3315,2018-08-19,1014,003224,6B,7,5,6,3315,0,0,0,NA,0,001,GRAND AVE,2ND ST,0,NA,Y,A,-,N,NA,NA,NA,NA,NA,NA,NA,NA,NA,Y,4,0,1,2,A,-,09,21800,E,N,A,C,A,A,H,-,A,A,0,NA,NA,NA,NA,Y,NA,-,NA,0,0,1,0,0,0,0,0,0,-,-,NA,NA,RIVERSIDE,CORONA,-117.571533203125,33.88011932373047
8691067,2018,2018-09-24,3300,2018-07-28,1847,4024,905L,6,5,4,3307,0,0,0,NA,0,093,WOODCREST DR,MACHADO ST,422,S,N,A,-,N,NA,NA,NA,NA,NA,NA,NA,NA,NA,N,3,0,1,2,A,-,09,21804,A,N,H,G,A,A,H,-,A,D,0,NA,Y,NA,NA,Y,NA,L,04,0,1,0,0,0,0,1,0,0,-,-,33.68642044067383,-117.37606811523438,RIVERSIDE,LAKE ELSINORE,-117.37505340576172,33.685550689697266
8691091,2018,2018-09-24,3300,2018-07-06,1605,2744,001M,5,5,6,3345,0,0,0,NA,0,016,LIMONITE AV,AVENUE JUAN BAUTISTA,239,E,N,A,-,N,NA,NA,NA,NA,NA,NA,NA,NA,NA,Y,4,0,1,1,A,-,08,22107,NA,N,F,I,A,A,H,-,A,D,0,NA,NA,NA,NA,Y,NA,-,NA,0,0,1,0,0,0,0,0,0,-,-,33.98419189453125,-117.43344879150392,RIVERSIDE,JURUPA VALLEY,-117.43297576904295,33.98482131958008
8691242,2018,2018-09-18,3300,2018-08-13,2322,4732,807A,1,5,3,3343,0,0,0,NA,0,087,GRAND AV,WESLEY ST,0,NA,Y,A,-,N,NA,NA,NA,NA,NA,NA,NA,NA,NA,Y,4,0,1,2,A,-,09,21802,A,N,D,C,A,A,H,-,D,-,0,NA,NA,NA,NA,Y,NA,A,01,0,0,1,0,0,0,0,0,0,-,-,NA,NA,RIVERSIDE,WILDOMAR,-117.28880310058594,33.60441970825195
8693307,2018,2018-09-18,3300,2018-05-08,2140,4724,002V,2,5,6,3345,0,0,0,NA,0,026,ETIWANDA AV,LIMONITE AV,140,N,N,A,-,N,NA,NA,NA,NA,NA,NA,NA,NA,NA,Y,4,0,2,2,A,-,09,21804,A,N,D,C,A,A,H,-,C,A,0,NA,NA,NA,NA,Y,NA,A,01,0,0,2,0,0,0,0,0,0,-,-,33.97557830810547,-117.52342987060548,RIVERSIDE,JURUPA VALLEY,-117.5233154296875,33.975833892822266
8693357,2018,2018-09-27,3300,2018-08-29,1715,4713,910E,3,5,5,3335,0,0,0,NA,0,061,JEFFERSON AV,OVERLAND DR,265,S,N,A,-,N,NA,NA,NA,NA,NA,NA,NA,NA,NA,Y,4,0,2,2,A,-,03,22350,NA,N,C,C,A,A,H,-,A,A,0,NA,NA,NA,NA,Y,NA,A,01,0,0,2,0,0,0,0,0,0,-,-,NA,NA,RIVERSIDE,TEMECULA,-117.16065216064452,33.516151428222656
8693375,2018,2018-09-17,3300,2018-07-17,2103,N3373,910H,2,5,5,3335,0,0,0,NA,0,063,MARGARITA RD,VIA LA VIDA,20,S,N,A,-,N,NA,NA,NA,NA,NA,NA,NA,NA,NA,N,3,0,1,2,A,-,09,21801,A,N,H,G,A,A,H,-,C,D,0,NA,Y,NA,NA,Y,NA,D,22,0,1,0,0,0,0,1,0,0,-,-,33.515201568603516,-117.1491928100586,RIVERSIDE,TEMECULA,-117.1491241455078,33.51518249511719
8694244,2018,2018-09-28,3313,2018-08-17,0823,1389,2,5,5,7,3313,0,0,0,NA,0,T53,CHICAGO AV,MARTIN LUTHER KING BL,484,N,N,A,-,N,NA,NA,NA,NA,NA,NA,NA,NA,NA,N,4,0,1,2,A,-,08,22107,NA,F,B,C,A,A,H,-,A,D,0,NA,NA,NA,NA,Y,NA,D,22,0,0,1,0,0,0,0,0,0,-,-,33.96805953979492,-117.34848785400392,RIVERSIDE,RIVERSIDE,-117.34851837158205,33.9696044921875
8696629,2018,2018-09-25,3315,2018-08-29,1808,001874,12D,3,5,6,3315,0,0,0,NA,0,003,HIGHGROVE ST,CITRUS WY,0,NA,Y,A,-,N,NA,NA,NA,NA,NA,NA,NA,NA,NA,N,3,0,2,2,A,-,09,21802,A,N,D,C,A,A,H,-,A,A,0,NA,NA,NA,NA,Y,NA,A,01,0,1,1,0,0,0,0,0,0,-,-,NA,NA,RIVERSIDE,CORONA,-117.58003997802734,33.84804153442383
8697268,2018,2018-11-09,3300,2018-07-08,1200,5157,87E1,7,5,2,3316,0,0,0,NA,0,2J87,INDIAN WELLS LN,RT 111,29,N,N,A,-,N,NA,NA,NA,NA,NA,NA,NA,NA,NA,Y,3,0,1,4,A,-,03,22350,NA,N,E,I,A,A,H,-,A,A,0,NA,NA,NA,NA,Y,NA,A,01,0,1,0,0,0,0,0,0,0,-,-,NA,NA,RIVERSIDE,INDIAN WELLS,-116.3300323486328,33.721656799316406
8697521,2018,2018-09-27,3300,2018-09-06,1519,N5541,32D5,4,5,4,3318,0,0,0,NA,0,032,QUAILBRUSH ST,FAIRWAY DR,0,NA,Y,A,-,N,NA,NA,NA,NA,NA,NA,NA,NA,NA,Y,4,0,1,2,A,-,08,22107,NA,N,D,C,A,A,H,-,A,D,0,NA,NA,NA,NA,Y,NA,A,07,0,0,1,0,0,0,0,0,0,-,-,NA,NA,RIVERSIDE,PALM DESERT,-116.36979675292967,33.714599609375
8697550,2018,2018-09-26,3300,2018-09-13,1905,4546,910M,4,5,5,3335,0,0,0,NA,0,067,JEDEDIAH SMITH RD,EL FARO RD,0,NA,Y,A,-,N,NA,NA,NA,NA,NA,NA,NA,NA,NA,N,3,0,1,1,A,-,03,22350,NA,N,H,J,A,A,H,-,B,D,0,NA,NA,Y,NA,Y,NA,C,02,0,1,0,0,0,0,0,0,1,-,-,33.48453903198242,-117.114990234375,RIVERSIDE,TEMECULA,-117.11506652832033,33.48461151123047
8697594,2018,2018-10-12,3313,2018-09-06,1614,1762,4,4,5,7,3313,0,0,0,NA,0,T44,LINCOLN AV,MONROE ST,0,NA,Y,A,-,N,NA,NA,NA,NA,NA,NA,NA,NA,NA,Y,4,0,1,2,A,-,12,22450,A,N,D,C,A,A,H,-,A,A,0,NA,NA,NA,NA,Y,NA,-,-,0,0,1,0,0,0,0,0,0,-,-,33.916259765625,-117.42127990722656,RIVERSIDE,RIVERSIDE,-117.42156982421876,33.916358947753906
8700924,2018,2018-10-29,3308,2018-08-01,1229,10636,516,3,5,5,3308,0,0,0,NA,0,NORTH,STATE ST,FLORIDA AV,31,N,N,A,-,Y,RIV,8,74,-,-,40.588,I,6,W,N,4,0,1,2,A,-,03,22350,NA,M,C,C,A,A,H,-,A,A,0,NA,NA,NA,NA,Y,NA,A,07,0,0,1,0,0,0,0,0,0,-,-,33.74760055541992,-116.9717025756836,RIVERSIDE,HEMET,-116.97169494628906,33.74760818481445
8702439,2018,2018-10-17,3300,2018-08-29,1824,2638,002P,3,5,6,3345,0,0,0,NA,0,NA,VAN BUREN BL,JURUPA RD,0,NA,Y,A,-,N,NA,NA,NA,NA,NA,NA,NA,NA,NA,N,4,0,1,2,A,-,03,22350,NA,N,C,C,A,-,D,-,A,D,0,NA,NA,NA,NA,Y,NA,A,07,0,0,1,0,0,0,0,0,0,-,-,33.997169494628906,-117.48551940917967,RIVERSIDE,JURUPA VALLEY,-117.48548889160156,33.997039794921875
8702477,2018,2018-10-02,3300,2018-08-30,1650,5009,901B,4,5,4,3310,0,0,0,NA,0,050,RIVER DR,HILLSIDE AV,231,E,N,A,-,N,NA,NA,NA,NA,NA,NA,NA,NA,NA,Y,2,0,2,1,A,-,08,22107,NA,N,E,I,A,A,H,-,A,D,0,NA,NA,NA,NA,Y,NA,A,01,1,0,1,0,0,0,0,0,0,-,-,NA,NA,RIVERSIDE,NORCO,-117.53614807128906,33.9510498046875
8703631,2018,2018-10-08,3300,2018-09-12,2200,N4187,506,3,5,5,3341,0,0,0,NA,0,056,NEWPORT RD,HAUN RD,0,NA,Y,A,-,N,NA,NA,NA,NA,NA,NA,NA,NA,NA,N,4,0,1,2,A,-,12,21453,A,N,D,C,A,A,H,-,C,A,0,NA,NA,NA,NA,Y,NA,A,01,0,0,1,0,0,0,0,0,0,-,-,33.685218811035156,-117.17549896240234,RIVERSIDE,MENIFEE,-117.17552185058594,33.68505859375
8704635,2018,2018-10-16,3313,2018-09-20,1533,1798,5,4,5,7,3313,0,0,0,NA,0,T47,MAGNOLIA AV,PIERCE ST,900,W,N,A,-,N,NA,NA,NA,NA,NA,NA,NA,NA,NA,Y,4,0,1,4,A,-,03,22350,NA,N,C,C,A,A,H,-,A,D,0,NA,NA,NA,NA,Y,NA,A,01,0,0,1,0,0,0,0,0,0,-,-,33.895050048828125,-117.49107360839844,RIVERSIDE,RIVERSIDE,-117.49357604980467,33.893741607666016
8705622,2018,2018-10-10,3342,2018-08-17,2019,1065,NA,5,5,4,3342,0,0,0,NA,0,NA,MURRIETA HOT SPRINGS RD,VIA PRINCESSA,820,E,N,A,-,N,NA,NA,NA,NA,NA,NA,NA,NA,NA,Y,4,0,2,3,A,-,03,22350,NA,N,C,C,A,A,D,-,C,D,0,NA,NA,NA,NA,Y,NA,A,01,0,0,2,0,0,0,0,0,0,-,-,33.55622100830078,-117.15354919433594,RIVERSIDE,MURRIETA,-117.15768432617188,33.55666732788086
8707092,2018,2018-10-18,3300,2018-08-04,1518,4339,602Z2,6,5,6,3394,0,0,0,NA,0,022,DAY ST,CANYON SPRINGS PKWY,140,N,N,A,-,N,NA,NA,NA,NA,NA,NA,NA,NA,NA,N,4,0,4,2,A,-,07,21658,A,N,C,C,A,A,H,-,A,D,0,NA,NA,NA,NA,Y,NA,D,22,0,0,4,0,0,0,0,0,0,-,-,33.939659118652344,-117.27889251708984,RIVERSIDE,MORENO VALLEY,-117.27879333496094,33.93994140625
8707717,2018,2018-10-10,3313,2018-08-15,1500,1929,4,3,5,7,3313,0,0,0,NA,0,3R40,INDIANA AV,ARAPAHOE ST,0,NA,Y,A,-,N,NA,NA,NA,NA,NA,NA,NA,NA,NA,Y,4,0,1,2,A,-,21,22106,NA,N,D,C,A,A,H,-,A,D,0,NA,NA,NA,NA,Y,NA,A,01,0,0,1,0,0,0,0,0,0,-,-,33.92116165161133,-117.42890167236328,RIVERSIDE,RIVERSIDE,-117.42881774902344,33.92131042480469
8707754,2018,2018-10-10,3313,2018-09-05,1358,1772,5,3,5,7,3313,0,0,0,NA,0,T45,INDIANA AV,LA SIERRA AV,362,W,N,A,-,N,NA,NA,NA,NA,NA,NA,NA,NA,NA,Y,4,0,1,2,A,-,09,21804,A,N,D,C,A,A,H,-,A,A,0,NA,NA,NA,NA,Y,NA,A,07,0,0,1,0,0,0,0,0,0,-,-,33.89704895019531,-117.47109222412108,RIVERSIDE,RIVERSIDE,-117.47216796875,33.89665985107422
8708403,2018,2018-12-04,3300,2018-09-16,1300,4209,501A,7,5,5,3341,0,0,0,NA,0,051,RT 74,TRUMBLE RD,0,NA,Y,A,-,Y,RIV,8,74,-,-,21.81,H,-,W,N,4,0,3,2,A,-,03,22350,NA,N,C,C,A,A,H,-,A,A,0,NA,NA,NA,NA,Y,NA,A,01,0,0,3,0,0,0,0,0,0,-,-,NA,NA,RIVERSIDE,MENIFEE,-117.2854461669922,33.735984802246094
8709291,2018,2018-10-10,3309,2018-09-14,1539,118,3309,5,5,4,3309,0,0,0,NA,0,004,CLINTON ST,GRANADA ST,346,N,N,A,-,N,NA,NA,NA,NA,NA,NA,NA,NA,NA,N,3,0,2,3,A,-,05,21650,NA,N,A,G,A,A,H,-,A,D,0,NA,Y,NA,NA,Y,NA,L,04,0,1,1,0,0,0,2,0,0,-,-,NA,NA,RIVERSIDE,INDIO,-116.24264526367188,33.71052551269531
8710105,2018,2018-10-18,3308,2018-08-22,0723,10470,512,3,5,5,3308,0,0,0,NA,0,NORTH,CALIFORNIA AV,DEVONSHIRE AV,78,S,N,A,-,N,NA,NA,NA,NA,NA,NA,NA,NA,NA,N,3,0,1,2,A,-,09,21804,B,N,D,C,A,A,H,-,A,A,0,NA,NA,NA,NA,Y,NA,D,22,0,1,0,0,0,0,0,0,0,-,-,33.749488830566406,-117.04669189453124,RIVERSIDE,HEMET,-117.05020141601563,33.75083541870117