CASE_ID,ACCIDENT_YEAR,PROC_DATE,JURIS,COLLISION_DATE,COLLISION_TIME,OFFICER_ID,REPORTING_DISTRICT,DAY_OF_WEEK,CHP_SHIFT,POPULATION,CNTY_CITY_LOC,SPECIAL_COND,BEAT_TYPE,CHP_BEAT_TYPE,CITY_DIVISION_LAPD,CHP_BEAT_CLASS,BEAT_NUMBER,PRIMARY_RD,SECONDARY_RD,DISTANCE,DIRECTION,INTERSECTION,WEATHER_1,WEATHER_2,STATE_HWY_IND,CALTRANS_COUNTY,CALTRANS_DISTRICT,STATE_ROUTE,ROUTE_SUFFIX,POSTMILE_PREFIX,POSTMILE,LOCATION_TYPE,RAMP_INTERSECTION,SIDE_OF_HWY,TOW_AWAY,COLLISION_SEVERITY,NUMBER_KILLED,NUMBER_INJURED,PARTY_COUNT,PRIMARY_COLL_FACTOR,PCF_CODE_OF_VIOL,PCF_VIOL_CATEGORY,PCF_VIOLATION,PCF_VIOL_SUBSECTION,HIT_AND_RUN,TYPE_OF_COLLISION,MVIW,PED_ACTION,ROAD_SURFACE,ROAD_COND_1,ROAD_COND_2,LIGHTING,CONTROL_DEVICE,CHP_ROAD_TYPE,PEDESTRIAN_ACCIDENT,BICYCLE_ACCIDENT,MOTORCYCLE_ACCIDENT,TRUCK_ACCIDENT,NOT_PRIVATE_PROPERTY,ALCOHOL_INVOLVED,STWD_VEHTYPE_AT_FAULT,CHP_VEHTYPE_AT_FAULT,COUNT_SEVERE_INJ,COUNT_VISIBLE_INJ,COUNT_COMPLAINT_PAIN,COUNT_PED_KILLED,COUNT_PED_INJURED,COUNT_BICYCLIST_KILLED,COUNT_BICYCLIST_INJURED,COUNT_MC_KILLED,COUNT_MC_INJURED,PRIMARY_RAMP,SECONDARY_RAMP,LATITUDE,LONGITUDE,COUNTY,CITY,POINT_X,POINT_Y
8790016,2019,2019-02-06,3300,2019-01-16,1950,N3642,011,3,5,4,3344,0,0,0,NA,0,61C1,EASTVALE GATEWAY,LIMONITE AV,33,S,N,C,-,N,NA,NA,NA,NA,NA,NA,NA,NA,NA,Y,4,0,1,1,A,-,08,22107,NA,N,E,I,A,B,H,-,C,A,0,NA,NA,NA,NA,Y,NA,A,01,0,0,1,0,0,0,0,0,0,-,-,33.975120544433594,-117.55226135253906,RIVERSIDE,EASTVALE,-117.55409240722656,33.97517776489258
8790308,2018,2019-01-31,3308,2018-12-20,1154,10636,546,4,5,5,3308,0,0,0,NA,0,SOUTH,STETSON AV,GILBERT ST,200,W,N,A,-,N,NA,NA,NA,NA,NA,NA,NA,NA,NA,Y,4,0,1,2,A,-,09,21801,A,N,D,C,A,A,H,-,A,A,0,NA,NA,Y,NA,Y,NA,A,01,0,0,1,0,0,0,0,0,1,-,-,33.729488372802734,-116.97595977783205,RIVERSIDE,HEMET,-116.97653198242188,33.7293815612793
8793363,2019,2019-05-14,3300,2019-01-26,2105,4957,809,6,5,3,3343,0,0,0,NA,0,089,CLINTON KEITH RD,RT 15,15,S,N,A,-,Y,RIV,8,15,-,-,13.473,R,4,S,Y,4,0,1,2,A,-,03,22350,NA,N,C,C,A,A,H,-,C,A,0,NA,NA,NA,NA,Y,NA,A,01,0,0,1,0,0,0,0,0,0,-,SO,NA,NA,RIVERSIDE,WILDOMAR,-117.24340057373048,33.59376525878906
8794007,2019,2019-03-04,3315,2019-02-05,1730,001874,9B,2,5,6,3315,0,0,0,NA,0,002,PROMENADE AV,WELLESLEY DR,325,E,N,B,-,N,NA,NA,NA,NA,NA,NA,NA,NA,NA,N,4,0,1,1,A,-,08,22107,NA,N,E,I,A,B,H,-,B,A,0,NA,NA,Y,NA,Y,NA,C,02,0,0,1,0,0,0,0,0,1,-,-,NA,NA,RIVERSIDE,CORONA,-117.52654266357422,33.889015197753906
8794333,2018,2019-02-25,3342,2018-12-27,2213,788,603,4,5,4,3342,0,0,0,NA,0,006,WINCHESTER RD,VIA MIRA MOSA,650,N,N,A,-,Y,RIV,8,79,-,M,7.06,H,-,S,Y,2,0,1,1,A,-,01,23152,A,N,E,I,A,A,H,-,C,A,0,NA,NA,NA,NA,Y,Y,A,01,1,0,0,0,0,0,0,0,0,-,-,33.58238983154297,-117.13279724121094,RIVERSIDE,MURRIETA,-117.13168334960938,33.58425521850586
8794375,2018,2019-02-20,3300,2018-09-30,1605,2710,NA,7,5,4,3318,0,0,0,NA,0,NA,RT 111,DESERT CROSSING,20,S,N,A,-,N,NA,NA,NA,NA,NA,NA,NA,NA,NA,Y,2,0,1,2,A,-,11,21456,B,N,G,B,B,A,H,-,A,A,0,Y,NA,NA,NA,Y,NA,N,60,1,0,0,0,1,0,0,0,0,-,-,NA,NA,RIVERSIDE,PALM DESERT,-116.40169525146484,33.72676086425781
8794708,2019,2019-05-08,3311,2019-02-04,1752,16168,NA,1,5,4,3311,0,0,0,NA,0,001,RT 111,TRAMWAY RD,0,NA,Y,C,-,Y,RIV,8,111,-,-,54.955,I,6,S,N,2,0,1,1,C,-,18,NA,NA,N,E,I,A,B,H,-,D,A,0,NA,NA,NA,NA,Y,NA,-,-,1,0,0,0,0,0,0,0,0,-,-,33.858341217041016,-116.55738830566406,RIVERSIDE,PALM SPRINGS,-116.55742645263672,33.858341217041016
8795307,2018,2019-03-13,3342,2018-12-14,1549,481,213,5,5,4,3342,0,0,0,NA,0,002,CLINTON KEITH RD,RT 215,0,NA,Y,A,-,Y,RIV,8,215,-,R,12.307,R,4,N,Y,4,0,1,2,A,-,12,21453,A,N,D,C,A,A,H,-,A,A,0,NA,NA,NA,NA,Y,NA,A,08,0,0,1,0,0,0,0,0,0,-,NF,33.598140716552734,-117.17279052734376,RIVERSIDE,MURRIETA,-117.17625427246094,33.59613037109375
8796898,2018,2019-05-01,3313,2018-10-13,1648,1876,3,6,5,7,3313,0,0,0,NA,0,3R34,WOOD RD,KRAMERIA AV,5,S,N,A,-,N,NA,NA,NA,NA,NA,NA,NA,NA,NA,N,3,0,1,2,A,-,06,21755,A,N,B,C,A,A,H,-,A,A,0,NA,NA,NA,NA,Y,NA,D,22,0,1,0,0,0,0,0,0,0,-,-,NA,NA,RIVERSIDE,RIVERSIDE,-117.33135986328124,33.8800163269043
8797272,2018,2019-02-14,3313,2018-12-14,0532,1796,W,5,5,7,3313,0,0,0,NA,0,1R59,TYLER ST,KELLER AV,14,N,N,A,-,N,NA,NA,NA,NA,NA,NA,NA,NA,NA,N,4,0,1,2,A,-,03,22350,NA,F,C,C,A,A,H,-,C,A,0,NA,NA,NA,NA,Y,NA,A,01,0,0,1,0,0,0,0,0,0,-,-,NA,NA,RIVERSIDE,RIVERSIDE,-117.47776794433594,33.93406295776367
8797468,2018,2019-02-08,3300,2018-12-08,1905,4850,920A,6,5,4,3314,0,0,0,NA,0,070,RAMONA EXPWY,LYON BL,0,NA,Y,A,-,N,NA,NA,NA,NA,NA,NA,NA,NA,NA,Y,2,0,1,2,A,-,09,21453,C,N,D,C,A,A,H,-,C,A,0,NA,NA,NA,NA,Y,NA,A,07,1,0,0,0,0,0,0,0,0,-,-,NA,NA,RIVERSIDE,SAN JACINTO,-116.98502349853516,33.81079864501953
8799071,2019,2019-03-08,3311,2019-01-23,2304,3311,NA,3,5,4,3311,0,0,0,NA,0,003,NORTH PALM CANYON DR,E ALEJO RD,0,NA,Y,A,-,N,NA,NA,NA,NA,NA,NA,NA,NA,NA,N,3,0,1,2,A,-,03,22350,NA,N,C,C,A,A,H,-,C,A,0,NA,NA,Y,NA,Y,NA,C,02,0,1,0,0,0,0,0,0,1,-,-,NA,NA,RIVERSIDE,PALM SPRINGS,-116.54682159423828,33.830299377441406
8799256,2019,2019-02-22,3300,2019-02-04,0555,4767,503D,1,5,5,3341,0,0,0,NA,0,053,CANTERBURY PL,BAVARIA,90,E,N,B,-,N,NA,NA,NA,NA,NA,NA,NA,NA,NA,Y,4,0,1,2,A,-,05,21651,A,N,A,E,A,B,H,-,C,D,0,NA,NA,NA,NA,Y,NA,A,01,0,0,1,0,0,0,0,0,0,-,-,NA,NA,RIVERSIDE,MENIFEE,-117.18036651611328,33.7081298828125
8799518,2019,2019-02-22,3300,2019-01-16,0604,N5997,910B,3,5,5,3335,0,0,0,NA,0,063,WINCHESTER RD,MARGARITA RD,0,NA,Y,C,-,N,NA,NA,NA,NA,NA,NA,NA,NA,NA,Y,4,0,1,2,A,-,12,21453,A,N,D,C,A,B,H,-,C,A,0,NA,NA,NA,NA,Y,NA,-,-,0,0,1,0,0,0,0,0,0,-,-,NA,NA,RIVERSIDE,TEMECULA,-117.15145874023438,33.53102111816406
8799955,2019,2019-02-14,3313,2019-01-17,1941,1475,5,4,5,7,3313,0,0,0,NA,0,M19,HOLE AV,CALIFORNIA AV,357,E,N,B,C,N,NA,NA,NA,NA,NA,NA,NA,NA,NA,Y,3,0,1,2,A,-,01,23152,B,N,A,C,A,B,H,-,C,A,0,NA,NA,NA,NA,Y,Y,A,01,0,1,0,0,0,0,0,0,0,-,-,33.91659927368164,-117.47429656982422,RIVERSIDE,RIVERSIDE,-117.47315979003906,33.91669464111328
8800676,2019,2019-04-03,3308,2019-01-09,1905,10636,515,3,5,5,3308,0,0,0,NA,0,NORTH,FLORIDA AV,KIRBY ST,547,E,N,A,-,Y,RIV,8,74,-,-,39.09,H,-,W,Y,4,0,1,3,A,-,03,22350,NA,N,C,C,A,A,H,-,C,A,0,NA,NA,NA,NA,Y,NA,A,01,0,0,1,0,0,0,0,0,0,-,-,33.74755859375,-116.99784088134766,RIVERSIDE,HEMET,-116.99602508544922,33.74745559692383
8801381,2019,2019-02-28,3300,2019-02-06,1747,N6567,508B,3,5,5,3341,0,0,0,NA,0,058,SCOTT RD,HOWARD WY,455,W,N,A,-,N,NA,NA,NA,NA,NA,NA,NA,NA,NA,Y,4,0,1,3,A,-,03,22350,NA,N,C,C,A,A,H,-,D,D,0,NA,NA,NA,NA,Y,NA,A,01,0,0,1,0,0,0,0,0,0,-,-,33.641788482666016,-117.17996215820313,RIVERSIDE,MENIFEE,-117.1814193725586,33.64155960083008
8802962,2019,2019-03-06,3313,2019-01-14,1343,1389,1,1,5,7,3313,0,0,0,NA,0,T53,MAIN ST,PLACENTIA LN,0,NA,Y,C,-,N,NA,NA,NA,NA,NA,NA,NA,NA,NA,N,3,0,2,2,A,-,03,22350,NA,N,D,C,A,B,H,-,A,D,0,NA,NA,NA,Y,Y,NA,A,01,0,2,0,0,0,0,0,0,0,-,-,34.01940155029297,-117.36251831054688,RIVERSIDE,RIVERSIDE,-117.36255645751952,34.01927947998047
8803006,2019,2019-03-06,3313,2019-01-19,1557,1851,2,6,5,7,3313,0,0,0,NA,0,3R26,UNIVERSITY AV,VICTORIA AV,0,NA,Y,A,-,N,NA,NA,NA,NA,NA,NA,NA,NA,NA,N,2,0,1,2,A,-,11,21954,A,F,G,B,D,A,H,-,A,A,0,Y,NA,NA,NA,Y,NA,N,60,1,0,0,0,1,0,0,0,0,-,-,33.9764289855957,-117.36254119873048,RIVERSIDE,RIVERSIDE,-117.36270141601563,33.97639083862305
8803235,2019,2019-02-25,3313,2019-02-14,0818,1686,5,4,5,7,3313,0,0,0,NA,0,T58,ARLINGTON AV,JONES AV,270,W,N,C,-,N,NA,NA,NA,NA,NA,NA,NA,NA,NA,Y,4,0,1,2,A,-,03,22350,NA,N,E,I,A,B,H,-,A,D,0,NA,NA,NA,NA,Y,NA,A,01,0,0,1,0,0,0,0,0,0,-,-,33.94649887084961,-117.48049926757813,RIVERSIDE,RIVERSIDE,-117.48157501220705,33.94667053222656
8803348,2019,2019-02-22,3313,2019-01-17,0814,1641,5,4,5,7,3313,0,0,0,NA,0,T55,CREST AV,CYPRESS AV,351,N,N,C,-,N,NA,NA,NA,NA,NA,NA,NA,NA,NA,N,4,0,1,2,A,-,09,21804,A,N,D,C,A,B,H,-,A,D,0,NA,NA,NA,NA,Y,NA,A,01,0,0,1,0,0,0,0,0,0,-,-,33.94276809692383,-117.47264862060548,RIVERSIDE,RIVERSIDE,-117.4727020263672,33.94388198852539
8803703,2019,2019-04-05,3313,2019-02-16,0923,1827,1,6,5,7,3313,0,0,0,NA,0,2R13,STREETER AV,ROCHESTER ST,0,NA,Y,A,-,N,NA,NA,NA,NA,NA,NA,NA,NA,NA,N,3,0,3,4,A,-,06,21760,C,F,G,G,A,A,H,-,A,D,0,NA,Y,NA,NA,Y,NA,D,23,0,1,2,0,0,0,3,0,0,-,-,33.950801849365234,-117.41876220703124,RIVERSIDE,RIVERSIDE,-117.41864013671876,33.9510498046875
8804152,2019,2019-03-05,3313,2019-02-02,1733,1881,5,6,5,7,3313,0,0,0,NA,0,3R58,VAN BUREN BL,CENTRAL AV,10,N,N,C,-,N,NA,NA,NA,NA,NA,NA,NA,NA,NA,N,4,0,2,2,A,-,03,22350,A,F,C,C,A,B,H,-,C,A,0,NA,NA,NA,NA,Y,NA,A,01,0,0,2,0,0,0,0,0,0,-,-,33.95555877685547,-117.4570770263672,RIVERSIDE,RIVERSIDE,-117.45706176757813,33.95547866821289
8804174,2019,2019-03-06,3313,2019-01-31,1900,1384,5,4,5,7,3313,0,0,0,NA,0,M17,LA SIERRA AV,MAGNOLIA AV,20,S,N,B,-,N,NA,NA,NA,NA,NA,NA,NA,NA,NA,N,4,0,1,2,A,-,03,22350,NA,M,C,C,A,B,H,-,C,A,0,NA,NA,NA,NA,Y,NA,A,01,0,0,1,0,0,0,0,0,0,-,-,33.90333938598633,-117.4761199951172,RIVERSIDE,RIVERSIDE,-117.47632598876952,33.90348434448242
8804612,2019,2019-03-06,3300,2019-02-21,1525,4867,602A5,4,5,6,3394,0,0,0,NA,0,MV22,ELSWORTH ST,ADRIENNE AV,0,NA,Y,B,C,N,NA,NA,NA,NA,NA,NA,NA,NA,NA,N,4,0,2,2,A,-,09,21802,A,N,D,C,A,B,H,-,A,A,0,NA,NA,NA,NA,Y,NA,A,07,0,0,2,0,0,0,0,0,0,-,-,33.91838836669922,-117.26995849609376,RIVERSIDE,MORENO VALLEY,-117.26995849609376,33.91835021972656
8805504,2018,2019-02-26,3300,2018-11-28,1715,4556,420,3,5,2,3336,0,0,0,NA,0,021,5TH ST,ERWIN ST,0,NA,Y,A,-,N,NA,NA,NA,NA,NA,NA,NA,NA,NA,N,4,0,1,2,A,-,12,22450,A,N,G,G,A,A,H,-,D,A,0,NA,Y,NA,NA,Y,NA,L,04,0,0,1,0,0,0,1,0,0,-,-,34.00313949584961,-117.05625915527344,RIVERSIDE,CALIMESA,-117.05625915527344,34.003089904785156
8805515,2018,2019-02-26,3325,2018-11-12,1559,515,3325,1,5,4,3325,0,0,0,NA,0,003,AVE LA PAZ,VISTA CHINO RD,0,NA,Y,A,-,N,NA,NA,NA,NA,NA,NA,NA,NA,NA,N,4,0,1,2,A,-,12,22450,A,N,A,G,A,A,H,-,A,A,0,NA,Y,NA,NA,Y,NA,A,01,0,0,1,0,0,0,1,0,0,-,-,NA,NA,RIVERSIDE,CATHEDRAL CITY,-116.47467803955078,33.84495162963867
8805526,2018,2019-02-20,3315,2018-12-12,1552,001226,1I,3,5,6,3315,0,0,0,NA,0,001,COTA ST,CORPORATION YARD WY,50,S,N,A,-,N,NA,NA,NA,NA,NA,NA,NA,NA,NA,N,3,0,1,2,A,-,03,22350,NA,N,C,C,A,A,H,-,A,A,0,NA,NA,NA,NA,Y,NA,A,01,0,1,0,0,0,0,0,0,0,-,-,NA,NA,RIVERSIDE,CORONA,-117.5715789794922,33.88652420043945
8805752,2019,2019-02-21,3315,2019-01-08,0701,001531,16B,2,5,6,3315,0,0,0,NA,0,NA,UPPER DR,LESTER AV,600,E,N,A,-,N,NA,NA,NA,NA,NA,NA,NA,NA,NA,Y,4,0,1,1,A,-,03,22350,NA,N,E,I,A,A,H,-,A,A,0,NA,NA,NA,NA,Y,NA,A,01,0,0,1,0,0,0,0,0,0,-,-,NA,NA,RIVERSIDE,CORONA,-117.55150604248048,33.82742691040039
8808046,2018,2019-03-27,3301,2018-10-31,1858,U456,27,3,5,4,3301,0,0,0,NA,0,002,W WILSON,20TH AV,0,NA,Y,A,-,N,NA,NA,NA,NA,NA,NA,NA,NA,NA,Y,1,1,0,2,A,-,11,21954,A,N,G,B,D,A,H,-,C,B,0,Y,NA,NA,NA,Y,Y,N,60,0,0,0,1,0,0,0,0,0,-,-,33.93254852294922,-116.89920043945313,RIVERSIDE,BANNING,-116.898681640625,33.93254089355469
8808081,2018,2020-05-21,3300,2018-09-07,1324,4024,905A,5,5,4,3307,0,0,0,NA,0,095,RT 74,TRELLIS LN,800,E,N,A,-,N,NA,NA,NA,NA,NA,NA,NA,NA,NA,Y,1,3,0,2,A,-,08,22107,NA,N,A,C,A,A,H,-,A,D,0,NA,NA,NA,NA,Y,NA,A,01,0,0,0,0,0,0,0,0,0,-,-,NA,NA,RIVERSIDE,LAKE ELSINORE,-117.31632995605467,33.710052490234375
8808206,2019,2019-06-06,3300,2019-01-03,2149,4153,910E,4,5,5,3335,0,0,0,NA,0,061,JEFFERSON AV,LAS HACIENDAS ST,0,NA,Y,A,-,N,NA,NA,NA,NA,NA,NA,NA,NA,NA,Y,1,1,0,3,A,-,17,21367,C,N,B,C,E,A,D,-,D,D,0,Y,NA,NA,Y,Y,NA,A,01,0,0,0,1,0,0,0,0,0,-,-,NA,NA,RIVERSIDE,TEMECULA,-117.15625,33.50975036621094
8808300,2019,2019-08-13,3300,2019-07-13,2105,3744,920A,6,5,4,3314,0,0,0,NA,0,070,RAMONA EXPWY,RECORD RD,300,E,N,A,-,N,NA,NA,NA,NA,NA,NA,NA,NA,NA,N,4,0,1,3,A,-,03,22350,NA,N,C,C,A,A,E,-,D,D,0,NA,NA,NA,NA,Y,NA,A,01,0,0,1,0,0,0,0,0,0,-,-,NA,NA,RIVERSIDE,SAN JACINTO,NA,NA
8808340,2018,2019-06-25,3300,2018-10-13,1035,4024,905C,6,5,4,3307,0,0,0,NA,0,090,RAILROAD CANYON RD,CHURCH RD,223,E,N,B,C,N,NA,NA,NA,NA,NA,NA,NA,NA,NA,Y,1,1,0,1,A,-,03,22350,NA,N,E,I,A,B,H,-,A,D,0,NA,NA,NA,NA,Y,NA,A,01,0,0,0,0,0,0,0,0,0,-,-,33.66474151611328,-117.2844009399414,RIVERSIDE,LAKE ELSINORE,-117.28376007080078,33.66486740112305
8808663,2019,2020-09-25,3308,2019-09-06,1457,10636,517,5,5,5,3308,0,0,0,NA,0,NORTH,FLORIDA AV,SANTA FE ST,0,NA,Y,A,-,Y,RIV,8,74,-,-,41.089,I,5,W,Y,2,0,2,3,D,-,00,NA,NA,N,D,C,A,A,H,-,A,A,0,NA,NA,NA,NA,Y,NA,-,-,2,0,0,0,0,0,0,0,0,-,-,33.74755859375,-116.96305084228516,RIVERSIDE,HEMET,-116.96297454833984,33.74765396118164
8809169,2019,2019-03-22,3315,2019-01-23,0537,002235,12D,3,5,6,3315,0,0,0,NA,0,004,ONTARIO AV,BUENA VISTA AV,0,NA,Y,A,-,N,NA,NA,NA,NA,NA,NA,NA,NA,NA,N,3,0,1,2,A,-,10,21950,A,M,G,B,B,A,H,-,C,A,0,Y,NA,NA,NA,Y,NA,-,NA,0,1,0,0,1,0,0,0,0,-,-,33.85755920410156,-117.58059692382813,RIVERSIDE,CORONA,-117.58058166503906,33.85757827758789
8809837,2019,2019-03-07,3308,2019-01-21,1804,10530,504,1,5,5,3308,0,0,0,NA,0,NORTH,MENLO AV,CAWSTON AV,12,E,N,A,-,N,NA,NA,NA,NA,NA,NA,NA,NA,NA,N,4,0,1,2,A,-,12,21453,A,M,D,G,A,A,H,-,C,A,0,NA,Y,NA,NA,Y,NA,A,07,0,0,1,0,0,0,1,0,0,-,-,33.75600051879883,-117.01100158691406,RIVERSIDE,HEMET,-117.01524353027344,33.758140563964844
8810134,2019,2019-03-12,3300,2019-01-26,1258,N6265,002U,6,5,6,3345,0,0,0,NA,0,024,VAN BUREN BL,CLAY ST,1000,N,N,A,-,N,NA,NA,NA,NA,NA,NA,NA,NA,NA,N,4,0,1,3,A,-,03,22350,NA,F,C,C,A,A,H,-,A,D,0,NA,NA,NA,NA,Y,NA,A,07,0,0,1,0,0,0,0,0,0,-,-,33.96731948852539,-117.46681213378906,RIVERSIDE,JURUPA VALLEY,-117.46910095214844,33.9688606262207
8810574,2019,2019-03-07,3300,2019-02-19,1628,N4424,602C1,2,5,6,3394,0,0,0,NA,0,024,DRACAEA AV,SUNLIT CT,0,NA,Y,B,-,N,NA,NA,NA,NA,NA,NA,NA,NA,NA,Y,4,0,1,2,A,-,03,22350,NA,N,C,C,A,A,H,-,A,D,0,NA,NA,NA,NA,Y,NA,A,01,0,0,1,0,0,0,0,0,0,-,-,33.92810821533203,-117.25167846679688,RIVERSIDE,MORENO VALLEY,-117.25180053710938,33.928131103515625
8811067,2019,2019-03-14,3325,2019-01-03,1218,C538,DESER,4,5,4,3325,0,0,0,NA,0,002,CANDLEWOOD DR,RAMON RD,500,S,N,A,-,N,NA,NA,NA,NA,NA,NA,NA,NA,NA,N,3,0,1,1,A,-,03,22350,NA,N,H,I,A,A,H,-,A,A,0,NA,NA,Y,NA,Y,NA,C,02,0,1,0,0,0,0,0,0,1,-,-,NA,NA,RIVERSIDE,CATHEDRAL CITY,-116.4734115600586,33.81446075439453
8811715,2018,2019-03-15,3306,2018-12-05,0749,134,3306,3,5,3,3306,0,0,0,NA,0,NA,PIERSON BL,LITTLE MORONGO RD,30,W,N,A,-,N,NA,NA,NA,NA,NA,NA,NA,NA,NA,N,4,0,1,2,A,-,03,22350,NA,N,C,C,A,A,H,-,A,D,0,NA,NA,NA,NA,Y,NA,A,01,0,0,1,0,0,0,0,0,0,-,-,NA,NA,RIVERSIDE,DESERT HOT SPRINGS,-116.52777099609376,33.961490631103516
8811848,2019,2019-03-15,3325,2019-01-19,1739,537,DESER,6,5,4,3325,0,0,0,NA,0,003,VISTA CHINO RD,AVENIDA QUINTANA,44,E,N,A,-,N,NA,NA,NA,NA,NA,NA,NA,NA,NA,Y,2,0,1,2,A,-,03,22350,NA,N,C,C,A,A,H,-,B,A,0,NA,NA,NA,NA,Y,Y,A,01,1,0,0,0,0,0,0,0,0,-,-,NA,NA,RIVERSIDE,CATHEDRAL CITY,-116.48444366455078,33.84484100341797
8812514,2019,2019-03-14,3325,2019-01-16,2500,560,DESER,3,5,4,3325,0,0,0,NA,0,001,EAST PALM CANYON DR,E PALM CANYON PLAZA DR,379,W,N,A,-,N,NA,NA,NA,NA,NA,NA,NA,NA,NA,Y,3,0,2,2,A,-,05,21650,C,N,D,C,A,A,H,-,B,D,0,NA,NA,NA,NA,Y,NA,D,22,0,1,1,0,0,0,0,0,0,-,-,NA,NA,RIVERSIDE,CATHEDRAL CITY,NA,NA
8813186,2019,2019-04-02,3313,2019-02-05,2154,1871,NA,2,5,7,3313,0,0,0,NA,0,NA,JERRY LOUDER DR,STREETER AV,39,E,N,A,-,N,NA,NA,NA,NA,NA,NA,NA,NA,NA,N,3,0,1,2,A,-,-,NA,NA,N,G,B,D,A,H,-,C,A,0,Y,NA,NA,NA,Y,NA,A,01,0,1,0,0,1,0,0,0,0,-,-,NA,NA,RIVERSIDE,RIVERSIDE,-117.418436,33.955996
8813483,2019,2019-03-11,3315,2019-02-06,0721,001226,1F,3,5,6,3315,0,0,0,NA,0,NA,RIVER RD,SAMAR CT,440,W,N,A,-,N,NA,NA,NA,NA,NA,NA,NA,NA,NA,N,4,0,1,2,A,-,05,21202,A,N,H,G,A,A,H,-,A,D,0,NA,Y,NA,NA,Y,NA,L,04,0,0,1,0,0,0,1,0,0,-,-,33.89561080932617,-117.57135009765624,RIVERSIDE,CORONA,-117.57089233398438,33.89642333984375
8814109,2019,2019-04-02,3300,2019-02-06,0643,4254,905D,3,5,4,3307,0,0,0,NA,0,091,CORYDON ST,PALOMAR ST,48,E,N,A,-,N,NA,NA,NA,NA,NA,NA,NA,NA,NA,Y,4,0,2,3,A,-,03,22350,NA,N,C,C,A,A,H,-,A,A,0,NA,NA,NA,NA,Y,NA,A,07,0,0,2,0,0,0,0,0,0,-,-,NA,NA,RIVERSIDE,LAKE ELSINORE,-117.30121612548828,33.621524810791016
8814673,2019,2019-03-04,3313,2019-01-25,1717,1475,2,5,5,7,3313,0,0,0,NA,0,M19,SPRUCE ST,IOWA AV,253,E,N,A,-,N,NA,NA,NA,NA,NA,NA,NA,NA,NA,Y,4,0,1,2,A,-,01,23152,B,N,A,C,A,A,H,-,A,A,0,NA,NA,NA,NA,Y,Y,A,01,0,0,1,0,0,0,0,0,0,-,-,33.990291595458984,-117.33992004394533,RIVERSIDE,RIVERSIDE,-117.33900451660156,33.99021911621094
8815291,2019,2019-03-21,3313,2019-02-26,0637,1686,1,2,5,7,3313,0,0,0,NA,0,T58,CENTRAL AV,ARCH WY,0,NA,Y,A,-,N,NA,NA,NA,NA,NA,NA,NA,NA,NA,Y,4,0,2,2,A,-,09,21801,A,N,D,C,A,A,H,-,A,A,0,NA,NA,NA,NA,Y,NA,A,01,0,0,2,0,0,0,0,0,0,-,-,33.953548431396484,-117.40567779541016,RIVERSIDE,RIVERSIDE,-117.40544891357422,33.95344924926758
8815319,2019,2019-03-21,3313,2019-02-15,2039,1475,2,5,5,7,3313,0,0,0,NA,0,M19,3RD ST,CHICAGO AV,44,E,N,C,-,N,NA,NA,NA,NA,NA,NA,NA,NA,NA,N,4,0,1,2,A,-,01,23152,B,M,C,C,A,B,H,-,C,A,0,NA,NA,NA,NA,Y,Y,A,01,0,0,1,0,0,0,0,0,0,-,-,33.983131408691406,-117.34866333007813,RIVERSIDE,RIVERSIDE,-117.34831237792967,33.983009338378906
8815934,2019,2019-03-15,3315,2019-02-28,0749,001531,1A,4,5,6,3315,0,0,0,NA,0,NA,AUTO CENTER DR,RAILROAD ST,250,S,N,C,-,N,NA,NA,NA,NA,NA,NA,NA,NA,NA,N,4,0,1,2,A,-,03,22350,NA,N,C,C,A,B,H,-,A,A,0,NA,NA,NA,NA,Y,NA,A,01,0,0,1,0,0,0,0,0,0,-,-,NA,NA,RIVERSIDE,CORONA,-117.61608123779295,33.885772705078125
8816633,2018,2019-03-08,3301,2018-03-22,1222,U427,11,4,5,4,3301,0,0,0,NA,0,001,E WILLIAMS ST,N SAN GORGONIO AV,0,NA,Y,C,-,N,NA,NA,NA,NA,NA,NA,NA,NA,NA,N,4,0,2,2,A,-,09,21802,A,M,D,C,A,B,H,-,A,A,0,NA,NA,NA,NA,Y,NA,A,01,0,0,2,0,0,0,0,0,0,-,-,33.92716979980469,-116.87674713134766,RIVERSIDE,BANNING,-116.87674713134766,33.92716979980469
8819458,2019,2019-05-14,3313,2019-02-25,1406,1073,2,1,5,7,3313,0,0,0,NA,0,M31,BLAINE ST,RT 215,27,W,N,A,-,Y,RIV,8,215,-,-,42.355,R,4,S,N,2,0,1,2,A,-,08,22107,NA,N,G,B,E,A,H,-,A,D,0,Y,NA,NA,NA,Y,NA,D,22,1,0,0,0,1,0,0,0,0,-,NF,33.98305892944336,-117.34236145019533,RIVERSIDE,RIVERSIDE,-117.3450927734375,33.98505401611328
8821042,2019,2019-03-25,3311,2019-03-04,1917,15763,NA,1,5,4,3311,0,0,0,NA,0,004,VOLTURNO RD,VINCENTIA RD,95,S,N,A,-,N,NA,NA,NA,NA,NA,NA,NA,NA,NA,Y,4,0,1,2,A,-,12,22450,A,N,H,A,A,A,H,-,C,A,0,NA,NA,NA,NA,Y,NA,A,07,0,0,1,0,0,0,0,0,0,-,-,33.85129928588867,-116.51512145996094,RIVERSIDE,PALM SPRINGS,-116.51516723632813,33.85102844238281