CASE_ID,ACCIDENT_YEAR,PROC_DATE,JURIS,COLLISION_DATE,COLLISION_TIME,OFFICER_ID,REPORTING_DISTRICT,DAY_OF_WEEK,CHP_SHIFT,POPULATION,CNTY_CITY_LOC,SPECIAL_COND,BEAT_TYPE,CHP_BEAT_TYPE,CITY_DIVISION_LAPD,CHP_BEAT_CLASS,BEAT_NUMBER,PRIMARY_RD,SECONDARY_RD,DISTANCE,DIRECTION,INTERSECTION,WEATHER_1,WEATHER_2,STATE_HWY_IND,CALTRANS_COUNTY,CALTRANS_DISTRICT,STATE_ROUTE,ROUTE_SUFFIX,POSTMILE_PREFIX,POSTMILE,LOCATION_TYPE,RAMP_INTERSECTION,SIDE_OF_HWY,TOW_AWAY,COLLISION_SEVERITY,NUMBER_KILLED,NUMBER_INJURED,PARTY_COUNT,PRIMARY_COLL_FACTOR,PCF_CODE_OF_VIOL,PCF_VIOL_CATEGORY,PCF_VIOLATION,PCF_VIOL_SUBSECTION,HIT_AND_RUN,TYPE_OF_COLLISION,MVIW,PED_ACTION,ROAD_SURFACE,ROAD_COND_1,ROAD_COND_2,LIGHTING,CONTROL_DEVICE,CHP_ROAD_TYPE,PEDESTRIAN_ACCIDENT,BICYCLE_ACCIDENT,MOTORCYCLE_ACCIDENT,TRUCK_ACCIDENT,NOT_PRIVATE_PROPERTY,ALCOHOL_INVOLVED,STWD_VEHTYPE_AT_FAULT,CHP_VEHTYPE_AT_FAULT,COUNT_SEVERE_INJ,COUNT_VISIBLE_INJ,COUNT_COMPLAINT_PAIN,COUNT_PED_KILLED,COUNT_PED_INJURED,COUNT_BICYCLIST_KILLED,COUNT_BICYCLIST_INJURED,COUNT_MC_KILLED,COUNT_MC_INJURED,PRIMARY_RAMP,SECONDARY_RAMP,LATITUDE,LONGITUDE,COUNTY,CITY,POINT_X,POINT_Y
8990668,2019,2020-01-07,3300,2019-11-16,1521,5237,905 F,6,5,4,3307,0,0,0,NA,0,L92,MAIN ST,GRAHAM AV,0,NA,Y,A,-,N,NA,NA,NA,NA,NA,NA,NA,NA,NA,N,4,0,2,3,A,-,10,21950,A,N,G,B,B,A,H,-,A,A,0,Y,NA,NA,NA,Y,NA,A,01,0,0,2,0,2,0,0,0,0,-,-,33.667869567871094,-117.32775115966795,RIVERSIDE,LAKE ELSINORE,-117.32769775390624,33.66802978515625
8991791,2019,2020-01-17,3300,2019-11-08,0807,4323,910M,5,5,5,3335,0,0,0,NA,0,063,RANCHO CALIFORNIA RD,MARGARITA RD,700,W,N,A,-,N,NA,NA,NA,NA,NA,NA,NA,NA,NA,N,4,0,3,4,A,-,03,22350,NA,N,C,C,A,A,H,-,A,A,0,NA,NA,NA,Y,Y,NA,F,87,0,0,3,0,0,0,0,0,0,-,-,NA,NA,RIVERSIDE,TEMECULA,-117.12686920166016,33.508323669433594
8991972,2019,2020-01-29,3300,2019-11-14,1402,N6426,910E,4,5,5,3335,0,0,0,NA,0,061,WINCHESTER RD,JEFFERSON AV,0,NA,Y,A,-,N,NA,NA,NA,NA,NA,NA,NA,NA,NA,NA,4,0,1,2,A,-,07,21658,A,N,B,C,A,A,H,-,A,A,0,NA,NA,NA,NA,Y,NA,A,07,0,0,1,0,0,0,0,0,0,-,-,33.52096176147461,-117.16500091552734,RIVERSIDE,TEMECULA,-117.16507720947266,33.52090072631836
8992921,2019,2020-01-16,3311,2019-11-09,0523,16000,NA,6,5,4,3311,0,0,0,NA,0,004,FARRELL DR,RACQUET CLUB RD,202,S,N,A,-,N,NA,NA,NA,NA,NA,NA,NA,NA,NA,Y,3,0,1,1,A,-,01,23152,A,N,E,I,A,A,H,-,D,D,0,NA,NA,NA,NA,Y,Y,A,01,0,1,0,0,0,0,0,0,0,-,-,33.851871490478516,-116.52001190185548,RIVERSIDE,PALM SPRINGS,-116.5195770263672,33.85125732421875
8993463,2019,2020-01-14,3300,2019-11-06,2025,N5330,011C,3,5,4,3344,0,0,0,NA,0,061,HAMNER AV,LIMONITE AV,0,NA,Y,A,-,N,NA,NA,NA,NA,NA,NA,NA,NA,NA,Y,3,0,7,2,A,-,12,21453,A,F,D,C,A,A,H,-,C,A,0,NA,NA,NA,NA,Y,NA,A,01,0,3,4,0,0,0,0,0,0,-,-,NA,NA,RIVERSIDE,EASTVALE,-117.55844116210938,33.97541046142578
8993709,2019,2019-12-11,3313,2019-10-26,0005,1809,2,6,5,7,3313,0,0,0,NA,0,1R29,14TH ST,VICTORIA AV,6,W,N,A,-,N,NA,NA,NA,NA,NA,NA,NA,NA,NA,Y,4,0,1,1,A,-,08,22107,NA,N,E,J,A,A,H,-,C,A,0,NA,NA,NA,NA,Y,NA,A,01,0,0,1,0,0,0,0,0,0,-,-,33.96900177001953,-117.36499786376952,RIVERSIDE,RIVERSIDE,-117.36595153808594,33.97053146362305
8993757,2019,2019-12-12,3300,2019-10-27,0230,4153,910C,7,5,5,3335,0,0,0,NA,0,063,GOLDENROD RD,MOONLIGHT CT,0,NA,Y,A,-,N,NA,NA,NA,NA,NA,NA,NA,NA,NA,Y,4,0,1,2,A,-,01,23152,A,N,A,E,A,A,H,-,C,D,0,NA,NA,NA,NA,Y,Y,A,01,0,0,1,0,0,0,0,0,0,-,-,33.542381286621094,-117.12982940673828,RIVERSIDE,TEMECULA,-117.12979125976563,33.54240036010742
8997399,2019,2020-01-22,3300,2019-11-07,2135,5446,901A,4,5,4,3310,0,0,0,NA,0,NA,NORCO DR,ROCKY VIEW DR,140,W,N,A,-,N,NA,NA,NA,NA,NA,NA,NA,NA,NA,Y,3,0,1,1,C,-,18,NA,NA,N,E,I,A,A,H,-,C,D,0,NA,NA,NA,NA,Y,NA,-,-,0,1,0,0,0,0,0,0,0,-,-,33.93600082397461,-117.56600189208984,RIVERSIDE,NORCO,-117.56666564941406,33.937259674072266
8998458,2019,2020-01-24,3300,2019-11-29,1017,3146,916D,5,5,4,3312,0,0,0,NA,0,035,GOETZ RD,CAI CT,268,S,N,B,-,N,NA,NA,NA,NA,NA,NA,NA,NA,NA,Y,4,0,1,2,A,-,03,22350,NA,N,D,C,A,B,F,-,A,D,0,NA,NA,NA,NA,Y,NA,A,01,0,0,1,0,0,0,0,0,0,-,-,NA,NA,RIVERSIDE,PERRIS,-117.22361755371094,33.76942443847656
9000074,2019,2020-01-13,3311,2019-11-21,0656,15919,NA,4,5,4,3311,0,0,0,NA,0,004,FARRELL DR,ALEJO RD,202,S,N,A,-,N,NA,NA,NA,NA,NA,NA,NA,NA,NA,Y,4,0,1,2,A,-,09,21804,A,N,D,C,A,B,H,-,A,D,0,NA,NA,NA,NA,Y,NA,D,22,0,0,1,0,0,0,0,0,0,-,-,33.83041000366211,-116.51824951171876,RIVERSIDE,PALM SPRINGS,-116.51824188232422,33.82982635498047
90022316,2015,2015-10-19,9840,2015-09-11,0706,018248,NA,5,1,7,3313,0,1,1,NA,2,023,I-215 N/B,CENTRAL AVE,100,S,N,A,-,Y,NA,NA,215,NA,NA,NA,NA,NA,N,Y,3,0,1,2,A,-,08,22107,NA,F,B,C,A,A,H,-,A,D,0,NA,NA,Y,NA,Y,NA,-,99,0,1,0,0,0,0,0,0,1,-,-,33.95949,-117.31017,RIVERSIDE,RIVERSIDE,-117.31013177,33.95954413
90022332,2015,2015-10-19,9840,2015-09-09,0805,017903,NA,3,1,6,3394,0,1,3,NA,2,025,SR-60 W/B,DAY STREET,1056,W,N,A,-,Y,NA,NA,NA,NA,NA,NA,NA,NA,NA,Y,3,0,2,2,A,-,03,22350,NA,N,C,C,A,A,H,-,A,D,0,NA,NA,NA,NA,Y,NA,A,08,0,2,0,0,0,0,0,0,0,-,-,NA,NA,RIVERSIDE,MORENO VALLEY,-117.28235193,33.94327417
90024960,2015,2015-10-19,9840,2015-09-18,1740,015182,NA,5,2,9,3300,0,1,1,NA,2,022,I-215 S/B,COLUMBIA AVE.,1500,N,N,A,-,Y,NA,NA,NA,NA,NA,NA,NA,NA,NA,N,4,0,1,2,A,-,03,22350,NA,N,C,C,A,A,H,-,A,D,0,NA,NA,NA,NA,Y,NA,A,01,0,0,1,0,0,0,0,0,0,-,-,34.0074,-117.3478,RIVERSIDE,UNINCORPORATED,NA,NA
9002541,2019,2019-12-30,3309,2019-10-23,1402,443,3309,3,5,4,3309,0,0,0,NA,0,002,AVE 42,POLE #1218397,515,W,N,A,-,N,NA,NA,NA,NA,NA,NA,NA,NA,NA,Y,3,0,1,1,A,-,01,23152,F,N,E,I,A,A,H,-,A,A,0,NA,NA,NA,NA,Y,NA,A,01,0,1,0,0,0,0,0,0,0,-,-,NA,NA,RIVERSIDE,INDIO,NA,NA
90026423,2015,2015-10-19,9840,2015-09-30,0615,014519,NA,3,1,7,3313,0,1,1,NA,2,023,I-215 N/B,MARTIN LUTHER KING,200,N,N,A,-,Y,NA,NA,215,NA,NA,NA,NA,NA,N,Y,4,0,1,4,A,-,03,22350,NA,N,C,C,A,A,H,-,A,D,0,NA,NA,NA,NA,Y,NA,D,22,0,0,1,0,0,0,0,0,0,-,-,33.971,-117.33029,RIVERSIDE,RIVERSIDE,-117.33037043,33.97092259
90027160,2015,2015-10-19,9840,2015-09-21,1200,013950,NA,1,1,6,3315,0,1,3,NA,2,030,SR-91 W/B,SERFAS CLUB DR,2100,W,N,A,-,Y,NA,NA,NA,NA,NA,NA,NA,NA,NA,N,4,0,1,2,A,-,03,22350,NA,N,C,C,A,A,D,-,A,D,0,NA,NA,NA,NA,Y,NA,A,08,0,0,1,0,0,0,0,0,0,-,-,NA,NA,RIVERSIDE,CORONA,-117.61988948,33.88168901
90028037,2015,2015-10-19,9840,2015-09-21,1040,013950,NA,1,1,6,3315,0,1,3,NA,2,030,SR-91 W/B,SR-71,105,W,N,A,-,Y,NA,NA,NA,NA,NA,NA,NA,NA,NA,Y,3,0,1,4,A,-,03,22350,NA,N,C,C,A,A,D,-,A,D,0,NA,NA,NA,NA,Y,NA,A,01,0,1,0,0,0,0,0,0,0,-,-,NA,NA,RIVERSIDE,CORONA,-117.64122201,33.88349166
90028687,2015,2015-10-19,9840,2015-10-07,2300,019844,NA,3,3,7,3313,0,1,3,NA,2,021,SR-91 W/B,UNIVERSITY AVE,50,W,N,A,-,Y,NA,NA,NA,NA,NA,NA,NA,NA,NA,Y,4,0,2,5,A,-,01,23152,A,N,C,C,A,A,D,-,D,A,0,NA,NA,NA,NA,Y,Y,D,22,0,0,2,0,0,0,0,0,0,-,-,33.97823,-117.37404,RIVERSIDE,RIVERSIDE,-117.37036898,33.9798306
90029513,2015,2015-10-19,9840,2015-09-19,1605,017903,NA,6,2,9,3300,0,3,5,NA,2,004,OLD ELSINORE ROAD,CALLAWAY ROAD,450,N,N,A,-,N,NA,NA,NA,NA,NA,NA,NA,NA,NA,Y,3,0,2,2,A,-,05,21460,A,N,D,C,A,A,H,-,A,A,0,NA,NA,NA,NA,Y,NA,D,22,0,1,1,0,0,0,0,0,0,-,-,33.47549,-117.16269,RIVERSIDE,UNINCORPORATED,-117.27423541,33.79617262
90030987,2015,2015-10-19,9840,2015-10-07,1648,012608,NA,3,2,4,3344,0,1,1,NA,2,011,I-15 S/B,LIMONITE AVE,1056,N,N,A,-,Y,NA,NA,15,NA,NA,NA,NA,NA,S,N,4,0,1,2,A,-,03,22350,NA,N,C,C,A,A,H,-,A,D,0,NA,NA,NA,NA,Y,NA,A,08,0,0,1,0,0,0,0,0,0,-,-,33.97836,-117.54896,RIVERSIDE,EASTVALE,-117.54905768,33.97835766
90031285,2015,2015-10-19,9685,2015-10-02,1112,014267,NA,5,1,5,3335,0,1,1,NA,2,030,I-15 (S/B) TO WINCHESTER ROAD,WINCHESTER ROAD,600,N,N,A,-,Y,NA,NA,15,NA,NA,NA,R,NA,NA,Y,3,0,1,3,A,-,03,22350,NA,N,B,C,A,A,H,-,A,D,0,NA,NA,Y,NA,Y,NA,C,02,0,1,0,0,0,0,0,0,1,-,-,33.52522,-117.16533,RIVERSIDE,TEMECULA,-117.16533,33.52522
90032726,2015,2015-10-19,9630,2015-10-06,1417,015339,NA,2,2,9,3300,0,1,1,NA,2,301,I-10 E/B,BOX CANYON RD,2112,W,N,A,-,Y,NA,NA,10,NA,NA,NA,NA,NA,E,Y,3,0,1,1,A,-,08,22107,NA,N,F,A,A,A,H,-,A,D,0,NA,NA,NA,NA,Y,NA,A,01,0,1,0,0,0,0,0,0,0,-,-,33.66009,-115.80944,RIVERSIDE,UNINCORPORATED,-115.80944004,33.66004616
90037799,2015,2015-10-26,9840,2015-10-13,1841,015744,NA,2,2,7,3313,0,1,3,NA,2,010,SR-60 E/B,MAIN ST,1500,W,N,A,-,Y,NA,NA,60,NA,NA,NA,NA,NA,E,N,4,0,2,3,A,-,03,22350,NA,N,C,C,A,A,H,-,C,D,0,NA,NA,NA,NA,Y,NA,D,22,0,0,2,0,0,0,0,0,0,-,-,33.99758,-117.36804,RIVERSIDE,RIVERSIDE,-117.36799534,33.99768859
90037813,2015,2015-10-26,9655,2015-10-15,2123,019440,NA,4,2,9,3300,0,1,1,NA,2,204,I-10 W/B,MALKI RD,2200,W,N,A,-,Y,NA,NA,10,NA,NA,NA,NA,NA,W,Y,4,0,2,3,A,-,01,23152,A,N,C,C,A,A,H,-,C,D,0,NA,NA,NA,Y,Y,Y,D,22,0,0,2,0,0,0,0,0,0,-,-,33.93144,-116.83259,RIVERSIDE,UNINCORPORATED,-116.83257129,33.93133619
90038079,2015,2015-10-26,9840,2015-10-09,0855,018383,NA,5,1,7,3313,0,1,1,NA,2,022,I-215 S/B,COLUMBIA,1000,S,N,A,-,Y,NA,NA,215,NA,NA,NA,NA,NA,S,Y,4,0,2,3,A,-,07,21658,A,N,B,C,A,A,H,-,A,D,0,NA,NA,NA,Y,Y,NA,A,07,0,0,2,0,0,0,0,0,0,-,-,33.99899,-117.35385,RIVERSIDE,RIVERSIDE,-117.35382674,33.99897002
90039000,2015,2015-10-27,9655,2015-10-25,0005,019871,NA,7,3,9,3300,0,3,5,NA,2,002,SR-243 S/B,MT. EDNA RD.,1584,S,N,A,-,Y,NA,NA,243,NA,NA,NA,NA,NA,S,Y,4,0,6,1,A,-,08,22107,NA,N,E,I,A,A,H,-,D,D,0,NA,NA,NA,NA,Y,NA,A,07,0,0,6,0,0,0,0,0,0,-,-,33.883,-116.85279,RIVERSIDE,UNINCORPORATED,-116.85274505,33.88303031
90040472,2015,2015-10-29,9685,2015-10-25,1045,014488,NA,7,1,9,3300,0,1,3,NA,1,031,SR-79 S/B,KELLER RD,25,N,N,B,-,Y,NA,NA,79,NA,NA,NA,NA,NA,S,N,4,0,1,2,A,-,03,22350,NA,N,C,C,A,A,H,-,A,A,0,NA,NA,NA,NA,Y,NA,D,22,0,0,1,0,0,0,0,0,0,-,-,33.62714,-117.09387,RIVERSIDE,UNINCORPORATED,-117.09372503,33.62701623
90041068,2015,2015-10-29,9840,2015-10-16,0150,019844,NA,5,3,7,3313,0,1,1,NA,2,023,I-215 S/B,CENTRAL AVE,2360,N,N,A,-,Y,NA,NA,215,NA,NA,NA,NA,NA,S,Y,3,0,3,2,A,-,03,22350,NA,N,C,C,A,A,H,-,C,D,0,NA,NA,NA,Y,Y,Y,A,01,0,1,2,0,0,0,0,0,0,-,-,33.96066,-117.31708,RIVERSIDE,RIVERSIDE,-117.31707507,33.96069098
90042571,2015,2015-11-02,9685,2015-10-27,2012,015050,NA,2,2,5,3341,0,1,1,NA,2,020,I-215 SOUTHBOUND,SCOTT RD.,4224,N,N,A,-,Y,NA,NA,215,NA,NA,NA,NA,NA,S,Y,4,0,1,2,A,-,03,22350,NA,N,C,C,A,A,H,-,D,A,0,NA,NA,NA,NA,Y,NA,A,01,0,0,1,0,0,0,0,0,0,-,-,33.66043,-117.17126,RIVERSIDE,MENIFEE,-117.17114892,33.66042683
90042948,2015,2015-11-02,9840,2015-10-22,1714,012208,NA,4,2,6,3315,0,1,1,NA,2,011,I-15 S/B {CORONA FREEWAY},SECOND STREET,1411,S,N,B,-,Y,NA,NA,NA,NA,NA,NA,NA,NA,NA,Y,4,0,1,2,A,-,07,21658,NA,N,C,C,A,A,H,-,A,D,0,NA,NA,Y,NA,Y,NA,A,01,0,0,1,0,0,0,0,0,1,-,-,33.54208,-117.33351,RIVERSIDE,CORONA,NA,NA
90045159,2015,2015-11-05,9630,2015-10-29,0940,021162,NA,4,1,9,3300,0,1,1,NA,2,021,I-10 W/B,COOK ST,2640,E,N,A,-,Y,NA,NA,10,NA,NA,NA,NA,NA,W,N,4,0,2,2,A,-,03,22350,NA,N,C,C,A,A,H,-,A,D,0,NA,NA,NA,NA,Y,NA,A,01,0,0,2,0,0,0,0,0,0,-,-,33.78218,-116.34814,RIVERSIDE,UNINCORPORATED,-116.34808805,33.78226758
90045578,2015,2016-02-23,9840,2015-10-10,0610,018248,NA,6,1,9,3300,0,3,5,NA,2,002,RECHE CANYON RD,CENTER ST,1584,S,N,A,-,N,NA,NA,NA,NA,NA,NA,NA,NA,NA,Y,1,1,3,3,A,-,01,23152,A,N,C,C,A,A,H,-,D,D,0,NA,NA,Y,NA,Y,Y,A,01,1,1,1,0,0,0,0,1,1,-,-,34.01058,-117.26223,RIVERSIDE,UNINCORPORATED,-117.26309994,34.01126312
90045917,2015,2015-11-06,9840,2015-10-09,1310,016497,NA,5,1,7,3313,0,1,1,NA,2,022,I-215 S/B,COLUMBIA AVE,2112,N,N,A,-,Y,NA,NA,215,NA,NA,NA,NA,NA,S,N,4,0,1,2,A,-,03,22350,NA,N,C,C,A,A,H,-,A,D,0,NA,NA,NA,NA,Y,NA,E,22,0,0,1,0,0,0,0,0,0,-,-,34.00457,-117.34996,RIVERSIDE,RIVERSIDE,-117.34995924,34.00456949
90046539,2015,2015-11-09,9655,2015-11-03,0550,014829,NA,2,3,9,3300,0,3,5,NA,2,002,SAN TIMOTEO CANYON RD,REDLANDS BLVD,1056,W,N,B,-,N,NA,NA,NA,NA,NA,NA,NA,NA,NA,Y,2,0,1,1,A,-,08,22107,NA,N,E,I,A,B,H,-,D,D,0,NA,NA,NA,NA,Y,Y,A,01,1,0,0,0,0,0,0,0,0,-,-,33.99362,-117.15629,RIVERSIDE,UNINCORPORATED,-117.156986,33.99365095
90049305,2015,2015-11-12,9840,2015-11-07,0025,020102,NA,6,3,7,3313,0,1,1,NA,2,024,I-215 N/B TO I-215 N/B,FAIR ISLE DR,1200,S,N,A,-,Y,NA,NA,215,NA,NA,NA,R,NA,N,Y,4,0,1,2,A,-,01,23152,A,N,C,C,A,A,H,-,D,D,0,NA,NA,NA,NA,Y,Y,A,01,0,0,1,0,0,0,0,0,0,-,-,33.94448,-117.29327,RIVERSIDE,RIVERSIDE,-117.29327,33.94448
90050205,2015,2015-11-13,9840,2015-10-16,2206,019630,NA,5,3,7,3313,0,1,1,NA,2,023,I-215 S/B,CENTRAL AVE.,800,S,N,A,-,Y,NA,NA,NA,NA,NA,NA,NA,NA,NA,Y,3,0,1,1,A,-,01,23152,E,N,E,I,A,A,H,-,D,D,0,NA,NA,NA,NA,Y,NA,A,01,0,1,0,0,0,0,0,0,0,-,-,33.98854,-117.45632,RIVERSIDE,RIVERSIDE,NA,NA
9005044,2019,2020-01-15,3306,2019-09-11,1759,126,NA,3,5,3,3306,0,0,0,NA,0,NA,TWO BUNCH PALMS TRL,CALIENTE DR,0,NA,Y,A,-,N,NA,NA,NA,NA,NA,NA,NA,NA,NA,N,4,0,1,2,A,-,09,21801,A,N,D,C,A,A,H,-,A,D,0,NA,NA,NA,NA,Y,NA,A,01,0,0,1,0,0,0,0,0,0,-,-,NA,NA,RIVERSIDE,DESERT HOT SPRINGS,-116.5026397705078,33.946739196777344
90051303,2015,2015-11-16,9685,2015-11-03,1740,012775,NA,2,2,4,3342,0,1,1,NA,2,030,I-15 N/B FROM MURRIETA HOT SPRINGS RD.,MURRIETA HOT SPRINGS ROAD,700,N,N,A,-,Y,NA,NA,15,NA,NA,NA,R,NA,N,Y,4,0,2,2,A,-,03,22350,NA,N,C,C,A,A,H,-,D,D,0,NA,NA,NA,NA,Y,NA,A,01,0,0,2,0,0,0,0,0,0,-,-,33.55658,-117.19449,RIVERSIDE,MURRIETA,-117.19449,33.55658
90051546,2015,2015-11-16,9655,2015-11-05,0310,016564,NA,4,3,9,3300,0,3,5,NA,2,003,DOMENIGONI PKY,PATTERSON AVE,2250,E,N,A,-,N,NA,NA,NA,NA,NA,NA,NA,NA,NA,Y,4,0,1,2,A,-,03,22350,NA,N,C,C,A,A,H,-,D,D,0,NA,NA,NA,NA,Y,NA,A,01,0,0,1,0,0,0,0,0,0,-,-,33.69656,-117.06827,RIVERSIDE,UNINCORPORATED,-117.06872892,33.69624345
90051596,2015,2015-11-16,9685,2015-11-09,1730,014349,NA,1,2,4,3342,0,1,1,NA,2,030,INTERSTATE 15 N/B,LOS ALAMOS ROAD,543,S,N,A,-,Y,NA,NA,NA,NA,NA,NA,NA,NA,NA,Y,4,0,1,4,A,-,03,22350,NA,N,C,C,A,A,H,-,D,D,0,NA,NA,NA,NA,Y,NA,A,01,0,0,1,0,0,0,0,0,0,-,-,33.33241,-117.11207,RIVERSIDE,MURRIETA,-117.1981239,33.55896161
90053605,2015,2015-11-18,9840,2015-10-30,0711,018248,NA,5,1,6,3345,0,1,3,NA,2,101,SR-60 W/B,VALLEY WAY,2112,E,N,A,-,Y,NA,NA,60,NA,NA,NA,NA,NA,W,N,4,0,1,2,A,-,03,22350,NA,N,C,C,A,A,H,-,A,D,0,NA,NA,NA,NA,Y,NA,A,01,0,0,1,0,0,0,0,0,0,-,-,34.00868,-117.42324,RIVERSIDE,JURUPA VALLEY,-117.42326025,34.00861452
90056072,2015,2015-11-20,9840,2015-10-27,0852,017441,NA,2,1,6,3315,0,1,3,NA,2,030,SR-91 W/B,SR-71,2500,W,N,A,-,Y,NA,NA,91,NA,NA,NA,NA,NA,W,Y,3,0,1,1,A,-,08,22107,NA,N,E,I,A,A,D,-,A,D,0,NA,NA,NA,NA,Y,NA,A,07,0,1,0,0,0,0,0,0,0,-,-,33.88171,-117.64864,RIVERSIDE,CORONA,-117.64864727,33.88174014
90056355,2015,2015-11-20,9840,2015-10-10,1656,016497,NA,6,2,7,3313,0,1,3,NA,2,020,SR-91 W/B,VAN BUREN BLVD.,500,W,N,A,-,Y,NA,NA,91,NA,NA,NA,NA,NA,W,Y,4,0,1,2,A,-,07,21658,A,F,E,I,A,A,H,-,A,D,0,NA,NA,NA,NA,Y,NA,-,99,0,0,1,0,0,0,0,0,0,-,-,33.91352,-117.44449,RIVERSIDE,RIVERSIDE,-117.44446199,33.91346864
90057120,2015,2015-11-23,9840,2015-11-18,1800,016342,NA,3,2,9,3300,0,3,5,NA,2,003,TEMESCAL CANYON RD.,LAWSON RD.,30,W,N,A,-,N,NA,NA,NA,NA,NA,NA,NA,NA,NA,Y,4,0,1,2,A,-,03,22350,NA,N,C,C,A,A,H,-,D,D,0,NA,NA,NA,NA,Y,NA,A,07,0,0,1,0,0,0,0,0,0,-,-,33.77054,-117.48776,RIVERSIDE,UNINCORPORATED,-117.48780631,33.77070204
90057726,2015,2015-11-23,9840,2015-11-09,1825,014571,NA,1,2,7,3313,0,1,1,NA,2,023,I-215 N/B,SR-91,1056,S,N,A,-,Y,NA,NA,215,NA,NA,NA,NA,NA,N,Y,4,0,1,2,A,-,03,22350,NA,N,C,C,A,A,H,-,C,D,0,NA,NA,NA,NA,Y,NA,A,01,0,0,1,0,0,0,0,0,0,-,-,33.99146,-117.35252,RIVERSIDE,RIVERSIDE,-117.35255083,33.99140198
90058905,2015,2015-11-24,9840,2015-10-09,1830,016342,NA,5,2,4,3344,0,1,1,NA,2,011,I-15 S/B,CANTU GALLEANO RANCH RD.,300,S,N,A,-,Y,NA,NA,NA,NA,NA,NA,NA,NA,NA,Y,2,0,1,1,A,-,01,23152,A,N,F,I,A,A,H,-,C,D,0,NA,NA,NA,NA,Y,Y,A,01,1,0,0,0,0,0,0,0,0,-,-,33.00561,-117.5506,RIVERSIDE,EASTVALE,-117.55051,34.00136788
90059434,2015,2015-11-25,9655,2015-11-22,2056,018168,NA,7,2,9,3300,0,1,1,NA,2,204,I-10 E/B,MAIN ST,53,E,N,A,-,Y,NA,NA,10,NA,NA,NA,NA,NA,E,Y,4,0,1,2,A,-,08,22107,NA,N,C,C,A,A,H,-,D,D,0,NA,NA,NA,NA,Y,NA,A,01,0,0,1,0,0,0,0,0,0,-,-,33.91864,-116.77689,RIVERSIDE,UNINCORPORATED,-116.77689001,33.9186583
90060243,2015,2015-11-30,9840,2015-11-25,0859,017399,NA,3,1,9,3300,0,1,1,NA,2,037,I-15 N/B TO TEMESCAL CANYON ROAD,TEMESCAL CANYON RD,300,S,N,A,-,Y,NA,NA,15,NA,NA,NA,R,NA,N,Y,2,0,1,1,A,-,08,22107,NA,N,E,I,A,A,H,-,A,D,0,NA,NA,NA,NA,Y,NA,A,07,1,0,0,0,0,0,0,0,0,-,-,33.77656,-117.48618,RIVERSIDE,UNINCORPORATED,-117.48618,33.77656
90061672,2015,2015-11-30,9840,2015-11-21,0400,020124,NA,6,3,9,3300,0,2,4,NA,2,042,MOCKINGBIRD CANYON RD.,VAN BUREN BLVD,7392,S,N,A,-,N,NA,NA,NA,NA,NA,NA,NA,NA,NA,Y,4,0,1,1,A,-,01,23152,A,N,E,I,A,A,H,-,C,D,0,NA,NA,NA,NA,Y,Y,A,01,0,0,1,0,0,0,0,0,0,-,-,33.87285,-117.39145,RIVERSIDE,UNINCORPORATED,-117.38847184,33.87045211
90061887,2015,2015-11-30,9685,2015-11-27,2008,013165,NA,5,2,4,3312,0,1,1,NA,2,020,INTERSTATE 215 SOUTHBOUND (S/B),ETHANAC ROAD,615,N,N,A,-,Y,NA,NA,215,NA,NA,NA,NA,NA,S,Y,3,0,4,3,A,-,08,22107,NA,N,D,C,A,A,H,-,D,D,0,NA,NA,NA,NA,Y,NA,A,01,0,2,2,0,0,0,0,0,0,-,-,33.74404,-117.19029,RIVERSIDE,PERRIS,-117.1895854,33.74403962
90063913,2015,2015-12-21,9655,2015-12-02,0124,018336,NA,3,3,9,3300,0,2,4,NA,2,322,STETSON AVE,DARTMOUTH ST,275,W,N,A,-,N,NA,NA,NA,NA,NA,NA,NA,NA,NA,Y,3,0,3,2,A,-,01,23152,A,N,C,C,A,A,H,-,C,D,0,NA,NA,NA,NA,Y,Y,A,07,0,1,2,0,0,0,0,0,0,-,-,33.72951,-116.93768,RIVERSIDE,UNINCORPORATED,-116.93769128,33.72955
90064727,2015,2015-12-03,9840,2015-11-04,0849,018072,NA,3,1,9,3300,0,1,1,NA,2,034,I-15 N/B,WEIRICK RD,10,S,N,A,-,Y,NA,NA,15,NA,NA,NA,NA,NA,N,Y,4,0,3,3,A,-,03,22350,NA,N,C,C,A,A,H,-,A,D,0,NA,NA,NA,NA,Y,NA,A,01,0,0,3,0,0,0,0,0,0,-,-,33.80741,-117.5076,RIVERSIDE,UNINCORPORATED,-117.50747211,33.80747408
90066770,2015,2015-12-07,9655,2015-11-24,1130,012408,NA,2,1,9,3300,0,1,3,NA,2,315,SR-79 (WINCHESTER RD.),DOMENIGONI PARKWAY,0,NA,Y,A,-,Y,NA,NA,79,NA,NA,NA,NA,NA,NA,Y,2,0,2,2,A,-,09,21453,C,N,A,C,A,A,H,-,A,A,0,NA,NA,NA,NA,Y,NA,A,07,1,0,1,0,0,0,0,0,0,-,-,33.69625,-117.08499,RIVERSIDE,UNINCORPORATED,-117.08486994,33.69624418
90066904,2015,2015-12-07,9685,2015-12-03,1850,012466,NA,4,2,5,3335,0,1,1,NA,2,030,I-15 N/B,SR-79 (WINCHESTER RD.),250,N,N,A,-,Y,NA,NA,15,NA,NA,NA,NA,NA,N,N,4,0,1,2,A,-,03,22350,NA,F,C,C,A,A,H,-,D,D,0,NA,NA,NA,NA,Y,NA,A,01,0,0,1,0,0,0,0,0,0,-,-,33.52367,-117.16338,RIVERSIDE,TEMECULA,-117.16347664,33.52360572
90067902,2015,2015-12-08,9630,2015-12-01,0817,013270,NA,2,1,9,3300,0,2,4,NA,2,025,RAMON RD,VARNER RD,0,NA,Y,A,-,N,NA,NA,NA,NA,NA,NA,NA,NA,NA,Y,4,0,3,2,A,-,12,21453,A,N,D,C,A,A,H,-,A,A,0,NA,NA,NA,NA,Y,NA,D,22,0,0,3,0,0,0,0,0,0,-,-,33.81625,-116.40156,RIVERSIDE,UNINCORPORATED,-116.40123013,33.81636007