CASE_ID,ACCIDENT_YEAR,PROC_DATE,JURIS,COLLISION_DATE,COLLISION_TIME,OFFICER_ID,REPORTING_DISTRICT,DAY_OF_WEEK,CHP_SHIFT,POPULATION,CNTY_CITY_LOC,SPECIAL_COND,BEAT_TYPE,CHP_BEAT_TYPE,CITY_DIVISION_LAPD,CHP_BEAT_CLASS,BEAT_NUMBER,PRIMARY_RD,SECONDARY_RD,DISTANCE,DIRECTION,INTERSECTION,WEATHER_1,WEATHER_2,STATE_HWY_IND,CALTRANS_COUNTY,CALTRANS_DISTRICT,STATE_ROUTE,ROUTE_SUFFIX,POSTMILE_PREFIX,POSTMILE,LOCATION_TYPE,RAMP_INTERSECTION,SIDE_OF_HWY,TOW_AWAY,COLLISION_SEVERITY,NUMBER_KILLED,NUMBER_INJURED,PARTY_COUNT,PRIMARY_COLL_FACTOR,PCF_CODE_OF_VIOL,PCF_VIOL_CATEGORY,PCF_VIOLATION,PCF_VIOL_SUBSECTION,HIT_AND_RUN,TYPE_OF_COLLISION,MVIW,PED_ACTION,ROAD_SURFACE,ROAD_COND_1,ROAD_COND_2,LIGHTING,CONTROL_DEVICE,CHP_ROAD_TYPE,PEDESTRIAN_ACCIDENT,BICYCLE_ACCIDENT,MOTORCYCLE_ACCIDENT,TRUCK_ACCIDENT,NOT_PRIVATE_PROPERTY,ALCOHOL_INVOLVED,STWD_VEHTYPE_AT_FAULT,CHP_VEHTYPE_AT_FAULT,COUNT_SEVERE_INJ,COUNT_VISIBLE_INJ,COUNT_COMPLAINT_PAIN,COUNT_PED_KILLED,COUNT_PED_INJURED,COUNT_BICYCLIST_KILLED,COUNT_BICYCLIST_INJURED,COUNT_MC_KILLED,COUNT_MC_INJURED,PRIMARY_RAMP,SECONDARY_RAMP,LATITUDE,LONGITUDE,COUNTY,CITY,POINT_X,POINT_Y
90163719,2016,2016-04-22,9840,2016-04-17,0515,017037,NA,7,3,9,3300,0,3,5,NA,2,003,GRAND AVE,ROBYN CT,220,N,N,A,-,N,NA,NA,NA,NA,NA,NA,NA,NA,NA,Y,2,0,1,1,A,-,08,22107,NA,N,E,I,A,A,H,-,C,D,0,NA,NA,Y,NA,Y,NA,C,02,1,0,0,0,0,0,0,0,1,-,-,33.68137,-117.397,RIVERSIDE,UNINCORPORATED,-117.39713741,33.68116174
90164314,2016,2016-04-25,9840,2016-03-10,1555,16754,NA,4,2,9,3300,0,2,4,NA,2,042,VAN BUREN BLVD W/B (18200 BLOCK),RIDGEWAY AVE,50,W,N,A,-,N,NA,NA,NA,NA,NA,NA,NA,NA,NA,N,4,0,1,2,A,-,07,21658,A,F,B,C,A,A,H,-,A,D,0,NA,NA,NA,NA,Y,NA,A,01,0,0,1,0,0,0,0,0,0,-,-,33.8871,-117.34479,RIVERSIDE,UNINCORPORATED,-117.34452356,33.88718742
90164389,2016,2016-04-25,9840,2016-04-05,1540,016285,NA,2,2,6,3315,0,1,1,NA,2,034,INTERSTATE 15 SOUTHBOUND,ONTARIO AVENUE,995,N,N,A,-,Y,NA,NA,NA,NA,NA,NA,NA,NA,NA,N,4,0,1,2,A,-,07,21658,A,N,B,C,A,A,H,-,A,D,0,NA,NA,Y,NA,Y,NA,D,22,0,0,1,0,0,0,0,0,1,-,-,33.8602,-117.60593,RIVERSIDE,CORONA,-117.53481673,33.84671103
90164398,2016,2016-04-25,9655,2016-04-11,1013,014583,NA,1,1,9,3300,0,3,5,NA,2,002,GILMAN SPRINGS RD.,JACK RABBIT TR.,3168,W,N,A,-,N,NA,NA,NA,NA,NA,NA,NA,NA,NA,Y,3,0,1,2,C,-,18,NA,NA,N,D,C,A,A,H,-,A,D,0,NA,NA,NA,NA,Y,NA,-,-,0,1,0,0,0,0,0,0,0,-,-,33.89533,-117.08174,RIVERSIDE,UNINCORPORATED,-117.08019233,33.89285675
90166222,2016,2016-04-26,9655,2016-04-24,1216,016442,NA,7,1,9,3300,0,3,5,NA,2,003,GILMAN SPRINGS ROAD,STATE ROUTE 79,2640,E,N,A,-,N,NA,NA,NA,NA,NA,NA,NA,NA,NA,Y,4,0,2,2,A,-,03,22350,NA,N,C,C,A,A,H,-,A,D,0,NA,NA,NA,NA,Y,NA,A,01,0,0,2,0,0,0,0,0,0,-,-,33.84247,-116.99629,RIVERSIDE,UNINCORPORATED,-116.99060861,33.83637219
90167439,2016,2016-04-28,9840,2016-04-16,1735,018611,NA,6,2,6,3315,0,1,3,NA,2,311,SR-91 W/B,PROMENADE AVENUE,1670,E,N,A,-,Y,NA,NA,91,NA,NA,NA,NA,NA,W,Y,3,0,2,3,A,-,03,22350,NA,N,B,C,A,A,D,E,A,D,0,NA,NA,Y,NA,Y,NA,C,02,0,1,1,0,0,0,0,0,1,-,-,33.88396,-117.53173,RIVERSIDE,CORONA,-117.53172293,33.88380789
9016888,2020,2020-05-15,3300,2020-02-06,2237,3552,916A,4,5,4,3312,0,0,0,NA,0,031,INDIAN AV,INDIAN AV 3984,0,NA,Y,A,-,N,NA,NA,NA,NA,NA,NA,NA,NA,NA,Y,3,0,3,2,A,-,09,21802,A,N,D,C,A,A,H,-,C,A,0,NA,NA,NA,NA,Y,NA,A,01,0,2,1,0,0,0,0,0,0,-,-,NA,NA,RIVERSIDE,PERRIS,NA,NA
90170376,2016,2016-05-02,9655,2016-04-21,2315,019462,NA,4,3,9,3300,0,1,3,NA,2,212,SR-60 EASTBOUND,GILMAN SPRINGS ROAD,15048,E,N,A,-,Y,NA,NA,60,NA,NA,NA,NA,NA,E,Y,4,0,3,4,A,-,03,22350,NA,N,C,C,A,A,H,-,D,D,0,NA,NA,NA,NA,Y,NA,D,22,0,0,3,0,0,0,0,0,0,-,-,33.94365,-117.0771,RIVERSIDE,UNINCORPORATED,-117.07712711,33.94349511
90170821,2016,2016-05-02,9655,2016-04-29,1145,019796,NA,5,1,9,3300,0,1,3,NA,1,314,SR-74 W/B,FAIRVIEW AVE.,0,NA,Y,A,-,Y,NA,NA,74,NA,NA,NA,NA,NA,W,Y,3,0,2,2,A,-,09,21800,D,N,D,C,A,A,H,-,A,B,0,NA,NA,NA,NA,Y,NA,A,01,0,1,1,0,0,0,0,0,0,-,-,33.74813,-116.89329,RIVERSIDE,UNINCORPORATED,-116.89328803,33.74785038
90171339,2016,2016-05-03,9630,2016-04-23,0735,020380,NA,6,1,9,3300,0,3,5,NA,2,005,52ND AVE,MONROE STREET,1584,E,N,A,-,N,NA,NA,NA,NA,NA,NA,NA,NA,NA,Y,4,0,1,2,A,-,09,21804,A,N,D,C,A,A,H,-,A,A,0,NA,NA,Y,NA,Y,NA,C,06,0,0,1,0,0,0,0,0,1,-,-,33.671,-116.22969,RIVERSIDE,UNINCORPORATED,-116.22871719,33.67102
90171816,2016,2016-05-03,9685,2016-04-25,1150,012775,NA,1,1,9,3300,0,1,3,NA,1,012,SR-74 WESTBOUND,MERMACK ROAD,0,NA,Y,A,-,Y,NA,NA,74,NA,NA,NA,NA,NA,W,Y,4,0,1,2,A,-,03,22350,NA,N,C,C,A,A,H,-,A,D,0,NA,NA,NA,NA,Y,NA,A,01,0,0,1,0,0,0,0,0,0,-,-,33.70776,-117.32189,RIVERSIDE,UNINCORPORATED,-117.32186523,33.7077263
90172236,2016,2016-05-04,9840,2016-04-19,1429,014335,NA,2,2,6,3394,0,1,3,NA,2,025,SR-60 WESTBOUND,PIGEON PASS RD,200,E,N,A,-,Y,NA,NA,60,NA,NA,NA,NA,NA,W,N,4,0,1,2,A,-,03,22350,NA,N,C,C,A,A,H,-,A,D,0,NA,NA,NA,NA,Y,NA,A,01,0,0,1,0,0,0,0,0,0,-,-,33.94095,-117.26445,RIVERSIDE,MORENO VALLEY,-117.26444937,33.9408798
90172568,2016,2016-05-04,9685,2016-04-19,1800,012752,NA,2,2,9,3300,0,3,5,NA,2,003,SANDIA CREEK DRIVE,TOMASITO CIRCLE,2640,N,N,A,-,N,NA,NA,NA,NA,NA,NA,NA,NA,NA,Y,3,0,2,2,A,-,01,23152,A,N,B,C,A,A,H,-,A,D,0,NA,NA,NA,NA,Y,Y,A,01,0,1,1,0,0,0,0,0,0,-,-,33.29343,-117.11528,RIVERSIDE,UNINCORPORATED,-117.19546838,33.48846581
90173257,2016,2016-05-05,9655,2016-05-02,1545,015795,NA,1,2,2,3336,0,1,1,NA,2,202,I-10 W/B,SANDALWOOD DRIVE O/C,115,E,N,A,-,Y,NA,NA,10,NA,NA,NA,NA,NA,W,Y,4,0,2,2,A,-,03,22350,NA,N,C,C,A,A,H,-,A,D,0,NA,NA,NA,NA,Y,NA,A,01,0,0,2,0,0,0,0,0,0,-,-,33.99244,-117.05817,RIVERSIDE,CALIMESA,-117.05793118,33.99260681
90174177,2016,2016-05-06,9840,2016-04-21,2130,015957,NA,4,2,9,3300,0,3,5,NA,2,004,BROWN ST,CAJALCO RD,75,N,N,A,-,Y,NA,NA,NA,NA,NA,NA,NA,NA,NA,Y,4,0,1,2,A,-,11,21954,A,F,G,B,D,A,H,-,C,D,0,Y,NA,NA,NA,Y,NA,N,60,0,0,1,0,1,0,0,0,0,-,-,NA,NA,RIVERSIDE,UNINCORPORATED,-117.29638,33.83733547
90174189,2016,2016-05-06,9840,2016-04-23,0435,020221,NA,6,3,7,3313,0,1,3,NA,2,021,SR-91 E/B,ADAMS ST,1000,W,N,A,-,Y,NA,NA,91,NA,NA,NA,NA,NA,E,Y,4,0,1,2,A,-,03,22350,NA,F,C,C,A,A,H,-,C,D,0,NA,NA,NA,NA,Y,NA,-,99,0,0,1,0,0,0,0,0,0,-,-,33.92666,-117.41947,RIVERSIDE,RIVERSIDE,-117.41982537,33.927284
90174209,2016,2016-05-06,9840,2016-04-22,1250,015705,NA,5,1,7,3313,0,1,3,NA,2,020,SR-91 W/B,MAGNOLIA AVE,200,E,N,A,-,Y,NA,NA,91,NA,NA,NA,NA,NA,W,Y,4,0,1,2,A,-,03,22350,NA,N,C,C,A,A,H,-,A,D,0,NA,NA,NA,NA,Y,NA,A,01,0,0,1,0,0,0,0,0,0,-,-,33.90061,-117.47157,RIVERSIDE,RIVERSIDE,-117.4715927,33.9007049
90174278,2016,2016-05-06,9840,2016-04-25,0818,019242,NA,1,1,6,3394,0,1,3,NA,2,025,SR-60 W/B,FREDERICK ST,1000,E,N,B,-,Y,NA,NA,60,NA,NA,NA,NA,NA,W,Y,3,0,2,2,A,-,03,22350,NA,N,C,C,A,A,H,-,A,D,0,NA,NA,NA,NA,Y,NA,A,01,0,1,1,0,0,0,0,0,0,-,-,33.941,-117.25247,RIVERSIDE,MORENO VALLEY,-117.25247091,33.94106353
90175970,2016,2016-05-10,9840,2016-04-25,0520,017481,NA,1,3,6,3315,0,1,3,NA,2,301,SR-91 W/B,SR-71,700,E,N,A,-,Y,NA,NA,91,NA,NA,NA,NA,NA,W,N,3,0,1,1,A,-,03,22350,NA,N,F,A,A,A,D,-,C,D,0,NA,NA,Y,NA,Y,NA,C,02,0,1,0,0,0,0,0,0,1,-,-,33.88495,-117.63454,RIVERSIDE,CORONA,-117.63453588,33.88489135
90176190,2016,2016-05-10,9655,2016-05-07,0005,020669,NA,6,3,4,3301,0,1,1,NA,2,204,I-10 E/B,22ND STREET,1970,E,N,C,-,Y,NA,NA,10,NA,NA,NA,NA,NA,E,Y,4,0,1,1,A,-,03,22350,NA,N,E,I,A,B,F,-,C,D,0,NA,NA,NA,NA,Y,NA,A,01,0,0,1,0,0,0,0,0,0,-,-,33.92388,-116.89337,RIVERSIDE,BANNING,-116.89337006,33.92415448
90178028,2016,2016-05-12,9685,2016-05-07,0445,017304,NA,6,3,9,3300,0,1,3,NA,1,026,SR-74 EASTBOUND,JUNIPER FLATS,200,W,N,B,-,Y,NA,NA,NA,NA,NA,NA,NA,NA,NA,Y,2,0,1,2,A,-,09,21802,A,N,D,C,A,A,H,-,C,D,0,NA,NA,Y,NA,Y,NA,D,22,1,0,0,0,0,0,0,0,1,-,-,33.44353,-117.7003,RIVERSIDE,UNINCORPORATED,-117.11570563,33.74324396
90179757,2016,2016-05-16,9655,2016-05-03,1715,013757,NA,2,2,9,3300,0,1,3,NA,1,314,SR-74,BEE CANYON TRUCK TRAIL,14784,E,N,A,-,Y,NA,NA,74,NA,NA,NA,NA,NA,NA,Y,4,0,1,1,A,-,08,22107,NA,N,E,I,A,A,H,-,A,D,0,NA,NA,NA,NA,Y,NA,A,01,0,0,1,0,0,0,0,0,0,-,-,33.71748,-116.78728,RIVERSIDE,UNINCORPORATED,-116.78765021,33.71722343
90182859,2016,2016-05-19,9840,2016-04-23,0500,015800,NA,6,3,9,3300,0,1,1,NA,2,040,I-215 N/B,VAN BUREN BLVD,700,N,N,A,-,Y,NA,NA,215,NA,NA,NA,NA,NA,N,Y,3,0,1,1,A,-,08,22107,NA,N,F,I,A,A,H,-,C,D,0,NA,NA,NA,NA,Y,NA,A,01,0,1,0,0,0,0,0,0,0,-,-,33.88837,-117.27054,RIVERSIDE,UNINCORPORATED,-117.27024794,33.88853744
90182871,2016,2016-05-19,9840,2016-04-24,2035,016765,NA,7,2,7,3313,0,2,4,NA,2,045,EL SOBRANTE RD,LA SIERRA AVE,0,NA,Y,A,-,N,NA,NA,NA,NA,NA,NA,NA,NA,NA,Y,4,0,1,1,A,-,03,22350,NA,N,E,I,A,A,H,-,D,A,0,NA,NA,NA,NA,Y,NA,A,01,0,0,1,0,0,0,0,0,0,-,-,33.85841,-117.4541,RIVERSIDE,RIVERSIDE,-117.45351001,33.85840003
90182890,2016,2016-05-19,9840,2016-04-28,1400,018611,NA,4,2,9,3300,0,1,1,NA,2,040,I-215 N/B,CACTUS AVENUE,1590,S,N,B,-,Y,NA,NA,215,NA,NA,NA,NA,NA,N,Y,3,0,1,2,A,-,03,22350,NA,N,C,C,A,A,H,-,A,D,0,NA,NA,NA,NA,Y,NA,A,07,0,1,0,0,0,0,0,0,0,-,-,33.90562,-117.27839,RIVERSIDE,UNINCORPORATED,-117.27832682,33.90564918
90183426,2016,2016-05-19,9840,2016-04-23,0826,017504,NA,6,1,9,3300,0,2,4,NA,2,045,HARVILL AVE.,CAJALCO EXPY,0,NA,Y,A,-,N,NA,NA,NA,NA,NA,NA,NA,NA,NA,N,2,0,1,2,A,-,12,21453,A,N,D,G,A,A,H,-,A,A,0,NA,Y,NA,NA,Y,NA,L,04,1,0,0,0,0,0,1,0,0,-,-,33.84142,-117.25545,RIVERSIDE,UNINCORPORATED,-117.25554002,33.84145006
90183433,2016,2016-05-19,9840,2016-04-28,0600,017504,NA,4,1,7,3313,0,1,1,NA,2,023,I-215 S/B,UNIVERSITY AVE.,10,S,N,B,-,Y,NA,NA,215,NA,NA,NA,NA,NA,S,Y,2,0,4,1,A,-,08,22107,NA,N,F,A,A,A,H,-,A,D,0,NA,NA,NA,NA,Y,NA,A,07,1,3,0,0,0,0,0,0,0,-,-,33.97531,-117.33525,RIVERSIDE,RIVERSIDE,-117.33519941,33.9753656
90184082,2016,2016-05-20,9685,2016-05-11,0745,013562,NA,3,1,3,3343,1,4,S,NA,2,901,PALOMAR STREET,CENTRAL STREET,120,N,N,B,-,N,NA,NA,NA,NA,NA,NA,NA,NA,NA,N,4,0,6,2,A,-,21,22106,NA,N,C,C,A,A,H,-,A,A,0,NA,NA,NA,NA,Y,NA,D,22,0,0,6,0,0,0,0,0,0,-,-,33.36168,-117.16277,RIVERSIDE,WILDOMAR,-117.27314845,33.6039236
90185433,2016,2016-05-23,9655,2016-04-18,1522,014583,NA,1,2,9,3300,0,1,3,NA,2,212,SR-60 W/B,GILMAN SPRINGS RD.,6864,E,N,A,-,Y,NA,NA,60,NA,NA,NA,NA,NA,W,Y,4,0,1,5,A,-,03,22350,NA,M,C,C,A,A,H,-,A,D,0,NA,NA,NA,NA,Y,NA,A,08,0,0,1,0,0,0,0,0,0,-,-,33.93786,-117.09819,RIVERSIDE,UNINCORPORATED,-117.09821168,33.93790517
90187486,2016,2016-05-25,9630,2016-05-13,0635,018451,NA,5,1,4,3311,0,1,1,NA,2,020,I-10 E/B,PALM DR O/C,2112,E,N,A,-,Y,NA,NA,10,NA,NA,NA,NA,NA,E,Y,4,0,1,2,A,-,03,22350,NA,N,C,C,A,A,H,-,A,D,0,NA,NA,NA,NA,Y,NA,A,01,0,0,1,0,0,0,0,0,0,-,-,33.87477,-116.49831,RIVERSIDE,PALM SPRINGS,-116.49831028,33.87476967
90187676,2016,2016-05-26,9840,2016-05-17,0918,012608,NA,2,1,7,3313,1,1,3,NA,2,026,SR-60 E/B,MARKET ST,120,W,N,A,-,Y,NA,NA,60,NA,NA,NA,NA,NA,E,N,4,0,1,2,A,-,03,22350,NA,N,C,C,A,A,H,-,A,D,0,NA,NA,NA,Y,Y,NA,G,25,0,0,1,0,0,0,0,0,0,-,-,34.00075,-117.37544,RIVERSIDE,RIVERSIDE,-117.37542156,34.00079417
90188252,2016,2016-05-26,9630,2016-03-16,0425,019807,NA,3,3,9,3300,0,1,3,NA,2,087,STATE ROUTE 86 NORTHBOUND,AIRPORT BLVD,1056,S,N,A,-,Y,NA,NA,86,NA,NA,NA,NA,NA,N,Y,1,1,1,2,A,-,07,21658,A,N,C,C,A,A,H,-,D,D,0,NA,NA,NA,NA,Y,NA,A,01,0,1,0,0,0,0,0,0,0,-,-,33.63982,-116.13103,RIVERSIDE,UNINCORPORATED,-116.13098258,33.63985536
90189511,2016,2016-05-31,9840,2016-05-15,1400,019242,NA,7,2,7,3313,0,1,1,NA,2,022,I-215 S/B,COLUMBIA AVENUE,300,N,N,B,-,Y,NA,NA,215,NA,NA,NA,NA,NA,S,N,4,0,2,2,A,-,03,22350,NA,N,C,C,A,A,H,-,A,D,0,NA,NA,NA,NA,Y,NA,D,22,0,0,2,0,0,0,0,0,0,-,-,34.00272,-117.352,RIVERSIDE,RIVERSIDE,-117.35145329,34.00235067
90191446,2016,2016-05-31,9840,2016-05-07,1932,018949,NA,6,2,9,3300,0,3,5,NA,2,003,LYLE AVENUE,HILLSIDE STREET,740,N,N,A,-,N,NA,NA,NA,NA,NA,NA,NA,NA,NA,N,3,0,1,2,A,-,01,23152,A,N,B,C,A,A,H,-,B,D,0,NA,NA,Y,NA,Y,Y,C,02,0,1,0,0,0,0,0,0,1,-,-,33.84237,-117.52231,RIVERSIDE,UNINCORPORATED,-117.52229498,33.84227163
90192748,2016,2016-06-01,9840,2016-04-14,0912,015789,NA,4,1,9,3300,0,1,1,NA,2,037,I-15 N/B,NICHOLS RD,528,S,N,A,-,Y,NA,NA,15,NA,NA,NA,NA,NA,N,Y,3,0,1,1,A,-,08,22107,NA,N,F,A,A,A,H,-,A,D,0,NA,NA,NA,NA,Y,NA,A,07,0,1,0,0,0,0,0,0,0,-,-,33.70521,-117.35571,RIVERSIDE,UNINCORPORATED,-117.35573735,33.70517641
90192958,2016,2016-06-02,9840,2016-05-20,0645,017162,NA,5,1,6,3315,0,1,1,NA,2,034,I-15 N/B,DOS LAGOS DR.,900,S,N,A,-,Y,NA,NA,NA,NA,NA,NA,NA,NA,NA,Y,4,0,1,2,A,-,03,22350,NA,N,C,C,A,A,H,-,A,D,0,NA,NA,Y,NA,Y,NA,C,02,0,0,1,0,0,0,0,0,1,-,-,33.80364,-117.50538,RIVERSIDE,CORONA,-117.50609081,33.8048087
9019534,2019,2020-03-03,3313,2019-12-24,1658,1827,2,2,5,7,3313,0,0,0,NA,0,T43,SEDGEWICK AV,ARROYO DR,75,N,N,A,-,N,NA,NA,NA,NA,NA,NA,NA,NA,NA,Y,4,0,1,3,A,-,01,23152,A,N,C,C,E,A,H,-,C,D,0,Y,NA,NA,NA,Y,Y,A,01,0,0,1,0,1,0,0,0,0,-,-,NA,NA,RIVERSIDE,RIVERSIDE,-117.36017608642578,33.95909881591797
90195931,2016,2016-06-07,9655,2016-06-03,1434,014421,NA,5,2,2,3336,0,1,1,NA,2,202,I-10 WESTBOUND,SANDALWOOD DR.,3696,E,N,A,-,Y,NA,NA,10,NA,NA,NA,NA,NA,W,Y,4,0,1,1,A,-,08,22107,NA,N,F,A,A,A,H,-,A,D,0,NA,NA,NA,NA,Y,NA,A,01,0,0,1,0,0,0,0,0,0,-,-,33.98286,-117.05188,RIVERSIDE,CALIMESA,-117.05190471,33.982848
90197954,2016,2016-06-09,9840,2016-05-10,1935,015802,NA,2,2,9,3300,0,3,5,NA,2,004,OAKWOOD ST.,HAINES ST.,0,NA,Y,A,-,N,NA,NA,NA,NA,NA,NA,NA,NA,NA,N,4,0,1,2,A,-,09,21802,A,N,D,C,A,A,H,-,A,A,0,NA,NA,NA,NA,Y,NA,A,01,0,0,1,0,0,0,0,0,0,-,-,33.83359,-117.29195,RIVERSIDE,UNINCORPORATED,-117.29202002,33.83353011
90198298,2016,2016-06-09,9685,2016-06-03,2215,014676,NA,5,3,9,3300,0,2,4,NA,2,023,SCOTT RD,BRIGHTON WOOD ST,0,NA,Y,B,-,N,NA,NA,NA,NA,NA,NA,NA,NA,NA,Y,3,0,2,2,A,-,03,22350,NA,N,C,C,A,A,H,-,C,A,0,NA,NA,NA,NA,Y,NA,D,22,0,1,1,0,0,0,0,0,0,-,-,33.6412,-117.14967,RIVERSIDE,UNINCORPORATED,-117.14969006,33.64148009
90198361,2016,2016-06-09,9630,2016-05-27,0640,018451,NA,5,1,9,3300,0,3,5,NA,2,002,BOB HOPE DR (S/B),DINAH SHORE DR,110,N,N,A,-,N,NA,NA,NA,NA,NA,NA,NA,NA,NA,Y,4,0,1,3,A,-,03,22350,NA,N,C,C,A,A,H,-,A,D,0,NA,NA,NA,NA,Y,NA,A,07,0,0,1,0,0,0,0,0,0,-,-,33.80227,-116.40601,RIVERSIDE,UNINCORPORATED,-116.40601,33.80209089
90199030,2016,2016-06-10,9840,2016-06-08,2200,020102,NA,3,3,7,3313,0,1,1,NA,2,023,I-215 S/B,FAIR ISLE DR,650,N,N,A,-,Y,NA,NA,NA,NA,NA,NA,NA,NA,NA,N,4,0,1,2,A,-,11,21954,A,N,G,B,D,A,H,-,C,D,0,Y,NA,NA,NA,Y,NA,N,60,0,0,1,0,1,0,0,0,0,-,-,33.92679,-117.92781,RIVERSIDE,RIVERSIDE,NA,NA
90200456,2016,2016-06-13,9840,2016-06-04,2150,019874,NA,6,2,7,3313,0,1,3,NA,2,010,SR-60 E/B,MILLIKEN AVE,500,E,N,A,-,Y,NA,NA,NA,NA,NA,NA,NA,NA,NA,Y,4,0,3,3,A,-,01,23152,A,N,D,C,A,A,H,-,C,D,0,NA,NA,NA,NA,Y,Y,A,01,0,0,3,0,0,0,0,0,0,-,-,34.02364,-117.5572,RIVERSIDE,RIVERSIDE,-117.55672719,34.02344084
90201966,2016,2016-06-15,9685,2016-05-30,1505,015654,NA,1,2,9,3300,0,3,5,NA,2,003,VIA BENICIA,LAS AMANTES ROAD,793,N,N,A,-,N,NA,NA,NA,NA,NA,NA,NA,NA,NA,N,3,0,1,2,A,-,03,22350,NA,N,A,C,A,A,G,-,A,D,0,NA,NA,Y,NA,Y,NA,C,02,0,1,0,0,0,0,0,0,1,-,-,33.31352,-117.22231,RIVERSIDE,UNINCORPORATED,NA,NA
90203466,2016,2016-06-16,9655,2016-06-12,2020,018336,NA,7,2,9,3300,0,1,1,NA,2,206,I-10 W/B,WHITEWATER CUTOFF,722,E,N,A,-,Y,NA,NA,10,NA,NA,NA,NA,NA,W,N,4,0,1,1,C,-,18,NA,NA,N,E,J,A,A,H,-,B,D,0,NA,NA,NA,NA,Y,NA,-,-,0,0,1,0,0,0,0,0,0,-,-,33.9239,-116.643,RIVERSIDE,UNINCORPORATED,-116.6429974,33.923803649999996
90204192,2016,2016-06-17,9685,2016-06-14,1721,015857,NA,2,2,4,3307,0,1,1,NA,2,010,I-15 S/B TO RAILROAD CYN RD,RAILROAD CANYON RD,800,N,N,A,-,Y,NA,NA,15,NA,NA,NA,R,NA,S,N,4,0,1,2,A,-,21,22106,NA,N,C,C,A,A,H,-,A,D,0,NA,NA,NA,NA,Y,NA,A,01,0,0,1,0,0,0,0,0,0,-,-,33.66394,-117.30087,RIVERSIDE,LAKE ELSINORE,-117.30087,33.66394
90204586,2016,2016-06-20,9655,2016-06-15,1413,014421,NA,3,2,2,3336,0,1,1,NA,2,202,I-10 WESTBOUND,CHERRY VALLEY BLVD,1525,E,N,A,-,Y,NA,NA,10,NA,NA,NA,NA,NA,W,Y,4,0,1,2,A,-,01,23152,E,N,C,C,A,A,H,-,A,D,0,NA,NA,NA,Y,Y,NA,A,01,0,0,1,0,0,0,0,0,0,-,-,33.96604,-117.03118,RIVERSIDE,CALIMESA,-117.03117187,33.96605515
90205166,2016,2016-06-20,9630,2016-06-10,1240,012714,NA,5,1,9,3300,0,1,3,NA,2,015,SR-62 E/B,NORTH INDIAN CANYON DR,365,W,N,A,-,Y,NA,NA,62,NA,NA,NA,NA,NA,E,N,4,0,1,2,A,-,03,22350,NA,N,C,C,A,A,H,-,A,A,0,NA,NA,NA,Y,Y,NA,F,24,0,0,1,0,0,0,0,0,0,-,-,34.00412,-116.57648,RIVERSIDE,UNINCORPORATED,-116.57653844,34.00413788
90206726,2016,2016-06-21,9630,2016-06-09,1600,015710,NA,4,2,9,3300,0,3,5,NA,2,005,54TH AVE.,CALHOUN ST.,0,NA,Y,A,-,N,NA,NA,NA,NA,NA,NA,NA,NA,NA,Y,4,0,1,2,A,-,12,22450,A,N,D,C,A,A,H,-,A,A,0,NA,NA,NA,NA,Y,NA,A,01,0,0,1,0,0,0,0,0,0,-,-,33.6565,-116.2079,RIVERSIDE,UNINCORPORATED,-116.20795006,33.65657006
9020881,2019,2020-09-17,3300,2019-09-25,1643,5021,86C1,3,5,3,3305,0,0,0,NA,0,086,86 EXPWY,AVENUE 55,730,N,N,F,-,Y,RIV,8,86,-,R,17.45,H,-,N,Y,4,0,4,5,A,-,03,22350,NA,N,B,C,A,A,H,-,A,-,0,NA,NA,NA,NA,Y,NA,A,01,0,0,4,0,0,0,0,0,0,-,-,NA,NA,RIVERSIDE,COACHELLA,-116.13907623291016,33.6512451171875
90210385,2016,2016-06-27,9685,2016-06-17,1850,012752,NA,5,2,5,3335,0,1,1,NA,2,030,I-15 N/B FROM TEMECULA PARKWAY,TEMECULA PARKWAY,400,N,N,A,-,Y,NA,NA,NA,NA,NA,NA,NA,NA,NA,N,4,0,1,2,A,-,03,22350,NA,N,C,C,A,A,H,-,A,D,0,NA,NA,NA,NA,Y,NA,A,01,0,0,1,0,0,0,0,0,0,-,-,33.28549,-117.82636,RIVERSIDE,TEMECULA,NA,NA
90210999,2016,2016-06-28,9840,2016-06-17,0910,017169,NA,5,1,6,3315,0,1,3,NA,2,030,SR-91 W/B,GREEN RIVER ROAD,1056,W,N,A,-,Y,NA,NA,91,NA,NA,NA,NA,NA,W,Y,4,0,1,3,A,-,03,22350,NA,F,C,C,A,A,D,-,A,D,0,NA,NA,NA,NA,Y,NA,A,01,0,0,1,0,0,0,0,0,0,-,-,33.87399,-117.66364,RIVERSIDE,CORONA,-117.66351496,33.87384628
90211019,2016,2016-06-28,9840,2016-06-22,1305,017169,NA,3,1,6,3315,0,1,1,NA,2,034,I-15 S/B,SR-91 W/B,1056,N,N,A,-,Y,NA,NA,15,NA,NA,NA,NA,NA,S,Y,4,0,1,2,A,-,03,22350,NA,F,C,C,A,A,D,-,A,D,0,NA,NA,NA,NA,Y,NA,D,22,0,0,1,0,0,0,0,0,0,-,-,33.88472,-117.54953,RIVERSIDE,CORONA,-117.54944958,33.88479053
90211272,2016,2016-06-28,9685,2016-06-20,1620,013165,NA,1,2,9,3300,0,2,4,NA,2,023,SCOTT ROAD,LOUISE ROAD,90,E,N,A,-,N,NA,NA,NA,NA,NA,NA,NA,NA,NA,Y,3,0,6,3,A,-,04,21703,NA,N,C,C,A,A,H,-,A,D,0,NA,NA,NA,NA,Y,NA,A,01,0,2,4,0,0,0,0,0,0,-,-,33.64162,-117.11447,RIVERSIDE,UNINCORPORATED,-117.11452527,33.64167
90219538,2016,2016-07-11,9655,2016-07-05,1601,020669,NA,2,2,9,3300,0,1,3,NA,1,119,SR-371 E/B,HAMILTON DR,730,W,N,A,-,Y,NA,NA,371,NA,NA,NA,NA,NA,E,Y,4,0,1,2,A,-,05,21460,A,N,B,C,A,A,H,-,A,D,0,NA,NA,NA,NA,Y,Y,D,22,0,0,1,0,0,0,0,0,0,-,-,33.55509,-116.66244,RIVERSIDE,UNINCORPORATED,-116.66243997,33.55509663