CASE_ID,ACCIDENT_YEAR,PROC_DATE,JURIS,COLLISION_DATE,COLLISION_TIME,OFFICER_ID,REPORTING_DISTRICT,DAY_OF_WEEK,CHP_SHIFT,POPULATION,CNTY_CITY_LOC,SPECIAL_COND,BEAT_TYPE,CHP_BEAT_TYPE,CITY_DIVISION_LAPD,CHP_BEAT_CLASS,BEAT_NUMBER,PRIMARY_RD,SECONDARY_RD,DISTANCE,DIRECTION,INTERSECTION,WEATHER_1,WEATHER_2,STATE_HWY_IND,CALTRANS_COUNTY,CALTRANS_DISTRICT,STATE_ROUTE,ROUTE_SUFFIX,POSTMILE_PREFIX,POSTMILE,LOCATION_TYPE,RAMP_INTERSECTION,SIDE_OF_HWY,TOW_AWAY,COLLISION_SEVERITY,NUMBER_KILLED,NUMBER_INJURED,PARTY_COUNT,PRIMARY_COLL_FACTOR,PCF_CODE_OF_VIOL,PCF_VIOL_CATEGORY,PCF_VIOLATION,PCF_VIOL_SUBSECTION,HIT_AND_RUN,TYPE_OF_COLLISION,MVIW,PED_ACTION,ROAD_SURFACE,ROAD_COND_1,ROAD_COND_2,LIGHTING,CONTROL_DEVICE,CHP_ROAD_TYPE,PEDESTRIAN_ACCIDENT,BICYCLE_ACCIDENT,MOTORCYCLE_ACCIDENT,TRUCK_ACCIDENT,NOT_PRIVATE_PROPERTY,ALCOHOL_INVOLVED,STWD_VEHTYPE_AT_FAULT,CHP_VEHTYPE_AT_FAULT,COUNT_SEVERE_INJ,COUNT_VISIBLE_INJ,COUNT_COMPLAINT_PAIN,COUNT_PED_KILLED,COUNT_PED_INJURED,COUNT_BICYCLIST_KILLED,COUNT_BICYCLIST_INJURED,COUNT_MC_KILLED,COUNT_MC_INJURED,PRIMARY_RAMP,SECONDARY_RAMP,LATITUDE,LONGITUDE,COUNTY,CITY,POINT_X,POINT_Y
9065059,2019,2020-06-15,3342,2019-10-22,0536,506,193,2,5,4,3342,0,0,0,NA,0,001,JEFFERSON AV,LOS ALAMOS RD,0,NA,Y,A,-,N,NA,NA,NA,NA,NA,NA,NA,NA,NA,Y,4,0,2,3,A,-,12,21453,A,N,D,C,A,A,H,-,C,A,0,NA,NA,NA,Y,Y,NA,A,01,0,0,2,0,0,0,0,0,0,-,-,33.555999755859375,-117.20469665527344,RIVERSIDE,MURRIETA,-117.20478057861328,33.55595016479492
90651185,2018,2018-01-30,9655,2018-01-16,1329,017605,NA,2,1,3,3302,0,1,1,NA,2,202,INTERSTATE 10 EASTBOUND,CALIFORNIA BRIDGE BR56-0434,162,W,N,A,-,Y,NA,NA,10,NA,NA,NA,NA,NA,E,Y,3,0,1,1,A,-,01,23152,G,N,E,I,A,A,H,-,A,D,0,NA,NA,NA,NA,Y,Y,A,01,0,1,0,0,0,0,0,0,0,-,-,33.92761993408203,-116.98139190673828,RIVERSIDE,BEAUMONT,-116.9814224243164,33.92755126953125
90651533,2018,2018-01-30,9685,2018-01-22,1750,016185,NA,1,2,5,3341,0,1,1,NA,2,020,I-215 N/B,NEWPORT ROAD,600,N,N,A,-,Y,NA,NA,NA,NA,NA,NA,NA,NA,NA,Y,3,0,1,2,A,-,03,22350,NA,N,C,C,A,A,H,-,C,D,0,NA,NA,NA,NA,Y,NA,A,07,0,1,0,0,0,0,0,0,0,-,-,33.411399841308594,-117.1020965576172,RIVERSIDE,MENIFEE,-117.17193603515624,33.68668746948242
9065157,2019,2020-05-12,3342,2019-10-14,1535,1024,196,1,5,4,3342,0,0,0,NA,0,001,KALMIA ST,MADISON AV,0,NA,Y,A,-,N,NA,NA,NA,NA,NA,NA,NA,NA,NA,N,2,0,1,2,A,-,03,22350,NA,N,D,D,A,A,H,-,A,A,0,NA,NA,Y,NA,Y,NA,C,02,1,0,0,0,0,0,0,0,1,-,-,33.563819885253906,-117.2081298828125,RIVERSIDE,MURRIETA,-117.20809173583984,33.56388854980469
9065173,2019,2020-05-12,3342,2019-10-07,0817,506,221,1,5,4,3342,0,0,0,NA,0,002,CALIFORNIA OAKS RD,JACKSON AV,84,W,N,A,-,N,NA,NA,NA,NA,NA,NA,NA,NA,NA,Y,4,0,1,3,A,-,07,21658,A,N,C,C,A,A,H,-,A,A,0,NA,NA,NA,NA,Y,NA,A,01,0,0,1,0,0,0,0,0,0,-,-,33.57170867919922,-117.20384216308594,RIVERSIDE,MURRIETA,-117.20417785644533,33.57160568237305
90651740,2018,2018-01-30,9685,2018-01-25,1535,016096,NA,4,2,9,3300,0,3,5,NA,2,003,WILLOWS AVE.,SIERRA MADRE DR.,0,NA,Y,A,-,N,NA,NA,NA,NA,NA,NA,NA,NA,NA,Y,4,0,1,2,A,-,09,21802,A,N,D,C,A,A,H,-,A,A,0,NA,NA,NA,NA,Y,NA,A,07,0,0,1,0,0,0,0,0,0,-,-,33.54558181762695,-117.13902282714844,RIVERSIDE,UNINCORPORATED,-117.13876342773438,33.54523849487305
90653295,2018,2018-02-01,9840,2018-01-26,1520,020360,NA,5,2,6,3394,0,1,3,NA,2,025,SR-60 E/B,FREDERICK ST,75,E,N,A,-,Y,NA,NA,60,NA,NA,NA,NA,NA,E,Y,3,0,2,2,A,-,03,22350,NA,N,C,C,A,A,H,-,A,D,0,NA,NA,NA,NA,Y,NA,A,01,0,1,1,0,0,0,0,0,0,-,-,33.94070053100586,-117.26109313964844,RIVERSIDE,MORENO VALLEY,-117.26109313964844,33.94072341918945
90653457,2018,2018-02-01,9685,2018-01-27,1600,016185,NA,6,2,9,3300,0,3,5,NA,2,001,TENAJA ROAD,CLINTON KEITH ROAD,3696,W,N,A,-,N,NA,NA,NA,NA,NA,NA,NA,NA,NA,Y,2,0,1,1,A,-,08,22107,NA,N,F,A,A,A,H,-,A,D,0,NA,NA,Y,NA,Y,NA,C,02,1,0,0,0,0,0,0,0,1,-,-,33.527488708496094,-117.28452301025392,RIVERSIDE,UNINCORPORATED,-117.2850341796875,33.52741241455078
9065414,2020,2020-06-24,3313,2020-03-03,1814,1736,4,2,5,7,3313,0,0,0,NA,0,T49,INDIANA AV,MADISON ST,131,E,N,A,-,N,NA,NA,NA,NA,NA,NA,NA,NA,NA,Y,4,0,4,2,A,-,09,21804,A,N,D,C,A,A,H,-,C,D,0,NA,NA,NA,NA,Y,NA,A,08,0,0,4,0,0,0,0,0,0,-,-,33.93539047241211,-117.40444183349608,RIVERSIDE,RIVERSIDE,-117.40401458740234,33.935401916503906
90654532,2018,2018-02-05,9655,2018-01-17,0210,017720,NA,3,3,9,3300,0,1,1,NA,2,204,I-10 WESTBOUND,MALKI ROAD,42240,W,N,A,-,Y,NA,NA,10,NA,NA,NA,NA,NA,W,Y,4,0,1,2,A,-,01,23152,A,N,E,I,A,A,H,-,D,D,0,NA,NA,NA,Y,Y,Y,A,01,0,0,1,0,0,0,0,0,0,-,-,33.929161071777344,-116.84165954589844,RIVERSIDE,UNINCORPORATED,-116.84166717529295,33.92919921875
9065583,2020,2020-07-07,3300,2020-03-14,1935,3774,603B5,6,5,6,3394,0,0,0,NA,0,MV34,PERRIS BL,KRAMERIA AV,774,N,N,B,-,N,NA,NA,NA,NA,NA,NA,NA,NA,NA,Y,3,0,1,1,A,-,03,22350,NA,N,E,I,A,A,H,-,C,D,0,NA,NA,Y,NA,Y,NA,C,02,0,1,0,0,0,0,0,0,1,-,-,33.88100814819336,-117.22625732421876,RIVERSIDE,MORENO VALLEY,-117.22628021240234,33.88315963745117
9065587,2020,2020-07-07,3300,2020-03-06,1445,3854,910B,5,5,5,3335,0,0,0,NA,0,063,MARGARITA RD,WINCHESTER RD,755,S,N,A,-,N,NA,NA,NA,NA,NA,NA,NA,NA,NA,N,4,0,1,2,A,-,08,22107,NA,N,H,G,A,A,H,-,A,D,0,NA,Y,NA,NA,Y,NA,A,01,0,0,1,0,0,0,1,0,0,-,-,33.53092956542969,-117.151123046875,RIVERSIDE,TEMECULA,-117.14997100830078,33.52938461303711
90656656,2018,2018-02-07,9630,2018-01-26,2350,021409,NA,5,3,9,3300,0,1,3,NA,2,014,SR-111 N/B,OVERTURE DR,4224,N,N,A,G,Y,NA,NA,NA,NA,NA,NA,NA,NA,NA,Y,4,0,1,2,A,-,01,23152,A,N,C,C,A,A,H,-,D,D,0,NA,NA,NA,NA,Y,Y,A,01,0,0,1,0,0,0,0,0,0,-,-,33.87139892578125,-116.54544830322266,RIVERSIDE,UNINCORPORATED,NA,NA
90657270,2018,2018-02-08,9840,2018-01-31,1852,019844,NA,3,2,9,3300,0,2,4,NA,2,043,RAMONA EXPY,HANSEN AVE,18,W,N,A,-,N,NA,NA,NA,NA,NA,NA,NA,NA,NA,Y,4,0,1,1,A,-,01,23152,A,N,E,I,A,A,H,-,C,A,0,NA,NA,NA,NA,Y,Y,D,22,0,0,1,0,0,0,0,0,0,-,-,33.83871841430664,-117.11849212646484,RIVERSIDE,UNINCORPORATED,-117.11837768554688,33.8386344909668
90658135,2018,2018-02-09,9840,2018-02-03,1136,017765,NA,6,1,4,3344,0,1,1,NA,2,011,I-15 S/B,LIMONITE AVE,475,N,N,B,-,Y,NA,NA,15,NA,NA,NA,NA,NA,S,Y,4,0,3,2,A,-,03,22350,NA,N,C,C,A,A,H,-,A,D,0,NA,NA,NA,NA,Y,NA,A,01,0,0,3,0,0,0,0,0,0,-,-,33.976558685302734,-117.54888153076172,RIVERSIDE,EASTVALE,-117.5490264892578,33.976558685302734
90658248,2018,2018-02-09,9840,2018-02-08,0850,016356,NA,4,1,7,3313,0,1,3,NA,2,020,SR-91 W/B,TYLER ST,100,W,N,A,-,Y,NA,NA,NA,NA,NA,NA,NA,NA,NA,Y,3,0,1,1,A,-,03,22350,NA,N,F,A,A,A,H,-,A,D,0,NA,NA,NA,NA,Y,NA,A,07,0,1,0,0,0,0,0,0,0,-,-,33.541900634765625,-117.27349853515624,RIVERSIDE,RIVERSIDE,-117.4571533203125,33.90623474121094
9065857,2020,2020-11-19,3313,2020-05-20,1723,1736,5,3,5,7,3313,0,0,0,NA,0,T49,MAGNOLIA AV,PARK SIERRA DR,0,NA,Y,A,-,N,NA,NA,NA,NA,NA,NA,NA,NA,NA,Y,4,0,2,2,A,-,12,21453,A,N,D,C,A,A,H,-,A,A,0,NA,NA,NA,NA,Y,NA,A,07,0,0,2,0,0,0,0,0,0,-,-,33.905208587646484,-117.47322082519533,RIVERSIDE,RIVERSIDE,-117.47258758544922,33.90568161010742
90659212,2018,2018-02-12,9840,2018-01-31,1620,012208,NA,3,2,7,3313,0,1,3,NA,2,020,SR-91 W/B {RIVERSIDE FREEWAY},LA SIERRA AVENUE,260,E,N,A,-,Y,NA,NA,91,NA,NA,NA,NA,NA,W,Y,4,0,1,2,A,-,03,22350,NA,N,C,C,A,A,H,-,A,D,0,NA,NA,NA,NA,Y,NA,D,22,0,0,1,0,0,0,0,0,0,-,-,33.90044021606445,-117.47247314453124,RIVERSIDE,RIVERSIDE,-117.47247314453124,33.900455474853516
90659235,2018,2018-02-12,9655,2018-02-04,0940,019796,NA,7,1,9,3300,0,3,5,NA,2,003,STANFORD ST.,WHITTIER AVE.,0,NA,Y,A,-,N,NA,NA,NA,NA,NA,NA,NA,NA,NA,Y,3,0,3,2,A,-,12,22450,A,N,D,C,A,A,H,-,A,C,0,NA,NA,NA,NA,Y,NA,A,07,0,1,2,0,0,0,0,0,0,-,-,33.73683166503906,-116.93244171142578,RIVERSIDE,UNINCORPORATED,-116.93250274658205,33.736820220947266
90660275,2018,2018-02-13,9685,2018-02-03,1403,017285,NA,6,2,9,3300,0,3,5,NA,2,003,RANCHO CALIFORNIA ROAD,VIA DEL PONTE,0,NA,Y,A,-,N,NA,NA,NA,NA,NA,NA,NA,NA,NA,Y,4,0,1,2,A,-,09,21804,A,N,D,C,A,A,H,-,A,D,0,NA,NA,NA,NA,Y,NA,A,01,0,0,1,0,0,0,0,0,0,-,-,33.535919189453125,-117.05328369140624,RIVERSIDE,UNINCORPORATED,-117.05325317382813,33.53593063354492
90661301,2018,2018-02-14,9840,2018-02-12,1325,016853,NA,1,1,7,3313,0,1,3,NA,2,025,I-215 N/B,EUCALYPTUS AVE,200,N,N,B,-,Y,NA,NA,215,NA,NA,NA,NA,NA,N,Y,3,0,2,1,A,-,08,22107,NA,N,F,I,A,A,H,-,A,D,0,NA,NA,NA,NA,Y,NA,A,07,0,1,1,0,0,0,0,0,0,-,-,33.936500549316406,-117.29039764404295,RIVERSIDE,RIVERSIDE,-117.2903289794922,33.93651580810547
90663438,2018,2018-02-16,9630,2018-02-12,2109,021796,NA,1,2,9,3300,0,2,S,NA,2,404,RAMON RD,THOUSAND PALMS CANYON RD,2640,W,N,A,-,N,NA,NA,NA,NA,NA,NA,NA,NA,NA,N,2,0,1,2,A,-,11,21954,A,N,G,B,E,A,H,-,D,D,0,Y,NA,NA,NA,Y,NA,N,60,1,0,0,0,1,0,0,0,0,-,-,33.81673049926758,-116.3359375,RIVERSIDE,UNINCORPORATED,-116.335433,33.816671
90666428,2018,2018-02-22,9840,2018-02-14,0820,015705,NA,3,1,9,3300,0,3,5,NA,2,002,VILLA ST.,IOWA AVE,0,NA,Y,B,C,N,NA,NA,NA,NA,NA,NA,NA,NA,NA,Y,3,0,1,2,A,-,09,21801,A,N,D,C,A,B,H,-,A,D,0,NA,NA,NA,NA,Y,NA,D,22,0,1,0,0,0,0,0,0,0,-,-,34.01327896118164,-117.33978271484376,RIVERSIDE,UNINCORPORATED,-117.33997344970705,34.01322937011719
90666456,2017,2018-02-22,9840,2017-10-04,1858,019893,NA,3,2,6,3315,0,1,1,NA,2,034,I-15 NORTHBOUND,HIDDEN VALLEY PARKWAY,98,S,N,A,-,Y,NA,NA,15,NA,NA,NA,NA,NA,N,Y,1,1,0,2,A,-,08,22107,NA,N,E,I,A,A,H,-,B,D,0,NA,NA,NA,NA,Y,NA,A,07,0,0,0,0,0,0,0,0,0,-,-,33.8984,-117.55962,RIVERSIDE,CORONA,-117.55957781,33.89841395
90666878,2018,2018-02-22,9685,2018-02-11,0430,017304,NA,7,3,5,3335,0,1,1,NA,2,030,I-15 SOUTHBOUND,WINCHESTER RD,300,N,N,B,-,Y,NA,NA,15,NA,NA,NA,NA,NA,S,Y,4,0,1,1,A,-,08,22107,NA,N,E,I,A,A,H,-,D,D,0,NA,NA,NA,NA,Y,NA,A,01,0,0,1,0,0,0,0,0,0,-,-,33.52336883544922,-117.16391754150392,RIVERSIDE,TEMECULA,-117.16383361816406,33.5234260559082
90668092,2017,2018-02-23,9840,2017-12-01,0220,020455,NA,5,3,6,3345,0,1,3,NA,2,010,SR-60 E/B TO COUNTRY VILLAGE RD.,COUNTRY VILLAGE RD,890,W,N,A,-,Y,NA,NA,60,NA,NA,NA,R,NA,E,Y,2,0,1,1,A,-,08,22107,NA,N,E,I,A,A,H,-,C,D,0,NA,NA,NA,NA,Y,NA,A,01,1,0,0,0,0,0,0,0,0,-,-,34.01837,-117.50947,RIVERSIDE,JURUPA VALLEY,-117.50947,34.01837
90670237,2018,2018-02-27,9840,2018-02-10,0550,018221,NA,6,3,6,3345,0,1,3,NA,2,010,SR-60 E/B,VALLEY WAY,272,E,N,B,-,Y,NA,NA,60,NA,NA,NA,NA,NA,E,Y,3,0,1,1,A,-,01,23152,A,N,E,I,A,A,H,-,C,D,0,NA,NA,NA,NA,Y,Y,A,01,0,1,0,0,0,0,0,0,0,-,-,34.01137161254883,-117.4330596923828,RIVERSIDE,JURUPA VALLEY,-117.43302917480467,34.0114631652832
90670887,2018,2018-02-27,9685,2018-02-14,1942,014519,NA,3,2,9,3300,0,3,5,NA,2,003,RANCHO CALIFORNIA ROAD,VIA SANTA ROSA,322,E,N,B,-,N,NA,NA,NA,NA,NA,NA,NA,NA,NA,Y,2,0,1,2,A,-,01,23152,A,N,A,C,A,A,H,-,D,D,0,NA,NA,NA,NA,Y,Y,A,01,1,0,0,0,0,0,0,0,0,-,-,33.49369812011719,-117.17698669433594,RIVERSIDE,UNINCORPORATED,-117.17739868164063,33.49385070800781
9067094,2020,2020-05-15,3313,2020-01-06,1326,1902,4,1,5,7,3313,0,0,0,NA,0,T42,ARLINGTON AV,CAPISTRANO WY,73,W,N,A,-,N,NA,NA,NA,NA,NA,NA,NA,NA,NA,N,4,0,1,2,A,-,03,22350,NA,N,C,C,A,A,H,-,A,D,0,NA,NA,NA,NA,Y,NA,D,22,0,0,1,0,0,0,0,0,0,-,-,33.94813919067383,-117.41548919677734,RIVERSIDE,RIVERSIDE,-117.41558837890624,33.94608688354492
90674803,2018,2018-03-05,9685,2018-02-22,1631,017285,NA,4,2,5,3335,0,1,1,NA,2,030,I-15 N/B,OVERLAND DRIVE,1000,S,N,A,-,Y,NA,NA,15,NA,NA,NA,NA,NA,N,Y,4,0,1,2,A,-,03,22350,NA,N,C,C,A,A,H,-,A,D,0,NA,NA,NA,NA,Y,NA,A,01,0,0,1,0,0,0,0,0,0,-,-,33.51517868041992,-117.15795135498048,RIVERSIDE,TEMECULA,-117.15790557861328,33.51520538330078
90675414,2018,2018-03-06,9840,2018-03-03,2230,021017,NA,6,3,9,3300,0,2,4,NA,2,045,CAJALCO RD,CARPINUS DR,1000,E,N,C,-,Y,NA,NA,NA,NA,NA,NA,NA,NA,NA,Y,4,0,1,2,A,-,01,23152,A,M,A,C,A,B,A,H,D,D,0,NA,NA,NA,NA,Y,Y,D,22,0,0,1,0,0,0,0,0,0,-,-,33.83700180053711,-117.31732940673828,RIVERSIDE,UNINCORPORATED,-117.3173370361328,33.837039947509766
90675432,2018,2018-03-06,9840,2018-02-17,1715,018248,NA,6,2,9,3300,0,1,3,NA,2,030,SR-91 W/B,SR-71 S/B,2500,W,N,A,-,Y,NA,NA,91,NA,NA,NA,NA,NA,W,Y,2,0,1,2,A,-,08,22107,NA,N,F,A,A,A,H,-,B,D,0,NA,NA,Y,NA,Y,NA,C,02,1,0,0,0,0,0,0,0,1,-,-,33.88264846801758,-117.64511108398438,RIVERSIDE,UNINCORPORATED,-117.64509582519533,33.882598876953125
90676732,2018,2018-03-07,9685,2018-02-24,1515,016185,NA,6,2,9,3300,0,3,5,NA,2,003,BOREL ROAD,WARREN ROAD,130,W,N,A,-,N,NA,NA,NA,NA,NA,NA,NA,NA,NA,Y,2,0,1,1,A,-,01,23152,A,N,E,I,A,A,H,-,A,D,0,NA,NA,Y,NA,Y,Y,C,02,1,0,0,0,0,0,0,0,1,-,-,33.3406982421875,-117.0154037475586,RIVERSIDE,UNINCORPORATED,-117.03202056884766,33.56874465942383
90677346,2018,2018-03-07,9840,2018-02-23,0611,017802,NA,5,1,7,3313,0,1,1,NA,2,023,I-215 N/B,FAIR ISLE DR.,1100,N,N,A,-,Y,NA,NA,215,NA,NA,NA,NA,NA,N,Y,4,0,2,2,A,-,03,22350,NA,N,C,C,A,A,H,-,D,D,0,NA,NA,NA,NA,Y,NA,A,01,0,0,2,0,0,0,0,0,0,-,-,33.95463943481445,-117.30490112304688,RIVERSIDE,RIVERSIDE,-117.30494689941406,33.9546012878418
90677961,2018,2018-03-08,9840,2018-01-01,2357,020102,NA,1,3,9,3300,0,1,1,NA,2,040,I-215 NORTHBOUND,VAN BUREN BLVD,3054,N,N,A,-,Y,NA,NA,215,NA,NA,NA,NA,NA,N,Y,1,1,0,2,A,-,11,21954,A,N,G,B,E,A,H,-,D,D,0,Y,NA,NA,NA,Y,NA,N,60,0,0,0,1,0,0,0,0,0,-,-,33.895591735839844,-117.27391815185548,RIVERSIDE,UNINCORPORATED,-117.27392578125,33.89558792114258
90680228,2018,2018-03-12,9685,2018-03-01,1450,013925,NA,4,2,5,3335,0,1,1,NA,2,030,INTERSTATE 15 NORTHBOUND,TEMECULA PARKWAY,1760,S,N,A,-,Y,NA,NA,15,NA,NA,NA,NA,NA,N,Y,3,0,1,2,A,-,03,22350,NA,N,C,C,A,A,H,-,A,D,0,NA,NA,Y,NA,Y,NA,C,02,0,1,0,0,0,0,0,0,1,-,-,33.492401123046875,-117.1447982788086,RIVERSIDE,TEMECULA,-117.14482879638672,33.49238586425781
90680420,2018,2018-03-12,9630,2018-03-05,0740,018451,NA,1,1,9,3300,0,1,1,NA,2,021,I-10 W/B,WASHINGTON ST O/C,1056,E,N,A,-,Y,NA,NA,10,NA,NA,NA,NA,NA,W,Y,3,0,2,2,A,-,04,21703,NA,N,C,C,A,A,H,-,A,D,0,NA,NA,NA,NA,Y,NA,A,01,0,1,1,0,0,0,0,0,0,-,-,33.75885009765625,-116.29743194580078,RIVERSIDE,UNINCORPORATED,-116.29739379882813,33.75892639160156
90681741,2018,2018-03-14,9840,2018-03-02,0815,018221,NA,5,1,9,3300,0,2,4,NA,2,039,MAGNOLIA AVE.,LINCOLN ST.,0,NA,Y,A,-,N,NA,NA,NA,NA,NA,NA,NA,NA,NA,N,4,0,1,2,A,-,03,22350,NA,N,C,C,A,A,H,-,A,A,0,NA,NA,NA,NA,Y,NA,A,08,0,0,1,0,0,0,0,0,0,-,-,33.88665008544922,-117.50588989257813,RIVERSIDE,UNINCORPORATED,-117.50601959228516,33.88669967651367
90683063,2018,2018-03-15,9655,2018-02-05,0035,018677,NA,1,3,3,3302,0,1,3,NA,2,212,SR-60 W/B,WESTERN KNOLLS AVENUE,544,E,N,A,-,Y,NA,NA,60,NA,NA,NA,NA,NA,W,Y,2,0,2,2,A,-,01,23152,A,N,B,C,A,A,H,-,D,D,0,NA,NA,NA,NA,Y,Y,A,01,2,0,0,0,0,0,0,0,0,-,-,33.933319091796875,-116.99623870849608,RIVERSIDE,BEAUMONT,-116.99623870849608,33.93338394165039
90683204,2018,2018-03-15,9840,2018-03-07,1315,019219,NA,3,1,7,3313,0,1,1,NA,2,023,I-215 SOUTHBOUND,UNIVERSITY AVENUE,528,N,N,A,-,Y,NA,NA,215,NA,NA,NA,NA,NA,S,Y,4,0,1,3,A,-,03,22350,NA,N,C,C,A,A,H,-,A,D,0,NA,NA,NA,NA,Y,NA,D,22,0,0,1,0,0,0,0,0,0,-,-,33.97840118408203,-117.33866119384766,RIVERSIDE,RIVERSIDE,-117.33846282958984,33.97859573364258
90683478,2018,2018-03-16,9840,2018-03-08,0232,020220,NA,4,3,6,3345,0,1,3,NA,2,010,SR-60 W/B,PEDLEY RD,2500,W,N,A,-,Y,NA,NA,60,NA,NA,NA,NA,NA,W,Y,4,0,1,2,C,-,18,NA,NA,N,D,C,A,A,H,-,E,D,0,NA,NA,NA,NA,Y,NA,-,-,0,0,1,0,0,0,0,0,0,-,-,34.019630432128906,-117.4888916015625,RIVERSIDE,JURUPA VALLEY,-117.4888916015625,34.019657135009766
90684799,2018,2018-03-19,9655,2018-03-10,1253,020054,NA,6,1,9,3300,0,1,1,NA,2,206,I-10 E/B,MAIN STREET,9293,E,N,B,-,Y,NA,NA,NA,NA,NA,NA,NA,NA,NA,Y,2,0,1,1,A,-,01,23152,A,N,F,A,A,A,H,-,A,D,0,NA,NA,NA,NA,Y,Y,A,01,1,0,0,0,0,0,0,0,0,-,-,33.55165100097656,-116.44471740722656,RIVERSIDE,UNINCORPORATED,-116.74684143066406,33.92142868041992
90685092,2018,2018-03-19,9685,2018-03-09,0800,015360,NA,5,1,9,3300,0,3,5,NA,2,003,CAMINO ESTRIBO,VIA GORRION,1584,E,N,A,-,N,NA,NA,NA,NA,NA,NA,NA,NA,NA,Y,4,0,1,1,A,-,08,22107,NA,N,F,A,A,A,H,-,A,D,0,NA,NA,NA,NA,Y,NA,D,22,0,0,1,0,0,0,0,0,0,-,-,33.475341796875,-117.15543365478516,RIVERSIDE,UNINCORPORATED,-117.1448974609375,33.47385787963867
90687350,2018,2018-03-22,9840,2018-03-10,1425,020360,NA,6,2,9,3300,0,1,1,NA,2,034,I-15 N/B,TEMESCAL CANYON RD,950,N,N,C,-,Y,NA,NA,15,NA,NA,NA,NA,NA,N,Y,4,0,5,3,A,-,03,22350,NA,N,C,C,A,B,H,-,A,D,0,NA,NA,NA,NA,Y,NA,A,01,0,0,5,0,0,0,0,0,0,-,-,33.77914810180664,-117.48869323730467,RIVERSIDE,UNINCORPORATED,-117.48857879638672,33.779212951660156
90688622,2018,2018-04-02,9655,2018-03-16,1134,019796,NA,5,1,9,3300,0,3,5,NA,2,003,DOMENIGONI PKY.,LEON RD.,1584,W,N,A,-,N,NA,NA,NA,NA,NA,NA,NA,NA,NA,N,2,0,1,2,A,-,03,22350,NA,N,C,E,A,A,H,-,A,D,0,NA,Y,NA,Y,Y,NA,L,04,1,0,0,0,0,0,1,0,0,-,-,33.6922607421875,-117.12535858154295,RIVERSIDE,UNINCORPORATED,-117.1247787475586,33.69243621826172
90688907,2018,2018-03-23,9630,2018-03-14,0559,021063,NA,3,3,9,3300,0,1,3,NA,2,086,SR-86 S/B,86TH AVE,75,N,N,A,-,Y,NA,NA,86,NA,NA,NA,NA,NA,S,Y,4,0,1,1,A,-,08,22107,NA,N,F,A,A,A,H,-,D,D,0,NA,NA,NA,NA,Y,NA,A,01,0,0,1,0,0,0,0,0,0,-,-,33.426109313964844,-116.06047058105467,RIVERSIDE,UNINCORPORATED,-116.06028747558594,33.42629623413086
90689160,2018,2018-03-26,9840,2018-03-16,2325,018949,NA,5,3,9,3300,0,3,5,NA,2,003,EL CERRITO ROAD,ONTARIO AVE,25,E,N,B,-,N,NA,NA,NA,NA,NA,NA,NA,NA,NA,Y,3,0,1,1,A,-,01,23152,A,N,E,I,A,A,H,-,C,A,0,NA,NA,NA,NA,Y,Y,A,01,0,1,0,0,0,0,0,0,0,-,-,33.83610153198242,-117.52275848388672,RIVERSIDE,UNINCORPORATED,-117.52291870117188,33.8360481262207
9068917,2020,2020-10-09,3313,2020-04-20,1550,1977,2,1,5,7,3313,0,0,0,NA,0,T49,BLAINE ST,IOWA AV,115,E,N,A,-,N,NA,NA,NA,NA,NA,NA,NA,NA,NA,N,4,0,1,3,A,-,03,22350,NA,M,C,C,A,A,H,-,A,A,0,NA,NA,NA,NA,Y,NA,A,01,0,0,1,0,0,0,0,0,0,-,-,33.981380462646484,-117.33944702148438,RIVERSIDE,RIVERSIDE,-117.33952331542967,33.983001708984375
90689341,2018,2018-03-26,9840,2018-02-25,1555,017459,NA,7,2,7,3313,0,1,3,NA,2,201,SR-91 W/B,VAN BUREN BLVD.,1029,E,N,A,-,Y,NA,NA,91,NA,NA,NA,NA,NA,W,Y,2,0,1,2,A,-,03,22350,NA,N,C,C,A,A,H,-,A,D,0,NA,NA,Y,NA,Y,NA,C,02,1,0,0,0,0,0,0,0,1,-,-,33.91666030883789,-117.43888854980467,RIVERSIDE,RIVERSIDE,-117.43889617919922,33.91666793823242
90689370,2018,2018-03-26,9840,2018-03-10,1525,018281,NA,6,2,6,3315,0,1,3,NA,2,031,SR-91 E/B,LINCOLN AVE,50,E,N,C,-,Y,NA,NA,91,NA,NA,NA,NA,NA,E,N,4,0,2,2,A,-,03,22350,NA,N,C,C,A,B,H,-,A,D,0,NA,NA,NA,NA,Y,NA,A,01,0,0,2,0,0,0,0,0,0,-,-,33.881710052490234,-117.58226776123048,RIVERSIDE,CORONA,-117.58226776123048,33.881752014160156