CASE_ID,ACCIDENT_YEAR,PROC_DATE,JURIS,COLLISION_DATE,COLLISION_TIME,OFFICER_ID,REPORTING_DISTRICT,DAY_OF_WEEK,CHP_SHIFT,POPULATION,CNTY_CITY_LOC,SPECIAL_COND,BEAT_TYPE,CHP_BEAT_TYPE,CITY_DIVISION_LAPD,CHP_BEAT_CLASS,BEAT_NUMBER,PRIMARY_RD,SECONDARY_RD,DISTANCE,DIRECTION,INTERSECTION,WEATHER_1,WEATHER_2,STATE_HWY_IND,CALTRANS_COUNTY,CALTRANS_DISTRICT,STATE_ROUTE,ROUTE_SUFFIX,POSTMILE_PREFIX,POSTMILE,LOCATION_TYPE,RAMP_INTERSECTION,SIDE_OF_HWY,TOW_AWAY,COLLISION_SEVERITY,NUMBER_KILLED,NUMBER_INJURED,PARTY_COUNT,PRIMARY_COLL_FACTOR,PCF_CODE_OF_VIOL,PCF_VIOL_CATEGORY,PCF_VIOLATION,PCF_VIOL_SUBSECTION,HIT_AND_RUN,TYPE_OF_COLLISION,MVIW,PED_ACTION,ROAD_SURFACE,ROAD_COND_1,ROAD_COND_2,LIGHTING,CONTROL_DEVICE,CHP_ROAD_TYPE,PEDESTRIAN_ACCIDENT,BICYCLE_ACCIDENT,MOTORCYCLE_ACCIDENT,TRUCK_ACCIDENT,NOT_PRIVATE_PROPERTY,ALCOHOL_INVOLVED,STWD_VEHTYPE_AT_FAULT,CHP_VEHTYPE_AT_FAULT,COUNT_SEVERE_INJ,COUNT_VISIBLE_INJ,COUNT_COMPLAINT_PAIN,COUNT_PED_KILLED,COUNT_PED_INJURED,COUNT_BICYCLIST_KILLED,COUNT_BICYCLIST_INJURED,COUNT_MC_KILLED,COUNT_MC_INJURED,PRIMARY_RAMP,SECONDARY_RAMP,LATITUDE,LONGITUDE,COUNTY,CITY,POINT_X,POINT_Y
90689609,2018,2018-04-27,9685,2018-03-23,1750,016096,NA,5,2,4,3307,0,2,4,NA,2,016,GRAND AVE.,ROME HILL ROAD,0,NA,Y,B,-,N,NA,NA,NA,NA,NA,NA,NA,NA,NA,Y,2,0,2,2,A,-,01,23152,A,F,D,C,A,A,H,-,A,A,0,NA,NA,NA,NA,Y,Y,A,01,2,0,0,0,0,0,0,0,0,-,-,33.62575149536133,-117.32324981689452,RIVERSIDE,LAKE ELSINORE,-117.32318115234376,33.625709533691406
90691257,2018,2018-03-27,9840,2018-03-21,0530,019893,NA,3,3,7,3313,0,1,1,NA,2,023,I-215 N/B,MARTIN LUTHER KING BLVD,1200,S,N,A,-,Y,NA,NA,215,NA,NA,NA,NA,NA,N,Y,4,0,1,2,A,-,08,22107,NA,N,B,C,A,A,H,-,D,D,0,NA,NA,NA,NA,Y,NA,A,01,0,0,1,0,0,0,0,0,0,-,-,33.96590042114258,-117.32660675048828,RIVERSIDE,RIVERSIDE,-117.32672119140624,33.965824127197266
90692125,2018,2018-03-28,9630,2018-03-15,0050,021604,NA,4,3,9,3300,0,3,5,NA,2,002,DILLON RD,SR-86,526,S,N,A,-,N,NA,NA,NA,NA,NA,NA,NA,NA,NA,N,2,0,1,2,A,-,11,21956,NA,N,G,B,E,A,H,-,D,D,0,Y,NA,NA,NA,Y,NA,N,60,1,0,0,0,1,0,0,0,0,-,-,33.706600189208984,-116.18292236328124,RIVERSIDE,UNINCORPORATED,-116.18267822265624,33.706748962402344
9069253,2020,2020-11-13,3300,2020-05-06,1206,4007,807A,3,5,6,3345,0,0,0,NA,0,087,GRAND AV,WILDOMAR TRL,0,NA,Y,A,-,N,NA,NA,NA,NA,NA,NA,NA,NA,NA,N,4,0,2,2,A,-,12,21453,A,N,D,C,A,A,H,-,A,A,0,NA,NA,NA,NA,Y,NA,D,22,0,0,2,0,0,0,0,0,0,-,-,NA,NA,RIVERSIDE,JURUPA VALLEY,-117.27815,33.59777
90692737,2018,2018-03-29,9840,2018-03-23,0700,017893,NA,5,1,9,3300,0,3,5,NA,2,003,CAJALCO RD .,TEMESCAL CANYON RD.,6058,E,N,B,-,N,NA,NA,NA,NA,NA,NA,NA,NA,NA,Y,4,0,1,2,A,-,05,21460,A,N,A,C,A,B,H,-,B,D,0,NA,NA,NA,NA,Y,NA,A,01,0,0,1,0,0,0,0,0,0,-,-,33.82820129394531,-117.48290252685548,RIVERSIDE,UNINCORPORATED,-117.5184326171875,33.82096862792969
90692787,2018,2018-03-29,9630,2018-03-18,0505,021416,NA,7,3,9,3300,0,1,1,NA,2,010,E/B I-10,STATE ROUTE 62,3696,E,N,G,-,Y,NA,NA,10,NA,NA,NA,NA,NA,NA,Y,4,0,1,1,A,-,08,22107,NA,N,F,A,A,A,H,-,D,D,0,NA,NA,NA,NA,Y,NA,A,08,0,0,1,0,0,0,0,0,0,-,-,33.91184997558594,-116.59095001220705,RIVERSIDE,UNINCORPORATED,-116.5909423828125,33.9118766784668
9069500,2020,2020-07-14,3309,2020-03-26,2029,118,3309,4,5,4,3309,0,0,0,NA,0,003,INDIO BL,MAPLE ST,13,S,N,-,-,N,NA,NA,NA,NA,NA,NA,NA,NA,NA,N,2,0,2,3,A,-,01,23152,NA,N,D,C,A,A,H,-,C,A,0,NA,NA,NA,NA,Y,Y,A,01,1,0,1,0,0,0,0,0,0,-,-,NA,NA,RIVERSIDE,INDIO,-116.20343780517578,33.71284484863281
90695748,2018,2018-03-30,9685,2018-03-21,0900,015295,NA,3,1,4,3342,0,1,1,NA,2,030,I-15 SOUTHBOUND FROM CALIFORNIA OAKS RD,CALIFORNIA OAKS ROAD,54,S,N,A,-,Y,NA,NA,15,NA,NA,NA,R,NA,S,Y,4,0,1,1,A,-,01,23152,A,N,E,I,A,A,H,-,A,D,0,NA,NA,NA,NA,Y,Y,D,22,0,0,1,0,0,0,0,0,0,-,-,33.56481170654297,-117.20702362060548,RIVERSIDE,MURRIETA,-117.20702362060548,33.56481170654297
90697905,2018,2018-04-03,9655,2018-03-28,1550,015795,NA,3,2,9,3300,0,1,3,NA,2,315,SR-79 N/B,HOLLAND ROAD,20,S,N,A,-,Y,NA,NA,79,NA,NA,NA,NA,NA,N,Y,4,0,2,2,A,-,03,22350,NA,N,C,C,A,A,H,-,A,A,0,NA,NA,NA,NA,Y,NA,A,01,0,0,2,0,0,0,0,0,0,-,-,33.67094039916992,-117.08428192138672,RIVERSIDE,UNINCORPORATED,-117.08479309082033,33.67097091674805
90698209,2018,2018-04-04,9840,2018-03-09,1506,020058,NA,5,2,7,3313,0,1,3,NA,2,021,SR-91 E/B,CRIDGE ST,500,E,N,B,-,Y,NA,NA,91,NA,NA,NA,NA,NA,E,Y,3,0,1,2,A,-,08,22107,NA,N,C,C,A,A,H,-,A,D,0,NA,NA,Y,NA,Y,NA,D,22,0,1,0,0,0,0,0,0,1,-,-,33.970340728759766,-117.37532806396484,RIVERSIDE,RIVERSIDE,-117.37538909912108,33.970375061035156
9069840,2020,2020-09-15,3325,2020-03-11,1610,540,3325,3,5,4,3325,0,0,0,NA,0,001,EAST PALM CANYON DR,MELROSE DR,300,E,N,A,-,Y,RIV,8,111,-,-,47.2,H,-,S,Y,3,0,1,2,A,-,09,21801,A,N,D,C,A,A,H,-,A,D,0,NA,NA,NA,NA,Y,NA,A,01,0,1,0,0,0,0,0,0,0,-,-,NA,NA,RIVERSIDE,CATHEDRAL CITY,-116.48553466796876,33.79044723510742
9069892,2020,2020-06-09,3300,2020-02-14,0931,4579,916B,5,5,4,3312,0,0,0,NA,0,032,NUEVO RD,RUBY DR,40,E,N,A,-,N,NA,NA,NA,NA,NA,NA,NA,NA,NA,NA,4,0,3,2,A,-,00,22110,B,N,C,C,A,A,H,-,A,A,0,NA,NA,NA,NA,Y,NA,A,01,0,0,3,0,0,0,0,0,0,-,-,33.801109313964844,-117.22176361083984,RIVERSIDE,PERRIS,-117.22159576416016,33.80110549926758
90702306,2018,2018-04-10,9840,2018-04-01,0310,017194,NA,7,3,6,3394,0,1,3,NA,2,025,SR-60 W/B,FREDERICK ST,1056,W,N,A,-,Y,NA,NA,60,NA,NA,NA,NA,NA,W,Y,4,0,1,1,A,-,08,22107,NA,N,E,I,A,A,H,-,C,D,0,NA,NA,NA,NA,Y,NA,A,01,0,0,1,0,0,0,0,0,0,-,-,33.94062042236328,-117.26312255859376,RIVERSIDE,MORENO VALLEY,-117.26312255859376,33.94089126586914
90702821,2018,2018-04-10,9685,2018-04-03,2030,015757,NA,2,2,3,3343,0,1,1,NA,2,030,I-15 N/B (TEMECULA VALLEY FWY),CLINTON KEITH RD,5280,S,N,B,-,Y,NA,NA,15,NA,NA,NA,NA,NA,N,Y,4,0,1,2,A,-,03,22350,NA,N,C,C,A,A,H,-,D,D,0,NA,NA,NA,NA,Y,NA,A,01,0,0,1,0,0,0,0,0,0,-,-,33.58509826660156,-117.23239135742188,RIVERSIDE,WILDOMAR,-117.23236846923828,33.58512496948242
90703097,2018,2018-04-11,9840,2018-04-02,1300,016285,NA,1,1,9,3300,0,3,5,NA,2,004,WASHINGTON STREET,VAN BUREN BOULEVARD,1209,N,N,A,-,N,NA,NA,NA,NA,NA,NA,NA,NA,NA,Y,4,0,1,2,A,-,03,22350,NA,N,C,C,A,A,H,-,A,D,0,NA,NA,NA,NA,Y,NA,A,08,0,0,1,0,0,0,0,0,0,-,-,33.88570022583008,-117.36620330810548,RIVERSIDE,UNINCORPORATED,-117.3662338256836,33.885677337646484
90703470,2018,2018-04-11,9840,2018-04-02,1913,014335,NA,1,2,7,3313,0,1,1,NA,2,023,I-215 SOUTHBOUND,MARTIN LUTHER KING BLVD,1350,N,N,A,-,Y,NA,NA,215,NA,NA,NA,NA,NA,S,N,4,0,1,4,A,-,03,22350,NA,N,C,C,A,A,H,-,C,D,0,NA,NA,NA,NA,Y,NA,A,01,0,0,1,0,0,0,0,0,0,-,-,33.97169876098633,-117.33139801025392,RIVERSIDE,RIVERSIDE,-117.33140563964844,33.97169494628906
90703519,2018,2018-04-11,9630,2018-04-10,1820,019943,NA,2,2,4,3309,0,1,1,NA,2,021,I-10 E/B TO JACKSON STREET,JACKSON STREET,165,W,N,A,-,Y,NA,NA,10,NA,NA,NA,R,NA,E,N,3,0,1,2,A,-,03,22350,NA,N,C,C,A,A,H,-,A,A,0,NA,NA,NA,NA,Y,NA,A,07,0,1,0,0,0,0,0,0,0,-,-,33.737300872802734,-116.21700286865234,RIVERSIDE,INDIO,-116.21700286865234,33.737300872802734
90703643,2018,2018-04-11,9840,2018-02-15,1541,018611,NA,4,2,6,3315,0,1,1,NA,2,034,I-15 N/B,MAGNOLIA AVENUE,1500,N,N,A,-,Y,NA,NA,15,NA,NA,NA,NA,NA,N,Y,3,0,1,2,A,-,08,22107,NA,N,B,C,A,A,H,-,A,D,0,NA,NA,Y,NA,Y,NA,C,02,0,1,0,0,0,0,0,0,1,-,-,33.8697509765625,-117.54425811767578,RIVERSIDE,CORONA,-117.54402923583984,33.869808197021484
90704937,2018,2018-04-13,9840,2018-04-08,1615,020360,NA,7,2,7,3313,0,1,3,NA,2,021,SR-91 E/B TO SR-60 W/B,ORANGE ST,2300,E,N,A,-,Y,NA,NA,91,NA,NA,NA,R,NA,E,Y,4,0,1,2,A,-,07,21658,A,N,B,C,A,A,H,-,A,D,0,NA,NA,NA,NA,Y,NA,A,07,0,0,1,0,0,0,0,0,0,-,-,33.99319839477539,-117.35652160644533,RIVERSIDE,RIVERSIDE,-117.35652160644533,33.99319839477539
90705308,2018,2018-04-13,9685,2018-04-04,1600,013376,NA,3,2,9,3300,0,1,3,NA,1,045,SR-371,HOMESTEAD ROAD,6864,W,N,B,-,Y,NA,NA,371,NA,NA,NA,NA,NA,NA,Y,3,0,2,1,A,-,08,22107,NA,N,E,J,A,A,H,-,A,D,0,NA,NA,NA,NA,Y,NA,A,01,0,1,1,0,0,0,0,0,0,-,-,33.54111862182617,-116.74365234375,RIVERSIDE,UNINCORPORATED,-116.74365234375,33.541160583496094
90705841,2018,2018-04-16,9840,2018-02-17,1830,020305,NA,6,2,9,3300,0,3,5,NA,2,002,LA SIERRA AVE,EL SOBRANTE RD,0,NA,Y,A,-,N,NA,NA,NA,NA,NA,NA,NA,NA,NA,N,4,0,1,1,C,-,18,NA,NA,N,E,J,A,A,H,-,D,A,0,NA,NA,NA,NA,Y,NA,-,-,0,0,1,0,0,0,0,0,0,-,-,33.858299255371094,-117.45313262939452,RIVERSIDE,UNINCORPORATED,-117.45350646972656,33.8583984375
90707068,2018,2018-06-20,9655,2018-04-10,1427,017263,NA,2,2,9,3300,0,3,5,NA,2,003,WHITTIER AVE,MERIDIAN ST,0,NA,Y,A,-,N,NA,NA,NA,NA,NA,NA,NA,NA,NA,Y,1,1,0,2,A,-,12,22450,A,N,D,C,A,A,H,-,A,A,0,NA,NA,Y,NA,Y,NA,C,02,0,0,0,0,0,0,0,1,0,-,-,33.736900329589844,-116.92814636230467,RIVERSIDE,UNINCORPORATED,-116.92813110351563,33.73685073852539
90707330,2018,2018-04-17,9685,2018-01-30,0518,015800,NA,2,3,4,3342,0,1,1,NA,2,034,INTERSTATE 215 NORTHBOUND TO LOS ALAMOS,LOS ALAMOS ROAD,495,S,N,A,-,Y,NA,NA,NA,NA,NA,NA,NA,NA,NA,Y,1,1,0,2,A,-,11,21954,A,N,G,B,D,A,H,-,D,D,0,Y,NA,NA,NA,Y,NA,N,60,0,0,0,1,0,0,0,0,0,-,-,33.34189987182617,-117.10484313964844,RIVERSIDE,MURRIETA,-117.18077087402344,33.571624755859375
90707504,2018,2018-04-17,9840,2018-04-01,0312,019893,NA,7,3,7,3313,0,1,1,NA,2,024,I-215 S/B,EASTRIDGE AVE,650,N,N,A,-,Y,NA,NA,215,NA,NA,NA,NA,NA,S,Y,3,0,1,1,A,-,01,23152,A,N,E,I,A,A,H,-,D,D,0,NA,NA,NA,NA,Y,Y,A,01,0,1,0,0,0,0,0,0,0,-,-,33.935420989990234,-117.29026794433594,RIVERSIDE,RIVERSIDE,-117.29033660888672,33.935401916503906
90708225,2018,2018-04-18,9840,2018-04-06,1055,019242,NA,5,1,7,3313,0,1,3,NA,2,020,SR-91 E/B,PIERCE STREET,800,W,N,A,-,Y,NA,NA,91,NA,NA,NA,NA,NA,E,N,4,0,1,2,A,-,07,21658,A,N,F,A,A,A,H,-,A,D,0,NA,NA,Y,NA,Y,NA,A,01,0,0,1,0,0,0,0,0,1,-,-,33.89580154418945,-117.49770355224608,RIVERSIDE,RIVERSIDE,-117.4976806640625,33.895755767822266
90708478,2018,2018-04-18,9685,2018-04-10,0750,015906,NA,2,1,9,3300,0,1,1,NA,2,030,I-15 SOUTHBOUND,RIVERSIDE/SAN DIEGO COUNTY LINE,4752,N,N,A,-,Y,NA,NA,15,NA,NA,NA,NA,NA,S,Y,4,0,2,4,A,-,03,22350,NA,N,C,C,A,A,H,-,A,D,0,NA,NA,NA,NA,Y,NA,A,08,0,0,2,0,0,0,0,0,0,-,-,33.444908142089844,-117.13699340820313,RIVERSIDE,UNINCORPORATED,-117.13707733154295,33.4449348449707
90708535,2018,2018-04-18,9685,2018-04-11,0745,015757,NA,3,1,5,3335,0,1,1,NA,2,030,I-15 S/B (TEMECULA VALLEY FWY),SANTIAGO RD,5,S,N,A,-,Y,NA,NA,15,NA,NA,NA,NA,NA,S,Y,4,0,1,5,A,-,03,22350,NA,N,C,C,A,A,H,-,A,D,0,NA,NA,NA,NA,Y,NA,A,07,0,0,1,0,0,0,0,0,0,-,-,33.49026107788086,-117.14444732666016,RIVERSIDE,TEMECULA,-117.1444091796875,33.49027633666992
90708665,2018,2018-04-19,9840,2018-04-12,1525,015705,NA,4,2,7,3313,0,1,3,NA,2,020,SR-91 E/B,TYLER ST.,250,W,N,A,-,Y,NA,NA,91,NA,NA,NA,NA,NA,E,N,3,0,1,2,A,-,03,22350,NA,N,C,C,A,A,H,-,A,D,0,NA,NA,NA,NA,Y,NA,D,22,0,1,0,0,0,0,0,0,0,-,-,33.90515899658203,-117.45879364013672,RIVERSIDE,RIVERSIDE,-117.4587860107422,33.905155181884766
90709633,2018,2018-04-20,9840,2018-04-07,2343,018849,NA,6,3,7,3313,0,1,3,NA,2,021,SR-91 W/B,MADISON ST,1710,W,N,A,-,Y,NA,NA,91,NA,NA,NA,NA,NA,W,Y,3,0,1,1,A,-,08,22107,NA,N,E,I,A,A,H,-,C,D,0,NA,NA,NA,NA,Y,NA,A,01,0,1,0,0,0,0,0,0,0,-,-,33.9332389831543,-117.41004180908205,RIVERSIDE,RIVERSIDE,-117.40996551513672,33.93310546875
90710181,2018,2018-04-23,9840,2018-04-14,1500,020945,NA,6,2,9,3300,0,3,5,NA,2,004,MERIDIAN PARKWAY,CACTUS AVE.,320,S,N,A,-,N,NA,NA,NA,NA,NA,NA,NA,NA,NA,Y,4,0,2,1,A,-,08,22107,NA,N,E,I,A,A,H,-,A,D,0,NA,NA,NA,NA,Y,NA,A,01,0,0,2,0,0,0,0,0,0,-,-,33.90761947631836,-117.28717803955078,RIVERSIDE,UNINCORPORATED,-117.28716278076172,33.90761947631836
9071072,2019,2020-05-12,3313,2019-12-15,0038,1934,2,7,5,7,3313,0,0,0,NA,0,1R23,CHICAGO AV,ALESSANDRO BL,0,NA,Y,A,-,N,NA,NA,NA,NA,NA,NA,NA,NA,NA,N,4,0,1,2,A,-,09,21800,A,N,H,G,A,A,H,-,C,A,0,NA,Y,NA,NA,Y,NA,A,01,0,0,1,0,0,0,1,0,0,-,-,33.94443893432617,-117.35434722900392,RIVERSIDE,RIVERSIDE,-117.35431671142578,33.94477844238281
90712603,2018,2018-04-25,9840,2018-04-19,0910,014497,NA,4,1,9,3300,0,3,5,NA,2,003,CAJALCO ROAD,LA SIERRA AVENUE,2112,W,N,B,C,N,NA,NA,NA,NA,NA,NA,NA,NA,NA,Y,4,0,1,1,A,-,08,22107,NA,N,E,J,A,B,H,-,A,D,0,NA,NA,NA,NA,Y,NA,A,01,0,0,1,0,0,0,0,0,0,-,-,33.82997131347656,-117.4673080444336,RIVERSIDE,UNINCORPORATED,-117.46707916259766,33.829673767089844
9071268,2020,2020-11-20,3311,2020-06-08,0746,15842,NA,1,5,4,3311,0,0,0,NA,0,004,FARRELL DR,RT 111,0,NA,Y,A,-,Y,RIV,8,111,-,T,52.371,I,5,S,Y,2,0,4,3,A,-,12,21453,A,F,D,C,A,A,H,-,A,A,0,NA,NA,NA,NA,Y,NA,A,07,1,1,2,0,0,0,0,0,0,-,-,33.84450149536133,-116.51959991455078,RIVERSIDE,PALM SPRINGS,-116.51941680908205,33.84489059448242
90712990,2018,2018-04-25,9630,2018-04-16,1600,019943,NA,1,2,9,3300,0,2,S,NA,2,404,RAMON RD,DESERT MOON DR,0,NA,Y,A,-,N,NA,NA,NA,NA,NA,NA,NA,NA,NA,Y,3,0,1,2,A,-,09,21802,A,N,D,C,A,A,H,-,A,A,0,NA,NA,NA,NA,Y,NA,A,01,0,1,0,0,0,0,0,0,0,-,-,33.81639862060547,-116.37969970703124,RIVERSIDE,UNINCORPORATED,-116.37969207763672,33.816429138183594
90713368,2018,2018-04-26,9655,2018-04-08,0130,020963,NA,7,3,9,3300,0,1,1,NA,2,202,MALKI ROAD,SEMINOLE DRIVE,36,S,N,A,-,Y,NA,NA,NA,NA,NA,NA,NA,NA,NA,Y,4,0,2,1,A,-,08,22107,NA,N,E,I,A,A,H,-,C,D,0,NA,NA,NA,Y,Y,NA,G,25,0,0,2,0,0,0,0,0,0,-,-,33.93220138549805,-116.82440185546876,RIVERSIDE,UNINCORPORATED,-116.82149505615234,33.931514739990234
90717241,2018,2018-05-01,9685,2018-04-21,0845,015360,NA,6,1,5,3335,0,1,1,NA,2,030,I-15 SOUTHBOUND,RANCHO CALIFORNIA RD.,1584,S,N,A,-,Y,NA,NA,NA,NA,NA,NA,NA,NA,NA,Y,4,0,1,2,A,-,03,22350,NA,N,C,C,A,A,H,-,A,D,0,NA,NA,NA,NA,Y,NA,A,01,0,0,1,0,0,0,0,0,0,-,-,33.38587188720703,-117.17186737060548,RIVERSIDE,TEMECULA,-117.1488800048828,33.49699020385742
9071760,2020,2020-05-16,3313,2020-01-25,1329,1831,5,6,5,7,3313,0,0,0,NA,0,T45,CALIFORNIA AV,BAGGETT DR,82,E,N,A,-,N,NA,NA,NA,NA,NA,NA,NA,NA,NA,NA,3,0,3,3,A,-,08,22107,NA,N,G,B,F,A,H,-,A,D,0,Y,NA,NA,NA,Y,NA,A,01,0,2,1,0,1,0,0,0,0,-,-,NA,NA,RIVERSIDE,RIVERSIDE,-117.47128295898438,33.91896057128906
9071805,2019,2020-05-16,3313,2019-08-19,1052,1026,5,1,5,7,3313,0,0,0,NA,0,T52,MAGNOLIA AV,BUCHANAN ST,806,W,N,A,-,N,NA,NA,NA,NA,NA,NA,NA,NA,NA,Y,3,0,2,2,A,-,09,21801,A,F,D,C,A,A,H,-,A,D,0,NA,NA,NA,NA,Y,NA,A,01,0,1,1,0,0,0,0,0,0,-,-,33.89067840576172,-117.49941253662108,RIVERSIDE,RIVERSIDE,-117.50077056884766,33.88966369628906
90718255,2018,2018-05-02,9685,2018-04-23,2030,013925,NA,1,2,9,3300,0,3,5,NA,2,003,AULD ROAD,POURROY ROAD,220,E,N,A,-,N,NA,NA,NA,NA,NA,NA,NA,NA,NA,N,4,0,1,1,A,-,08,22107,NA,N,E,I,A,A,H,-,C,D,0,NA,NA,NA,NA,Y,NA,D,22,0,0,1,0,0,0,0,0,0,-,-,33.58380126953125,-117.10041809082033,RIVERSIDE,UNINCORPORATED,-117.10043334960938,33.583683013916016
90718340,2018,2018-05-02,9685,2018-04-24,0645,012190,NA,2,1,5,3335,0,1,1,NA,2,030,I-15 S/B,SR-79 (WINCHESTER RD),2640,N,N,A,-,Y,NA,NA,15,NA,NA,NA,NA,NA,S,Y,3,0,2,3,A,-,03,22350,NA,N,C,C,A,A,H,-,A,D,0,NA,NA,NA,NA,Y,NA,D,22,0,1,1,0,0,0,0,0,0,-,-,33.5293083190918,-117.16783905029295,RIVERSIDE,TEMECULA,-117.16777801513672,33.529354095458984
90718884,2018,2018-05-03,9840,2018-04-26,1820,019844,NA,4,2,6,3345,0,1,3,NA,2,101,SR-60 E/B,VALLEY WAY,2640,W,N,A,-,Y,NA,NA,60,NA,NA,NA,NA,NA,E,Y,3,0,2,3,A,-,03,22350,NA,N,C,C,A,A,H,-,A,D,0,NA,NA,NA,NA,Y,NA,A,01,0,1,1,0,0,0,0,0,0,-,-,34.01329040527344,-117.44255065917967,RIVERSIDE,JURUPA VALLEY,-117.44255828857422,34.013187408447266
9071889,2019,2020-08-18,3308,2019-11-08,0711,10470,564,5,5,5,3308,0,0,0,NA,0,SOUTH,MUSTANG WY,REXFORD DR,0,NA,Y,A,-,N,NA,NA,NA,NA,NA,NA,NA,NA,NA,N,3,0,1,2,A,-,05,21650,1,N,D,G,A,A,H,-,A,A,0,NA,Y,NA,NA,Y,NA,L,04,0,1,0,0,0,0,1,0,0,-,-,33.719791412353516,-117.01219940185548,RIVERSIDE,HEMET,-117.01210784912108,33.71976089477539
90719394,2018,2018-05-03,9685,2018-04-24,0645,015295,NA,2,1,5,3335,0,1,1,NA,2,030,INTERSTATE 15 SOUTHBOUND,SANTIAGO ROAD,1056,S,N,A,-,Y,NA,NA,15,NA,NA,NA,NA,NA,S,Y,3,0,1,2,A,-,03,22350,NA,N,C,C,A,A,H,-,A,D,0,NA,NA,NA,NA,Y,NA,A,01,0,1,0,0,0,0,0,0,0,-,-,33.48849105834961,-117.14383697509766,RIVERSIDE,TEMECULA,-117.14376068115234,33.48851776123047
90719827,2018,2018-05-04,9840,2018-04-28,1734,018611,NA,6,2,7,3313,0,1,1,NA,2,023,I-215 N/B,CENTRAL AVENUE,2500,S,N,A,-,Y,NA,NA,215,NA,NA,NA,NA,NA,N,N,4,0,3,3,A,-,03,22350,NA,N,C,C,A,A,H,-,A,D,0,NA,NA,NA,NA,Y,NA,A,01,0,0,3,0,0,0,0,0,0,-,-,33.95436096191406,-117.30471801757813,RIVERSIDE,RIVERSIDE,-117.30474853515624,33.95433807373047
90723657,2018,2018-05-10,9685,2018-04-30,0650,014267,NA,1,1,5,3341,0,1,1,NA,2,020,INTERSTATE 215 (S/B),MCCALL BLVD.,3330,S,N,B,-,Y,NA,NA,215,NA,NA,NA,NA,NA,NA,Y,4,0,1,2,A,-,07,21658,A,N,B,C,A,A,H,-,A,D,0,NA,NA,NA,Y,Y,NA,A,01,0,0,1,0,0,0,0,0,0,-,-,33.70664978027344,-117.18562316894533,RIVERSIDE,MENIFEE,-117.18553924560548,33.70671081542969
90723872,2018,2018-05-10,9840,2018-05-03,2350,020262,NA,4,3,6,3345,0,1,1,NA,2,011,I-15 N/B,LIMONITE AVE,2170,N,N,A,-,Y,NA,NA,15,NA,NA,NA,NA,NA,N,Y,4,0,2,2,A,-,03,22350,NA,N,C,C,A,A,D,-,D,D,0,NA,NA,NA,NA,Y,NA,D,22,0,0,2,0,0,0,0,0,0,-,-,33.98093032836914,-117.54873657226563,RIVERSIDE,JURUPA VALLEY,-117.54871368408205,33.98093032836914
90723912,2018,2018-05-10,9685,2018-05-05,0900,013376,NA,6,1,9,3300,0,2,4,NA,2,016,GRAND AVENUE,VERDA LANE,0,NA,Y,A,-,N,NA,NA,NA,NA,NA,NA,NA,NA,NA,N,3,0,1,2,A,-,09,21801,A,N,D,G,A,A,H,-,A,D,0,NA,Y,NA,NA,Y,NA,A,01,0,1,0,0,0,0,1,0,0,-,-,33.592140197753906,-117.24185943603516,RIVERSIDE,UNINCORPORATED,-117.33199310302734,33.631141662597656
90724016,2018,2018-05-10,9840,2018-05-08,1656,014916,NA,2,2,7,3313,0,1,1,NA,2,023,I-215 S/B,CANYON CREST DR.,528,N,N,A,-,Y,NA,NA,215,NA,NA,NA,NA,NA,S,N,4,0,1,2,A,-,03,22350,NA,N,C,C,A,A,H,-,A,D,0,NA,NA,NA,NA,Y,NA,A,07,0,0,1,0,0,0,0,0,0,-,-,33.97154998779297,-117.33129119873048,RIVERSIDE,RIVERSIDE,-117.3312759399414,33.97156524658203
90724103,2018,2018-05-10,9840,2018-05-05,0729,020945,NA,6,1,9,3300,0,2,4,NA,2,042,VAN BUREN BLVD.,WASHINGTON ST.,500,E,N,A,-,N,NA,NA,NA,NA,NA,NA,NA,NA,NA,Y,4,0,1,2,A,-,03,22350,NA,F,C,C,A,A,H,-,A,D,0,NA,NA,NA,NA,Y,NA,A,01,0,0,1,0,0,0,0,0,0,-,-,33.882408142089844,-117.36396026611328,RIVERSIDE,UNINCORPORATED,-117.3645477294922,33.88230895996094
90724479,2018,2018-05-11,9685,2018-04-26,1548,014519,NA,4,2,9,3300,0,1,1,NA,2,030,I-15 NORTHBOUND,RAINBOW VALLEY BLVD,5280,N,N,A,-,Y,NA,NA,15,NA,NA,NA,NA,NA,N,N,4,0,1,2,A,-,03,22350,NA,N,C,C,A,A,H,-,A,D,0,NA,NA,NA,NA,Y,NA,D,22,0,0,1,0,0,0,0,0,0,-,-,33.4474983215332,-117.13591003417967,RIVERSIDE,UNINCORPORATED,-117.13581848144533,33.447471618652344