CASE_ID,ACCIDENT_YEAR,PROC_DATE,JURIS,COLLISION_DATE,COLLISION_TIME,OFFICER_ID,REPORTING_DISTRICT,DAY_OF_WEEK,CHP_SHIFT,POPULATION,CNTY_CITY_LOC,SPECIAL_COND,BEAT_TYPE,CHP_BEAT_TYPE,CITY_DIVISION_LAPD,CHP_BEAT_CLASS,BEAT_NUMBER,PRIMARY_RD,SECONDARY_RD,DISTANCE,DIRECTION,INTERSECTION,WEATHER_1,WEATHER_2,STATE_HWY_IND,CALTRANS_COUNTY,CALTRANS_DISTRICT,STATE_ROUTE,ROUTE_SUFFIX,POSTMILE_PREFIX,POSTMILE,LOCATION_TYPE,RAMP_INTERSECTION,SIDE_OF_HWY,TOW_AWAY,COLLISION_SEVERITY,NUMBER_KILLED,NUMBER_INJURED,PARTY_COUNT,PRIMARY_COLL_FACTOR,PCF_CODE_OF_VIOL,PCF_VIOL_CATEGORY,PCF_VIOLATION,PCF_VIOL_SUBSECTION,HIT_AND_RUN,TYPE_OF_COLLISION,MVIW,PED_ACTION,ROAD_SURFACE,ROAD_COND_1,ROAD_COND_2,LIGHTING,CONTROL_DEVICE,CHP_ROAD_TYPE,PEDESTRIAN_ACCIDENT,BICYCLE_ACCIDENT,MOTORCYCLE_ACCIDENT,TRUCK_ACCIDENT,NOT_PRIVATE_PROPERTY,ALCOHOL_INVOLVED,STWD_VEHTYPE_AT_FAULT,CHP_VEHTYPE_AT_FAULT,COUNT_SEVERE_INJ,COUNT_VISIBLE_INJ,COUNT_COMPLAINT_PAIN,COUNT_PED_KILLED,COUNT_PED_INJURED,COUNT_BICYCLIST_KILLED,COUNT_BICYCLIST_INJURED,COUNT_MC_KILLED,COUNT_MC_INJURED,PRIMARY_RAMP,SECONDARY_RAMP,LATITUDE,LONGITUDE,COUNTY,CITY,POINT_X,POINT_Y
91108018,2019,2019-10-28,9840,2019-10-18,1113,018949,NA,5,1,6,3394,0,1,3,NA,2,025,SR-60 E/B,FREDERICK ST,2000,E,N,A,-,Y,NA,NA,60,NA,NA,NA,NA,NA,E,Y,4,0,1,2,A,-,03,22350,NA,N,B,C,A,A,H,-,A,D,0,NA,NA,NA,NA,Y,NA,A,01,0,0,1,0,0,0,0,0,0,-,-,33.94083023071289,-117.2547607421875,RIVERSIDE,MORENO VALLEY,-117.2547607421875,33.940834045410156
91108195,2019,2019-10-28,9840,2019-10-14,1440,020455,NA,1,2,6,3315,0,1,1,NA,2,034,I-15 S/B,EL CERRITO RD,1525,N,N,A,-,Y,NA,NA,15,NA,NA,NA,NA,NA,S,Y,3,0,1,1,A,-,08,22107,NA,N,F,A,A,A,D,-,A,D,0,NA,NA,NA,Y,Y,NA,G,25,0,1,0,0,0,0,0,0,0,-,-,33.836360931396484,-117.53262329101563,RIVERSIDE,CORONA,-117.5325164794922,33.83641815185547
9111013,2020,2020-08-31,3313,2020-06-08,0630,2019,5,1,5,7,3313,0,0,0,NA,0,T75,RIVERWALK PKWY,COLLETT AV,0,NA,Y,A,G,N,NA,NA,NA,NA,NA,NA,NA,NA,NA,NA,4,0,1,2,A,-,12,21453,A,N,D,C,A,A,H,-,A,A,0,NA,NA,NA,NA,Y,NA,A,01,0,0,1,0,0,0,0,0,0,-,-,33.90610122680664,-117.49385833740234,RIVERSIDE,RIVERSIDE,-117.49407958984376,33.906028747558594
91110186,2019,2019-10-30,9685,2019-10-29,1735,015027,NA,2,2,9,3300,0,1,1,NA,2,034,N/B INTERSTATE 215 TO CLINTON KEITH RD,CLINTON KEITH RD,5,S,N,A,-,Y,NA,NA,NA,NA,NA,NA,NA,NA,NA,Y,4,0,1,2,A,-,03,22350,NA,N,C,C,A,A,H,-,B,A,0,NA,NA,Y,NA,Y,NA,A,01,0,0,1,0,0,0,0,0,1,-,-,33.59803009033203,-117.17323303222656,RIVERSIDE,UNINCORPORATED,NA,NA
91111349,2019,2019-11-01,9840,2019-10-23,1557,019527,NA,3,2,7,3313,0,1,1,NA,2,022,I-215 S/B,CENTER ST,2000,S,N,A,-,Y,NA,NA,NA,NA,NA,NA,NA,NA,NA,Y,2,0,2,3,A,-,03,22350,NA,N,C,C,A,A,H,-,A,D,0,NA,NA,NA,NA,Y,NA,A,01,1,0,1,0,0,0,0,0,0,-,-,33.01060104370117,-117.34587097167967,RIVERSIDE,RIVERSIDE,NA,NA
9111524,2020,2020-06-25,3308,2020-03-27,2213,10548,518,5,5,5,3308,0,0,0,NA,0,NORTH,PARK AV,CAJON ST,86,S,N,A,-,N,NA,NA,NA,NA,NA,NA,NA,NA,NA,Y,3,0,1,1,A,-,03,22350,NA,N,F,I,A,A,H,-,D,D,0,NA,NA,NA,NA,Y,Y,A,01,0,1,0,0,0,0,0,0,0,-,-,NA,NA,RIVERSIDE,HEMET,-116.95157623291016,33.76140594482422
91116768,2019,2019-11-08,9655,2019-10-13,1220,018905,NA,7,1,3,3302,0,1,1,NA,2,202,I-10 W/B,PENNSYLVANIA AVE,528,W,N,A,-,Y,NA,NA,10,NA,NA,NA,NA,NA,W,N,4,0,1,2,A,-,03,22350,NA,M,C,C,A,A,H,-,A,D,0,NA,NA,NA,NA,Y,NA,A,01,0,0,1,0,0,0,0,0,0,-,-,33.927459716796875,-116.96752166748048,RIVERSIDE,BEAUMONT,-116.96752166748048,33.92744064331055
91117038,2019,2019-11-11,9630,2019-11-02,1830,020445,NA,6,2,9,3300,0,3,5,NA,2,505,70TH AVENUE,CLEVELAND STREET,2112,E,N,A,-,N,NA,NA,NA,NA,NA,NA,NA,NA,NA,Y,3,0,5,2,A,-,09,21801,B,N,D,C,A,A,H,-,D,D,0,NA,NA,NA,NA,Y,NA,D,22,0,2,3,0,0,0,0,0,0,-,-,33.540069580078125,-115.96714019775392,RIVERSIDE,UNINCORPORATED,-115.96725463867188,33.5400505065918
91119487,2019,2019-11-13,9840,2019-11-02,1430,021194,NA,6,2,9,3300,0,3,5,NA,2,004,WASHINGTON ST,VAN BUREN BLVD,90,N,N,A,-,N,NA,NA,NA,NA,NA,NA,NA,NA,NA,N,4,0,1,2,A,-,03,22350,NA,N,C,C,A,A,H,-,A,D,0,NA,NA,NA,NA,Y,NA,A,01,0,0,1,0,0,0,0,0,0,-,-,33.8828010559082,-117.36615753173828,RIVERSIDE,UNINCORPORATED,-117.3661651611328,33.88261795043945
91120163,2019,2019-11-14,9685,2019-11-06,1817,015050,NA,3,2,4,3307,0,1,1,NA,2,010,I-15 NORTHBOUND,RAILROAD CANYON RD.,2112,S,N,A,-,Y,NA,NA,15,NA,NA,NA,NA,NA,N,Y,4,0,1,2,A,-,07,21658,A,F,C,C,A,A,H,-,D,A,0,NA,NA,Y,NA,Y,NA,A,07,0,0,1,0,0,0,0,0,1,-,-,33.6593017578125,-117.29534912109376,RIVERSIDE,LAKE ELSINORE,-117.29547119140624,33.659202575683594
91120540,2019,2019-11-14,9840,2019-11-05,0710,014868,NA,2,1,6,3345,0,1,3,NA,2,010,SR-60 W/B,RUBIDOUX BLVD,1056,W,N,A,-,Y,NA,NA,60,NA,NA,NA,NA,NA,W,N,4,0,1,3,A,-,03,22350,NA,F,C,C,A,A,H,-,A,D,0,NA,NA,NA,NA,Y,NA,-,99,0,0,1,0,0,0,0,0,0,-,-,34.004451751708984,-117.40216064453124,RIVERSIDE,JURUPA VALLEY,-117.40216827392578,34.004512786865234
91120764,2019,2019-11-14,9655,2019-11-10,1729,018383,NA,7,2,9,3300,0,1,3,NA,1,215,SR-243,MT. EDNA RD,3960,N,N,A,-,Y,NA,NA,243,NA,NA,NA,NA,NA,NA,Y,4,0,1,1,A,-,01,23152,A,N,F,A,A,A,H,-,A,D,0,NA,NA,NA,NA,Y,Y,A,07,0,0,1,0,0,0,0,0,0,-,-,33.89002990722656,-116.8581771850586,RIVERSIDE,UNINCORPORATED,-116.85823059082033,33.89006042480469
91124579,2019,2019-11-20,9840,2019-11-08,0835,018221,NA,5,1,6,3315,0,1,3,NA,2,031,SR-91 E/B,MAIN ST.,2000,W,N,A,-,Y,NA,NA,91,NA,NA,NA,NA,NA,E,N,4,0,1,3,A,-,08,22107,NA,F,B,D,A,A,H,-,A,D,0,NA,NA,NA,Y,Y,NA,A,07,0,0,1,0,0,0,0,0,0,-,-,33.880279541015625,-117.57266235351563,RIVERSIDE,CORONA,-117.57260894775392,33.88072204589844
91124635,2019,2019-11-20,9840,2019-11-08,0840,019242,NA,5,1,7,3313,0,1,1,NA,2,023,I-215 N/B,FAIR ISLE DR,200,S,N,A,-,Y,NA,NA,215,NA,NA,NA,NA,NA,N,Y,4,0,1,3,A,-,03,22350,NA,N,C,C,A,A,H,-,A,D,0,NA,NA,Y,NA,Y,NA,C,02,0,0,1,0,0,0,0,0,1,-,-,33.94770050048828,-117.30049896240234,RIVERSIDE,RIVERSIDE,-117.30050659179688,33.947689056396484
91125022,2019,2019-11-20,9630,2019-09-07,1450,020445,NA,6,2,4,3309,0,1,1,NA,2,021,INTERSTATE 10 EASTBOUND,MONROE STREET,1584,E,N,A,-,Y,NA,NA,10,NA,NA,NA,NA,NA,E,Y,3,0,1,2,A,-,08,22107,NA,N,B,C,A,A,H,-,A,D,0,NA,NA,NA,NA,Y,NA,A,01,0,1,0,0,0,0,0,0,0,-,-,33.73896026611328,-116.22811126708984,RIVERSIDE,INDIO,-116.22811889648438,33.738887786865234
91127360,2019,2019-11-22,9840,2019-11-11,2225,018072,NA,1,3,7,3313,0,1,3,NA,2,021,SR-91 WB FROM 10TH STREET,LIME STREET,82,W,N,A,-,Y,NA,NA,91,NA,NA,NA,R,NA,W,Y,4,0,4,1,A,-,08,22107,NA,N,E,I,A,A,H,-,D,D,0,NA,NA,NA,NA,Y,NA,A,01,0,0,4,0,0,0,0,0,0,-,-,33.977779388427734,-117.3720703125,RIVERSIDE,RIVERSIDE,-117.3720703125,33.977779388427734
91127833,2019,2019-11-22,9840,2019-11-14,1300,018949,NA,4,1,7,3313,0,1,3,NA,2,010,SR-60 W/B,MARKET ST,500,E,N,A,-,Y,NA,NA,60,NA,NA,NA,NA,NA,W,Y,4,0,2,2,A,-,03,22350,NA,N,C,C,A,A,H,-,A,D,0,NA,NA,NA,NA,Y,NA,A,01,0,0,2,0,0,0,0,0,0,-,-,33.99993896484375,-117.37310028076172,RIVERSIDE,RIVERSIDE,-117.3730926513672,33.999961853027344
91128843,2019,2019-11-25,9685,2019-11-20,2125,016885,NA,3,2,9,3300,0,3,5,NA,2,003,RANCHO CALIFORNIA ROAD,ANZA ROAD,0,NA,Y,A,-,N,NA,NA,NA,NA,NA,NA,NA,NA,NA,Y,3,0,1,1,A,-,01,23152,A,N,E,I,A,A,H,-,C,A,0,NA,NA,NA,NA,Y,Y,A,01,0,1,0,0,0,0,0,0,0,-,-,33.5335807800293,-117.05631256103516,RIVERSIDE,UNINCORPORATED,-117.055914,33.533784
9112970,2020,2020-09-04,3313,2020-06-16,0900,2019,1,2,5,7,3313,0,0,0,NA,0,T75,LEMON ST,12TH ST,0,NA,Y,B,-,N,NA,NA,NA,NA,NA,NA,NA,NA,NA,NA,4,0,1,2,A,-,09,21800,NA,N,D,C,A,A,H,-,A,A,0,NA,NA,NA,NA,Y,NA,A,01,0,0,1,0,0,0,0,0,0,-,-,33.975669860839844,-117.37439727783205,RIVERSIDE,RIVERSIDE,-117.37476348876952,33.97700881958008
91130276,2019,2019-11-26,9840,2019-11-17,2031,019566,NA,7,2,6,3315,0,1,1,NA,2,034,I-15 NB,PARK RIDGE AVE,400,S,N,A,-,Y,NA,NA,15,NA,NA,NA,NA,NA,N,Y,4,0,2,3,A,-,03,22350,NA,N,C,C,A,A,D,-,D,D,0,NA,NA,NA,NA,Y,NA,A,01,0,0,2,0,0,0,0,0,0,-,-,33.88505172729492,-117.54924774169922,RIVERSIDE,CORONA,-117.54924011230467,33.88505554199219
91130638,2019,2019-11-27,9840,2019-11-03,1230,018221,NA,7,1,9,3300,0,2,4,NA,2,039,MAGNOLIA AVE.,TRUMAN ST.,344,E,N,A,-,N,NA,NA,NA,NA,NA,NA,NA,NA,NA,Y,3,0,1,4,A,-,01,23152,A,N,C,E,A,A,H,-,A,D,0,NA,NA,NA,NA,Y,Y,A,01,0,1,0,0,0,0,0,0,0,-,-,33.879638671875,-117.5177764892578,RIVERSIDE,UNINCORPORATED,-117.5178451538086,33.879661560058594
91130844,2019,2019-11-27,9840,2019-11-18,0955,017459,NA,1,1,7,3313,0,1,1,NA,2,022,I-215 S/B,CENTER ST.,900,S,N,A,-,Y,NA,NA,215,NA,NA,NA,NA,NA,S,Y,3,0,2,2,A,-,03,22350,NA,N,C,C,A,A,H,-,A,D,0,NA,NA,NA,NA,Y,NA,D,22,0,2,0,0,0,0,0,0,0,-,-,34.01240158081055,-117.3447036743164,RIVERSIDE,RIVERSIDE,-117.3447036743164,34.01240539550781
91132041,2019,2019-12-02,9840,2019-11-10,1300,018550,NA,7,1,6,3394,0,1,1,NA,2,024,I-215 N/B,EUCALUPTUS DR,1056,S,N,A,-,Y,NA,NA,215,NA,NA,NA,NA,NA,N,N,4,0,1,2,A,-,03,22350,NA,N,C,C,A,A,H,-,A,D,0,NA,NA,NA,NA,Y,NA,A,07,0,0,1,0,0,0,0,0,0,-,-,33.92660903930664,-117.28856658935548,RIVERSIDE,MORENO VALLEY,-117.28856658935548,33.92660903930664
91132830,2019,2019-12-02,9840,2019-11-20,1725,016619,NA,3,2,7,3313,0,1,3,NA,2,010,SR-60 W/B,MAIN ST,50,W,N,B,-,Y,NA,NA,NA,NA,NA,NA,NA,NA,NA,Y,4,0,1,2,A,-,03,22350,NA,N,C,C,A,A,H,-,D,D,0,NA,NA,NA,NA,Y,NA,A,07,0,0,1,0,0,0,0,0,0,-,-,33.5948486328125,-117.21544647216795,RIVERSIDE,RIVERSIDE,-117.36489868164063,33.99658966064453
91134162,2019,2019-12-03,9685,2019-11-28,1420,016502,NA,4,2,9,3300,0,3,5,NA,2,004,ELDER CREEK RD.,WIASMUL RD.,225,W,N,B,D,N,NA,NA,NA,NA,NA,NA,NA,NA,NA,N,4,0,1,2,A,-,03,22350,NA,N,A,C,A,C,H,-,A,D,0,NA,NA,NA,NA,Y,NA,D,22,0,0,1,0,0,0,0,0,0,-,-,33.48609924316406,-116.73500061035156,RIVERSIDE,UNINCORPORATED,-116.73497009277344,33.48615646362305
9113468,2020,2020-11-14,3300,2020-06-02,0925,4323,910K,2,5,5,3335,0,0,0,NA,0,064,RANCHO CALIFORNIA RD,RT 15,0,NA,Y,A,-,Y,RIV,8,15,-,-,5.112,R,4,S,Y,4,0,1,2,A,-,09,21453,C,N,D,C,A,A,H,-,A,A,0,NA,NA,NA,NA,Y,NA,D,22,0,0,1,0,0,0,0,0,0,-,-,NA,NA,RIVERSIDE,TEMECULA,-117.15240478515624,33.502540588378906
91134787,2019,2019-12-03,9840,2019-11-25,0145,021047,NA,1,3,6,3315,0,1,3,NA,2,031,SR-91 EASTBOUND,MCKINLEY ST.,1900,W,N,A,-,Y,NA,NA,91,NA,NA,NA,NA,NA,E,Y,4,0,1,1,A,-,08,22107,NA,N,E,I,A,A,H,-,C,D,0,NA,NA,NA,NA,Y,NA,A,01,0,0,1,0,0,0,0,0,0,-,-,33.88396072387695,-117.52368927001952,RIVERSIDE,CORONA,-117.52371978759766,33.88418197631836
91134882,2019,2019-12-03,9655,2019-11-20,1233,017263,NA,3,1,9,3300,0,3,5,NA,2,002,SEMINOLE DR,MORONGO TRAIL,2640,E,N,C,-,N,NA,NA,NA,NA,NA,NA,NA,NA,NA,Y,4,0,1,2,A,-,09,21801,A,N,A,C,A,B,H,-,A,D,0,NA,NA,NA,NA,Y,NA,A,01,0,0,1,0,0,0,0,0,0,-,-,33.919498443603516,-116.79653167724608,RIVERSIDE,UNINCORPORATED,NA,NA
91136110,2019,2019-12-04,9655,2019-11-22,2202,018708,NA,5,3,9,3300,0,3,5,NA,2,003,SOBOBA ST,WHITTIER AVE,0,NA,Y,A,-,N,NA,NA,NA,NA,NA,NA,NA,NA,NA,Y,3,0,1,2,A,-,12,22450,A,F,D,C,A,A,H,-,D,A,0,NA,NA,NA,NA,Y,NA,A,01,0,1,0,0,0,0,0,0,0,-,-,33.73686981201172,-116.9194793701172,RIVERSIDE,UNINCORPORATED,-116.91948699951172,33.736900329589844
91136572,2019,2019-12-05,9660,2019-12-01,1709,022114,NA,7,2,9,3300,0,1,1,NA,2,030,E/B I-10,CORN SPRINGS RD. O/C.,21120,W,N,A,-,Y,NA,NA,10,NA,NA,NA,NA,NA,NA,Y,4,0,2,6,A,-,03,22350,NA,N,G,C,A,A,H,-,A,D,0,NA,NA,NA,NA,Y,NA,A,01,0,0,2,0,0,0,0,0,0,-,-,33.70140075683594,-115.30899810791016,RIVERSIDE,UNINCORPORATED,-115.30900573730467,33.70137405395508
91136585,2019,2019-12-05,9840,2019-11-05,1750,019527,NA,2,2,7,3313,0,1,3,NA,2,021,SR-91 E/B,IVY ST,1600,E,N,A,-,Y,NA,NA,91,NA,NA,NA,NA,NA,E,N,4,0,1,3,A,-,03,22350,NA,N,C,C,A,A,H,-,C,D,0,NA,NA,NA,NA,Y,NA,D,22,0,0,1,0,0,0,0,0,0,-,-,33.964229583740234,-117.37735748291016,RIVERSIDE,RIVERSIDE,-117.37740325927734,33.9642333984375
91139001,2019,2019-12-10,9655,2019-11-28,2320,019449,NA,4,3,9,3300,0,1,1,NA,2,206,I-10 W/B,MAIN STREET,14256,E,N,C,-,Y,NA,NA,10,NA,NA,NA,NA,NA,W,Y,4,0,1,1,A,-,03,22350,NA,N,F,A,A,B,H,-,D,D,0,NA,NA,NA,NA,Y,NA,A,01,0,0,1,0,0,0,0,0,0,-,-,33.9249382019043,-116.73538970947266,RIVERSIDE,UNINCORPORATED,-116.73538970947266,33.9249153137207
91140224,2019,2019-12-10,9840,2019-12-07,1815,020058,NA,6,2,6,3315,0,1,3,NA,2,031,SR-91 E/B,I-15,300,E,N,B,C,Y,NA,NA,91,NA,NA,NA,NA,NA,E,N,4,0,1,3,A,-,03,22350,NA,N,C,C,A,B,H,-,C,D,0,NA,NA,NA,NA,Y,NA,D,22,0,0,1,0,0,0,0,0,0,-,-,33.88206100463867,-117.54604339599608,RIVERSIDE,CORONA,-117.54606628417967,33.882144927978516
91140971,2019,2019-12-11,9840,2019-12-08,1700,021873,NA,7,2,7,3313,0,1,3,NA,2,021,SR-91 E/B,SPRUCE ST,400,W,N,B,C,Y,NA,NA,91,NA,NA,NA,NA,NA,E,N,4,0,3,2,A,-,03,22350,NA,N,C,C,A,B,H,-,A,D,0,NA,NA,NA,NA,Y,NA,A,01,0,0,3,0,0,0,0,0,0,-,-,33.992340087890625,-117.3578872680664,RIVERSIDE,RIVERSIDE,-117.35785675048828,33.9923210144043
91142227,2019,2021-02-11,9685,2019-06-16,2043,017743,NA,7,2,9,3300,0,1,3,NA,1,012,STATE ROUTE 74,DOCKERY LANE,226,W,N,A,-,Y,NA,NA,74,NA,NA,NA,NA,NA,NA,Y,1,1,4,4,A,-,01,23152,A,N,C,C,F,A,H,-,D,D,0,Y,NA,NA,NA,Y,Y,A,01,3,0,1,0,1,0,0,0,0,-,-,33.77553176879883,-117.2469482421875,RIVERSIDE,UNINCORPORATED,-117.2470474243164,33.77559280395508
91142716,2019,2019-12-13,9685,2019-12-07,0240,017169,NA,6,3,9,3300,0,3,5,NA,2,003,MESA ROAD,RIO ROAD,200,E,N,A,-,N,NA,NA,NA,NA,NA,NA,NA,NA,NA,Y,3,0,1,1,A,-,01,23152,A,N,F,A,A,B,H,-,D,D,0,NA,NA,NA,NA,Y,Y,A,07,0,1,0,0,0,0,0,0,0,-,-,33.57170104980469,-116.99884796142578,RIVERSIDE,UNINCORPORATED,-116.9987564086914,33.571781158447266
91142764,2019,2019-12-13,9685,2019-12-08,1820,016113,NA,7,2,9,3300,0,1,3,NA,1,012,SR-74,EUGENE STREET,200,E,N,B,C,Y,NA,NA,74,NA,NA,NA,NA,NA,NA,Y,4,0,1,2,A,-,08,22107,NA,F,A,C,A,B,H,-,D,D,0,NA,NA,NA,NA,Y,NA,A,01,0,0,1,0,0,0,0,0,0,-,-,33.73923873901367,-117.28369903564452,RIVERSIDE,UNINCORPORATED,-117.28378295898438,33.73927688598633
91144960,2019,2019-12-17,9840,2019-12-08,0540,017546,NA,7,3,6,3345,0,1,3,NA,2,010,SR-60 E/B,SANTA ANA RIVER,430,W,N,B,-,Y,NA,NA,60,NA,NA,NA,NA,NA,E,Y,4,0,1,1,A,-,01,23152,A,N,E,J,A,A,H,-,D,D,0,NA,NA,NA,NA,Y,Y,A,07,0,0,1,0,0,0,0,0,0,-,-,34.00442886352539,-117.3854522705078,RIVERSIDE,JURUPA VALLEY,-117.38543701171876,34.004478454589844
91144977,2019,2019-12-17,9630,2019-12-10,0725,016325,NA,2,1,9,3300,0,1,1,NA,2,302,I-10 W/B,HAYFIELD RD,6864,E,N,A,-,Y,NA,NA,10,NA,NA,NA,NA,NA,W,Y,3,0,1,1,A,-,08,22107,NA,N,F,A,A,A,H,-,A,D,0,NA,NA,NA,Y,Y,NA,G,25,0,1,0,0,0,0,0,0,0,-,-,33.66958999633789,-115.63690948486328,RIVERSIDE,UNINCORPORATED,-115.6369171142578,33.669708251953125
91150434,2019,2019-12-23,9840,2019-12-10,0740,021950,NA,2,1,7,3313,0,1,1,NA,2,023,INTERSTATE 215 N/B,MARTIN LUTHER KING BLVD.,1000,S,N,A,-,Y,NA,NA,215,NA,NA,NA,NA,NA,N,N,4,0,2,2,A,-,03,22350,NA,N,C,C,A,A,H,-,A,D,0,NA,NA,NA,NA,Y,NA,A,01,0,0,2,0,0,0,0,0,0,-,-,33.964481353759766,-117.3253173828125,RIVERSIDE,RIVERSIDE,-117.3254623413086,33.96430587768555
91151668,2019,2019-12-24,9840,2019-12-17,0830,017546,NA,2,1,7,3313,0,1,3,NA,2,020,SR-91 W/B,BUCHANAN ST,200,E,N,A,-,Y,NA,NA,91,NA,NA,NA,NA,NA,W,N,4,0,1,2,A,-,03,22350,NA,N,C,C,A,A,H,-,A,D,0,NA,NA,NA,NA,Y,NA,A,01,0,0,1,0,0,0,0,0,0,-,-,33.89453125,-117.5006866455078,RIVERSIDE,RIVERSIDE,-117.50069427490234,33.894535064697266
91152663,2019,2019-12-26,9685,2019-12-13,1720,016185,NA,5,2,9,3300,0,3,5,NA,2,003,MAX GILLIS BOULEVARD,BROWN BEAR DRIVE,0,NA,Y,A,-,N,NA,NA,NA,NA,NA,NA,NA,NA,NA,Y,3,0,1,2,A,-,09,21801,A,N,D,C,A,A,H,-,C,D,0,NA,NA,NA,NA,Y,NA,A,01,0,1,0,0,0,0,0,0,0,-,-,33.60060119628906,-117.12270355224608,RIVERSIDE,UNINCORPORATED,-117.122802734375,33.60063171386719
9115727,2020,2020-08-28,3313,2020-06-10,1702,1880,5,3,5,7,3313,0,0,0,NA,0,T40,INDIANA AV,CHURCHILL DR,0,NA,Y,A,-,N,NA,NA,NA,NA,NA,NA,NA,NA,NA,N,4,0,1,2,A,-,03,22350,NA,N,C,C,A,A,H,-,A,A,0,NA,NA,Y,NA,Y,NA,C,02,0,0,1,0,0,0,0,0,1,-,-,33.894020080566406,-117.4765625,RIVERSIDE,RIVERSIDE,-117.47664642333984,33.89413833618164
91158630,2020,2020-01-03,9630,2020-01-01,2359,021604,NA,3,3,9,3300,0,1,3,NA,2,015,SR-62 W/B,PAINTED HILLS RD,0,NA,Y,A,-,Y,NA,NA,NA,NA,NA,NA,NA,NA,NA,Y,3,0,1,2,A,-,09,21802,A,N,D,C,A,A,H,-,D,A,0,NA,NA,NA,NA,Y,NA,A,01,0,1,0,0,0,0,0,0,0,-,-,33.941001892089844,-116.59940338134766,RIVERSIDE,UNINCORPORATED,-116.59651184082033,33.94091033935547
91160178,2019,2020-01-06,9685,2019-12-27,2125,016113,NA,5,2,9,3300,0,3,5,NA,2,003,MURRIETA HOT SPRINGS ROAD E/B,ETERNITY LANE,100,W,N,B,-,N,NA,NA,NA,NA,NA,NA,NA,NA,NA,N,4,0,1,1,A,-,08,22107,NA,N,E,I,A,A,H,-,C,D,0,NA,NA,NA,NA,Y,NA,A,01,0,0,1,0,0,0,0,0,0,-,-,33.552268981933594,-117.13469696044922,RIVERSIDE,UNINCORPORATED,-117.1343994140625,33.5522346496582
9116156,2020,2020-08-31,3300,2020-05-08,1546,5436,508B,5,5,5,3341,0,0,0,NA,0,058,HAUN RD,WICKERD RD,0,NA,Y,A,-,N,NA,NA,NA,NA,NA,NA,NA,NA,NA,Y,3,0,2,3,A,-,03,22350,NA,N,C,C,A,A,H,-,A,D,0,NA,NA,NA,NA,Y,NA,A,01,0,1,1,0,0,0,0,0,0,-,-,33.64897155761719,-117.1755828857422,RIVERSIDE,MENIFEE,-117.1756591796875,33.64876937866211
9116276,2020,2020-11-09,3300,2020-05-30,1053,4415,916A,6,5,4,3312,0,0,0,NA,0,032,PERRIS BL,DAWES ST,0,NA,Y,A,-,N,NA,NA,NA,NA,NA,NA,NA,NA,NA,Y,4,0,1,2,-,-,-,NA,NA,N,D,C,A,A,H,-,A,A,0,NA,NA,NA,NA,Y,Y,-,-,0,0,1,0,0,0,0,0,0,-,-,33.84095001220703,-117.22604370117188,RIVERSIDE,PERRIS,-117.22617340087892,33.84096908569336
91164094,2019,2020-01-13,9655,2019-11-25,0342,020774,NA,1,3,9,3300,0,3,5,NA,2,003,GILMAN SPRINGS ROAD,STATE ROUTE 79,2532,E,N,A,-,N,NA,NA,NA,NA,NA,NA,NA,NA,NA,Y,1,1,1,2,A,-,08,22107,NA,N,A,C,A,A,H,-,D,D,0,NA,NA,NA,NA,Y,NA,A,01,1,0,0,0,0,0,0,0,0,-,-,33.84286880493164,-116.99619293212892,RIVERSIDE,UNINCORPORATED,-116.99079132080078,33.83662414550781
91164398,2020,2020-01-13,9630,2020-01-01,0900,019807,NA,3,1,9,3300,0,1,3,NA,2,086,SR-86 N/B,86TH AVE,11,S,N,A,-,Y,NA,NA,86,NA,NA,NA,NA,NA,N,Y,3,0,1,1,A,-,08,22107,NA,N,F,A,A,A,H,-,A,D,0,NA,NA,NA,NA,Y,NA,D,22,0,1,0,0,0,0,0,0,0,-,-,33.42599105834961,-116.05982971191406,RIVERSIDE,UNINCORPORATED,-116.05970001220705,33.426124572753906
91164878,2020,2020-01-14,9840,2020-01-08,1305,012208,NA,3,1,7,3313,0,3,5,NA,2,002,STATE ROUTE-91 E/B {RIVERSIDE FREEWAY},14TH STREET,787,W,N,B,-,Y,NA,NA,91,NA,NA,NA,NA,NA,E,Y,4,0,1,3,A,-,04,21703,NA,N,C,C,A,A,H,-,A,D,0,NA,NA,NA,NA,Y,NA,A,01,0,0,1,0,0,0,0,0,0,-,-,33.97166061401367,-117.37445068359376,RIVERSIDE,RIVERSIDE,-117.37451934814452,33.971702575683594