CASE_ID,ACCIDENT_YEAR,PROC_DATE,JURIS,COLLISION_DATE,COLLISION_TIME,OFFICER_ID,REPORTING_DISTRICT,DAY_OF_WEEK,CHP_SHIFT,POPULATION,CNTY_CITY_LOC,SPECIAL_COND,BEAT_TYPE,CHP_BEAT_TYPE,CITY_DIVISION_LAPD,CHP_BEAT_CLASS,BEAT_NUMBER,PRIMARY_RD,SECONDARY_RD,DISTANCE,DIRECTION,INTERSECTION,WEATHER_1,WEATHER_2,STATE_HWY_IND,CALTRANS_COUNTY,CALTRANS_DISTRICT,STATE_ROUTE,ROUTE_SUFFIX,POSTMILE_PREFIX,POSTMILE,LOCATION_TYPE,RAMP_INTERSECTION,SIDE_OF_HWY,TOW_AWAY,COLLISION_SEVERITY,NUMBER_KILLED,NUMBER_INJURED,PARTY_COUNT,PRIMARY_COLL_FACTOR,PCF_CODE_OF_VIOL,PCF_VIOL_CATEGORY,PCF_VIOLATION,PCF_VIOL_SUBSECTION,HIT_AND_RUN,TYPE_OF_COLLISION,MVIW,PED_ACTION,ROAD_SURFACE,ROAD_COND_1,ROAD_COND_2,LIGHTING,CONTROL_DEVICE,CHP_ROAD_TYPE,PEDESTRIAN_ACCIDENT,BICYCLE_ACCIDENT,MOTORCYCLE_ACCIDENT,TRUCK_ACCIDENT,NOT_PRIVATE_PROPERTY,ALCOHOL_INVOLVED,STWD_VEHTYPE_AT_FAULT,CHP_VEHTYPE_AT_FAULT,COUNT_SEVERE_INJ,COUNT_VISIBLE_INJ,COUNT_COMPLAINT_PAIN,COUNT_PED_KILLED,COUNT_PED_INJURED,COUNT_BICYCLIST_KILLED,COUNT_BICYCLIST_INJURED,COUNT_MC_KILLED,COUNT_MC_INJURED,PRIMARY_RAMP,SECONDARY_RAMP,LATITUDE,LONGITUDE,COUNTY,CITY,POINT_X,POINT_Y
91826137,2022,2022-07-28,9655,2022-07-15,1910,015892,NA,5,2,9,3300,0,1,3,NA,1,119,STATE ROUTE 371,KIRBY ROAD,0,NA,Y,A,-,Y,RIV,NA,371,NA,NA,72.823,H,NA,R,Y,2,0,6,2,A,-,12,22450,A,N,D,C,A,A,H,-,A,A,0,NA,NA,NA,NA,Y,NA,D,22,3,3,0,0,0,0,0,0,0,-,-,33.55503845214844,-116.64833831787108,RIVERSIDE,UNINCORPORATED,-116.64833831787108,33.55503463745117
91826828,2022,2022-07-28,9840,2022-07-21,1509,020058,NA,4,2,6,3345,0,1,3,NA,2,010,SR-60 E/B,VALLEY WAY,600,E,N,A,-,Y,RIV,NA,60,NA,NA,7.673,H,NA,R,N,3,0,1,2,A,-,03,22350,NA,N,F,A,A,A,H,-,A,D,0,NA,NA,Y,NA,Y,NA,C,02,0,1,0,0,0,0,0,0,1,-,-,34.011131286621094,-117.43177032470705,RIVERSIDE,JURUPA VALLEY,-117.43177795410156,34.01111602783203
91828790,2022,2022-07-29,9655,2022-07-23,0335,021048,NA,6,3,4,3301,0,1,1,NA,2,204,INTERSTATE 10 E/B,8TH STREET,2523,W,N,A,-,Y,RIV,NA,10,NA,R,12.373,H,NA,R,N,4,0,1,1,C,-,18,NA,NA,N,E,H,A,A,D,-,D,D,0,NA,NA,NA,NA,Y,NA,-,-,0,0,1,0,0,0,0,0,0,-,-,33.92417907714844,-116.89386749267578,RIVERSIDE,BANNING,-116.89386749267578,33.924156188964844
91830284,2022,2022-08-01,9685,2022-07-22,1425,016185,NA,5,2,9,3300,0,2,4,NA,2,016,GRAND AVENUE,ONTARIO AVENUE,231,N,N,A,-,N,NA,NA,NA,NA,NA,NA,NA,NA,NA,N,3,0,1,2,A,-,03,22350,NA,N,C,C,A,A,H,-,A,A,0,NA,NA,NA,NA,Y,NA,A,07,0,1,0,0,0,0,0,0,0,-,-,33.622169494628906,-117.31735229492188,RIVERSIDE,UNINCORPORATED,-117.31770324707033,33.6223258972168
91830295,2022,2022-08-01,9655,2022-07-22,0203,021908,NA,5,3,9,3300,0,1,1,NA,2,206,I-10 W/B,HAUGEN LEHMANN WAY,6864,W,N,A,-,Y,RIV,NA,10,NA,R,23.198,H,NA,L,Y,3,0,1,2,A,-,03,22350,NA,N,C,C,A,A,H,-,D,D,0,NA,NA,NA,Y,Y,Y,A,01,0,1,0,0,0,0,0,0,0,-,-,33.921199798583984,-116.71238708496094,RIVERSIDE,UNINCORPORATED,-116.71238708496094,33.921260833740234
91833900,2022,2022-08-05,9840,2022-07-28,1533,014868,NA,4,2,6,3345,0,1,1,NA,2,011,I-15 S/B,MISSION BLVD UNDERCROSSING,30,S,N,A,-,Y,RIV,NA,15,NA,NA,51.897,H,NA,L,N,4,0,3,2,A,-,07,21658,A,M,B,C,A,A,H,-,A,D,0,NA,NA,NA,NA,Y,NA,-,99,0,0,3,0,0,0,0,0,0,-,-,34.02793884277344,-117.550537109375,RIVERSIDE,JURUPA VALLEY,-117.55045318603516,34.02793884277344
91834225,2022,2022-08-05,9840,2022-07-12,0352,018849,NA,2,3,4,3344,0,1,1,NA,2,011,I-15 SB,SR-60,85,N,N,A,-,Y,RIV,NA,15,NA,NA,51.447,H,NA,L,Y,4,0,1,2,A,-,03,22350,NA,N,C,C,A,A,D,-,D,D,0,NA,NA,NA,NA,Y,NA,A,01,0,0,1,0,0,0,0,0,0,-,-,34.021331787109375,-117.55052947998048,RIVERSIDE,EASTVALE,-117.55047607421876,34.02132797241211
91835075,2022,2022-08-08,9655,2022-07-30,1235,018677,NA,6,1,2,3336,0,1,1,NA,2,202,INTERSTATE 10 WESTBOUND,OAK VALLEY PARKWAY,5280,W,N,A,-,Y,RIV,NA,10,NA,R,4.161,H,NA,L,N,3,0,3,2,A,-,03,22350,NA,N,C,C,A,A,H,-,A,D,0,NA,NA,NA,NA,Y,NA,A,07,0,2,1,0,0,0,0,0,0,-,-,33.95832824707031,-117.0205535888672,RIVERSIDE,CALIMESA,-117.02053833007813,33.958343505859375
9183771,2020,2021-02-09,3300,2020-10-06,1940,5622,602Z2,2,5,6,3394,0,0,0,NA,0,MV22,DAY ST,RT 60,0,NA,Y,A,-,Y,RIV,8,60,-,-,13.481,R,4,W,NA,4,0,2,2,-,-,-,NA,NA,F,C,C,A,-,H,-,C,A,0,NA,NA,NA,NA,Y,NA,-,-,0,0,2,0,0,0,0,0,0,-,WF,NA,NA,RIVERSIDE,MORENO VALLEY,-117.27621459960938,33.94226837158203
91839261,2022,2022-08-12,9685,2022-08-06,2120,016381,NA,6,2,9,3300,0,2,4,NA,2,016,GRAND AVE,STONEMAN ST,10,N,N,A,-,N,NA,NA,NA,NA,NA,NA,NA,NA,NA,Y,4,0,2,3,A,-,03,22350,NA,N,C,C,A,A,H,-,D,D,0,NA,NA,Y,NA,Y,NA,A,01,0,0,2,0,0,0,0,0,2,-,-,33.62424087524414,-117.32076263427734,RIVERSIDE,UNINCORPORATED,-117.32068634033205,33.6241569519043
91840546,2022,2022-08-15,9840,2022-08-02,0410,022028,NA,2,3,6,3315,0,1,1,NA,2,034,I-15 S/B,CAJALCO RD,1795,S,N,A,-,Y,RIV,NA,15,NA,NA,36.484,H,NA,L,Y,2,0,1,2,A,-,03,22350,NA,N,C,C,A,A,D,-,D,D,0,NA,NA,NA,NA,Y,NA,A,01,1,0,0,0,0,0,0,0,0,-,-,33.817569732666016,-117.51421356201172,RIVERSIDE,CORONA,-117.51422882080078,33.81755447387695
91841887,2022,2022-12-29,9685,2022-08-13,1740,016885,NA,6,2,9,3300,0,3,5,NA,2,003,RANCHO CALIFORNIA ROAD,REID COURT,1000,E,N,A,-,N,NA,NA,NA,NA,NA,NA,NA,NA,NA,N,3,0,1,4,A,-,09,21801,A,N,D,C,A,A,H,-,A,D,0,NA,NA,NA,NA,Y,NA,A,01,0,1,0,0,0,0,0,0,0,-,-,33.525028228759766,-117.0760498046875,RIVERSIDE,UNINCORPORATED,-117.07615661621094,33.52488327026367
91842401,2022,2022-08-17,9630,2022-08-13,1605,021416,NA,6,2,9,3300,0,1,3,NA,2,086,SR-86 N/B,70TH AVE,2112,N,N,B,-,Y,RIV,NA,86,NA,R,9.343,H,NA,R,Y,3,0,3,1,A,-,08,22107,NA,N,F,A,A,A,H,-,A,D,0,NA,NA,NA,NA,Y,NA,A,08,0,3,0,0,0,0,0,0,0,-,-,33.5458984375,-116.09961700439452,RIVERSIDE,UNINCORPORATED,-116.09947967529295,33.545875549316406
91843329,2022,2022-08-18,9840,2022-07-30,2245,021311,NA,6,3,9,3300,0,3,5,NA,2,002,RECHE CANYON RD,MERCADANTE LN,820,N,N,A,-,N,NA,NA,NA,NA,NA,NA,NA,NA,NA,Y,4,0,1,1,A,-,01,23152,A,N,E,I,A,A,H,-,D,D,0,NA,NA,NA,NA,Y,Y,A,01,0,0,1,0,0,0,0,0,0,-,-,33.9964714050293,-117.2321319580078,RIVERSIDE,UNINCORPORATED,-117.23207855224608,33.99643325805664
91846473,2022,2022-08-23,9840,2022-07-19,1145,017006,NA,2,1,7,3313,0,1,3,NA,2,021,E/B SR-91,MISSION INN AVE,528,E,N,A,-,Y,NA,NA,NA,NA,NA,NA,NA,NA,NA,Y,2,0,2,2,A,-,07,21658,A,N,C,E,A,A,H,-,A,D,0,NA,NA,NA,NA,Y,NA,A,01,1,1,0,0,0,0,0,0,0,-,-,33.922080993652344,-117.41055297851563,RIVERSIDE,RIVERSIDE,-117.36784362792967,33.98174285888672
91847737,2022,2022-08-24,9630,2022-08-22,2211,020645,NA,1,3,9,3300,0,1,3,NA,2,086,SR-86 SOUTHBOUND,70TH AVENUE,1584,S,N,A,-,Y,RIV,NA,86,NA,R,8.635,H,NA,L,Y,2,0,2,2,A,-,01,23152,A,N,A,C,A,A,H,-,D,D,0,NA,NA,NA,NA,Y,Y,A,01,1,1,0,0,0,0,0,0,0,-,-,33.53575897216797,-116.10027313232422,RIVERSIDE,UNINCORPORATED,-116.10032653808594,33.53575897216797
91848926,2022,2022-08-25,9655,2022-08-22,0025,022062,NA,1,3,9,3300,0,1,3,NA,2,315,SR-79 N/B,DOMENIGONI PKY,34,S,N,A,-,Y,RIV,NA,79,NA,R,15.863,H,NA,R,Y,4,0,2,2,A,-,03,22350,NA,N,C,C,A,A,H,-,C,A,0,NA,NA,NA,NA,Y,NA,D,22,0,0,2,0,0,0,0,0,0,-,-,33.695831298828125,-117.08484649658205,RIVERSIDE,UNINCORPORATED,-117.08488464355467,33.695831298828125
91848974,2022,2022-08-25,9840,2022-08-20,1652,020220,NA,6,2,9,3300,0,3,5,NA,2,004,JUNIPER FLATS ROAD,STAGECOACH ROAD,357,N,N,A,-,N,NA,NA,NA,NA,NA,NA,NA,NA,NA,Y,2,0,3,2,A,-,05,21460,A,N,A,C,A,A,H,-,A,D,0,NA,NA,NA,NA,Y,NA,A,01,2,1,0,0,0,0,0,0,0,-,-,33.80244064331055,-117.09089660644533,RIVERSIDE,UNINCORPORATED,-117.09082794189452,33.80231475830078
91849041,2022,2022-08-25,9840,2022-08-23,0001,019492,NA,2,3,6,3315,0,1,1,NA,2,034,I-15 N/B,DOS LAGOS DR.,1800,N,N,A,-,Y,RIV,NA,15,NA,NA,35.897,H,NA,R,N,3,0,1,2,A,-,08,22107,NA,N,C,E,A,A,H,-,C,D,0,NA,NA,NA,Y,Y,NA,D,22,0,1,0,0,0,0,0,0,0,-,-,33.81037139892578,-117.50888061523438,RIVERSIDE,CORONA,-117.50891876220705,33.81035614013672
91849130,2022,2022-08-25,9660,2022-08-17,0850,017464,NA,3,1,9,3300,0,1,1,NA,2,031,I-10 EASTBOUND,MESA DR,14784,W,N,A,-,Y,RIV,NA,10,NA,R,142.334,H,NA,R,Y,4,0,1,1,C,-,18,NA,NA,N,F,A,A,A,H,-,A,D,0,NA,NA,NA,NA,Y,NA,-,-,0,0,1,0,0,0,0,0,0,-,-,33.60948944091797,-114.77542877197266,RIVERSIDE,UNINCORPORATED,-114.77544403076172,33.60942840576172
91851788,2022,2022-08-29,9685,2022-08-25,1502,016885,NA,4,2,9,3300,0,1,3,NA,1,039,SR-79,LOS CABALLOS ROAD,0,NA,Y,A,-,Y,RIV,NA,79,NA,NA,13.863,H,NA,R,Y,4,0,2,2,A,-,09,21802,A,N,D,C,A,A,H,-,A,A,0,NA,NA,NA,NA,Y,NA,D,22,0,0,2,0,0,0,0,0,0,-,-,33.4852409362793,-117.04460906982422,RIVERSIDE,UNINCORPORATED,-117.04459381103516,33.48525619506836
91853344,2022,2022-08-30,9840,2022-08-11,0820,017441,NA,4,1,6,3345,0,1,3,NA,2,010,SR-60 E/B,HALL AVE,140,E,N,A,-,Y,RIV,NA,60,NA,NA,9.995,H,NA,R,Y,4,0,2,5,A,-,07,21658,A,N,B,C,A,A,H,-,A,D,0,NA,NA,NA,NA,Y,NA,A,01,0,0,2,0,0,0,0,0,0,-,-,34.00516891479492,-117.392822265625,RIVERSIDE,JURUPA VALLEY,-117.392822265625,34.00516128540039
91854193,2022,2022-08-31,9685,2022-08-29,1815,016185,NA,1,2,9,3300,0,2,4,NA,2,016,GRAND AVENUE,ONTARIO WAY,255,N,N,A,-,N,NA,NA,NA,NA,NA,NA,NA,NA,NA,Y,3,0,1,2,A,-,03,22350,NA,N,C,C,A,A,H,-,A,A,0,NA,NA,NA,NA,Y,NA,A,07,0,1,0,0,0,0,0,0,0,-,-,33.622310638427734,-117.31771850585938,RIVERSIDE,UNINCORPORATED,-117.31776428222656,33.62236404418945
91855066,2022,2022-09-01,9840,2022-08-23,1236,017504,NA,2,1,6,3345,0,1,3,NA,2,010,SR-60 W/B,VALLEY WAY,13,E,N,A,-,Y,RIV,NA,60,NA,NA,7.584,H,NA,L,Y,3,0,1,3,A,-,08,22107,NA,N,E,8,A,A,H,-,A,D,0,NA,NA,NA,NA,Y,NA,A,01,0,1,0,0,0,0,0,0,0,-,-,34.01184844970703,-117.43299102783205,RIVERSIDE,JURUPA VALLEY,-117.4330825805664,34.01163864135742
91856171,2022,2022-09-02,9630,2022-08-29,0108,020645,NA,1,3,9,3300,0,1,1,NA,2,021,I-10 E/B,WASHINGTON ST,3696,W,N,A,-,Y,RIV,NA,10,NA,NA,49.763,H,NA,R,Y,3,0,1,1,A,-,01,23152,A,N,E,I,A,A,H,-,D,D,0,NA,NA,NA,NA,Y,Y,A,01,0,1,0,0,0,0,0,0,0,-,-,33.76332092285156,-116.31289672851563,RIVERSIDE,UNINCORPORATED,-116.31293487548828,33.76323318481445
9185671,2020,2021-02-19,3300,2020-11-12,1220,4713,910F,4,5,5,3335,0,0,0,NA,0,062,WINCHESTER RD,RT 15,124,E,N,A,-,Y,RIV,8,15,-,-,6.45,R,4,S,Y,4,0,3,4,A,-,03,22350,NA,N,C,C,A,A,H,-,A,A,0,NA,NA,NA,Y,Y,NA,D,22,0,0,3,0,0,0,0,0,0,-,SO,33.52288818359375,-117.1623764038086,RIVERSIDE,TEMECULA,-117.16172027587892,33.52029037475586
91858122,2022,2022-09-06,9840,2022-08-27,1150,017162,NA,6,1,6,3315,0,1,3,NA,2,030,SR-91 W/B,SERFAS CLUB DRIVE,900,W,N,A,-,Y,RIV,NA,91,NA,R,3.542,H,NA,L,N,2,0,1,2,A,-,03,22350,NA,N,C,C,A,A,H,-,A,D,0,NA,NA,Y,NA,Y,NA,C,02,1,0,0,0,0,0,0,0,1,-,-,33.881248474121094,-117.61605834960938,RIVERSIDE,CORONA,-117.61606597900392,33.881221771240234
91859099,2022,2022-09-07,9840,2022-09-03,1240,020455,NA,6,1,9,3300,0,2,4,NA,2,039,MAGNOLIA AVE,BYRON ST,50,E,N,A,-,N,NA,NA,NA,NA,NA,NA,NA,NA,NA,Y,3,0,2,4,A,-,03,22350,NA,N,C,C,A,A,H,-,A,D,0,NA,NA,NA,NA,Y,NA,A,08,0,2,0,0,0,0,0,0,0,-,-,33.87657928466797,-117.52323150634766,RIVERSIDE,UNINCORPORATED,-117.52347564697266,33.87672805786133
91859196,2022,2022-09-07,9685,2022-09-05,2130,017013,NA,1,2,9,3300,0,1,1,NA,2,010,I-15 SOUTHBOUND,FRANKLIN STREET,1584,N,N,A,-,Y,RIV,NA,15,NA,NA,20.174,H,NA,L,N,3,0,1,1,A,-,08,22107,NA,N,E,J,A,A,H,-,D,D,0,NA,NA,Y,NA,Y,NA,C,02,0,1,0,0,0,0,0,0,1,-,-,33.67144012451172,-117.31214141845705,RIVERSIDE,UNINCORPORATED,-117.31215667724608,33.67141342163086
91860283,2022,2022-09-08,9685,2022-09-06,1900,015957,NA,2,2,9,3300,0,1,3,NA,1,026,SR-74,HOMELAND AVE,0,NA,Y,A,-,Y,RIV,NA,74,NA,NA,32.183,H,NA,R,N,3,0,1,2,A,-,09,21801,A,M,D,C,A,D,H,-,A,D,0,NA,NA,NA,NA,Y,NA,-,99,0,1,0,0,0,0,0,0,0,-,-,33.743289947509766,-117.1124267578125,RIVERSIDE,UNINCORPORATED,-117.1124267578125,33.74327087402344
91860847,2022,2022-09-09,9840,2022-09-07,0745,016284,NA,3,1,4,3344,0,1,1,NA,2,011,I-15 S/B,CANTU-GALLEANO RANCH ROAD,1532,N,N,A,-,Y,RIV,NA,15,NA,NA,50.423,H,NA,L,Y,3,0,2,3,A,-,03,22350,NA,N,C,C,A,A,H,-,A,D,0,NA,NA,NA,NA,Y,NA,A,01,0,1,1,0,0,0,0,0,0,-,-,34.0064582824707,-117.55050659179688,RIVERSIDE,EASTVALE,-117.55052185058594,34.0064582824707
91864275,2022,2022-09-14,9655,2022-09-05,1547,018708,NA,1,2,9,3300,0,1,3,NA,2,311,GILMAN SPRINGS RD,SR-79,2640,E,N,A,-,N,NA,NA,NA,NA,NA,NA,NA,NA,NA,Y,2,0,1,1,A,-,08,22107,NA,N,E,I,A,A,H,-,A,D,0,NA,NA,NA,NA,Y,NA,A,01,1,0,0,0,0,0,0,0,0,-,-,33.842529296875,-116.995849609375,RIVERSIDE,UNINCORPORATED,-116.99634552001952,33.842960357666016
91864492,2022,2022-09-14,9685,2022-09-11,1845,015880,NA,7,2,9,3300,0,3,5,NA,2,003,WASHINGTON STREET (35200 BLOCK),AUTUMN GLEN CIRCLE,240,N,N,B,-,N,NA,NA,NA,NA,NA,NA,NA,NA,NA,Y,4,0,1,1,A,-,01,23152,A,N,E,I,A,B,H,-,B,D,0,NA,NA,NA,NA,Y,Y,A,01,0,0,1,0,0,0,0,0,0,-,-,33.61275863647461,-117.08497619628906,RIVERSIDE,UNINCORPORATED,-117.08506774902344,33.612586975097656
91865172,2022,2022-09-15,9655,2022-09-02,0023,021908,NA,5,3,9,3300,0,1,1,NA,2,206,I-10 W/B,MAIN STREET,5333,E,N,A,-,Y,RIV,NA,10,NA,R,20.414,H,NA,L,Y,2,0,1,2,A,-,03,22350,NA,N,C,C,A,A,H,-,D,D,0,NA,NA,NA,Y,Y,NA,A,01,1,0,0,0,0,0,0,0,0,-,-,33.920631408691406,-116.75959777832033,RIVERSIDE,UNINCORPORATED,-116.75962066650392,33.92076873779297
91865328,2022,2022-09-15,9840,2022-09-09,1500,018564,NA,5,2,9,3300,1,3,5,NA,2,003,CAJALCO ROAD,LA SIERRA AVENUE,4530,W,N,C,-,N,NA,NA,NA,NA,NA,NA,NA,NA,NA,Y,4,0,1,3,A,-,05,21460,A,N,A,C,A,B,H,-,A,D,0,NA,NA,NA,NA,Y,NA,A,01,0,0,1,0,0,0,0,0,0,-,-,33.828529357910156,-117.475341796875,RIVERSIDE,UNINCORPORATED,-117.47258758544922,33.827789306640625
91866817,2022,2022-09-16,9655,2022-09-08,1630,019049,NA,4,2,9,3300,0,1,3,NA,2,311,GILMAN SPRINGS ROAD,BRIDGE STREET,4752,W,N,A,-,N,NA,NA,NA,NA,NA,NA,NA,NA,NA,N,3,0,1,2,A,-,03,22350,NA,N,C,C,A,A,H,-,A,D,0,NA,NA,NA,NA,Y,NA,A,01,0,1,0,0,0,0,0,0,0,-,-,33.87818908691406,-117.05526733398438,RIVERSIDE,UNINCORPORATED,-117.08184814453124,33.895668029785156
91867745,2022,2022-09-19,9840,2022-09-02,2007,021080,NA,5,2,6,3315,0,1,3,NA,2,031,SR-91 E/B,I-15 N/B,528,E,N,A,-,Y,RIV,NA,91,NA,NA,7.597,H,NA,R,Y,4,0,1,2,A,-,07,21658,A,F,C,C,A,A,D,E,A,D,0,NA,NA,NA,NA,Y,NA,A,01,0,0,1,0,0,0,0,0,0,-,-,33.88243103027344,-117.54476165771484,RIVERSIDE,CORONA,-117.54477691650392,33.882469177246094
91868567,2022,2022-09-20,9840,2022-09-13,1315,017546,NA,2,1,7,3313,0,1,3,NA,2,020,SR-91 E/B,TYLER ST,1745,W,N,A,-,Y,RIV,NA,91,NA,NA,12.704,H,NA,R,Y,4,0,2,3,A,-,03,22350,NA,N,C,C,A,A,H,-,A,D,0,NA,NA,NA,NA,Y,NA,A,01,0,0,2,0,0,0,0,0,0,-,-,33.903499603271484,-117.46172332763672,RIVERSIDE,RIVERSIDE,-117.46172332763672,33.903499603271484
91868580,2022,2022-09-20,9840,2022-09-13,0203,021873,NA,2,3,7,3313,0,1,3,NA,2,020,SR-91 W/B,VAN BUREN BLVD.,266,E,N,A,-,Y,RIV,NA,91,NA,NA,14.143,H,NA,L,Y,3,0,3,1,A,-,08,22107,NA,N,E,I,A,A,H,-,C,D,0,NA,NA,NA,NA,Y,NA,A,01,0,1,2,0,0,0,0,0,0,-,-,33.91551971435547,-117.44110107421876,RIVERSIDE,RIVERSIDE,-117.44101715087892,33.91542434692383
91868646,2022,2022-09-20,9660,2022-09-13,0251,022580,NA,2,3,9,3300,0,1,1,NA,2,030,I-10 E/B,CORN SPRINGS RD. O/C,8712,W,N,A,-,Y,RIV,NA,10,NA,R,112.753,H,NA,R,Y,3,0,2,2,A,-,03,22350,NA,N,C,C,A,A,D,-,D,D,0,NA,NA,NA,NA,Y,NA,A,01,0,2,0,0,0,0,0,0,0,-,-,33.69021987915039,-115.27056884765624,RIVERSIDE,UNINCORPORATED,-115.27056884765624,33.69023132324219
91871153,2022,2022-09-22,9840,2022-09-16,1440,021297,NA,5,2,9,3300,0,2,4,NA,2,045,CAJALCO ROAD,ALEXANDER ST,500,E,N,A,-,N,NA,NA,NA,NA,NA,NA,NA,NA,NA,Y,4,0,2,2,A,-,03,22350,NA,N,C,C,A,A,H,-,A,D,0,NA,NA,NA,NA,Y,NA,D,22,0,0,2,0,0,0,0,0,0,-,-,33.837039947509766,-117.30300903320313,RIVERSIDE,UNINCORPORATED,-117.30345916748048,33.837059020996094
91871290,2022,2022-09-22,9840,2022-06-07,1842,021505,NA,2,2,9,3300,0,3,5,NA,2,004,GAVILAN ROAD,MULTIVIEW DRIVE,2136,S,N,A,-,N,NA,NA,NA,NA,NA,NA,NA,NA,NA,Y,1,1,0,1,A,-,01,23152,G,N,E,I,A,A,H,-,A,D,0,NA,NA,NA,NA,Y,Y,A,01,0,0,0,0,0,0,0,0,0,-,-,33.81370162963867,-117.3582000732422,RIVERSIDE,UNINCORPORATED,-117.35825347900392,33.81417465209961
91871297,2022,2023-01-25,9840,2022-01-18,2330,020102,NA,2,3,6,3345,0,1,3,NA,2,010,STATE ROUTE 60 EASTBOUND (POMONA FREEWAY),COUNTRY VILLAGE ROAD,637,W,N,B,-,Y,RIV,NA,60,NA,R,2.857,H,NA,R,Y,1,1,0,1,A,-,01,23152,G,N,F,A,A,A,H,-,C,D,0,NA,NA,NA,NA,Y,Y,A,01,0,0,0,0,0,0,0,0,0,-,-,34.01853942871094,-117.50971221923828,RIVERSIDE,JURUPA VALLEY,-117.50971221923828,34.01860809326172
91874542,2022,2022-09-27,9840,2022-09-18,1709,021047,NA,7,2,6,3315,0,1,3,NA,2,030,SR-91 E/B,SERFAS CLUB DR.,880,E,N,A,-,Y,RIV,NA,91,NA,R,3.894,H,NA,R,Y,4,0,1,3,A,-,03,22350,NA,N,C,C,A,A,H,-,A,D,0,NA,NA,NA,NA,Y,NA,D,22,0,0,1,0,0,0,0,0,0,-,-,33.88005828857422,-117.61009216308594,RIVERSIDE,CORONA,-117.6100616455078,33.88023376464844
91876977,2022,2022-09-29,9655,2022-09-20,1319,019449,NA,2,1,9,3300,0,3,5,NA,2,003,MERIDIAN ST,STETSON AVE,0,NA,Y,A,-,N,NA,NA,NA,NA,NA,NA,NA,NA,NA,Y,3,0,1,2,A,-,09,21802,A,N,D,C,A,A,H,-,A,D,0,NA,NA,NA,NA,Y,NA,A,01,0,1,0,0,0,0,0,0,0,-,-,33.72959899902344,-116.92819213867188,RIVERSIDE,UNINCORPORATED,-116.92813873291016,33.72957992553711
91879346,2022,2022-09-30,9660,2022-09-23,1827,021994,NA,5,2,9,3300,0,1,3,NA,1,034,STATE ROUTE 78 (NEIGHBOURS BOULEVARD),14TH AVENUE,5,S,N,A,-,N,NA,NA,NA,NA,NA,NA,NA,NA,NA,Y,4,0,1,1,A,-,08,22107,NA,N,E,I,A,A,H,-,A,D,0,NA,NA,NA,NA,Y,NA,A,01,0,0,1,0,0,0,0,0,0,-,-,33.60268020629883,-114.65756225585938,RIVERSIDE,UNINCORPORATED,-114.65760040283205,33.60268020629883
91880320,2022,2022-10-03,9840,2022-09-21,0730,017441,NA,3,1,6,3345,0,1,3,NA,2,010,SR-60 W/B,RUBIDOUX BLVD,794,W,N,A,-,Y,RIV,NA,60,NA,NA,9.396,H,NA,L,Y,4,0,1,3,A,-,03,22350,NA,N,C,C,A,A,H,-,A,D,0,NA,NA,NA,NA,Y,NA,A,01,0,0,1,0,0,0,0,0,0,-,-,34.00442123413086,-117.40309143066406,RIVERSIDE,JURUPA VALLEY,-117.40309143066406,34.00444030761719
91880551,2022,2022-10-03,9685,2022-09-30,1255,015027,NA,5,1,9,3300,0,1,1,NA,2,010,SOUTHBOUND INTERSTATE 15 NORTH OF MAIN STREET,MAIN STREET,3696,N,N,A,-,Y,RIV,NA,15,NA,NA,21.906,H,NA,L,Y,3,0,1,2,A,-,08,22107,NA,N,B,C,A,A,H,-,A,D,0,NA,NA,NA,Y,Y,NA,D,22,0,1,0,0,0,0,0,0,0,-,-,33.687679290771484,-117.33374786376952,RIVERSIDE,UNINCORPORATED,-117.33374786376952,33.68768310546875
91880688,2022,2022-10-03,9840,2022-09-23,1457,018248,NA,5,2,6,3315,0,1,S,NA,2,300,SR-91 E/B,SMITH AVE,898,W,N,A,-,Y,RIV,NA,91,NA,NA,4.551,H,NA,R,Y,3,0,3,2,A,-,03,22350,NA,N,C,C,A,A,H,-,A,D,0,NA,NA,NA,NA,Y,NA,A,01,0,3,0,0,0,0,0,0,0,-,-,33.88119888305664,-117.59686279296876,RIVERSIDE,CORONA,-117.59685516357422,33.881195068359375