CASE_ID,ACCIDENT_YEAR,PROC_DATE,JURIS,COLLISION_DATE,COLLISION_TIME,OFFICER_ID,REPORTING_DISTRICT,DAY_OF_WEEK,CHP_SHIFT,POPULATION,CNTY_CITY_LOC,SPECIAL_COND,BEAT_TYPE,CHP_BEAT_TYPE,CITY_DIVISION_LAPD,CHP_BEAT_CLASS,BEAT_NUMBER,PRIMARY_RD,SECONDARY_RD,DISTANCE,DIRECTION,INTERSECTION,WEATHER_1,WEATHER_2,STATE_HWY_IND,CALTRANS_COUNTY,CALTRANS_DISTRICT,STATE_ROUTE,ROUTE_SUFFIX,POSTMILE_PREFIX,POSTMILE,LOCATION_TYPE,RAMP_INTERSECTION,SIDE_OF_HWY,TOW_AWAY,COLLISION_SEVERITY,NUMBER_KILLED,NUMBER_INJURED,PARTY_COUNT,PRIMARY_COLL_FACTOR,PCF_CODE_OF_VIOL,PCF_VIOL_CATEGORY,PCF_VIOLATION,PCF_VIOL_SUBSECTION,HIT_AND_RUN,TYPE_OF_COLLISION,MVIW,PED_ACTION,ROAD_SURFACE,ROAD_COND_1,ROAD_COND_2,LIGHTING,CONTROL_DEVICE,CHP_ROAD_TYPE,PEDESTRIAN_ACCIDENT,BICYCLE_ACCIDENT,MOTORCYCLE_ACCIDENT,TRUCK_ACCIDENT,NOT_PRIVATE_PROPERTY,ALCOHOL_INVOLVED,STWD_VEHTYPE_AT_FAULT,CHP_VEHTYPE_AT_FAULT,COUNT_SEVERE_INJ,COUNT_VISIBLE_INJ,COUNT_COMPLAINT_PAIN,COUNT_PED_KILLED,COUNT_PED_INJURED,COUNT_BICYCLIST_KILLED,COUNT_BICYCLIST_INJURED,COUNT_MC_KILLED,COUNT_MC_INJURED,PRIMARY_RAMP,SECONDARY_RAMP,LATITUDE,LONGITUDE,COUNTY,CITY,POINT_X,POINT_Y
92053254,2023,2023-04-26,9685,2023-04-24,1657,016885,NA,1,2,4,3312,0,1,1,NA,2,020,I-215 NORTHBOUND,SR-74 LOWER,4500,N,N,A,-,Y,RIV,NA,215,NA,NA,24.392,H,NA,R,N,2,0,2,1,A,-,01,23153,A,N,F,C,A,A,H,-,A,D,0,NA,NA,NA,NA,Y,Y,A,01,1,1,0,0,0,0,0,0,0,-,-,33.76652908325195,-117.19010162353516,RIVERSIDE,PERRIS,-117.1901397705078,33.766510009765625
92053982,2023,2023-04-26,9655,2023-04-23,2003,021732,NA,7,2,9,3300,0,1,1,NA,2,206,I-10 E/B,MAIN STREET,12144,E,N,A,-,Y,RIV,NA,10,NA,R,21.711,H,NA,R,N,3,0,1,1,A,-,01,23152,A,N,F,A,A,A,D,-,D,D,0,NA,NA,NA,NA,Y,Y,D,22,0,1,0,0,0,0,0,0,0,-,-,33.924461364746094,-116.73764038085938,RIVERSIDE,UNINCORPORATED,-116.73767852783205,33.92464065551758
9205650,2020,2021-02-24,3313,2020-12-09,1615,1798,5,3,5,7,3313,0,0,0,NA,0,M23,MAGNOLIA AV,POLK ST,0,NA,Y,A,-,N,NA,NA,NA,NA,NA,NA,NA,NA,NA,N,3,0,1,2,A,-,09,21453,C,N,D,C,A,A,D,-,A,A,0,NA,NA,NA,NA,Y,NA,A,01,0,1,0,0,0,0,0,0,0,-,-,33.907501220703125,-117.4686279296875,RIVERSIDE,RIVERSIDE,-117.46887969970705,33.90779113769531
92058676,2023,2023-05-02,9685,2023-01-26,2330,015906,NA,4,3,4,3342,0,1,1,NA,2,030,I-15 SOUTHBOUND,MURRIETA HOT SPRINGS ROAD,1584,S,N,A,-,Y,RIV,NA,15,NA,NA,9.144,H,NA,L,N,4,0,2,2,A,-,03,22350,NA,F,C,C,A,A,H,-,D,D,0,NA,NA,NA,NA,Y,NA,D,22,0,0,2,0,0,0,0,0,0,-,-,33.55213928222656,-117.18753814697266,RIVERSIDE,MURRIETA,-117.18750762939452,33.552181243896484
92059328,2023,2023-05-02,9630,2023-04-25,1505,016635,NA,2,2,9,3300,0,3,5,NA,2,404,VARNER RD,HARRY OLIVER TRAIL,441,W,N,A,-,N,NA,NA,NA,NA,NA,NA,NA,NA,NA,Y,4,0,1,1,A,-,08,22107,NA,N,E,I,A,A,H,-,A,D,0,NA,NA,NA,NA,Y,NA,A,01,0,0,1,0,0,0,0,0,0,-,-,33.810890197753906,-116.3960418701172,RIVERSIDE,UNINCORPORATED,-116.39578247070313,33.810791015625
92059641,2023,2023-05-03,9685,2023-04-21,1845,016185,NA,5,2,9,3300,0,1,3,NA,2,011,SR-74,ROCKY ROAD,40,E,N,A,-,Y,RIV,NA,74,NA,NA,3.457,H,NA,R,Y,2,0,1,2,A,-,03,22350,NA,N,C,C,A,A,D,-,A,D,0,NA,NA,NA,NA,Y,NA,A,01,1,0,0,0,0,0,0,0,0,-,-,33.620628356933594,-117.42323303222656,RIVERSIDE,UNINCORPORATED,-117.4233169555664,33.62057876586914
92060970,2023,2023-05-04,9685,2023-04-26,700,017903,NA,3,1,9,3300,0,3,5,NA,2,002,MATTHEWS ROAD,LEON ROAD,528,W,N,E,-,N,NA,NA,NA,NA,NA,NA,NA,NA,NA,Y,3,0,1,1,A,-,03,22350,NA,N,E,I,A,A,H,-,A,D,0,NA,NA,NA,NA,Y,NA,A,01,0,1,0,0,0,0,0,0,0,-,-,33.71417999267578,-117.12286376953124,RIVERSIDE,UNINCORPORATED,NA,NA
92062469,2023,2023-05-05,9655,2023-04-26,515,020664,NA,3,3,9,3300,0,1,3,NA,2,311,GILMAN SPRINGS RD,SR-79,100,W,N,A,-,N,NA,NA,NA,NA,NA,NA,NA,NA,NA,Y,4,0,1,2,A,-,03,22350,NA,N,C,C,A,A,H,-,B,A,0,NA,NA,NA,NA,Y,NA,A,01,0,0,1,0,0,0,0,0,0,-,-,33.845428466796875,-117.00511932373048,RIVERSIDE,UNINCORPORATED,-117.00437927246094,33.845619201660156
92062630,2023,2023-05-05,9630,2023-04-27,1800,021652,NA,4,2,9,3300,0,1,1,NA,2,021,I-10 W/B,COOK STREET,1056,E,N,A,-,Y,RIV,NA,10,NA,NA,47.217,H,NA,L,Y,3,0,1,3,A,-,01,23152,A,N,B,C,A,A,H,-,A,D,0,NA,NA,NA,NA,Y,Y,A,01,0,1,0,0,0,0,0,0,0,-,-,33.78340148925781,-116.35002899169922,RIVERSIDE,UNINCORPORATED,-116.35002136230467,33.78341293334961
92063423,2023,2023-05-08,9840,2023-04-26,536,023250,NA,3,3,7,3313,0,1,3,NA,2,025,SR-60 W/B,DAY STREET,845,E,N,A,-,Y,RIV,NA,60,NA,NA,13.48,H,NA,L,N,4,0,1,2,A,-,07,21658,A,N,B,C,A,A,H,-,A,D,0,NA,NA,Y,NA,Y,NA,A,01,0,0,1,0,0,0,0,0,1,-,-,33.94219970703125,-117.27622222900392,RIVERSIDE,RIVERSIDE,-117.27620697021484,33.94226837158203
92063824,2023,2023-05-08,9630,2023-04-26,450,021008,NA,3,3,9,3300,0,3,5,NA,2,402,DILLON ROAD,BEL AIR WAY,150,E,N,A,-,N,NA,NA,NA,NA,NA,NA,NA,NA,NA,Y,3,0,2,2,A,-,01,23152,A,F,B,C,A,A,H,-,D,D,0,NA,NA,NA,NA,Y,Y,A,01,0,1,1,0,0,0,0,0,0,-,-,33.9150390625,-116.38140869140624,RIVERSIDE,UNINCORPORATED,-116.38144683837892,33.91502380371094
92064411,2023,2023-05-09,9840,2023-04-30,1540,019566,NA,7,2,4,3310,0,1,1,NA,2,011,I-15 S/B,2ND ST,2900,N,N,A,-,Y,RIV,NA,15,NA,NA,44.203,H,NA,L,Y,2,0,1,2,A,-,03,22350,NA,N,C,C,A,A,H,-,A,D,0,NA,NA,Y,NA,Y,NA,C,02,1,0,0,0,0,0,0,0,1,-,-,33.91762924194336,-117.55728149414063,RIVERSIDE,NORCO,-117.55730438232422,33.917633056640625
92066119,2023,2023-05-10,9840,2023-05-04,1215,016284,NA,4,1,4,3344,0,1,1,NA,2,011,I-15 S/B,RIVERSIDE DRIVE,748,N,N,B,-,Y,RIV,NA,15,NA,NA,51.129,H,NA,L,Y,2,0,1,2,D,-,00,NA,NA,N,B,C,A,B,H,-,A,D,0,NA,NA,NA,NA,Y,NA,-,-,1,0,0,0,0,0,0,0,0,-,-,34.01668167114258,-117.55040740966795,RIVERSIDE,EASTVALE,-117.55047607421876,34.01667785644531
92066120,2023,2023-05-10,9840,2023-05-04,855,015444,NA,4,1,6,3394,0,1,1,NA,2,040,I-15 S/B,CACTUS AVE,1056,S,N,B,C,Y,RIV,NA,215,NA,R,35.312,H,NA,L,Y,4,0,1,2,A,-,03,22350,NA,M,C,C,A,B,H,-,A,D,0,NA,NA,NA,NA,Y,NA,A,01,0,0,1,0,0,0,0,0,0,-,-,33.90325927734375,-117.27747344970705,RIVERSIDE,MORENO VALLEY,-117.27755737304688,33.90323257446289
92069795,2023,2023-05-16,9840,2023-05-07,2039,020989,NA,7,2,6,3345,0,1,3,NA,2,010,SR-60 W/B,ETIWANDA AVE,1584,E,N,A,-,Y,RIV,NA,60,NA,R,2.328,H,NA,L,Y,4,0,1,2,A,-,07,21658,A,N,B,C,A,A,H,-,C,D,0,NA,NA,NA,NA,Y,NA,A,01,0,0,1,0,0,0,0,0,0,-,-,34.01858139038086,-117.51898193359376,RIVERSIDE,JURUPA VALLEY,-117.51897430419922,34.01852798461914
92069873,2023,2023-05-16,9840,2023-05-08,630,021980,NA,1,1,7,3313,0,1,1,NA,2,022,I-215 S/B,COLUMBIA AVE,1478,N,N,A,-,Y,RIV,NA,215,NA,NA,44.19,H,NA,L,N,4,0,1,2,A,-,03,22350,NA,F,C,C,A,A,H,-,A,D,0,NA,NA,NA,NA,Y,NA,D,22,0,0,1,0,0,0,0,0,0,-,-,34.005210876464844,-117.3495864868164,RIVERSIDE,RIVERSIDE,-117.34954071044922,34.00518798828125
9207050,2020,2021-01-15,3313,2020-11-26,2236,1809,1,4,5,7,3313,0,0,0,NA,0,1R17,BROCKTON AV,LARCHWOOD PL,45,N,N,A,-,N,NA,NA,NA,NA,NA,NA,NA,NA,NA,N,4,0,1,1,A,-,08,22107,NA,M,E,J,A,A,H,-,C,D,0,NA,NA,NA,NA,Y,NA,A,07,0,0,1,0,0,0,0,0,0,-,-,33.97031021118164,-117.38948059082033,RIVERSIDE,RIVERSIDE,-117.38965606689452,33.97160720825195
92075073,2023,2023-05-23,9840,2023-05-11,1600,019219,NA,4,2,7,3313,0,1,1,NA,2,023,I-215 NORTHBOUND,CENTRAL AVENUE,2640,S,N,A,-,Y,RIV,NA,215,NA,NA,39.143,H,NA,R,N,4,0,1,2,A,-,07,21658,A,N,B,C,A,A,H,-,A,D,0,NA,NA,NA,Y,Y,NA,A,01,0,0,1,0,0,0,0,0,0,-,-,33.95515823364258,-117.30535125732422,RIVERSIDE,RIVERSIDE,-117.3053741455078,33.95514678955078
9207531,2020,2021-02-01,3313,2020-11-25,0659,1686,4,3,5,7,3313,0,0,0,NA,0,T58,MADISON ST,RT 91,20,S,N,A,-,Y,RIV,8,91,-,-,16.79,R,4,E,Y,3,0,1,2,A,-,12,21453,A,M,D,C,A,A,H,-,A,A,0,NA,NA,NA,NA,Y,NA,D,22,0,1,0,0,0,0,0,0,0,-,EO,33.93574905395508,-117.40473175048828,RIVERSIDE,RIVERSIDE,-117.40297698974608,33.93687057495117
92075437,2023,2023-05-23,9840,2023-05-12,1456,020913,NA,5,2,6,3394,0,1,3,NA,2,025,SR-60 W/B,FREDERICK ST,2700,E,N,A,-,Y,RIV,NA,60,NA,NA,14.844,H,NA,L,Y,4,0,2,3,A,-,03,22350,NA,M,C,C,A,A,H,-,A,D,0,NA,NA,NA,NA,Y,NA,D,22,0,0,2,0,0,0,0,0,0,-,-,33.9410400390625,-117.25263214111328,RIVERSIDE,MORENO VALLEY,-117.25263214111328,33.941062927246094
92075528,2023,2023-05-23,9840,2023-05-12,1821,020913,NA,5,2,7,3313,0,1,1,NA,2,023,I-215 N/B,CENTRAL AVE,2300,S,N,A,-,Y,RIV,NA,215,NA,NA,39.06,H,NA,R,Y,4,0,2,5,A,-,03,22350,NA,N,C,C,A,A,H,-,A,D,0,NA,NA,NA,Y,Y,NA,F,26,0,0,2,0,0,0,0,0,0,-,-,33.95412063598633,-117.30461120605467,RIVERSIDE,RIVERSIDE,-117.30458831787108,33.954132080078125
92077134,2023,2023-05-25,9685,2023-05-15,740,016347,NA,1,1,9,3300,0,1,3,NA,1,012,SR-74 W/B,ELLIS AVENUE,100,E,N,B,E,Y,NA,NA,NA,NA,NA,NA,NA,NA,NA,Y,4,0,2,4,A,-,03,22350,NA,N,C,C,A,A,H,-,A,A,0,NA,NA,NA,NA,Y,NA,A,01,0,0,2,0,0,0,0,0,0,-,-,33.77190017700195,-117.2509536743164,RIVERSIDE,UNINCORPORATED,-117.25092315673828,33.7718620300293
92081052,2023,2023-05-30,9840,2023-05-27,1718,020455,NA,6,2,6,3315,0,1,3,NA,2,031,SR-91 W/B TO I-15 S/B,PROMENADE AVE,3168,W,N,A,-,Y,RIV,NA,91,NA,NA,7.457,H,NA,L,Y,3,0,1,2,A,-,08,22107,NA,N,C,2,A,A,H,-,A,D,0,NA,NA,NA,NA,Y,NA,A,01,0,1,0,0,0,0,0,0,0,-,-,33.881980895996094,-117.54715728759766,RIVERSIDE,CORONA,-117.54715728759766,33.881980895996094
92081757,2023,2023-05-30,9685,2023-05-17,840,017013,NA,3,1,9,3300,0,3,5,NA,2,003,LOS GATOS ROAD,CARANCHO ROAD,2112,N,N,A,-,N,NA,NA,NA,NA,NA,NA,NA,NA,NA,Y,2,0,1,1,A,-,03,22350,NA,N,E,I,A,A,H,-,A,D,0,NA,NA,NA,Y,Y,NA,F,27,1,0,0,0,0,0,0,0,0,-,-,33.497650146484375,-117.2851791381836,RIVERSIDE,UNINCORPORATED,-117.2853546142578,33.49623107910156
92082502,2023,2023-05-31,9655,2023-05-22,1430,015892,NA,1,2,9,3300,0,3,5,NA,2,003,RAMONA EXPRESSWAY,WARREN ROAD,2112,W,N,A,-,N,NA,NA,NA,NA,NA,NA,NA,NA,NA,Y,3,0,1,2,A,-,09,21804,B,N,D,C,A,A,H,-,A,D,0,NA,NA,Y,Y,Y,NA,C,02,0,1,0,0,0,0,0,0,1,-,-,33.82691955566406,-117.04109954833984,RIVERSIDE,UNINCORPORATED,-117.03975677490234,33.826072692871094
92083484,2023,2023-06-01,9685,2023-04-22,1550,018539,NA,6,2,9,3300,0,3,5,NA,2,003,MESA RD W/B,DEPORTOLA ROAD,1945,W,N,A,-,N,NA,NA,NA,NA,NA,NA,NA,NA,NA,Y,4,0,2,2,A,-,05,21460,A,N,D,C,A,A,H,-,A,D,0,NA,NA,NA,NA,Y,NA,A,07,0,0,2,0,0,0,0,0,0,-,-,33.57191848754883,-116.98509216308594,RIVERSIDE,UNINCORPORATED,-116.98493957519533,33.57185363769531
92083490,2023,2023-06-01,9685,2023-05-05,1220,015360,NA,5,1,9,3300,0,3,5,NA,2,003,LOS CABALLOS ROAD,STATE ROUTE 79 (SOUTH),0,NA,Y,B,-,Y,NA,NA,NA,NA,NA,NA,NA,NA,NA,N,4,0,2,2,A,-,09,21802,A,N,D,C,A,A,H,-,A,A,0,NA,NA,NA,NA,Y,NA,A,01,0,0,2,0,0,0,0,0,0,-,-,33.388519287109375,-117.04456329345705,RIVERSIDE,UNINCORPORATED,-117.04454803466795,33.48521041870117
92083836,2023,2023-06-01,9685,2023-05-22,728,015295,NA,1,1,9,3300,0,1,3,NA,1,045,STATE ROUTE 371,CARY ROAD,2640,W,N,A,-,Y,RIV,NA,371,NA,NA,67.165,H,NA,R,Y,3,0,1,3,A,-,09,21801,A,N,D,C,A,A,H,-,A,D,0,NA,NA,NA,NA,Y,NA,A,07,0,1,0,0,0,0,0,0,0,-,-,33.54111099243164,-116.74378204345705,RIVERSIDE,UNINCORPORATED,-116.74378204345705,33.54113006591797
92084422,2023,2023-06-02,9660,2023-05-23,1418,019623,NA,2,2,9,3300,0,1,1,NA,2,030,I-10 W/B,SR-177/RICE RD.,21648,E,N,A,-,Y,RIV,NA,10,NA,R,109.293,H,NA,L,Y,3,0,1,1,A,-,08,22107,NA,N,E,8,A,A,D,-,A,A,0,NA,NA,NA,NA,Y,NA,A,01,0,1,0,0,0,0,0,0,0,-,-,33.704158782958984,-115.32801055908205,RIVERSIDE,UNINCORPORATED,-115.32799530029295,33.70423889160156
92086423,2023,2023-06-05,9630,2023-05-24,1544,021652,NA,3,2,9,3300,0,1,3,NA,2,015,SR-62 E/B,NORTH INDIAN CANYON DRIVE,3696,E,N,A,-,Y,RIV,NA,62,NA,NA,7.629,H,NA,R,Y,3,0,1,2,C,-,18,NA,NA,N,D,C,A,D,G,-,A,D,0,NA,NA,NA,Y,Y,NA,-,-,0,1,0,0,0,0,0,0,0,-,-,34.01448059082031,-116.57708740234376,RIVERSIDE,UNINCORPORATED,-116.57707214355467,34.014503479003906
92086470,2023,2023-06-06,9685,2023-04-25,1645,017833,NA,2,2,9,3300,0,3,5,NA,2,003,SAGE RD,TNT RANCH RD,1056,S,N,A,-,N,NA,NA,NA,NA,NA,NA,NA,NA,NA,Y,4,0,1,1,A,-,03,22350,NA,N,F,A,A,A,H,-,A,D,0,NA,NA,NA,NA,Y,NA,A,01,0,0,1,0,0,0,0,0,0,-,-,33.62284851074219,-116.93630981445313,RIVERSIDE,UNINCORPORATED,-116.93628692626952,33.62289810180664
92086885,2023,2023-06-06,9685,2023-05-31,915,015757,NA,3,1,9,3300,0,1,3,NA,1,031,SR-79 (WINCHESTER RD),POURROY RD,200,N,N,B,-,Y,RIV,NA,79,NA,R,10.518,H,NA,R,Y,4,0,2,2,A,-,03,22350,NA,N,C,C,A,A,H,-,A,A,0,NA,NA,NA,NA,Y,NA,A,01,0,0,2,0,0,0,0,0,0,-,-,33.62071990966797,-117.09922790527344,RIVERSIDE,UNINCORPORATED,-117.0990982055664,33.62063980102539
92086999,2023,2023-06-06,9685,2023-05-29,1535,018539,NA,1,2,9,3300,0,1,3,NA,1,039,SR-79 S/B,LOS CABALLOS ROAD,0,NA,Y,A,-,Y,RIV,NA,79,NA,NA,13.861,H,NA,L,Y,4,0,2,3,A,-,09,21802,A,N,A,C,A,A,H,-,A,A,0,NA,NA,NA,NA,Y,NA,A,01,0,0,2,0,0,0,0,0,0,-,-,33.485198974609375,-117.04460906982422,RIVERSIDE,UNINCORPORATED,-117.04457092285156,33.4852409362793
92087144,2023,2023-06-06,9685,2023-05-28,1257,017285,NA,7,1,5,3335,0,1,1,NA,2,030,I-15 N/B,WINCHESTER ROAD,1500,N,N,A,-,Y,RIV,NA,15,NA,NA,6.909,H,NA,R,N,4,0,1,2,A,-,03,22350,NA,N,C,C,A,A,H,-,A,D,0,NA,NA,NA,NA,Y,NA,A,01,0,0,1,0,0,0,0,0,0,-,-,33.526309967041016,-117.1652374267578,RIVERSIDE,TEMECULA,-117.16526794433594,33.52629470825195
92088933,2023,2023-06-08,9685,2023-06-05,45,017169,NA,1,3,5,3335,0,1,1,NA,2,030,I-15 N/B FROM WINCHESTER ROAD,WINCHESTER ROAD,1056,N,N,A,-,Y,RIV,NA,15,NA,NA,6.824,H,NA,R,N,4,0,1,2,A,-,01,23152,A,N,C,C,A,A,D,-,D,D,0,NA,NA,NA,NA,Y,Y,A,01,0,0,1,0,0,0,0,0,0,-,-,33.52526092529297,-117.16443634033205,RIVERSIDE,TEMECULA,-117.16455078125,33.525211334228516
9208998,2020,2021-02-19,3313,2020-12-11,1802,1798,4,5,5,7,3313,0,0,0,NA,0,M23,MADISON ST,GARDEN ST,500,S,N,A,-,NA,NA,NA,NA,NA,NA,NA,NA,NA,NA,NA,4,0,2,2,A,-,09,21801,A,N,D,C,A,A,H,-,C,D,0,NA,NA,NA,NA,Y,NA,A,07,0,0,2,0,0,0,0,0,0,-,-,33.937538146972656,-117.40615844726563,RIVERSIDE,RIVERSIDE,-117.40514373779295,33.93616485595703
92092514,2023,2023-06-13,9630,2023-06-04,1026,023092,NA,7,1,9,3300,0,3,5,NA,2,001,CLUBHOUSE BLVD.,WARWICK DR.,58,S,N,A,-,N,NA,NA,NA,NA,NA,NA,NA,NA,NA,Y,4,0,1,1,A,-,08,22107,NA,N,E,I,A,A,H,-,A,D,0,NA,NA,NA,NA,Y,NA,A,07,0,0,1,0,0,0,0,0,0,-,-,33.97869110107422,-116.5398406982422,RIVERSIDE,UNINCORPORATED,-116.53990173339844,33.978721618652344
92093277,2023,2023-09-14,9685,2023-06-05,1550,016502,NA,1,2,4,3342,0,1,1,NA,2,030,I-15 S/B,NUTMEG ST.,2165,N,N,A,-,Y,RIV,NA,15,NA,NA,12.275,H,NA,L,Y,3,0,1,1,A,-,08,22107,NA,N,E,I,A,A,H,-,A,D,0,NA,NA,NA,NA,Y,NA,A,01,0,1,0,0,0,0,0,0,0,-,-,33.581748962402344,-117.2284698486328,RIVERSIDE,MURRIETA,-117.22857666015624,33.5816535949707
92093292,2023,2023-06-14,9685,2023-06-12,1035,017056,NA,1,1,9,3300,0,2,S,NA,2,904,FLORIDA AVE (44700 BLOCK),LINCOLN AVE,1003,E,N,B,-,N,NA,NA,NA,NA,NA,NA,NA,NA,NA,Y,4,0,2,2,A,-,09,21804,A,N,D,C,A,A,H,-,A,D,0,NA,NA,Y,NA,Y,NA,A,01,0,0,2,0,0,0,0,0,1,-,-,33.74787139892578,-116.8811264038086,RIVERSIDE,UNINCORPORATED,-116.88114166259766,33.74789047241211
92093883,2023,2023-06-14,9840,2023-06-03,300,021096,NA,6,3,7,3313,0,1,1,NA,2,023,I-215 S/B,CENTRAL AVE.,1943,S,N,A,-,Y,RIV,NA,215,NA,NA,39.117,H,NA,L,N,4,0,1,2,A,-,03,22350,NA,N,C,C,A,A,H,-,D,D,0,NA,NA,NA,NA,Y,NA,A,01,0,0,1,0,0,0,0,0,0,-,-,33.95460891723633,-117.30534362792967,RIVERSIDE,RIVERSIDE,-117.30527496337892,33.954647064208984
92094528,2023,2023-06-15,9840,2023-05-29,4,021862,NA,1,3,6,3315,0,1,1,NA,2,011,I-15 N/B,SR-91,634,N,N,A,-,Y,RIV,NA,15,NA,NA,41.637,H,NA,R,N,3,0,1,1,A,-,08,22107,NA,N,E,I,A,A,H,-,C,D,0,NA,NA,NA,NA,Y,NA,A,07,0,1,0,0,0,0,0,0,0,-,-,33.883689880371094,-117.54821014404295,RIVERSIDE,CORONA,-117.54818725585938,33.88370132446289
92095150,2023,2023-06-15,9655,2023-06-14,720,019321,NA,3,1,9,3300,0,3,5,NA,2,002,MAIN ST.,RAILROAD AVE.,0,NA,Y,A,-,Y,NA,NA,NA,NA,NA,NA,NA,NA,NA,Y,4,0,2,1,A,-,03,22350,NA,N,E,I,A,A,H,-,A,A,0,NA,NA,NA,NA,Y,NA,E,22,0,0,2,0,0,0,0,0,0,-,-,33.91727828979492,-116.77873229980467,RIVERSIDE,UNINCORPORATED,-116.80623626708984,33.920101165771484
92097299,2023,2023-06-19,9685,2023-06-10,1400,016743,NA,6,2,5,3335,0,1,1,NA,2,030,I-15 NORTHBOUND,RANCHO CALIFORNIA ROAD,2112,N,N,B,-,Y,RIV,NA,15,NA,NA,5.367,H,NA,R,N,2,0,1,2,A,-,03,22350,NA,N,C,C,A,A,H,-,A,D,0,NA,NA,Y,NA,Y,NA,C,02,1,0,0,0,0,0,0,0,1,-,-,33.506248474121094,-117.15373992919922,RIVERSIDE,TEMECULA,-117.15369415283205,33.506263732910156
92100810,2023,2023-06-23,9840,2023-06-13,1518,023228,NA,2,2,9,3300,0,3,5,NA,2,003,OAKLAND HILLS DRIVE,BRAE BURN DRIVE,139,W,N,A,-,N,NA,NA,NA,NA,NA,NA,NA,NA,NA,N,2,0,1,2,A,-,05,21650,NA,N,A,G,A,A,H,-,A,D,0,NA,Y,NA,NA,Y,NA,L,04,1,0,0,0,0,0,1,0,0,-,-,33.874420166015625,-117.60765838623048,RIVERSIDE,UNINCORPORATED,-117.6076202392578,33.87437057495117
92101197,2023,2023-06-23,9630,2023-05-23,2215,021515,NA,2,3,9,3300,0,1,1,NA,2,020,I-10 W/B,RAMON RD,1584,E,N,A,-,Y,RIV,NA,10,NA,NA,43.718,H,NA,L,Y,4,0,1,4,A,-,08,22107,NA,M,B,C,A,A,H,-,C,D,0,NA,NA,NA,Y,Y,NA,G,25,0,0,1,0,0,0,0,0,0,-,-,33.81290054321289,-116.39924621582033,RIVERSIDE,UNINCORPORATED,-116.39926147460938,33.81288528442383
92102342,2023,2023-06-26,9655,2023-06-18,1957,021908,NA,7,2,9,3300,0,2,4,NA,2,322,GILMAN SPRINGS RD,CRESTVIEW DR,1000,E,N,A,-,N,NA,NA,NA,NA,NA,NA,NA,NA,NA,N,4,0,1,2,A,-,05,21460,A,N,B,C,A,A,H,-,A,D,0,NA,NA,NA,NA,Y,NA,A,01,0,0,1,0,0,0,0,0,0,-,-,33.8325309753418,-116.98483276367188,RIVERSIDE,UNINCORPORATED,-116.98198699951172,33.830413818359375
9210365,2020,2021-01-14,3313,2020-11-18,1528,2017,5,3,5,7,3313,0,0,0,NA,0,T43,COCHRAN AV,JONES AV,0,NA,Y,A,-,N,NA,NA,NA,NA,NA,NA,NA,NA,NA,NA,3,0,1,2,A,-,12,22450,A,N,G,B,D,A,H,-,A,A,0,Y,NA,NA,NA,Y,NA,A,01,0,1,0,0,1,0,0,0,0,-,-,33.90972900390625,-117.47441864013672,RIVERSIDE,RIVERSIDE,-117.47377777099608,33.91006851196289
9210484,2020,2021-01-25,3313,2020-11-12,0226,1716,3,4,5,7,3313,0,0,0,NA,0,1R35,ALESSANDRO BL,TRAFALGAR AV,195,S,N,A,-,N,NA,NA,NA,NA,NA,NA,NA,NA,NA,NA,4,0,1,1,A,-,08,22107,NA,N,E,I,A,A,H,-,C,D,0,NA,NA,NA,NA,Y,NA,D,22,0,0,1,0,0,0,0,0,0,-,-,33.9415397644043,-117.3522491455078,RIVERSIDE,RIVERSIDE,-117.35246276855467,33.94102096557617
92107059,2023,2023-06-30,9685,2023-06-10,1608,017903,NA,6,2,4,3342,0,1,1,NA,2,034,INTERSTATE 215 SOUTH TO I-15 SOUTH,WINCHESTER ROAD,6864,N,N,B,-,Y,RIV,NA,215,NA,R,8.555,H,NA,L,Y,4,0,2,2,A,-,03,22350,NA,N,C,C,A,A,H,-,A,D,0,NA,NA,NA,NA,Y,NA,A,07,0,0,2,0,0,0,0,0,0,-,-,33.542781829833984,-117.17733001708984,RIVERSIDE,MURRIETA,-117.17720794677734,33.542869567871094
92107090,2023,2023-06-30,9685,2023-06-29,615,015906,NA,4,1,9,3300,0,3,5,NA,2,003,E. BENTON ROAD,BUCK ROAD,5016,E,N,A,-,N,NA,NA,NA,NA,NA,NA,NA,NA,NA,Y,4,0,1,1,A,-,08,22107,NA,N,E,I,A,A,H,-,A,D,0,NA,NA,NA,NA,Y,NA,A,01,0,0,1,0,0,0,0,0,0,-,-,33.56394958496094,-117.01580810546876,RIVERSIDE,UNINCORPORATED,NA,NA