CASE_ID,ACCIDENT_YEAR,PROC_DATE,JURIS,COLLISION_DATE,COLLISION_TIME,OFFICER_ID,REPORTING_DISTRICT,DAY_OF_WEEK,CHP_SHIFT,POPULATION,CNTY_CITY_LOC,SPECIAL_COND,BEAT_TYPE,CHP_BEAT_TYPE,CITY_DIVISION_LAPD,CHP_BEAT_CLASS,BEAT_NUMBER,PRIMARY_RD,SECONDARY_RD,DISTANCE,DIRECTION,INTERSECTION,WEATHER_1,WEATHER_2,STATE_HWY_IND,CALTRANS_COUNTY,CALTRANS_DISTRICT,STATE_ROUTE,ROUTE_SUFFIX,POSTMILE_PREFIX,POSTMILE,LOCATION_TYPE,RAMP_INTERSECTION,SIDE_OF_HWY,TOW_AWAY,COLLISION_SEVERITY,NUMBER_KILLED,NUMBER_INJURED,PARTY_COUNT,PRIMARY_COLL_FACTOR,PCF_CODE_OF_VIOL,PCF_VIOL_CATEGORY,PCF_VIOLATION,PCF_VIOL_SUBSECTION,HIT_AND_RUN,TYPE_OF_COLLISION,MVIW,PED_ACTION,ROAD_SURFACE,ROAD_COND_1,ROAD_COND_2,LIGHTING,CONTROL_DEVICE,CHP_ROAD_TYPE,PEDESTRIAN_ACCIDENT,BICYCLE_ACCIDENT,MOTORCYCLE_ACCIDENT,TRUCK_ACCIDENT,NOT_PRIVATE_PROPERTY,ALCOHOL_INVOLVED,STWD_VEHTYPE_AT_FAULT,CHP_VEHTYPE_AT_FAULT,COUNT_SEVERE_INJ,COUNT_VISIBLE_INJ,COUNT_COMPLAINT_PAIN,COUNT_PED_KILLED,COUNT_PED_INJURED,COUNT_BICYCLIST_KILLED,COUNT_BICYCLIST_INJURED,COUNT_MC_KILLED,COUNT_MC_INJURED,PRIMARY_RAMP,SECONDARY_RAMP,LATITUDE,LONGITUDE,COUNTY,CITY,POINT_X,POINT_Y
92260377,2023,2023-12-13,9840,2023-12-04,555,023501,NA,1,3,6,3345,0,1,3,NA,2,101,SR-60 W/B,ETIWANDA AVENUE,208,E,N,A,-,Y,RIV,NA,60,NA,R,2.057,H,NA,L,N,4,0,1,3,A,-,03,22350,NA,N,C,C,A,A,H,-,C,D,0,NA,NA,NA,NA,Y,NA,A,01,0,0,1,0,0,0,0,0,0,-,-,34.018280029296875,-117.5236587524414,RIVERSIDE,JURUPA VALLEY,-117.52366638183594,34.01834487915039
92266068,2023,2023-12-19,9840,2023-12-08,1431,021080,NA,5,2,7,3313,0,1,3,NA,2,021,SR-91 E/B,SPRUCE ST,2534,W,N,A,-,Y,RIV,NA,91,NA,NA,20.979,H,NA,R,N,4,0,1,3,A,-,03,22350,NA,N,C,C,A,A,H,-,A,D,0,NA,NA,NA,NA,Y,NA,A,01,0,0,1,0,0,0,0,0,0,-,-,33.98582077026367,-117.36461639404295,RIVERSIDE,RIVERSIDE,-117.36460113525392,33.98581314086914
92267102,2023,2023-12-20,9630,2023-04-13,2345,021008,NA,4,3,9,3300,0,1,3,NA,2,086,STATE ROUTE 86 SOUTHBOUND,66TH AVENUE,75,N,N,A,-,Y,RIV,NA,86,NA,R,11.049,H,NA,L,Y,1,2,1,3,A,-,03,22350,NA,N,C,C,A,A,H,-,C,A,0,NA,NA,NA,Y,Y,NA,G,25,1,0,0,0,0,0,0,0,0,-,-,33.569618225097656,-116.09274291992188,RIVERSIDE,UNINCORPORATED,-116.09275817871094,33.569618225097656
92268583,2023,2023-12-21,9840,2023-11-22,1105,017247,NA,3,1,6,3345,0,1,3,NA,2,010,SR-60,RUBIDOUX BLVD,4955,E,N,A,-,Y,RIV,NA,60,NA,NA,8.619,H,NA,R,N,4,0,2,2,A,-,07,21658,A,N,B,C,A,A,H,-,A,D,0,NA,NA,NA,NA,Y,NA,A,07,0,0,2,0,0,0,0,0,0,-,-,34.006309509277344,-117.41629791259766,RIVERSIDE,JURUPA VALLEY,-117.41631317138672,34.006290435791016
92269362,2023,2023-12-22,9840,2023-12-11,1854,021047,NA,1,2,7,3313,0,1,3,NA,2,010,SR-60 E/B,ORANGE ST.,340,E,N,A,-,Y,RIV,NA,60,NA,NA,11.898,H,NA,R,N,4,0,2,2,A,-,03,22350,NA,M,C,C,A,A,H,-,C,D,0,NA,NA,NA,NA,Y,NA,A,01,0,0,2,0,0,0,0,0,0,-,-,33.995391845703125,-117.36222839355467,RIVERSIDE,RIVERSIDE,-117.36225128173828,33.995357513427734
92269365,2023,2023-12-22,9840,2023-12-11,1830,021297,NA,1,2,7,3313,0,1,1,NA,2,023,S/B I-215,BLAINE ST,1000,N,N,A,-,Y,RIV,NA,215,NA,NA,42.308,H,NA,R,Y,4,0,1,2,A,-,07,21658,A,N,B,C,A,A,H,-,C,D,0,NA,NA,Y,NA,Y,NA,D,22,0,0,1,0,0,0,0,0,1,-,-,33.9845085144043,-117.34451293945313,RIVERSIDE,RIVERSIDE,-117.34431457519533,33.984642028808594
92269719,2023,2023-12-22,9685,2023-12-20,655,016885,NA,3,1,5,3335,0,1,1,NA,2,030,I-15 SOUTHBOUND,TEMECULA PARKWAY,670,S,N,B,-,Y,RIV,NA,15,NA,NA,3.235,H,NA,R,N,2,0,1,2,A,-,07,21658,A,F,C,C,A,A,H,-,A,D,0,NA,NA,Y,NA,Y,NA,A,01,1,0,0,0,0,0,0,0,1,-,-,33.47780990600586,-117.13945770263672,RIVERSIDE,TEMECULA,-117.13947296142578,33.477806091308594
92271985,2023,2023-12-27,9655,2023-12-16,1710,023543,NA,6,2,4,3301,0,1,1,NA,2,202,I-10 W/B TO HIGHLAND SPRINGS AVENUE,HIGHLAND SPRINGS AVE,590,E,N,A,-,Y,RIV,NA,10,NA,NA,9.44,H,NA,L,N,3,0,1,2,A,-,04,21703,NA,N,C,C,A,A,H,-,A,D,0,NA,NA,NA,NA,Y,NA,A,08,0,1,0,0,0,0,0,0,0,-,-,33.927188873291016,-116.9447021484375,RIVERSIDE,BANNING,-116.94470977783205,33.92696762084961
92272155,2023,2023-12-27,9840,2023-09-20,955,014916,NA,3,1,9,3300,1,3,5,NA,2,004,WOOD RD,MARKHAM AVE,50,S,N,B,-,N,NA,NA,NA,NA,NA,NA,NA,NA,NA,N,3,0,1,1,C,-,18,NA,NA,N,H,A,A,A,H,-,A,D,0,NA,NA,NA,NA,Y,NA,-,-,0,1,0,0,0,0,0,0,0,-,-,33.85786819458008,-117.33135986328124,RIVERSIDE,UNINCORPORATED,-117.33131408691406,33.858001708984375
92273942,2023,2024-06-27,9685,2023-12-16,320,016722,NA,6,3,4,3307,0,1,1,NA,2,010,I-15 FREEWAY SOUTHBOUND,MAIN STREET,3168,S,N,A,-,Y,RIV,NA,15,NA,NA,20.34,H,NA,L,N,3,0,1,2,A,-,03,22350,NA,N,C,C,A,A,H,-,D,D,0,NA,NA,NA,NA,Y,NA,A,01,0,1,0,0,0,0,0,0,0,-,-,33.67250061035156,-117.314697265625,RIVERSIDE,LAKE ELSINORE,-117.31464385986328,33.672603607177734
92273965,2023,2023-12-28,9840,2023-12-26,1133,019527,NA,2,1,6,3345,0,1,1,NA,2,011,I-15 N/B,CANTU-GALLEANO RANCH RD.,300,N,N,A,-,Y,RIV,NA,15,NA,NA,50.201,H,NA,R,Y,4,0,1,3,A,-,03,22350,NA,N,C,C,A,A,H,-,A,D,0,NA,NA,NA,Y,Y,NA,A,01,0,0,1,0,0,0,0,0,0,-,-,34.00334167480469,-117.5501708984375,RIVERSIDE,JURUPA VALLEY,-117.55017852783205,34.00334167480469
9227633,2021,2021-04-08,3309,2021-02-05,1602,2003,3309,5,5,4,3309,0,0,0,NA,0,003,JACKSON ST,AV 50,0,NA,Y,A,-,N,NA,NA,NA,NA,NA,NA,NA,NA,NA,N,4,0,3,2,A,-,09,21800,A,M,B,C,A,A,H,-,A,A,0,NA,NA,NA,NA,Y,NA,A,01,0,0,3,0,0,0,0,0,0,-,-,NA,NA,RIVERSIDE,INDIO,-116.2165069580078,33.685489654541016
92277266,2023,2024-01-02,9630,2023-12-22,757,021897,NA,5,1,9,3300,0,1,1,NA,2,021,I-10 E/B,MONTEREY AVE,2112,W,N,B,C,Y,RIV,NA,10,NA,NA,44.095,H,NA,R,Y,4,0,1,1,A,-,03,22350,NA,N,F,A,A,B,H,-,A,D,0,NA,NA,NA,NA,Y,NA,A,07,0,0,1,0,0,0,0,0,0,-,-,33.809329986572266,-116.3943328857422,RIVERSIDE,UNINCORPORATED,-116.3942642211914,33.809410095214844
92277399,2024,2024-01-03,9840,2024-01-01,1730,021943,NA,1,2,9,3300,0,3,5,NA,2,004,SEATON AVENUE,MARTIN STREET,210,N,N,A,-,N,NA,NA,NA,NA,NA,NA,NA,NA,NA,Y,2,0,2,1,A,-,08,22107,NA,N,F,A,A,A,H,-,C,D,0,NA,NA,Y,NA,Y,NA,C,06,2,0,0,0,0,0,0,0,2,-,-,33.84523010253906,-117.26157379150392,RIVERSIDE,UNINCORPORATED,-117.26150512695313,33.84515380859375
92281667,2023,2024-01-08,9840,2023-12-28,1440,021080,NA,4,2,7,3313,0,1,1,NA,2,022,I-215 N/B,CENTER ST.,3062,S,N,A,-,Y,RIV,NA,215,NA,NA,44.417,H,NA,R,Y,4,0,2,3,A,-,01,23152,A,N,C,C,A,A,H,-,A,D,0,NA,NA,NA,NA,Y,Y,A,01,0,0,2,0,0,0,0,0,0,-,-,34.00796127319336,-117.3474578857422,RIVERSIDE,RIVERSIDE,-117.34748077392578,34.00796890258789
92283949,2024,2024-01-10,9655,2024-01-05,1346,021399,NA,5,1,9,3300,0,1,3,NA,2,217,SR-111 N/B,SNOW CREEK RD,2640,N,N,A,-,Y,RIV,NA,111,NA,R,62.792,H,NA,R,Y,4,0,1,1,A,-,08,22107,NA,N,F,A,A,A,H,-,A,D,0,NA,NA,NA,NA,Y,NA,A,01,0,0,1,0,0,0,0,0,0,-,-,33.916080474853516,-116.67169952392578,RIVERSIDE,UNINCORPORATED,-116.67174530029295,33.91604232788086
92285062,2024,2024-01-11,9630,2024-01-04,1018,019310,NA,4,1,9,3300,0,1,1,NA,2,020,I-10 W/B,BOB HOPE DR,2112,W,N,A,-,Y,RIV,NA,10,NA,NA,42.49,H,NA,L,Y,3,0,1,1,A,-,08,22107,NA,N,E,I,A,A,H,-,A,D,0,NA,NA,NA,NA,Y,NA,A,08,0,1,0,0,0,0,0,0,0,-,-,33.824180603027344,-116.41571807861328,RIVERSIDE,UNINCORPORATED,-116.41566467285156,33.824249267578125
92286966,2023,2024-01-15,9685,2023-12-31,530,018321,NA,7,3,4,3342,0,1,1,NA,2,030,INTERSTATE 15 SB,INTERSTATE 215,1084,S,N,B,C,Y,RIV,NA,15,NA,NA,8.532,H,NA,L,Y,2,0,1,1,A,-,03,22350,NA,N,E,I,A,B,H,-,C,D,0,NA,NA,NA,NA,Y,NA,A,07,1,0,0,0,0,0,0,0,0,-,-,33.546661376953125,-117.17916107177734,RIVERSIDE,MURRIETA,-117.17930603027344,33.546573638916016
92288065,2024,2024-01-16,9630,2024-01-09,1400,019153,NA,2,2,9,3300,0,3,5,NA,2,502,54TH AVE,CESAR CHAVEZ ST,0,NA,Y,A,-,N,NA,NA,NA,NA,NA,NA,NA,NA,NA,Y,4,0,1,2,A,-,09,21801,A,N,D,C,A,A,H,-,A,A,0,NA,NA,NA,NA,Y,NA,D,22,0,0,1,0,0,0,0,0,0,-,-,33.65653991699219,-116.18180084228516,RIVERSIDE,UNINCORPORATED,-116.1817626953125,33.65654373168945
92290583,2024,2024-01-18,9685,2024-01-12,1845,016096,NA,5,2,9,3300,0,3,5,NA,2,001,AVENIDA LA CRESTA,AVENIDA BONITA,1000,E,N,A,-,N,NA,NA,NA,NA,NA,NA,NA,NA,NA,Y,3,0,2,2,A,-,09,21801,A,N,A,C,A,A,H,-,D,D,0,NA,NA,NA,NA,Y,NA,A,08,0,2,0,0,0,0,0,0,0,-,-,33.562870025634766,-117.31285095214844,RIVERSIDE,UNINCORPORATED,-117.31208038330078,33.563053131103516
92290991,2023,2024-01-18,9840,2023-05-21,250,022448,NA,7,3,6,3315,0,1,3,NA,2,030,STATE ROUTE 91 EASTBOUND,SERFAS CLUB DRIVE,2159,W,N,A,-,Y,RIV,NA,91,NA,R,3.301,H,NA,R,Y,1,1,1,2,A,-,11,21954,A,N,G,B,E,A,H,-,C,D,0,Y,NA,NA,NA,Y,Y,N,60,0,1,0,1,0,0,0,0,0,-,-,33.88151168823242,-117.62030792236328,RIVERSIDE,CORONA,-117.62030029296876,33.88155746459961
92291636,2024,2024-01-19,9685,2024-01-15,2106,018849,NA,1,2,9,3300,0,2,4,NA,2,016,16392 GRAND AVE,SANTA ROSA DR.,30,N,N,A,-,N,NA,NA,NA,NA,NA,NA,NA,NA,NA,Y,4,0,1,1,A,-,08,22107,NA,N,E,8,A,A,H,-,C,A,0,NA,NA,NA,NA,Y,NA,A,01,0,0,1,0,0,0,0,0,0,-,-,33.650821685791016,-117.36351013183594,RIVERSIDE,UNINCORPORATED,-117.363525390625,33.65068817138672
92297999,2024,2024-01-26,9840,2024-01-24,820,017802,NA,3,1,7,3313,0,1,3,NA,2,021,SR-91 E/B,IVY ST,50,E,N,A,-,Y,RIV,NA,91,NA,NA,18.995,H,NA,R,N,3,0,1,2,A,-,08,22107,NA,N,B,C,A,A,H,-,A,D,0,NA,NA,NA,Y,Y,NA,-,-,0,1,0,0,0,0,0,0,0,-,-,33.959991455078125,-117.3776626586914,RIVERSIDE,RIVERSIDE,-117.37770080566406,33.95999526977539
92298126,2024,2024-01-26,9840,2024-01-25,1400,017802,NA,4,2,4,3310,0,1,1,NA,2,011,I-15 S/B,SECOND ST.,810,S,N,A,-,Y,RIV,NA,15,NA,NA,43.487,H,NA,L,N,4,0,1,3,A,-,03,22350,NA,N,C,C,A,A,C,-,A,D,0,NA,NA,NA,NA,Y,NA,A,01,0,0,1,0,0,0,0,0,0,-,-,33.90739059448242,-117.55946350097656,RIVERSIDE,NORCO,-117.55938720703124,33.90737533569336
92298128,2024,2024-01-26,9840,2024-01-24,2108,021194,NA,3,2,7,3313,0,1,3,NA,2,021,SR-91 E/B,14TH STREET,250,E,N,B,-,Y,RIV,NA,91,NA,NA,20.053,H,NA,R,Y,2,0,2,2,A,-,03,22350,NA,N,C,C,A,A,H,-,A,D,0,NA,NA,NA,NA,Y,NA,A,01,1,1,0,0,0,0,0,0,0,-,-,33.97446823120117,-117.37265014648438,RIVERSIDE,RIVERSIDE,-117.37271118164063,33.9744987487793
92298440,2023,2024-01-26,9630,2023-11-24,658,019325,NA,5,1,9,3300,0,1,1,NA,2,010,INTERSTATE 10 EASTBOUND,STATE ROUTE 62 WESTBOUND,50,W,N,A,-,Y,RIV,NA,10,NA,NA,29.387,H,NA,R,Y,1,1,1,1,A,-,08,22107,NA,N,E,8,A,A,H,-,A,D,0,NA,NA,NA,NA,Y,NA,A,07,1,0,0,0,0,0,0,0,0,-,-,33.915199279785156,-116.60912322998048,RIVERSIDE,UNINCORPORATED,-116.60910034179688,33.91527557373047
92298488,2023,2024-01-29,9630,2023-09-07,1120,019310,NA,4,1,9,3300,0,1,1,NA,2,010,INTERSTATE 10 WESTBOUND,PALM DRIVE,4224,E,N,A,-,Y,RIV,NA,10,NA,NA,37.015,H,NA,L,Y,1,1,1,1,A,-,08,22107,NA,N,F,A,A,A,H,-,A,D,0,NA,NA,Y,NA,Y,NA,C,02,1,0,0,0,0,0,0,1,1,-,-,33.870628356933594,-116.49307250976563,RIVERSIDE,UNINCORPORATED,-116.49301147460938,33.87067794799805
9230075,2021,2021-03-29,3313,2021-02-11,1750,1384,4,4,5,7,3313,0,0,0,NA,0,M17,VAN BUREN BL,PRIMROSE DR,650,S,N,A,-,N,NA,NA,NA,NA,NA,NA,NA,NA,NA,N,4,0,1,2,A,-,08,22107,NA,N,B,C,A,A,H,-,C,A,0,NA,NA,NA,NA,Y,NA,-,-,0,0,1,0,0,0,0,0,0,-,-,33.91712951660156,-117.44409942626952,RIVERSIDE,RIVERSIDE,-117.44271850585938,33.91564178466797
92302207,2024,2024-01-31,9655,2024-01-22,925,018168,NA,1,1,4,3301,0,1,1,NA,2,204,I-10 EASTBOUND,HARGRAVE STREET,6917,E,N,C,-,Y,RIV,NA,10,NA,R,15.119,H,NA,R,Y,2,0,5,3,A,-,03,22350,NA,N,C,C,A,B,H,-,A,D,0,NA,NA,NA,NA,Y,NA,D,22,1,4,0,0,0,0,0,0,0,-,-,33.92789840698242,-116.84618377685548,RIVERSIDE,BANNING,-116.8461456298828,33.92779541015625
92306001,2024,2024-02-05,9840,2024-01-26,1921,022457,NA,5,2,7,3313,0,1,3,NA,2,020,SR-91 E/B TO PIERCE ST,PIERCE ST,760,W,N,A,-,Y,NA,NA,NA,NA,NA,NA,NA,NA,NA,Y,4,0,1,1,A,-,08,22107,NA,N,E,I,A,A,H,-,C,D,0,NA,NA,NA,NA,Y,NA,A,07,0,0,1,0,0,0,0,0,0,-,-,33.89646911621094,-117.4951400756836,RIVERSIDE,RIVERSIDE,-117.4951400756836,33.89646911621094
92309021,2024,2024-02-08,9840,2024-02-01,740,016284,NA,4,1,4,3310,0,1,1,NA,2,011,I-15 N/B,SANTA ANA RIVER TRL,199,N,N,C,-,Y,RIV,NA,15,NA,NA,46.498,H,NA,R,Y,4,0,2,2,A,-,08,22107,NA,N,B,I,A,B,H,-,A,D,0,NA,NA,NA,NA,Y,NA,A,01,0,0,2,0,0,0,0,0,0,-,-,33.950401306152344,-117.5520477294922,RIVERSIDE,NORCO,-117.5518798828125,33.95029830932617
92309040,2024,2024-02-08,9840,2024-02-02,815,019527,NA,5,1,7,3313,0,1,3,NA,2,021,I-215 N/B TO SR-60 W/B,SPRUCE ST,2600,N,N,A,-,Y,RIV,NA,60,NA,NA,12.139,H,NA,L,N,4,0,1,2,A,-,03,22350,NA,N,C,C,A,A,H,-,A,D,0,NA,NA,NA,NA,Y,NA,A,07,0,0,1,0,0,0,0,0,0,-,-,33.99399948120117,-117.35830688476563,RIVERSIDE,RIVERSIDE,-117.35836791992188,33.9939079284668
92309422,2024,2024-02-08,9840,2024-01-22,1207,021080,NA,1,1,9,3300,0,3,5,NA,2,002,BLACKBURN RD,LA SIERRA AVE,20,W,N,B,C,Y,NA,NA,NA,NA,NA,NA,NA,NA,NA,N,4,0,1,2,A,-,21,22106,NA,N,C,C,A,B,H,-,A,D,0,NA,NA,NA,NA,Y,NA,D,22,0,0,1,0,0,0,0,0,0,-,-,33.86260986328125,-117.45372009277344,RIVERSIDE,UNINCORPORATED,-117.45388793945313,33.862510681152344
92310183,2024,2024-02-09,9685,2024-01-30,2158,019897,NA,2,2,4,3307,0,2,4,NA,2,016,19075 GRAND AVENUE,STONEMAN STREET,0,NA,Y,A,-,N,NA,NA,NA,NA,NA,NA,NA,NA,NA,N,4,0,1,1,A,-,01,23152,A,N,E,8,A,A,H,-,C,D,0,NA,NA,NA,NA,Y,NA,D,22,0,0,1,0,0,0,0,0,0,-,-,33.624141693115234,-117.32077026367188,RIVERSIDE,LAKE ELSINORE,-117.32066345214844,33.6241455078125
92310498,2024,2024-02-09,9840,2024-02-05,1720,017459,NA,1,2,6,3345,0,1,1,NA,2,011,I-15 N/B,PHILLADELPHIA AVE.,100,S,N,B,C,Y,RIV,NA,15,NA,NA,52.257,H,NA,R,Y,3,0,2,3,A,-,03,22350,NA,N,C,C,A,B,H,-,C,D,0,NA,NA,NA,Y,Y,NA,A,01,0,1,1,0,0,0,0,0,0,-,-,34.03313064575195,-117.54995727539063,RIVERSIDE,JURUPA VALLEY,-117.55016326904295,34.03312683105469
92313082,2024,2024-02-13,9840,2024-02-12,1640,017459,NA,1,2,6,3315,0,1,1,NA,2,034,I-15 S/B,ONTARIO AVE.,310,N,N,A,-,Y,RIV,NA,15,NA,NA,38.797,H,NA,L,N,4,0,2,2,A,-,03,22350,NA,N,C,C,A,A,H,-,A,D,0,NA,NA,NA,NA,Y,NA,D,22,0,0,2,0,0,0,0,0,0,-,-,33.845298767089844,-117.5351333618164,RIVERSIDE,CORONA,-117.53504180908205,33.84529495239258
92313645,2024,2024-02-14,9685,2024-01-31,1741,016765,NA,3,2,9,3300,0,1,3,NA,1,031,SR-79 (WINCHESTER RD),SPARKMAN WAY,1243,S,N,A,-,N,NA,NA,NA,NA,NA,NA,NA,NA,NA,Y,2,0,4,4,A,-,01,23152,A,N,C,C,A,A,H,-,B,D,0,NA,NA,NA,NA,Y,Y,D,22,1,2,1,0,0,0,0,0,0,-,-,33.57265090942383,-117.13539886474608,RIVERSIDE,UNINCORPORATED,-117.13555145263672,33.57269287109375
92315230,2023,2024-02-15,9840,2023-11-11,2231,022180,NA,6,3,9,3300,0,2,4,NA,2,043,RAMONA EXPRESSWAY,5TH STREET,574,W,N,A,-,N,NA,NA,NA,NA,NA,NA,NA,NA,NA,Y,1,1,0,2,A,-,11,21954,A,N,G,B,D,A,H,-,D,D,0,Y,NA,NA,NA,Y,Y,N,60,0,0,0,1,0,0,0,0,0,-,-,33.83980178833008,-117.10312652587892,RIVERSIDE,UNINCORPORATED,-117.10306549072266,33.83982467651367
92316020,2024,2024-02-16,9840,2024-02-11,118,021194,NA,7,3,9,3300,0,1,1,NA,2,041,I-215 S/B,N PERRIS BLVD,555,N,N,A,-,Y,RIV,NA,215,NA,NA,27.158,H,NA,L,N,3,0,1,1,A,-,01,23152,A,N,E,I,A,A,H,-,D,D,0,NA,NA,NA,NA,Y,Y,A,01,0,1,0,0,0,0,0,0,0,-,-,33.79140853881836,-117.22765350341795,RIVERSIDE,UNINCORPORATED,-117.22765350341795,33.79140853881836
92317775,2024,2024-02-20,9655,2024-02-10,625,019871,NA,6,1,3,3302,0,1,1,NA,2,202,I-10 W/B,OAK VALLEY PARKWAY,1350,E,N,A,-,Y,NA,NA,NA,NA,NA,NA,NA,NA,NA,Y,2,0,1,1,A,-,01,23152,A,N,E,I,A,A,H,-,A,D,0,NA,NA,NA,NA,Y,Y,A,07,1,0,0,0,0,0,0,0,0,-,-,33.94186019897461,-116.99990844726563,RIVERSIDE,BEAUMONT,-117.00009918212892,33.94169616699219
92318331,2024,2024-02-20,9840,2024-02-12,1727,020220,NA,1,2,7,3313,0,1,3,NA,2,020,SR-91 E/B,VAN BUREN BOULEVARD,1800,W,N,A,-,Y,RIV,NA,91,NA,NA,13.726,H,NA,R,N,4,0,1,2,D,-,00,NA,NA,N,B,C,A,A,H,-,B,D,0,NA,NA,NA,Y,Y,NA,-,-,0,0,1,0,0,0,0,0,0,-,-,33.91181182861328,-117.4468994140625,RIVERSIDE,RIVERSIDE,-117.44694519042967,33.911865234375
92318468,2024,2024-02-20,9630,2024-02-13,1040,016635,NA,2,1,9,3300,0,3,5,NA,2,502,CALHOUN ST,53RD AVE,0,NA,Y,A,-,N,NA,NA,NA,NA,NA,NA,NA,NA,NA,Y,2,0,2,2,A,-,09,21802,A,N,D,C,A,A,H,-,A,A,0,NA,NA,NA,NA,Y,NA,A,08,1,0,1,0,0,0,0,0,0,-,-,33.66374969482422,-116.20783996582033,RIVERSIDE,UNINCORPORATED,-116.20785522460938,33.663761138916016
9231861,2021,2021-04-28,3308,2021-03-22,0015,10800,526,1,5,5,3308,0,0,0,NA,0,SOUTH,FLORIDA AV,LYON AV,297,E,N,A,-,Y,RIV,8,74,-,-,39.64,H,-,E,Y,4,0,1,1,A,-,08,22107,NA,N,E,I,A,A,H,-,C,D,0,NA,NA,NA,NA,Y,NA,A,07,0,0,1,0,0,0,0,0,0,-,-,33.74753952026367,-116.98918151855467,RIVERSIDE,HEMET,-116.98821258544922,33.747406005859375
92319267,2024,2024-02-21,9840,2024-02-14,1525,019527,NA,3,2,9,3300,0,3,5,NA,2,002,LA SIERRA AVE,DUFFERIN AVE,450,S,N,A,-,N,NA,NA,NA,NA,NA,NA,NA,NA,NA,N,4,0,1,2,D,-,00,NA,NA,N,C,C,A,A,H,-,A,D,0,NA,NA,NA,NA,Y,NA,-,-,0,0,1,0,0,0,0,0,0,-,-,33.88349151611328,-117.45919036865234,RIVERSIDE,UNINCORPORATED,-117.45915222167967,33.8835334777832
92321685,2024,2024-02-23,9840,2024-02-22,1105,018611,NA,4,1,7,3313,0,1,1,NA,2,023,I-215 N/B,CENTRAL AVENUE,2000,S,N,A,-,Y,RIV,NA,215,NA,NA,39.147,H,NA,R,N,4,0,2,2,A,-,03,22350,NA,N,C,C,A,A,H,-,A,D,0,NA,NA,NA,NA,Y,NA,A,01,0,0,2,0,0,0,0,0,0,-,-,33.9552116394043,-117.30538940429688,RIVERSIDE,RIVERSIDE,-117.30541229248048,33.9552001953125
92321767,2024,2024-02-23,9840,2024-02-12,111,022448,NA,1,3,9,3300,0,3,5,NA,2,004,MARKHAM ST. (2200 BLOCK),DECKER RD.,340,W,N,A,-,N,NA,NA,NA,NA,NA,NA,NA,NA,NA,Y,4,0,1,1,A,-,01,23152,A,N,E,I,A,A,H,-,D,D,0,NA,NA,NA,NA,Y,Y,D,22,0,0,1,0,0,0,0,0,0,-,-,33.851741790771484,-117.27001953125,RIVERSIDE,UNINCORPORATED,-117.27125549316406,33.85182189941406
92321910,2024,2024-02-23,9840,2024-02-12,20,023114,NA,1,3,6,3315,0,1,3,NA,2,031,SR-91 E/B,SR-71,3100,W,N,A,-,Y,RIV,NA,91,NA,R,1.383,H,NA,R,Y,3,0,1,1,A,-,08,22107,NA,N,E,I,A,A,H,-,C,D,0,NA,NA,NA,NA,Y,NA,A,01,0,1,0,0,0,0,0,0,0,-,-,33.88071060180664,-117.65228271484376,RIVERSIDE,CORONA,-117.65225219726563,33.880619049072266
92323113,2024,2024-02-26,9840,2024-02-25,2019,023228,NA,7,2,7,3313,0,1,1,NA,2,023,I 215 NORTHBOUND,UNIVERSITY AVENUE,1795,S,N,A,-,Y,RIV,NA,215,NA,NA,41.14,H,NA,R,N,2,0,1,2,A,-,01,23152,A,N,C,C,A,A,H,-,C,D,0,NA,NA,NA,NA,Y,Y,D,22,1,0,0,0,0,0,0,0,0,-,-,33.97185134887695,-117.33128356933594,RIVERSIDE,RIVERSIDE,-117.3312759399414,33.97185516357422
92326364,2024,2024-02-29,9685,2024-02-27,800,015295,NA,2,1,9,3300,0,3,5,NA,2,003,BRIGGS ROAD,THORENS STREET,0,NA,Y,B,-,N,NA,NA,NA,NA,NA,NA,NA,NA,NA,Y,3,0,1,3,A,-,09,21801,A,N,D,C,A,A,H,-,A,B,0,NA,NA,NA,NA,Y,NA,A,01,0,1,0,0,0,0,0,0,0,-,-,33.605751037597656,-117.12702178955078,RIVERSIDE,UNINCORPORATED,-117.12770080566406,33.605377197265625
92326484,2023,2024-02-29,9840,2023-11-25,2008,021481,NA,6,2,6,3394,0,1,3,NA,2,025,STATE ROUTE 60 WESTBOUND,MORENO BEACH DRIVE,528,W,N,A,-,Y,RIV,NA,60,NA,NA,18.948,H,NA,L,N,1,1,0,2,A,-,08,22107,NA,F,G,B,E,A,D,-,C,D,0,Y,NA,NA,NA,Y,NA,A,01,0,0,0,1,0,0,0,0,0,-,-,33.93941879272461,-117.18142700195313,RIVERSIDE,MORENO VALLEY,-117.18142700195313,33.93938446044922