CASE_ID,ACCIDENT_YEAR,PROC_DATE,JURIS,COLLISION_DATE,COLLISION_TIME,OFFICER_ID,REPORTING_DISTRICT,DAY_OF_WEEK,CHP_SHIFT,POPULATION,CNTY_CITY_LOC,SPECIAL_COND,BEAT_TYPE,CHP_BEAT_TYPE,CITY_DIVISION_LAPD,CHP_BEAT_CLASS,BEAT_NUMBER,PRIMARY_RD,SECONDARY_RD,DISTANCE,DIRECTION,INTERSECTION,WEATHER_1,WEATHER_2,STATE_HWY_IND,CALTRANS_COUNTY,CALTRANS_DISTRICT,STATE_ROUTE,ROUTE_SUFFIX,POSTMILE_PREFIX,POSTMILE,LOCATION_TYPE,RAMP_INTERSECTION,SIDE_OF_HWY,TOW_AWAY,COLLISION_SEVERITY,NUMBER_KILLED,NUMBER_INJURED,PARTY_COUNT,PRIMARY_COLL_FACTOR,PCF_CODE_OF_VIOL,PCF_VIOL_CATEGORY,PCF_VIOLATION,PCF_VIOL_SUBSECTION,HIT_AND_RUN,TYPE_OF_COLLISION,MVIW,PED_ACTION,ROAD_SURFACE,ROAD_COND_1,ROAD_COND_2,LIGHTING,CONTROL_DEVICE,CHP_ROAD_TYPE,PEDESTRIAN_ACCIDENT,BICYCLE_ACCIDENT,MOTORCYCLE_ACCIDENT,TRUCK_ACCIDENT,NOT_PRIVATE_PROPERTY,ALCOHOL_INVOLVED,STWD_VEHTYPE_AT_FAULT,CHP_VEHTYPE_AT_FAULT,COUNT_SEVERE_INJ,COUNT_VISIBLE_INJ,COUNT_COMPLAINT_PAIN,COUNT_PED_KILLED,COUNT_PED_INJURED,COUNT_BICYCLIST_KILLED,COUNT_BICYCLIST_INJURED,COUNT_MC_KILLED,COUNT_MC_INJURED,PRIMARY_RAMP,SECONDARY_RAMP,LATITUDE,LONGITUDE,COUNTY,CITY,POINT_X,POINT_Y
9720820,2024,2024-08-26,3301,2024-06-17,2008,U537,2,1,5,4,3301,0,0,0,NA,0,002,22ND ST,LINCOLN ST,0,W,N,A,-,N,NA,NA,NA,NA,NA,NA,NA,NA,NA,Y,3,0,2,1,A,-,03,22350,NA,N,E,I,A,A,H,-,B,A,0,NA,NA,NA,NA,Y,NA,A,07,0,2,0,0,0,0,0,0,0,-,-,33.92161178588867,-116.90086364746094,RIVERSIDE,BANNING,-116.90084838867188,33.92160415649414
9722585,2024,2024-09-11,3309,2024-03-03,520,2309,DESER,7,5,4,3309,0,0,0,NA,0,005,JEFFERSON ST,MILES AV,0,NA,Y,A,-,N,NA,NA,NA,NA,NA,NA,NA,NA,NA,Y,3,0,1,2,A,-,01,23152,F,N,A,D,A,A,H,-,B,A,0,NA,NA,NA,Y,Y,NA,A,01,0,1,0,0,0,0,0,0,0,-,-,NA,NA,RIVERSIDE,INDIO,-116.26889801025392,33.72193908691406
9725642,2024,2024-09-03,3309,2024-03-27,726,W2011,NA,3,5,4,3309,0,0,0,NA,0,NA,MONROE ST,DOCTOR CARREON BL,0,NA,Y,A,-,N,NA,NA,NA,NA,NA,NA,NA,NA,NA,Y,4,0,2,4,A,-,12,21453,A,N,D,C,A,A,H,-,A,A,0,NA,NA,NA,NA,Y,NA,D,22,0,0,2,0,0,0,0,0,0,-,-,NA,NA,RIVERSIDE,INDIO,-116.23387145996094,33.707401275634766
9727877,2024,2024-09-26,3309,2024-06-10,1016,2113,3309,1,5,4,3309,0,0,0,NA,0,002,LIDO AV,ALADDIN ST,0,NA,Y,A,-,N,NA,NA,NA,NA,NA,NA,NA,NA,NA,N,3,0,1,1,A,-,10,21950,NA,N,G,B,A,A,H,-,A,D,0,NA,NA,NA,NA,Y,NA,A,08,0,1,0,0,0,0,0,0,0,-,-,NA,NA,RIVERSIDE,INDIO,-116.23842620849608,33.71986770629883
9729265,2024,2024-09-16,3309,2024-05-20,2500,2107,3309,1,5,4,3309,0,0,0,NA,0,002,AVE 41,GORE ST,25,E,N,A,-,N,NA,NA,NA,NA,NA,NA,NA,NA,NA,N,4,0,1,1,A,-,08,22107,NA,M,B,I,A,A,H,-,C,A,0,NA,NA,NA,NA,Y,NA,A,01,0,0,1,0,0,0,0,0,0,-,-,NA,NA,RIVERSIDE,INDIO,-116.2253189086914,33.7512321472168
9736757,2024,2024-09-26,3325,2024-07-24,613,20227,NA,3,5,4,3325,0,0,0,NA,0,NA,SAN LUIS REY DR,MISSION DR,530,S,N,A,-,N,NA,NA,NA,NA,NA,NA,NA,NA,NA,N,4,0,1,3,A,-,03,22350,NA,N,C,E,A,A,H,-,A,D,0,NA,NA,NA,Y,Y,NA,A,01,0,0,1,0,0,0,0,0,0,-,-,NA,NA,RIVERSIDE,CATHEDRAL CITY,-116.48853302001952,33.81875991821289
9738401,2024,2024-09-30,3325,2024-06-21,1830,NA,3325,5,5,4,3325,0,0,0,NA,0,003,30TH AV,SAN ELJAY AV,0,NA,Y,A,-,N,NA,NA,NA,NA,NA,NA,NA,NA,NA,Y,4,0,1,1,A,-,03,22350,NA,N,A,J,A,A,H,-,A,D,0,NA,NA,NA,NA,Y,NA,A,01,0,0,1,0,0,0,0,0,0,-,-,NA,NA,RIVERSIDE,CATHEDRAL CITY,-116.45378875732422,33.83047866821289
9745941,2024,2024-11-12,3309,2024-09-05,1126,W2211,DESER,4,5,4,3309,0,0,0,NA,0,005,FRED WARING DR,JEFFERSON ST,502,E,N,A,-,N,NA,NA,NA,NA,NA,NA,NA,NA,NA,Y,3,0,1,2,A,-,12,21453,A,N,D,C,A,A,H,-,A,A,0,NA,NA,NA,NA,Y,NA,D,22,0,1,0,0,0,0,0,0,0,-,-,NA,NA,RIVERSIDE,INDIO,-116.26729583740234,33.72932815551758
9752954,2024,2024-11-22,3313,2024-09-21,1403,1799,3,6,5,7,3313,0,0,0,NA,0,2R39,ALESSANDRO BL,CANNON RD,0,NA,Y,A,-,N,NA,NA,NA,NA,NA,NA,NA,NA,NA,NA,2,0,2,2,A,-,12,21453,A,N,D,C,A,A,H,-,A,A,0,NA,NA,NA,NA,Y,NA,I,11,2,0,0,0,0,0,0,0,0,-,-,33.921630859375,-117.33672332763672,RIVERSIDE,RIVERSIDE,-117.33634185791016,33.92323303222656
9752971,2024,2024-11-12,3301,2024-09-16,1715,U543,10,1,5,4,3301,0,0,0,NA,0,001,N SAN GORGONIO AVE,INDIAN SCHOOL LN,0,NA,Y,A,-,N,NA,NA,NA,NA,NA,NA,NA,NA,NA,N,3,0,1,2,A,-,12,22450,A,N,D,C,A,A,H,-,A,D,0,NA,NA,Y,NA,Y,NA,A,01,0,1,0,0,0,0,0,0,1,-,-,33.9398307800293,-116.87680053710938,RIVERSIDE,BANNING,-116.87677764892578,33.9398193359375
9753551,2024,2024-11-18,3313,2024-09-27,842,2199,3,5,5,7,3313,0,0,0,NA,0,T71,BOX SPRINGS BL,RIVER CREST DR,40,W,N,A,-,N,NA,NA,NA,NA,NA,NA,NA,NA,NA,N,4,0,1,2,A,-,09,21802,A,N,D,C,A,A,H,-,A,D,0,NA,NA,NA,NA,Y,NA,-,-,0,0,1,0,0,0,0,0,0,-,-,33.93714904785156,-117.29389190673828,RIVERSIDE,RIVERSIDE,-117.2939682006836,33.937156677246094
9753556,2024,2024-11-13,3313,2024-09-24,415,1860,5,2,5,7,3313,0,0,0,NA,0,1R55,MAGNOLIA AV,NYE AV,0,NA,Y,A,-,N,NA,NA,NA,NA,NA,NA,NA,NA,NA,N,3,0,1,2,A,-,12,22450,A,N,G,B,E,A,H,-,D,D,0,Y,NA,NA,NA,Y,Y,A,01,0,1,0,0,1,0,0,0,0,-,-,33.90821075439453,-117.4673309326172,RIVERSIDE,RIVERSIDE,-117.46746063232422,33.9083366394043
9767752,2024,2024-12-26,3301,2024-11-14,1528,U544,3,4,5,4,3301,0,0,0,NA,0,003,HIGHLAND HOME RD,W RAMSEY ST,0,NA,Y,A,-,N,NA,NA,NA,NA,NA,NA,NA,NA,NA,Y,2,0,1,2,A,-,03,22350,NA,N,E,I,A,A,H,-,A,D,0,NA,NA,NA,NA,Y,NA,A,01,1,0,0,0,0,0,0,0,0,-,-,33.92723083496094,-116.93036651611328,RIVERSIDE,BANNING,-116.93032836914063,33.9273796081543
9771149,2024,2025-01-15,3325,2024-12-03,1626,1708,3325,2,5,4,3325,0,0,0,NA,0,001,EAST PALM CANYON DR,PEREZ RD,244,W,N,B,-,N,NA,NA,NA,NA,NA,NA,NA,NA,NA,N,4,0,1,2,A,-,09,21804,A,N,B,C,A,A,H,-,B,D,0,NA,NA,NA,NA,Y,NA,A,01,0,0,1,0,0,0,0,0,0,-,-,NA,NA,RIVERSIDE,CATHEDRAL CITY,-116.47631072998048,33.7849235534668
9771153,2024,2025-01-17,3325,2024-12-07,1726,839,3325,6,5,4,3325,0,0,0,NA,0,003,RAMON RD,LANDAU BL,482,E,N,A,-,N,NA,NA,NA,NA,NA,NA,NA,NA,NA,Y,4,0,1,2,A,-,08,22107,NA,N,D,C,A,A,H,-,C,D,0,NA,NA,NA,NA,Y,NA,A,01,0,0,1,0,0,0,0,0,0,-,-,NA,NA,RIVERSIDE,CATHEDRAL CITY,-116.47401428222656,33.81583023071289
9771290,2024,2025-01-22,3325,2024-12-06,1200,20206,3325,5,5,4,3325,0,0,0,NA,0,003,LANDAU BL,MCCALLUM WY,0,NA,Y,A,-,N,NA,NA,NA,NA,NA,NA,NA,NA,NA,N,3,0,1,2,A,-,10,21950,A,N,G,B,B,A,H,-,A,A,0,Y,NA,NA,NA,Y,NA,A,01,0,1,0,0,1,0,0,0,0,-,-,NA,NA,RIVERSIDE,CATHEDRAL CITY,-116.47557067871094,33.823143005371094
9782707,2025,2025-03-07,3309,2025-01-10,1519,W2211,DESER,5,5,4,3309,0,0,0,NA,0,003,JEFFERSON ST,HWY 111,1125,S,N,A,-,N,NA,NA,NA,NA,NA,NA,NA,NA,NA,NA,3,0,1,2,A,-,09,21804,A,N,D,-,A,A,A,H,A,A,0,NA,Y,NA,NA,Y,NA,D,22,0,1,0,0,0,0,1,0,0,-,-,33.70738983154297,-116.26873779296876,RIVERSIDE,INDIO,-116.2688217163086,33.70435333251953
9786394,2024,2025-07-18,3308,2024-09-04,1557,10874,514,3,5,5,3308,0,0,0,NA,0,NORTH,DEVONSHIRE AV,CAWSTON AV,0,NA,Y,A,-,N,NA,NA,NA,NA,NA,NA,NA,NA,NA,Y,1,1,2,2,A,-,09,21801,A,N,A,C,A,A,H,-,A,A,0,NA,NA,NA,NA,Y,NA,A,01,1,0,1,0,0,0,0,0,0,-,-,33.74911880493164,-117.01188659667967,RIVERSIDE,HEMET,-117.01535034179688,33.750892639160156
9793070,2025,2025-03-13,3325,2025-02-01,1624,NA,3325,6,5,4,3325,0,0,0,NA,0,001,PEREZ RD,EAST PALM CANYON DR,70,N,N,A,-,N,NA,NA,NA,NA,NA,NA,NA,NA,NA,Y,4,0,1,2,A,-,09,21804,A,N,D,C,A,A,H,-,A,A,0,NA,NA,NA,NA,Y,NA,A,01,0,0,1,0,0,0,0,0,0,-,-,NA,NA,RIVERSIDE,CATHEDRAL CITY,-116.47551727294922,33.784690856933594
9793105,2025,2025-03-20,3325,2025-02-18,937,20206,3325,2,5,4,3325,0,0,0,NA,0,002,RAMON RD,DESERT SHADOWS DR,0,NA,Y,A,-,N,NA,NA,NA,NA,NA,NA,NA,NA,NA,Y,3,0,1,2,A,-,03,22350,NA,N,D,C,A,A,H,-,A,D,0,NA,NA,NA,NA,Y,NA,A,01,0,1,0,0,0,0,0,0,0,-,-,NA,NA,RIVERSIDE,CATHEDRAL CITY,-116.44450378417967,33.81589889526367
9804129,2025,2025-05-07,3325,2025-04-17,1409,20221,DESER,4,5,4,3325,0,0,0,NA,0,003,VISTA CHINO,AVENIDA TERRAZO,199,W,N,A,-,N,NA,NA,NA,NA,NA,NA,NA,NA,NA,N,4,0,1,2,A,-,03,22350,NA,N,C,C,A,A,H,-,A,A,0,NA,NA,NA,NA,Y,NA,A,01,0,0,1,0,0,0,0,0,0,-,-,NA,NA,RIVERSIDE,CATHEDRAL CITY,-116.47954559326172,33.84482955932617
9804135,2025,2025-05-07,3325,2025-04-02,1516,20206,3325,3,5,4,3325,0,0,0,NA,0,002,RAMON RD,ROUNDUP RD,0,NA,Y,A,-,N,NA,NA,NA,NA,NA,NA,NA,NA,NA,Y,4,0,2,2,A,-,09,21801,NA,N,D,C,A,A,-,-,A,D,0,NA,NA,NA,NA,Y,NA,A,01,0,0,2,0,0,0,0,0,0,-,-,NA,NA,RIVERSIDE,CATHEDRAL CITY,-116.46955108642578,33.815853118896484
9804142,2025,2025-05-01,3325,2025-03-28,1622,20206,3325,5,5,4,3325,0,0,0,NA,0,002,DATE PALM DR,VIA OLIVERA,0,NA,Y,A,-,N,NA,NA,NA,NA,NA,NA,NA,NA,NA,Y,4,0,1,2,A,-,03,22350,NA,N,C,C,A,A,H,-,A,A,0,NA,NA,NA,NA,Y,NA,D,22,0,0,1,0,0,0,0,0,0,-,-,NA,NA,RIVERSIDE,CATHEDRAL CITY,-116.45806121826172,33.8139533996582
9817475,2025,2025-06-11,3301,2025-03-20,2053,U537,3,4,5,4,3301,0,0,0,NA,0,003,W RAMSEY,OMAR ST,17,W,N,A,-,N,NA,NA,NA,NA,NA,NA,NA,NA,NA,Y,3,0,1,2,A,-,01,23153,A,N,D,C,A,A,H,-,C,A,0,NA,NA,NA,NA,Y,Y,A,01,0,1,0,0,0,0,0,0,0,-,-,33.927330017089844,-116.924072265625,RIVERSIDE,BANNING,-116.92418670654295,33.92681121826172
9818510,2025,2025-08-25,3325,2025-07-10,1600,20243,3325,4,5,4,3325,0,0,0,NA,0,002,MISSION INDIAN TRL,SHIFTING SANDS TRL,85,E,N,A,-,N,NA,NA,NA,NA,NA,NA,NA,NA,NA,Y,3,0,1,3,A,-,08,22107,NA,N,C,E,A,A,H,-,A,D,0,NA,NA,NA,NA,Y,NA,A,01,0,1,0,0,0,0,0,0,0,-,-,NA,NA,RIVERSIDE,CATHEDRAL CITY,-116.47208404541016,33.81235885620117
9829543,2025,2025-07-03,3325,2025-06-09,1458,NA,3325,1,5,4,3325,0,0,0,NA,0,002,CORRAL RD,AURORA VISTA RD,0,NA,Y,A,-,N,NA,NA,NA,NA,NA,NA,NA,NA,NA,N,3,0,1,2,A,-,09,21804,NA,N,D,C,A,A,H,-,A,D,0,NA,NA,NA,NA,Y,NA,A,01,0,1,0,0,0,0,0,0,0,-,-,NA,NA,RIVERSIDE,CATHEDRAL CITY,-116.46250152587892,33.812278747558594
9831321,2025,2025-07-28,3301,2025-05-27,1144,U467,9,2,5,4,3301,0,0,0,NA,0,001,HARGRAVE ST,WILLIAMS ST,0,NA,Y,A,-,N,NA,NA,NA,NA,NA,NA,NA,NA,NA,N,3,0,1,2,A,-,09,21801,A,N,B,C,A,A,H,-,A,A,0,NA,NA,NA,NA,Y,NA,A,01,0,1,0,0,0,0,0,0,0,-,-,33.927188873291016,-116.86795806884766,RIVERSIDE,BANNING,-116.86798095703124,33.92720031738281
9878414,2025,2025-09-19,3325,2025-08-24,510,1701,3325,7,5,4,3325,0,0,0,NA,0,001,EAST PALM CANYON DR,VAN FLEET AV,235,W,N,A,-,N,NA,NA,NA,NA,NA,NA,NA,NA,NA,Y,4,0,2,1,A,-,01,23153,NA,N,E,I,A,A,H,-,D,D,0,NA,NA,NA,NA,Y,NA,A,01,0,0,2,0,0,0,0,0,0,-,-,NA,NA,RIVERSIDE,CATHEDRAL CITY,-116.46318817138672,33.779449462890625
9884281,2025,2025-10-29,3325,2025-09-26,1436,20243,3325,5,5,4,3325,0,0,0,NA,0,002,AVENIDA EL MUNDO,RAMON RD,200,N,N,A,-,N,NA,NA,NA,NA,NA,NA,NA,NA,NA,Y,4,0,1,1,A,-,08,22107,NA,N,E,J,A,A,H,-,A,D,0,NA,NA,NA,NA,Y,NA,A,01,0,0,1,0,0,0,0,0,0,-,-,NA,NA,RIVERSIDE,CATHEDRAL CITY,-116.46923065185548,33.8165283203125
9895199,2025,2026-01-12,3301,2025-10-06,47,U536,3,1,5,4,3301,0,0,0,NA,0,003,SUNSET AV,WEST RAMSEY ST,0,NA,Y,A,-,N,NA,NA,NA,NA,NA,NA,NA,NA,NA,Y,2,0,2,2,A,-,12,21453,A,N,D,C,A,A,H,-,C,D,0,NA,NA,NA,NA,Y,NA,D,73,2,0,0,0,0,0,0,0,0,-,-,33.925621032714844,-116.91178131103516,RIVERSIDE,BANNING,-116.91178894042967,33.92562484741211
9897717,2025,2026-01-28,3325,2025-12-04,24,537,3325,4,5,4,3325,0,0,0,NA,0,003,RANGO RD,ABRIL DR,1541,W,N,A,-,N,NA,NA,NA,NA,NA,NA,NA,NA,NA,Y,2,0,1,3,A,-,08,22107,NA,N,B,E,A,A,H,-,C,D,0,NA,NA,NA,NA,Y,NA,A,01,1,0,0,0,0,0,0,0,0,-,-,NA,NA,RIVERSIDE,CATHEDRAL CITY,-116.49011993408205,33.848148345947266
6290458,2014,2014-05-13,3311,2014-02-16,2122,15652,3311,7,5,4,3311,0,0,0,NA,0,004,N GENE AUTRY TRL,VIA ESCUELA,2000,N,N,A,-,N,NA,NA,NA,NA,NA,NA,NA,NA,NA,Y,1,1,0,3,A,-,11,21954,A,F,G,B,E,A,H,-,D,D,0,Y,NA,NA,NA,Y,NA,N,60,0,0,0,1,0,0,0,0,0,-,-,NA,NA,RIVERSIDE,PALM SPRINGS,-116.50584656,33.85398356
6290501,2014,2015-12-29,9840,2014-04-11,2345,18498,NA,5,3,9,3300,0,3,5,NA,2,004,HANSEN AV,CONTOUR AV,3000,N,N,A,-,N,NA,NA,NA,NA,NA,NA,NA,NA,NA,N,1,1,0,2,A,-,11,21954,A,N,G,B,E,A,H,-,D,D,0,Y,NA,NA,NA,Y,Y,N,60,0,0,0,1,0,0,0,0,0,-,-,NA,NA,RIVERSIDE,UNINCORPORATED,-117.11676791,33.81737646
6291126,2014,2015-12-29,9685,2014-06-02,0255,17013,NA,1,3,5,3335,0,1,1,NA,2,030,RT 15,OVERLAND DR,2640,S,N,A,-,Y,RIV,8,15,-,-,6.54,H,-,S,N,1,1,0,2,A,-,11,21954,A,N,G,B,E,A,H,-,D,D,1,Y,NA,NA,Y,Y,Y,N,60,0,0,0,1,0,0,0,0,0,-,-,33.51124,-117.15649,RIVERSIDE,TEMECULA,-117.16246977,33.52141283
6291313,2014,2015-12-21,3311,2014-07-04,1133,15648,NA,5,5,4,3311,0,0,0,NA,0,002,INDIAN CANYON DR,TAMARISK RD,113,N,N,B,-,N,NA,NA,NA,NA,NA,NA,NA,NA,NA,Y,1,1,0,2,A,-,-,NA,NA,F,A,C,A,A,H,-,A,D,0,NA,NA,Y,NA,Y,Y,D,22,0,0,0,0,0,0,0,1,0,-,-,NA,NA,RIVERSIDE,PALM SPRINGS,-116.54562,33.83429928
6291671,2014,2014-11-21,3313,2014-10-30,0543,127,WEST,4,5,7,3313,0,0,0,NA,0,T53,VAN BUREN BL,CALIFORNIA AV,0,NA,Y,A,-,N,NA,NA,NA,NA,NA,NA,NA,NA,NA,Y,1,1,0,2,A,-,12,21453,A,N,D,G,A,A,H,-,C,A,0,NA,Y,NA,NA,Y,NA,A,01,0,0,0,0,0,1,0,0,0,-,-,NA,NA,RIVERSIDE,RIVERSIDE,-117.45175008,33.92657002
6291703,2014,2014-12-16,9630,2014-09-22,1129,15710,NA,1,1,4,3309,0,1,1,NA,2,022,RT 10,MONROE ST,1206,W,N,A,-,Y,RIV,8,10,-,R,54.63,H,-,W,Y,1,1,0,1,A,-,08,22107,NA,N,F,A,A,A,H,-,A,D,1,NA,NA,NA,NA,Y,NA,A,07,0,0,0,0,0,0,0,0,0,-,-,33.7389,-116.2386,RIVERSIDE,INDIO,-116.23580448,33.73949255
6291754,2014,2016-01-13,3301,2014-09-20,1102,U278,3,6,5,4,3301,0,0,0,NA,0,003,RAMSEY ST,OMAR ST,970,W,N,A,-,N,NA,NA,NA,NA,NA,NA,NA,NA,NA,N,1,1,1,2,A,-,07,21658,A,N,G,B,F,A,H,-,A,D,0,Y,NA,NA,NA,Y,NA,A,01,0,1,0,1,0,0,0,0,0,-,-,NA,NA,RIVERSIDE,BANNING,-116.92721517,33.92702384
6291776,2014,2015-12-28,3313,2014-11-12,0710,1026,C,3,5,7,3313,0,0,0,NA,0,T52,STREETER AV,SIERRA ST,10,N,N,B,-,N,NA,NA,NA,NA,NA,NA,NA,NA,NA,Y,1,1,1,2,A,-,-,NA,NA,N,G,B,B,A,H,-,A,A,0,Y,NA,NA,NA,Y,NA,A,01,0,1,0,1,0,0,0,0,0,-,-,NA,NA,RIVERSIDE,RIVERSIDE,-117.41864,33.9497274
6291816,2014,2016-01-14,9840,2014-11-24,1940,16358,NA,1,2,9,3300,0,2,4,NA,2,045,EL SOBRANTE RD,MCALLISTER ST,564,E,N,A,-,N,NA,NA,NA,NA,NA,NA,NA,NA,NA,Y,1,1,1,2,A,-,05,21460,A,N,A,C,A,A,H,-,D,D,0,NA,NA,NA,NA,Y,Y,A,01,1,0,0,0,0,0,0,0,0,-,-,33.85837,-117.43646,RIVERSIDE,UNINCORPORATED,-117.43669405,33.85828949
6291852,2014,2015-12-30,9840,2014-07-27,2120,19650,NA,7,2,9,3300,0,3,5,NA,2,004,NUEVO RD,FOOTHILL DR,940,E,N,A,-,N,NA,NA,NA,NA,NA,NA,NA,NA,NA,Y,1,2,2,3,A,-,01,23152,A,N,C,C,A,A,H,-,D,D,0,NA,NA,NA,NA,Y,Y,A,01,0,2,0,0,0,0,0,0,0,-,-,NA,NA,RIVERSIDE,UNINCORPORATED,-117.17937573,33.80119558
6292422,2015,2017-04-04,9840,2015-05-13,2034,18849,NA,3,2,9,3300,0,2,4,NA,2,045,LA SIERRA AV,CAJALCO RD,4441,N,N,A,-,N,NA,NA,NA,NA,NA,NA,NA,NA,NA,Y,1,1,0,1,A,-,08,22107,NA,N,E,I,A,A,H,-,D,D,0,NA,NA,NA,NA,Y,Y,D,22,0,0,0,0,0,0,0,0,0,-,-,33.84413,-117.46395,RIVERSIDE,UNINCORPORATED,-117.46121003,33.84096096
6292994,2016,2018-09-24,3313,2016-05-08,0241,1565,W,7,5,7,3313,0,0,0,NA,0,A425,TYLER ST,KELLER AV,221,S,N,A,-,N,NA,NA,NA,NA,NA,NA,NA,NA,NA,Y,1,1,0,1,A,-,01,23152,A,N,E,I,A,A,H,-,C,A,0,NA,NA,NA,NA,Y,Y,A,01,0,0,0,0,0,0,0,0,0,-,-,33.93391,-117.47783,RIVERSIDE,RIVERSIDE,-117.47742183,33.93348972
6342266,2014,2016-02-03,9685,2014-01-08,1800,13925,NA,3,2,4,3342,0,1,1,NA,2,034,RT 215,CLINTON KEITH RD,1300,S,N,A,-,Y,RIV,8,215,-,R,12.26,H,-,N,Y,3,0,1,2,A,-,03,22350,NA,N,C,C,A,A,H,-,D,D,1,NA,NA,NA,NA,Y,NA,A,01,0,1,0,0,0,0,0,0,0,-,-,NA,NA,RIVERSIDE,MURRIETA,-117.17668539,33.59556019
6342665,2014,2014-06-09,3300,2014-01-20,2135,3280,910T,1,5,5,3335,0,0,0,NA,0,070,FERN CIR,LEVI CT,0,NA,Y,A,-,N,NA,NA,NA,NA,NA,NA,NA,NA,NA,N,4,0,1,2,A,-,08,22100,B,N,A,C,A,A,H,-,C,A,0,NA,NA,NA,NA,Y,NA,A,01,0,0,1,0,0,0,0,0,0,-,-,NA,NA,RIVERSIDE,TEMECULA,-117.08418007,33.47450002
6342669,2014,2014-06-09,3300,2014-01-15,1420,4490,910A,3,5,5,3335,0,0,0,NA,0,063,WINCHESTER RD,MARGHARITA MEADOWS,23,E,N,A,-,N,NA,NA,NA,NA,NA,NA,NA,NA,NA,N,3,0,3,3,A,-,12,21453,A,N,D,C,A,A,H,-,A,A,0,NA,NA,NA,NA,Y,NA,D,22,0,1,2,0,0,0,0,0,0,-,-,NA,NA,RIVERSIDE,TEMECULA,NA,NA
6344824,2014,2016-03-16,9685,2014-01-08,1705,012466,NA,3,2,9,3300,0,1,3,NA,2,011,RT 74,GRAND AV,14784,W,N,A,-,Y,RIV,8,74,-,-,9.03,H,-,E,Y,4,0,1,1,A,-,05,21650,NA,N,E,I,A,A,H,-,B,D,0,NA,NA,NA,NA,Y,NA,A,01,0,0,1,0,0,0,0,0,0,-,-,33.64159,-117.38189,RIVERSIDE,UNINCORPORATED,-117.38569343,33.64357451
6346340,2014,2016-02-22,9685,2014-01-21,1830,012453,NA,2,2,5,3335,0,1,1,NA,2,030,RT 15,RANCHO CALIFORNIA RD,1216,N,N,A,-,Y,RIV,8,15,-,-,5.21,H,-,S,Y,4,0,1,3,A,-,08,22107,NA,N,B,C,A,A,H,-,A,D,1,NA,NA,NA,NA,Y,NA,A,01,0,0,1,0,0,0,0,0,0,-,-,33.50351,-117.15331,RIVERSIDE,TEMECULA,-117.15302244,33.50387658
6346348,2014,2016-03-17,9685,2014-01-03,1630,015050,NA,5,2,5,3335,0,1,1,NA,2,030,RT 15,OVERLAND DR,2640,S,N,A,-,Y,RIV,8,15,-,-,5.75,H,-,N,Y,4,0,1,2,A,-,03,22350,NA,N,C,C,A,A,H,-,A,A,1,NA,NA,NA,NA,Y,NA,A,01,0,0,1,0,0,0,0,0,0,-,-,33.51129,-117.1561,RIVERSIDE,TEMECULA,-117.1560397,33.51147084
6350908,2016,2016-03-25,3308,2016-02-19,1110,10559,289,5,5,5,3308,0,0,0,NA,0,NORTH,HEMET ST,ANNISA AV,225,N,N,A,-,N,NA,NA,NA,NA,NA,NA,NA,NA,NA,Y,4,0,2,2,A,-,08,22103,NA,N,D,C,A,A,H,-,A,A,0,NA,NA,NA,NA,Y,NA,A,01,0,0,2,0,0,0,0,0,0,-,-,NA,NA,RIVERSIDE,HEMET,-116.923892,33.76230613
6351947,2014,2014-06-11,3313,2014-01-13,1710,1523,NORTH,1,5,7,3313,0,0,0,NA,0,T44,MAIN ST,WITT AV,0,NA,Y,A,-,N,NA,NA,NA,NA,NA,NA,NA,NA,NA,Y,4,0,2,3,A,-,09,21801,A,N,D,C,A,A,H,-,C,A,0,NA,NA,NA,NA,Y,NA,A,07,0,0,2,0,0,0,0,0,0,-,-,NA,NA,RIVERSIDE,RIVERSIDE,-117.3636101,34.00851008
6351994,2014,2016-03-14,9840,2014-01-14,1040,13968,NA,2,1,6,3394,0,1,3,NA,2,025,RT 60,DAY ST,1584,E,N,A,-,Y,RIV,8,60,-,-,13.64,H,-,W,Y,4,0,2,2,A,-,03,22350,NA,N,C,C,A,A,H,-,A,D,1,NA,NA,NA,NA,Y,NA,A,01,0,0,2,0,0,0,0,0,0,-,-,33.94129,-117.27032,RIVERSIDE,MORENO VALLEY,-117.2734867,33.94180285
6352118,2014,2014-06-17,3302,2014-01-18,2500,727,3302,6,5,3,3302,0,0,0,NA,0,003,E 13TH,SAN MIGUEL DR,4.5,E,N,A,-,N,NA,NA,NA,NA,NA,NA,NA,NA,NA,N,4,0,1,2,A,-,03,22350,NA,N,D,B,D,A,H,-,A,D,0,Y,NA,Y,NA,Y,NA,C,02,0,0,1,0,1,0,0,0,0,-,-,NA,NA,RIVERSIDE,BEAUMONT,-116.97815521,33.9434
6353589,2014,2014-06-16,3313,2014-01-05,0228,1453,3313,7,5,7,3313,0,0,0,NA,0,C312,ALESSANDRO,LE BLAN WY,15,E,N,A,-,N,NA,NA,NA,NA,NA,NA,NA,NA,NA,N,4,0,1,2,A,-,08,22107,NA,N,-,C,A,A,H,-,C,D,0,NA,NA,NA,NA,Y,NA,A,01,0,0,1,0,0,0,0,0,0,-,-,NA,NA,RIVERSIDE,RIVERSIDE,-117.34895,33.93215739
6356767,2014,2016-03-17,9840,2014-01-03,1758,16497,NA,5,2,6,3315,0,1,1,NA,2,034,RT 15,CAJALCO RD,2112,N,N,A,-,Y,RIV,8,15,-,-,37.21,H,-,S,Y,4,0,2,3,A,-,03,22350,NA,N,C,C,A,A,H,-,D,D,1,NA,NA,NA,NA,Y,NA,D,22,0,0,2,0,0,0,0,0,0,-,-,33.82506,-117.52308,RIVERSIDE,CORONA,-117.52346078,33.82504557
6357141,2014,2016-02-20,9840,2014-01-19,0950,18911,NA,7,1,7,3313,0,1,1,NA,2,023,RT 215,3RD ST,800,S,N,A,-,Y,RIV,8,215,-,-,42.001,H,-,S,Y,4,0,1,1,A,-,08,22107,NA,N,E,I,A,A,H,-,A,D,1,NA,NA,NA,NA,Y,NA,A,01,0,0,1,0,0,0,0,0,0,-,-,33.99059,-117.35191,RIVERSIDE,RIVERSIDE,-117.341095,33.9811309