CASE_ID,ACCIDENT_YEAR,PROC_DATE,JURIS,COLLISION_DATE,COLLISION_TIME,OFFICER_ID,REPORTING_DISTRICT,DAY_OF_WEEK,CHP_SHIFT,POPULATION,CNTY_CITY_LOC,SPECIAL_COND,BEAT_TYPE,CHP_BEAT_TYPE,CITY_DIVISION_LAPD,CHP_BEAT_CLASS,BEAT_NUMBER,PRIMARY_RD,SECONDARY_RD,DISTANCE,DIRECTION,INTERSECTION,WEATHER_1,WEATHER_2,STATE_HWY_IND,CALTRANS_COUNTY,CALTRANS_DISTRICT,STATE_ROUTE,ROUTE_SUFFIX,POSTMILE_PREFIX,POSTMILE,LOCATION_TYPE,RAMP_INTERSECTION,SIDE_OF_HWY,TOW_AWAY,COLLISION_SEVERITY,NUMBER_KILLED,NUMBER_INJURED,PARTY_COUNT,PRIMARY_COLL_FACTOR,PCF_CODE_OF_VIOL,PCF_VIOL_CATEGORY,PCF_VIOLATION,PCF_VIOL_SUBSECTION,HIT_AND_RUN,TYPE_OF_COLLISION,MVIW,PED_ACTION,ROAD_SURFACE,ROAD_COND_1,ROAD_COND_2,LIGHTING,CONTROL_DEVICE,CHP_ROAD_TYPE,PEDESTRIAN_ACCIDENT,BICYCLE_ACCIDENT,MOTORCYCLE_ACCIDENT,TRUCK_ACCIDENT,NOT_PRIVATE_PROPERTY,ALCOHOL_INVOLVED,STWD_VEHTYPE_AT_FAULT,CHP_VEHTYPE_AT_FAULT,COUNT_SEVERE_INJ,COUNT_VISIBLE_INJ,COUNT_COMPLAINT_PAIN,COUNT_PED_KILLED,COUNT_PED_INJURED,COUNT_BICYCLIST_KILLED,COUNT_BICYCLIST_INJURED,COUNT_MC_KILLED,COUNT_MC_INJURED,PRIMARY_RAMP,SECONDARY_RAMP,LATITUDE,LONGITUDE,COUNTY,CITY,POINT_X,POINT_Y
6607236,2014,2014-09-11,9840,2014-08-17,0055,019874,NA,7,3,7,3313,0,3,5,NA,2,002,MOUNT VERNON AV,SPRING ST,696,N,N,A,-,N,NA,NA,NA,NA,NA,NA,NA,NA,NA,Y,3,0,2,2,A,-,01,23152,A,N,B,C,A,A,H,-,C,D,0,NA,NA,NA,NA,Y,Y,A,01,0,2,0,0,0,0,0,0,0,-,-,34.0879,-117.18814,RIVERSIDE,RIVERSIDE,-117.31365,34.01387678
6607773,2014,2014-10-01,3300,2014-08-30,2057,4431,508B,6,5,5,3341,0,0,0,NA,0,058,SCOTT RD,DAILY RD,0,NA,Y,A,-,N,NA,NA,NA,NA,NA,NA,NA,NA,NA,N,4,0,2,2,A,-,04,21703,NA,F,C,C,A,A,H,-,C,D,0,NA,NA,NA,NA,Y,Y,-,NA,0,0,2,0,0,0,0,0,0,-,-,NA,NA,RIVERSIDE,MENIFEE,-117.2018001,33.6415701
6607784,2014,2016-05-12,9840,2014-08-25,1620,18611,NA,1,2,6,3315,0,1,3,NA,2,031,RT 91,LINCOLN AV,650,E,N,A,-,Y,RIV,8,91,-,-,5.5,H,-,W,N,4,0,1,2,A,-,03,22350,NA,N,C,C,A,A,H,-,A,D,1,NA,NA,NA,NA,Y,NA,A,01,0,0,1,0,0,0,0,0,0,-,-,33.88161,-117.58005,RIVERSIDE,CORONA,-117.58046331,33.88173103
6608972,2014,2016-04-30,9655,2014-08-24,0750,017106,NA,7,1,3,3302,0,1,1,NA,2,202,RT 10,BEAUMONT AV,3,W,N,A,-,Y,RIV,8,10,-,-,7.57,H,-,W,N,3,0,1,1,A,-,08,22107,NA,N,E,I,A,A,H,-,A,D,1,NA,NA,NA,NA,Y,NA,D,22,0,1,0,0,0,0,0,0,0,-,-,33.92732,-116.97859,RIVERSIDE,BEAUMONT,-116.97722749,33.92711618
6611192,2014,2016-04-30,9840,2014-08-21,1350,13500,NA,4,1,7,3313,0,1,3,NA,2,021,RT 91,CENTRAL AV,1000,E,N,A,-,Y,RIV,8,91,-,-,18.63,H,-,E,Y,4,0,1,2,A,-,03,22350,NA,N,C,C,A,A,D,-,A,D,1,NA,NA,NA,Y,Y,NA,A,01,0,0,1,0,0,0,0,0,0,-,-,33.95631,-117.38059,RIVERSIDE,RIVERSIDE,-117.3810941,33.95569591
6611969,2014,2014-09-25,3313,2014-08-29,2143,1222,EAST,5,5,7,3313,0,0,0,NA,0,T41,VALLEY SPRINGS PKWY,GATEWAY DR,0,NA,Y,A,-,N,NA,NA,NA,NA,NA,NA,NA,NA,NA,Y,4,0,2,2,A,-,01,23152,F,N,D,C,A,A,H,-,C,A,0,NA,NA,NA,NA,Y,Y,A,01,0,0,2,0,0,0,0,0,0,-,-,NA,NA,RIVERSIDE,RIVERSIDE,-117.28618014,33.93445002
6612012,2014,2014-10-07,3308,2014-08-18,1414,8344,507,1,5,5,3308,0,0,0,NA,0,NORTH,MENLO AV,SAN JACINTO ST,216,E,N,A,-,N,NA,NA,NA,NA,NA,NA,NA,NA,NA,N,4,0,1,1,C,-,18,NA,NA,N,F,A,A,A,D,-,A,D,0,NA,NA,NA,NA,Y,NA,-,-,0,0,1,0,0,0,0,0,0,-,-,NA,NA,RIVERSIDE,HEMET,-116.95799187,33.75848374
6612072,2014,2014-09-22,3308,2014-08-01,2033,6955,515,5,5,5,3308,0,0,0,NA,0,NORTH,DEVONSHIRE AV,KIRBY ST,0,NA,Y,A,-,N,NA,NA,NA,NA,NA,NA,NA,NA,NA,Y,4,0,2,2,A,-,17,21451,A,N,D,C,A,A,H,-,C,A,0,NA,NA,NA,NA,Y,NA,A,07,0,0,2,0,0,0,0,0,0,-,-,NA,NA,RIVERSIDE,HEMET,-116.99783002,33.7510201
6612598,2014,2014-09-16,3313,2014-08-31,0005,1716,WEST,7,5,7,3313,0,0,0,NA,0,A415,LA SIERRA AV,MAGNOLIA AV,0,NA,Y,A,-,N,NA,NA,NA,NA,NA,NA,NA,NA,NA,Y,3,0,4,2,A,-,12,21453,A,N,A,C,A,A,H,-,C,A,0,NA,NA,NA,NA,Y,Y,A,01,0,2,2,0,0,0,0,0,0,-,-,NA,NA,RIVERSIDE,RIVERSIDE,-117.47636009,33.90353005
6613835,2014,2014-09-12,3300,2014-05-28,1537,3690,905B,3,5,4,3307,0,0,0,NA,0,085,GRAND AV,SHEILA LN,0,NA,Y,A,-,N,NA,NA,NA,NA,NA,NA,NA,NA,NA,N,4,0,1,2,A,-,03,22350,NA,N,C,C,A,A,-,-,A,A,0,NA,NA,NA,NA,Y,NA,A,01,0,0,1,0,0,0,0,0,0,-,-,NA,NA,RIVERSIDE,LAKE ELSINORE,-117.29623002,33.60900011
6614850,2014,2016-05-03,9840,2014-08-23,2345,019874,NA,6,3,6,3315,0,1,1,NA,2,034,RT 15,MAGNOLIA AV,1500,N,N,A,-,Y,RIV,8,15,-,-,40.63,H,-,N,Y,4,0,2,5,A,-,07,21658,A,N,D,C,A,A,D,-,A,D,1,NA,NA,NA,NA,Y,NA,A,01,0,0,2,0,0,0,0,0,0,-,-,33.87539,-117.54582,RIVERSIDE,CORONA,-117.54397332,33.86961019
6614862,2014,2016-04-30,9840,2014-08-23,2145,017481,NA,6,2,6,3345,0,1,3,NA,2,010,RT 60,VALLEY WY,25,E,N,A,-,Y,RIV,8,60,-,-,7.689,R,1,W,N,4,0,1,1,A,-,08,22107,NA,N,E,I,A,A,H,-,C,D,1,NA,NA,NA,NA,Y,NA,A,01,0,0,1,0,0,0,0,0,0,-,-,34.00039,-117.42996,RIVERSIDE,JURUPA VALLEY,-117.43133368,34.01111204
6616195,2014,2015-01-16,3325,2014-01-15,2250,549,3325,3,5,4,3325,0,0,0,NA,0,001,EAST PALM CANYON DR,PEREZ RD,246,E,N,A,-,N,NA,NA,NA,NA,NA,NA,NA,NA,NA,Y,4,0,1,2,A,-,-,NA,NA,N,C,C,A,A,H,-,A,A,0,NA,NA,NA,NA,Y,NA,A,01,0,0,1,0,0,0,0,0,0,-,-,NA,NA,RIVERSIDE,CATHEDRAL CITY,-116.474952,33.784114
6617964,2014,2014-09-18,9840,2014-08-23,0931,018248,NA,6,1,9,3300,0,3,5,NA,2,004,SANTA ROSA MINE RD,EL NIDO RD,2112,E,N,A,-,N,NA,NA,NA,NA,NA,NA,NA,NA,NA,Y,3,0,1,1,A,-,03,22350,NA,N,F,A,A,A,H,-,A,D,0,NA,NA,NA,NA,Y,NA,A,01,0,1,0,0,0,0,0,0,0,-,-,33.78472,-117.32009,RIVERSIDE,UNINCORPORATED,-117.319069,33.784516000000004
6618006,2014,2014-09-22,3300,2014-08-26,0735,N2646,602E3,2,5,6,3394,0,0,0,NA,0,028,BAY AV,PERRIS BL,589,W,N,A,-,N,NA,NA,NA,NA,NA,NA,NA,NA,NA,N,4,0,1,2,A,-,08,22107,NA,N,B,C,A,A,H,-,A,D,0,NA,NA,Y,NA,Y,NA,C,02,0,0,1,0,0,0,0,0,1,-,-,NA,NA,RIVERSIDE,MORENO VALLEY,-117.22834543,33.92091
6618018,2014,2014-09-22,3300,2014-08-27,1158,4996,603A3,3,5,6,3394,0,0,0,NA,0,MV32,HEACOCK ST,CACTUS AV,188,N,N,A,-,N,NA,NA,NA,NA,NA,NA,NA,NA,NA,Y,4,0,1,2,A,-,03,22350,NA,N,C,C,A,A,H,-,A,A,0,NA,NA,NA,NA,Y,NA,A,01,0,0,1,0,0,0,0,0,0,-,-,NA,NA,RIVERSIDE,MORENO VALLEY,-117.2436,33.91065493
6618034,2014,2014-09-22,3300,2014-08-20,1230,4996,603D4,3,5,6,3394,0,0,0,NA,0,MV38,LASSELLE ST,AVENIDA DE PLATA,7,S,N,B,-,N,NA,NA,NA,NA,NA,NA,NA,NA,NA,N,4,0,1,2,A,-,11,21950,B,F,H,B,B,A,H,-,A,A,0,Y,NA,NA,NA,Y,NA,N,60,0,0,1,0,1,0,0,0,0,-,-,NA,NA,RIVERSIDE,MORENO VALLEY,-117.21098675,33.86940102
6618050,2014,2014-09-22,3300,2014-08-12,1758,4571,602C1,2,5,6,3394,0,0,0,NA,0,024,SUNNYMEAD BL,FREDERICK ST,10,E,N,A,-,N,NA,NA,NA,NA,NA,NA,NA,NA,NA,Y,3,0,1,2,A,-,06,21755,NA,N,D,C,A,A,H,-,A,A,0,NA,NA,Y,NA,Y,NA,C,02,0,1,0,0,0,0,0,0,1,-,-,NA,NA,RIVERSIDE,MORENO VALLEY,-117.26142794,33.93969395
6619704,2014,2016-04-30,9655,2014-08-28,1735,019112,NA,4,2,4,3301,0,1,1,NA,2,204,RT 10,RAMSEY ST,3696,E,N,A,-,Y,RIV,8,10,-,R,15.5,H,-,E,Y,2,0,1,2,A,-,03,22350,NA,N,C,C,A,A,H,-,A,D,1,NA,NA,NA,Y,Y,NA,A,01,1,0,0,0,0,0,0,0,0,-,-,32.92967,-116.83835,RIVERSIDE,BANNING,-116.83976482,33.92931909
6620167,2014,2016-05-03,9685,2014-08-31,1345,014349,NA,7,1,5,3335,0,1,1,NA,2,030,RT 15,SANTIAGO RD,250,S,N,A,-,Y,RIV,8,15,-,-,4.08,H,-,S,Y,4,0,4,3,A,-,03,22350,NA,N,C,C,A,A,H,-,A,D,1,NA,NA,NA,NA,Y,NA,A,07,0,0,4,0,0,0,0,0,0,-,-,33.48999,-117.14438,RIVERSIDE,TEMECULA,-117.14426056,33.48987375
6622970,2014,2016-04-30,9840,2014-09-02,1525,12208,NA,2,2,6,3315,0,1,1,NA,2,034,RT 15,OLD TEMESCAL RD,643,N,N,A,-,Y,RIV,8,15,-,-,39.54,H,-,N,Y,3,0,1,2,A,-,08,22107,NA,N,-,C,A,A,D,-,A,D,1,NA,NA,Y,NA,Y,NA,A,01,0,1,0,0,0,0,0,0,1,-,-,NA,NA,RIVERSIDE,CORONA,-117.53535023,33.85603259
6623022,2014,2014-10-02,9655,2014-09-11,2050,018168,NA,4,2,9,3300,0,3,5,NA,2,002,HIGHLAND SPRINGS AV,CHERRY VALLEY BL,3,S,N,A,-,N,NA,NA,NA,NA,NA,NA,NA,NA,NA,Y,3,0,2,2,A,-,05,21460,A,N,D,C,A,A,H,-,C,D,0,NA,NA,NA,NA,Y,NA,A,07,0,2,0,0,0,0,0,0,0,-,-,33.97042,-117.15716,RIVERSIDE,UNINCORPORATED,-116.94447447,33.96525268
6623319,2014,2014-09-22,9685,2014-05-02,1730,014349,NA,5,2,9,3300,0,3,5,NA,2,003,WILLOW ST,KORBEL CIRCLE,0,NA,Y,A,-,N,NA,NA,NA,NA,NA,NA,NA,NA,NA,Y,4,0,3,2,A,-,09,21804,A,N,D,C,A,A,H,-,A,A,0,NA,NA,NA,NA,Y,NA,A,01,0,0,3,0,0,0,0,0,0,-,-,NA,NA,RIVERSIDE,UNINCORPORATED,-117.1399801,33.54627006
6624588,2014,2016-01-15,3309,2014-09-04,1715,173,3309,4,5,4,3309,0,0,0,NA,0,001,RT 111,RUBIDOUX ST,0,NA,Y,A,-,N,NA,NA,NA,NA,NA,NA,NA,NA,NA,N,4,0,1,2,A,-,12,21453,A,N,D,C,A,A,H,-,A,A,0,NA,NA,NA,NA,Y,NA,A,01,0,0,1,0,0,0,0,0,0,-,-,NA,NA,RIVERSIDE,INDIO,-116.228702,33.714886
6628523,2014,2016-04-16,9685,2014-04-18,2045,12752,NA,5,2,9,3300,0,1,3,NA,1,031,RT 79,MAX GILLIS BL,275,N,N,A,-,Y,RIV,8,79,-,R,8.49,H,-,S,Y,4,0,1,3,A,-,03,22350,NA,M,C,C,A,A,H,-,D,A,0,NA,NA,NA,NA,Y,NA,A,01,0,0,1,0,0,0,0,0,0,-,-,NA,NA,RIVERSIDE,UNINCORPORATED,-117.11805484,33.59852898
6628631,2014,2016-05-31,9660,2014-09-10,1440,020849,NA,3,2,9,3300,0,1,1,NA,2,031,RT 10,WILEY'S WELL RD,15840,W,N,A,-,Y,RIV,8,10,-,R,131.7,H,-,E,Y,3,0,1,1,A,-,08,22107,NA,N,F,I,A,A,H,-,A,D,1,NA,NA,NA,NA,Y,NA,A,01,0,1,0,0,0,0,0,0,0,-,-,33.3621,-114.5735,RIVERSIDE,UNINCORPORATED,-114.95962385,33.60585005
6628811,2014,2016-04-30,9840,2014-09-12,0037,017037,NA,5,3,7,3313,0,1,3,NA,2,020,RT 91,LA SIERRA AV,1600,W,N,A,-,Y,RIV,8,91,-,-,11.69,H,-,E,Y,3,0,1,1,A,-,01,23152,A,N,E,I,A,A,H,-,C,D,1,NA,NA,NA,NA,Y,Y,A,01,0,1,0,0,0,0,0,0,0,-,-,NA,NA,RIVERSIDE,RIVERSIDE,-117.47795793,33.89779863
6631006,2014,2014-11-06,3300,2014-09-15,0800,4097,601,1,5,6,3394,0,0,0,NA,0,018,IRONWOOD AV,VISTA DE CERROS DR,0,NA,Y,A,-,N,NA,NA,NA,NA,NA,NA,NA,NA,NA,Y,4,0,1,2,A,-,09,21801,A,N,D,C,A,A,H,-,A,D,0,NA,NA,NA,NA,Y,NA,-,NA,0,0,1,0,0,0,0,0,0,-,-,NA,NA,RIVERSIDE,MORENO VALLEY,-117.20532008,33.94752006
6631038,2014,2014-11-06,3300,2014-09-02,0610,N2646,602C4,2,5,6,3394,0,0,0,NA,0,024,GRAHAM ST,COTTONWOOD AV,27,N,N,A,-,N,NA,NA,NA,NA,NA,NA,NA,NA,NA,N,4,0,1,2,A,-,12,21453,A,N,D,C,A,A,H,-,A,A,0,NA,NA,NA,NA,Y,NA,-,NA,0,0,1,0,0,0,0,0,0,-,-,NA,NA,RIVERSIDE,MORENO VALLEY,-117.25245,33.92461396
6631241,2014,2016-04-30,9840,2014-08-22,0516,17817,NA,5,3,7,3313,0,1,3,NA,2,021,RT 91,ARLINGTON AV,1575,W,N,A,-,Y,RIV,8,91,-,-,17.52,H,-,E,Y,3,0,1,2,A,-,03,22350,NA,N,C,C,A,A,H,-,B,D,1,NA,NA,NA,NA,Y,NA,A,01,0,1,0,0,0,0,0,0,0,-,-,33.94326,-117.39273,RIVERSIDE,RIVERSIDE,-117.39283315,33.94328053
6633908,2014,2016-04-30,9630,2014-09-16,2033,20263,NA,2,2,9,3300,0,1,1,NA,2,302,RT 10,EAGLE MOUNTAIN RD,950,W,N,C,-,Y,RIV,8,10,-,R,101.84,H,-,W,Y,4,0,1,1,A,-,03,22350,NA,N,F,A,A,B,F,-,D,D,1,NA,NA,NA,NA,Y,NA,D,22,0,0,1,0,0,0,0,0,0,-,-,33.6991,-115.46889,RIVERSIDE,UNINCORPORATED,-115.45548549,33.70158824
6633949,2014,2014-10-14,9630,2014-09-03,1505,20845,NA,3,2,9,3300,0,3,5,NA,2,002,42ND AV,ADAMS ST,150,W,N,A,-,N,NA,NA,NA,NA,NA,NA,NA,NA,NA,Y,2,0,4,4,A,-,01,23152,F,N,C,C,A,A,H,-,A,A,0,NA,NA,NA,NA,Y,Y,E,22,2,1,1,0,0,0,0,0,0,-,-,33.74372,-116.28637,RIVERSIDE,UNINCORPORATED,-116.28681121,33.74382409
6635738,2014,2014-10-06,3313,2014-09-19,1846,1523,CENTR,5,5,7,3313,0,0,0,NA,0,T44,VAN BUREN BL,LINCOLN AV,555,N,N,A,-,N,NA,NA,NA,NA,NA,NA,NA,NA,NA,N,4,0,1,2,A,-,01,23152,A,N,C,C,A,A,H,-,B,A,0,NA,NA,NA,NA,Y,Y,D,22,0,0,1,0,0,0,0,0,0,-,-,NA,NA,RIVERSIDE,RIVERSIDE,-117.43745525,33.90912771
6638354,2014,2014-10-13,3313,2014-09-10,1813,1096,NORTH,3,5,7,3313,0,0,0,NA,0,NA,COLUMBIA AV,LA CADENA DR,90,E,N,A,-,N,NA,NA,NA,NA,NA,NA,NA,NA,NA,Y,4,0,1,2,A,-,08,22107,NA,N,D,C,A,A,H,-,A,D,0,NA,NA,NA,NA,Y,NA,A,07,0,0,1,0,0,0,0,0,0,-,-,NA,NA,RIVERSIDE,RIVERSIDE,-117.35194563,34.00133141
6639103,2014,2014-11-12,3300,2014-09-05,1500,N3373,910R2,5,5,5,3335,0,0,0,NA,0,062,MARGARITA RD,WINCHESTER RD,99,E,N,A,-,N,NA,NA,NA,NA,NA,NA,NA,NA,NA,N,4,0,1,2,A,-,08,22107,NA,N,B,C,A,A,H,-,A,A,0,NA,NA,NA,NA,Y,NA,-,-,0,0,1,0,0,0,0,0,0,-,-,NA,NA,RIVERSIDE,TEMECULA,-117.15123403,33.53082581
6640008,2014,2016-04-30,9655,2014-09-12,1015,18146,NA,5,1,9,3300,0,1,3,NA,1,117,RT 74,KEEN CAMP RD,1584,E,N,A,-,Y,RIV,8,74,-,-,61.7,H,-,E,Y,4,0,1,2,A,-,-,NA,NA,N,B,C,A,A,A,-,A,D,0,NA,NA,NA,NA,Y,NA,D,22,0,0,1,0,0,0,0,0,0,-,-,33.69722,-116.71418,RIVERSIDE,UNINCORPORATED,-116.69457943,33.68371804
6640393,2014,2016-04-30,9840,2014-09-21,1401,18248,NA,7,2,7,3313,0,1,1,NA,2,023,RT 215,CENTRAL AV,1500,N,N,A,-,Y,RIV,8,215,-,-,39.79,H,-,S,Y,3,0,2,1,A,-,08,22107,NA,N,E,I,A,A,H,-,A,D,1,NA,NA,NA,NA,Y,NA,A,01,0,1,1,0,0,0,0,0,0,-,-,33.96075,-117.31676,RIVERSIDE,RIVERSIDE,-117.31392009,33.96067693
6640418,2014,2014-10-20,3300,2014-09-17,2213,N5541,40D4,3,5,3,3392,0,0,0,NA,0,040,INDEPENDENCE WY,JEFFERSON ST,17,W,N,A,-,N,NA,NA,NA,NA,NA,NA,NA,NA,NA,Y,3,0,2,1,A,-,08,22107,NA,N,E,I,A,A,H,-,D,D,0,NA,NA,NA,NA,Y,NA,A,01,0,1,1,0,0,0,0,0,0,-,-,NA,NA,RIVERSIDE,LA QUINTA,-116.26895566,33.72576952
6640591,2014,2014-10-29,3311,2014-09-24,0745,15918,NA,3,5,4,3311,0,0,0,NA,0,002,NORTH SUNRISE WY,E SAN RAFAEL DR,207,N,N,A,-,N,NA,NA,NA,NA,NA,NA,NA,NA,NA,N,3,0,1,2,A,-,11,21950,B,N,G,B,E,A,H,-,A,D,0,Y,NA,NA,NA,Y,NA,N,60,0,1,0,0,1,0,0,0,0,-,-,NA,NA,RIVERSIDE,PALM SPRINGS,-116.52808858,33.86008649
6641918,2014,2014-10-20,3300,2014-09-22,1212,N3558,916D,1,5,4,3312,0,0,0,NA,0,393,REDLANDS AV,7TH ST,0,NA,Y,A,-,N,NA,NA,NA,NA,NA,NA,NA,NA,NA,Y,3,0,2,2,A,-,09,21802,A,N,D,C,A,A,H,-,A,A,0,NA,NA,NA,NA,Y,NA,D,22,0,1,1,0,0,0,0,0,0,-,-,NA,NA,RIVERSIDE,PERRIS,-117.21738009,33.77932012
6642864,2014,2015-05-19,3313,2014-09-29,0639,581,WEST,1,5,7,3313,0,0,0,NA,0,M25,FIREBIRD LN,FARRIER AV,0,NA,Y,A,-,N,NA,NA,NA,NA,NA,NA,NA,NA,NA,N,4,0,1,2,A,-,08,22100,B,N,D,G,A,A,H,-,A,A,0,NA,Y,NA,NA,Y,NA,L,04,0,0,1,0,0,0,1,0,0,-,-,NA,NA,RIVERSIDE,RIVERSIDE,-117.46915001,33.95370004
6644879,2014,2014-10-10,3300,2014-09-10,1300,4071,603D1,3,5,6,3394,0,0,0,NA,0,038,KRAMERIA AV,SADDLEBROOK LN,0,NA,Y,A,-,N,NA,NA,NA,NA,NA,NA,NA,NA,NA,Y,4,0,1,2,A,-,09,21804,A,N,D,C,A,A,H,-,A,A,0,NA,NA,NA,NA,Y,NA,A,07,0,0,1,0,0,0,0,0,0,-,-,NA,NA,RIVERSIDE,MORENO VALLEY,-117.22183009,33.88103009
6647478,2014,2014-10-15,3300,2014-08-25,1856,3536,603A3,1,5,6,3394,0,0,0,NA,0,MV32,IRIS AV,PERRIS BL,45,E,N,A,-,N,NA,NA,NA,NA,NA,NA,NA,NA,NA,N,4,0,1,2,A,-,03,22350,NA,N,C,C,A,A,H,-,B,A,0,NA,NA,NA,NA,Y,NA,A,01,0,0,1,0,0,0,0,0,0,-,-,NA,NA,RIVERSIDE,MORENO VALLEY,-117.22615219,33.88841039
6647498,2014,2014-10-15,3300,2014-08-27,1738,4449,002J,3,5,6,3345,0,0,0,NA,0,022,SAN SEVAINE WY,WABASH DR,528,W,N,A,-,N,NA,NA,NA,NA,NA,NA,NA,NA,NA,Y,3,0,4,2,A,-,09,21804,A,N,D,C,A,A,H,-,A,D,0,NA,NA,NA,NA,Y,NA,A,01,0,1,3,0,0,0,0,0,0,-,-,NA,NA,RIVERSIDE,JURUPA VALLEY,-117.5118121,34.01429608
6650917,2014,2014-10-09,3300,2014-09-11,0910,2093,32B2,4,5,4,3318,0,0,0,NA,0,MO875,LARREA ST,PRICKLY PEAR LN,0,NA,Y,A,-,N,NA,NA,NA,NA,NA,NA,NA,NA,NA,Y,3,0,1,3,A,-,09,21802,A,N,D,C,A,A,H,-,A,A,0,NA,NA,Y,NA,Y,NA,A,01,0,1,0,0,0,0,0,0,1,-,-,NA,NA,RIVERSIDE,PALM DESERT,-116.3749101,33.71881012
6657123,2014,2016-04-30,9840,2014-09-25,1835,018727,NA,4,2,7,3313,0,1,3,NA,2,025,RT 60,DAY ST,550,W,N,A,-,Y,RIV,8,60,-,-,13.21,H,-,W,Y,3,0,1,1,A,-,01,23152,F,N,E,I,A,A,H,-,B,D,1,NA,NA,NA,NA,Y,Y,D,22,0,1,0,0,0,0,0,0,0,-,-,33.94464,-117.28955,RIVERSIDE,RIVERSIDE,-117.28080855,33.9430456
6657127,2014,2016-04-30,9840,2014-09-26,1245,016497,NA,5,1,6,3394,0,1,3,NA,2,025,RT 60,DAY ST,2112,E,N,A,-,Y,RIV,8,60,-,-,13.74,H,-,W,Y,4,0,1,2,A,-,03,22350,NA,N,B,C,A,A,H,-,A,D,1,NA,NA,Y,NA,Y,NA,C,02,0,0,1,0,0,0,0,0,1,-,-,33.94155,-117.27271,RIVERSIDE,MORENO VALLEY,-117.2717725,33.94150601
6658069,2014,2014-10-21,9840,2014-09-23,1740,12585,NA,2,2,9,3300,0,3,5,NA,2,004,SAN JACINTO AV,COWIE AV,24,W,N,A,-,N,NA,NA,NA,NA,NA,NA,NA,NA,NA,Y,3,0,5,2,A,-,03,22350,NA,N,C,C,A,A,H,-,A,D,0,NA,NA,NA,NA,Y,NA,A,01,0,1,4,0,0,0,0,0,0,-,-,33.78637,-117.26978,RIVERSIDE,UNINCORPORATED,-117.27000874,33.78651
6658714,2014,2014-12-29,9840,2014-10-10,1550,17162,NA,5,2,6,3315,0,1,3,NA,2,030,RT 91,GREEN RIVER RD,761,W,N,A,-,Y,NA,NA,NA,NA,NA,NA,NA,NA,NA,Y,4,0,1,3,C,-,18,NA,NA,N,B,C,A,A,H,-,A,D,0,NA,NA,NA,NA,Y,NA,-,-,0,0,1,0,0,0,0,0,0,-,-,33.23095,-117.12947,RIVERSIDE,CORONA,-117.65967932,33.87719228
6658991,2014,2015-01-20,9840,2014-10-01,1425,14991,NA,3,2,7,3313,0,1,1,NA,2,023,RT 215,BLAINE ST,900,N,N,A,-,Y,NA,NA,NA,NA,NA,NA,NA,NA,NA,Y,4,0,1,3,A,-,03,22350,NA,N,C,C,A,A,H,-,A,D,0,NA,NA,NA,NA,Y,NA,A,01,0,0,1,0,0,0,0,0,0,TO,-,NA,NA,RIVERSIDE,RIVERSIDE,NA,NA
6658993,2014,2015-03-12,9840,2014-10-03,0245,18498,NA,5,3,9,3300,0,3,5,NA,2,002,RECHE CANYON RD,KEISSEL RD,990,S,N,A,-,N,NA,NA,NA,NA,NA,NA,NA,NA,NA,Y,3,0,1,1,A,-,08,22107,NA,N,E,I,A,A,H,-,D,D,0,NA,NA,NA,NA,Y,NA,A,01,0,1,0,0,0,0,0,0,0,-,-,NA,NA,RIVERSIDE,UNINCORPORATED,-117.23143919,34.00002275
6659794,2014,2016-04-30,9655,2014-09-12,1503,00001,NA,5,2,3,3302,0,1,3,NA,2,212,RT 60,WESTERN KNOLLS AV,8,E,N,A,-,Y,RIV,8,60,-,-,29.45,H,-,W,N,4,0,1,2,A,-,03,22350,NA,N,B,C,A,A,H,-,A,D,0,NA,NA,NA,NA,Y,NA,A,01,0,0,1,0,0,0,0,0,0,-,-,33.93347,-116.99887,RIVERSIDE,BEAUMONT,-117.00820157,33.93364817
6659815,2014,2016-05-03,9840,2014-09-20,0138,20262,NA,6,3,4,3344,0,1,1,NA,2,011,RT 15,68TH ST,1000,N,N,A,-,Y,RIV,8,15,-,-,47.73,H,-,S,Y,4,0,1,1,A,-,01,23152,A,N,E,I,A,A,H,-,D,D,1,NA,NA,NA,NA,Y,Y,A,01,0,0,1,0,0,0,0,0,0,-,-,33.96739,-117.54914,RIVERSIDE,EASTVALE,-117.54904268,33.96750766
6660575,2014,2015-04-30,3300,2014-08-14,0740,4891,601A2,4,5,6,3394,0,0,0,NA,0,MV12,HIDDEN SPRINGS DR,MOUNTAIN VIEW RD,225,E,N,A,-,N,NA,NA,NA,NA,NA,NA,NA,NA,NA,Y,4,0,1,2,A,-,03,22350,NA,N,C,C,A,A,H,-,A,A,0,NA,NA,NA,NA,Y,NA,A,01,0,0,1,0,0,0,0,0,0,-,-,NA,NA,RIVERSIDE,MORENO VALLEY,-117.26921489,33.97117832
6661334,2014,2014-12-16,9630,2014-10-04,1338,020840,NA,6,1,9,3300,0,3,5,NA,2,002,KRIS AV,CATLIN LN,425,N,N,A,-,N,NA,NA,NA,NA,NA,NA,NA,NA,NA,N,2,0,4,1,A,-,08,22107,NA,N,E,I,A,A,B,-,A,D,0,NA,NA,NA,NA,Y,NA,M,96,2,2,0,0,0,0,0,0,0,-,-,33.9139,-116.39916,RIVERSIDE,UNINCORPORATED,-116.39925128,33.90864297
6663540,2014,2016-05-06,9685,2014-09-26,1240,015750,NA,5,1,9,3300,0,1,1,NA,2,020,RT 215,MCCALL BL,2000,N,N,A,-,Y,RIV,8,215,-,-,21.22,H,-,S,Y,3,0,1,2,A,-,03,22350,NA,N,C,C,A,A,H,-,A,D,1,NA,NA,Y,NA,Y,NA,C,02,0,1,0,0,0,0,0,0,1,-,-,33.71793,-117.18982,RIVERSIDE,UNINCORPORATED,-117.18932205,33.72061993
6663802,2014,2014-12-10,9840,2014-10-02,1745,016497,NA,4,2,6,3394,0,1,3,NA,2,025,RT 60,FREDERICK ST,40,W,N,A,-,Y,NA,NA,60,NA,NA,NA,NA,NA,NA,Y,4,0,2,4,A,-,03,22350,NA,N,C,C,A,A,H,-,A,D,0,NA,NA,NA,NA,Y,NA,D,22,0,0,2,0,0,0,0,0,0,-,-,33.94059,-117.26227,RIVERSIDE,MORENO VALLEY,-117.2622708,33.94070842