CASE_ID,ACCIDENT_YEAR,PROC_DATE,JURIS,COLLISION_DATE,COLLISION_TIME,OFFICER_ID,REPORTING_DISTRICT,DAY_OF_WEEK,CHP_SHIFT,POPULATION,CNTY_CITY_LOC,SPECIAL_COND,BEAT_TYPE,CHP_BEAT_TYPE,CITY_DIVISION_LAPD,CHP_BEAT_CLASS,BEAT_NUMBER,PRIMARY_RD,SECONDARY_RD,DISTANCE,DIRECTION,INTERSECTION,WEATHER_1,WEATHER_2,STATE_HWY_IND,CALTRANS_COUNTY,CALTRANS_DISTRICT,STATE_ROUTE,ROUTE_SUFFIX,POSTMILE_PREFIX,POSTMILE,LOCATION_TYPE,RAMP_INTERSECTION,SIDE_OF_HWY,TOW_AWAY,COLLISION_SEVERITY,NUMBER_KILLED,NUMBER_INJURED,PARTY_COUNT,PRIMARY_COLL_FACTOR,PCF_CODE_OF_VIOL,PCF_VIOL_CATEGORY,PCF_VIOLATION,PCF_VIOL_SUBSECTION,HIT_AND_RUN,TYPE_OF_COLLISION,MVIW,PED_ACTION,ROAD_SURFACE,ROAD_COND_1,ROAD_COND_2,LIGHTING,CONTROL_DEVICE,CHP_ROAD_TYPE,PEDESTRIAN_ACCIDENT,BICYCLE_ACCIDENT,MOTORCYCLE_ACCIDENT,TRUCK_ACCIDENT,NOT_PRIVATE_PROPERTY,ALCOHOL_INVOLVED,STWD_VEHTYPE_AT_FAULT,CHP_VEHTYPE_AT_FAULT,COUNT_SEVERE_INJ,COUNT_VISIBLE_INJ,COUNT_COMPLAINT_PAIN,COUNT_PED_KILLED,COUNT_PED_INJURED,COUNT_BICYCLIST_KILLED,COUNT_BICYCLIST_INJURED,COUNT_MC_KILLED,COUNT_MC_INJURED,PRIMARY_RAMP,SECONDARY_RAMP,LATITUDE,LONGITUDE,COUNTY,CITY,POINT_X,POINT_Y
81720278,2022,2022-03-11,3300,2022-02-24,1542,5397,905I,4,5,4,3307,0,0,0,NA,0,095,DEXTER AVE,3RD ST,0,NA,Y,A,-,N,NA,NA,NA,NA,NA,NA,NA,NA,NA,N,4,0,2,2,A,-,09,21804,A,N,D,C,A,A,H,-,A,D,0,NA,NA,NA,Y,Y,NA,A,01,0,0,2,0,0,0,0,0,0,-,-,33.69184112548828,-117.33302307128906,RIVERSIDE,LAKE ELSINORE,-117.33363342285156,33.69023895263672
8172435,2016,2017-03-01,3300,2016-10-19,0649,4007,905B,3,5,4,3307,0,0,0,NA,0,L16293,RT 74,RIVERSIDE ST,0,NA,Y,A,-,Y,RIV,8,74,-,-,19.29,H,-,E,Y,2,0,1,2,A,-,03,22350,NA,N,B,C,A,A,H,-,A,A,0,NA,NA,Y,NA,Y,NA,C,02,1,0,0,0,0,0,0,0,1,-,-,NA,NA,RIVERSIDE,LAKE ELSINORE,-117.31271361,33.71091201
81724755,2022,2022-03-17,3300,2022-03-10,0602,6088,920C,4,5,4,3314,0,0,0,NA,0,072,STATE ST,7TH ST,60,N,N,A,-,N,NA,NA,NA,NA,NA,NA,NA,NA,NA,Y,4,0,2,2,A,-,09,21804,A,N,D,C,A,A,H,-,A,D,0,NA,NA,NA,NA,Y,NA,A,01,0,0,2,0,0,0,0,0,0,-,-,33.780208587646484,-116.9718780517578,RIVERSIDE,SAN JACINTO,-116.9719009399414,33.78035354614258
81726224,2022,2022-03-18,3300,2022-03-13,1110,N3642,012,7,5,4,3344,0,0,0,NA,0,064,SCHLEISMAN RD,ALDERGATE DR,0,NA,Y,A,-,N,NA,NA,NA,NA,NA,NA,NA,NA,NA,Y,4,0,2,2,A,-,12,21453,A,N,A,C,A,A,H,-,A,A,0,NA,NA,NA,NA,Y,NA,A,01,0,0,2,0,0,0,0,0,0,-,-,33.96086120605469,-117.6059112548828,RIVERSIDE,EASTVALE,-117.60620880126952,33.96076202392578
81726283,2022,2022-03-18,3300,2022-03-16,0755,N5073,34E2,3,5,4,3318,0,0,0,NA,0,2T390,HARRIS LN,WASHINGTON ST,280,W,N,A,-,N,NA,NA,NA,NA,NA,NA,NA,NA,NA,N,4,0,1,2,A,-,03,22350,NA,N,D,C,A,A,H,-,A,A,0,NA,NA,NA,NA,Y,NA,A,01,0,0,1,0,0,0,0,0,0,-,-,33.75611114501953,-116.30338287353516,RIVERSIDE,PALM DESERT,-116.30438232421876,33.75624084472656
81727156,2022,2022-03-21,3300,2022-02-22,2049,4867,602 C,2,5,6,3394,0,0,0,NA,0,MV24,FREDERICK ST,BRABHAM ST,0,NA,Y,C,-,N,NA,NA,NA,NA,NA,NA,NA,NA,NA,Y,2,0,4,2,A,-,01,23152,A,N,D,C,A,B,H,-,C,A,0,NA,NA,NA,NA,Y,Y,A,01,2,1,1,0,0,0,0,0,0,-,-,33.936790466308594,-117.2614288330078,RIVERSIDE,MORENO VALLEY,-117.26152801513672,33.93673324584961
81727464,2022,2022-03-21,3300,2022-03-08,2129,4339,001E,2,5,6,3345,0,0,0,NA,0,012,SIERRA AV,ARMSTRONG RD,0,NA,Y,A,-,N,NA,NA,NA,NA,NA,NA,NA,NA,NA,Y,4,0,3,2,A,-,12,21453,A,N,D,C,A,A,H,-,C,A,0,NA,NA,NA,NA,Y,NA,A,01,0,0,3,0,0,0,0,0,0,-,-,34.02177810668945,-117.42337036132813,RIVERSIDE,JURUPA VALLEY,-117.42349243164063,34.02167510986328
81727470,2022,2022-03-21,3308,2022-02-06,1646,10746,527,7,5,5,3308,0,0,0,NA,0,SOUTH,SAN JACINTO ST,MORTON PL,0,NA,Y,A,-,N,NA,NA,NA,NA,NA,NA,NA,NA,NA,N,4,0,1,2,A,-,10,21950,A,N,G,B,C,A,H,-,B,D,0,Y,NA,NA,NA,Y,NA,A,07,0,0,1,0,1,0,0,0,0,-,-,NA,NA,RIVERSIDE,HEMET,-116.95864105224608,33.74669647216797
81727472,2022,2022-03-21,3308,2022-02-07,1250,10610,547,1,5,5,3308,0,0,0,NA,0,SOUTH,STETSON AVE,STATE ST,350,W,N,A,-,N,NA,NA,NA,NA,NA,NA,NA,NA,NA,Y,3,0,2,3,A,-,03,22350,NA,N,C,C,A,A,H,-,A,A,0,NA,NA,NA,NA,Y,NA,A,01,0,1,1,0,0,0,0,0,0,-,-,33.72732162475586,-116.96826171875,RIVERSIDE,HEMET,-116.97269439697266,33.72936248779297
81727476,2022,2022-03-21,3308,2022-02-10,1126,10610,516,4,5,5,3308,0,0,0,NA,0,NORTH,DEVONSHIRE AVE,PALM AVE,0,NA,Y,A,-,N,NA,NA,NA,NA,NA,NA,NA,NA,NA,Y,4,0,1,2,A,-,09,21800,A,N,D,C,A,A,H,-,A,A,0,NA,NA,NA,NA,Y,NA,A,01,0,0,1,0,0,0,0,0,0,-,-,33.751121520996094,-116.98046875,RIVERSIDE,HEMET,-116.9804229736328,33.7510986328125
81727477,2022,2022-03-21,3308,2022-02-10,1707,10620,516,4,5,5,3308,0,0,0,NA,0,SOUTH,FLORIDA AVE,ALESSANDRO ST,0,NA,Y,A,-,Y,NA,NA,NA,NA,NA,NA,NA,NA,NA,Y,4,0,1,2,A,-,03,22350,NA,N,C,C,A,A,H,-,A,A,0,NA,NA,NA,NA,Y,NA,A,01,0,0,1,0,0,0,0,0,0,-,-,33.745548248291016,-116.97042083740234,RIVERSIDE,HEMET,-116.97383880615234,33.74751663208008
81728484,2022,2022-03-22,3300,2022-03-08,1845,N4187,916C,2,5,4,3312,0,0,0,NA,0,034,4TH ST,PARK AV,205,W,N,A,-,N,NA,NA,NA,NA,NA,NA,NA,NA,NA,Y,3,0,2,2,A,-,03,22350,NA,N,C,C,A,A,H,-,C,D,0,NA,NA,NA,NA,Y,NA,A,01,0,1,1,0,0,0,0,0,0,-,-,33.782379150390625,-117.23692321777344,RIVERSIDE,PERRIS,-117.23760223388672,33.78234100341797
81728560,2022,2022-03-22,3308,2022-02-17,1645,10610,515,4,5,5,3308,0,0,0,NA,0,NORTH,LYON AVE,LATHAM AVE,0,NA,Y,A,-,N,NA,NA,NA,NA,NA,NA,NA,NA,NA,Y,4,0,2,2,A,-,09,21800,A,N,D,C,A,A,H,-,A,A,0,NA,NA,NA,NA,Y,NA,A,07,0,0,2,0,0,0,0,0,0,-,-,33.74932861328125,-116.98918151855467,RIVERSIDE,HEMET,-116.98912811279295,33.74921798706055
81728660,2022,2022-03-22,3315,2022-02-28,0012,004485,1A,1,5,6,3315,0,0,0,NA,0,001,RAILROAD ST,AUTO CENTER DR,300,E,N,A,-,N,NA,NA,NA,NA,NA,NA,NA,NA,NA,Y,4,0,1,1,D,-,00,NA,NA,M,E,I,A,A,H,-,C,D,0,NA,NA,NA,NA,Y,NA,-,-,0,0,1,0,0,0,0,0,0,-,-,33.886199951171875,-117.61675262451172,RIVERSIDE,CORONA,-117.6162109375,33.886940002441406
81729446,2022,2022-03-23,3300,2022-03-12,0645,N5259,916B,6,5,4,3312,0,0,0,NA,0,032,NUEVO RD,I 215  N,0,NA,Y,A,-,N,NA,NA,NA,NA,NA,NA,NA,NA,NA,Y,4,0,2,2,A,-,12,21453,A,N,D,C,A,A,H,-,A,A,0,NA,NA,NA,NA,Y,NA,A,01,0,0,2,0,0,0,0,0,0,-,-,33.802581787109375,-117.23255920410156,RIVERSIDE,PERRIS,-117.23255920410156,33.8024787902832
81729522,2022,2022-03-23,3311,2022-03-04,1101,16289,NA,5,5,4,3311,0,0,0,NA,0,006,PALM CANYON DRIVE E,AUTO CENTER,55,E,N,A,-,N,NA,NA,NA,NA,NA,NA,NA,NA,NA,Y,2,0,1,2,A,-,03,22350,NA,N,G,B,F,A,H,-,A,D,0,Y,NA,NA,NA,Y,NA,A,01,1,0,0,0,1,0,0,0,0,-,-,NA,NA,RIVERSIDE,PALM SPRINGS,NA,NA
81734154,2022,2022-03-28,3300,2022-03-17,1212,5730,30J2,4,5,4,3318,0,0,0,NA,0,MO872,HWY 111,DEEP CANYON RD,217,W,N,A,-,Y,NA,NA,NA,NA,NA,NA,NA,NA,NA,N,3,0,3,5,A,-,03,22350,NA,N,C,C,A,A,H,-,A,A,0,NA,NA,NA,NA,Y,NA,A,07,0,2,1,0,0,0,0,0,0,-,-,33.721370697021484,-116.36509704589844,RIVERSIDE,PALM DESERT,-116.3657684326172,33.721092224121094
81734186,2022,2022-03-28,3311,2022-02-17,1246,16168,NA,4,5,4,3311,0,0,0,NA,0,006,SR 111 (GENE AUTRY TRAIL),DINAH SHORE DRIVE,0,NA,Y,A,-,Y,RIV,NA,111,NA,T,48.872,H,NA,R,Y,4,0,1,4,A,-,12,21457,A,N,D,C,A,A,H,-,A,A,0,NA,NA,NA,NA,Y,NA,A,07,0,0,1,0,0,0,0,0,0,-,-,33.808631896972656,-116.49285125732422,RIVERSIDE,PALM SPRINGS,-116.49286651611328,33.808631896972656
81734190,2022,2022-03-28,3311,2022-03-06,1514,16322,NA,7,5,4,3311,0,0,0,NA,0,005,PALM CANYON DRIVE S,CAMINO PAROCELA,0,W,Y,A,-,Y,NA,NA,NA,NA,NA,NA,NA,NA,NA,N,3,0,1,2,D,-,00,NA,NA,N,D,B,B,A,H,-,A,D,0,Y,Y,NA,NA,Y,NA,-,-,0,1,0,0,1,0,0,0,0,-,-,33.81398010253906,-116.54546356201172,RIVERSIDE,PALM SPRINGS,-116.54562377929688,33.81399917602539
81734340,2022,2022-03-28,3308,2022-03-07,1351,10610,517,1,5,5,3308,0,0,0,NA,0,NORTH,FLORIDA AVE,MAYFLOWER ST,40,E,N,A,-,Y,NA,NA,NA,NA,NA,NA,NA,NA,NA,Y,4,0,5,3,A,-,21,22106,NA,N,C,C,A,A,H,-,A,A,0,NA,NA,NA,NA,Y,NA,A,01,0,0,5,0,0,0,0,0,0,-,-,33.74542999267578,-116.94956207275392,RIVERSIDE,HEMET,-116.9528579711914,33.7476806640625
81735631,2022,2022-03-29,3300,2022-03-22,1930,N6297,910F,2,5,5,3335,0,0,0,NA,0,062,RANCHO CALIFORNIA RD,YNEZ RD,0,NA,Y,A,-,N,NA,NA,NA,NA,NA,NA,NA,NA,NA,N,4,0,4,2,A,-,09,21453,C,N,D,C,A,A,H,-,C,A,0,NA,NA,NA,NA,Y,NA,A,01,0,0,4,0,0,0,0,0,0,-,-,33.502769470214844,-117.14864349365234,RIVERSIDE,TEMECULA,-117.14857482910156,33.50287628173828
81737701,2022,2022-03-31,3300,2022-03-03,1248,4468,905M,4,5,4,3307,0,0,0,NA,0,093,RIVERSIDE DR,STRICKLAND AVE,870,E,N,A,-,Y,RIV,NA,74,NA,R,14.994,H,NA,R,Y,3,0,1,1,A,-,03,22350,NA,N,E,I,A,A,H,-,A,A,0,NA,NA,NA,NA,Y,NA,A,01,0,1,0,0,0,0,0,0,0,-,-,33.689239501953125,-117.35498046875,RIVERSIDE,LAKE ELSINORE,-117.35496520996094,33.689186096191406
8173838,2016,2016-11-28,3309,2016-04-12,1814,180,3309,2,5,4,3309,0,0,0,NA,0,NA,INDIO BL,CLINTON ST,1131,W,N,A,-,N,NA,NA,NA,NA,NA,NA,NA,NA,NA,Y,3,0,1,2,A,-,08,22107,NA,N,B,C,A,A,H,-,A,D,0,NA,NA,NA,NA,Y,NA,A,01,0,1,0,0,0,0,0,0,0,-,-,NA,NA,RIVERSIDE,INDIO,-116.24586523,33.73566262
8173856,2016,2016-11-22,3309,2016-10-18,1549,174,3309,2,5,4,3309,0,0,0,NA,0,004,SHIELDS RD,AVE 46,0,NA,Y,A,-,N,NA,NA,NA,NA,NA,NA,NA,NA,NA,N,4,0,2,1,A,-,03,22350,NA,N,A,I,A,A,H,-,A,D,0,NA,NA,NA,NA,Y,NA,A,01,0,0,2,0,0,0,0,0,0,-,-,NA,NA,RIVERSIDE,INDIO,-116.25985011,33.71468004
81739719,2021,2022-04-04,3306,2021-12-26,0103,756,3306,7,5,3,3306,0,0,0,NA,0,3306,CALLE LAS TIENDAS,HACIENDA AVE,31,S,N,C,-,N,NA,NA,NA,NA,NA,NA,NA,NA,NA,Y,3,0,1,1,A,-,03,22350,NA,N,E,I,A,B,H,-,C,D,0,NA,NA,NA,NA,Y,NA,A,07,0,1,0,0,0,0,0,0,0,-,-,33.9541015625,-116.47113800048828,RIVERSIDE,DESERT HOT SPRINGS,-116.47418975830078,33.95405578613281
81740727,2022,2022-04-05,3300,2022-03-29,1507,5923,24C4,2,5,3,3317,0,0,0,NA,0,NA,DINAH SHORE DR,MIRIAM WAY,0,NA,Y,A,-,N,NA,NA,NA,NA,NA,NA,NA,NA,NA,N,4,0,1,2,A,-,12,21453,A,N,D,C,A,A,H,-,A,A,0,NA,NA,NA,NA,Y,NA,A,01,0,0,1,0,0,0,0,0,0,-,-,33.80173873901367,-116.39251708984376,RIVERSIDE,RANCHO MIRAGE,-116.3926010131836,33.801910400390625
8174124,2016,2016-11-22,3300,2016-11-02,0953,4007,800A,3,5,4,3307,0,0,0,NA,0,WI80,CLINTON KEITH RD,INLAND VALLEY DR,0,NA,Y,A,-,N,NA,NA,NA,NA,NA,NA,NA,NA,NA,N,4,0,1,2,A,-,12,21453,A,N,D,C,A,A,H,-,A,A,0,NA,NA,NA,NA,Y,NA,A,01,0,0,1,0,0,0,0,0,0,-,-,33.59774,-117.23711,RIVERSIDE,LAKE ELSINORE,-117.2367801,33.5977601
8174141,2016,2016-11-22,3300,2016-10-26,0732,4007,905D,3,5,4,3307,0,0,0,NA,0,L92,SUMNER AV,LEWIS ST,0,NA,Y,A,-,N,NA,NA,NA,NA,NA,NA,NA,NA,NA,N,4,0,1,2,A,-,09,21802,A,N,D,C,A,A,H,-,A,A,0,NA,NA,NA,NA,Y,NA,A,01,0,0,1,0,0,0,0,0,0,-,-,33.67444,-117.33681,RIVERSIDE,LAKE ELSINORE,-117.33683012,33.67450004
81741806,2022,2022-04-06,3300,2022-04-04,2356,4050,603 A,1,5,6,3394,0,0,0,NA,0,MV32,CACTUS AVE,I-215 NBON/R (W),268,W,N,A,-,N,NA,NA,NA,NA,NA,NA,NA,NA,NA,Y,3,0,1,1,A,-,08,22107,NA,N,E,I,A,A,H,-,C,D,0,NA,NA,NA,NA,Y,NA,A,01,0,1,0,0,0,0,0,0,0,-,-,33.90956115722656,-117.27928924560548,RIVERSIDE,MORENO VALLEY,-117.28157806396484,33.90896224975586
81741815,2022,2022-04-06,3311,2022-03-17,2320,16144,NA,4,5,4,3311,0,0,0,NA,0,004,SR 111 (GENE AUTRY TRAIL),SR 111 (VISTA CHINO),0,NA,Y,A,-,Y,RIV,NA,111,NA,T,51.588,H,NA,R,Y,3,0,2,2,A,-,01,23153,A,N,A,C,A,A,H,-,C,A,0,NA,NA,NA,NA,Y,Y,D,22,0,2,0,0,0,0,0,0,0,-,-,33.8449592590332,-116.5058135986328,RIVERSIDE,PALM SPRINGS,-116.50582122802734,33.844932556152344
81742765,2022,2022-04-07,3311,2022-03-08,1800,15970,NA,2,5,4,3311,0,0,0,NA,0,001,W ROSA PARKS RD,EASTGATE RD,160,E,N,A,-,N,NA,NA,NA,NA,NA,NA,NA,NA,NA,N,4,0,1,2,A,-,05,21651,B,M,D,C,A,A,H,-,A,D,0,NA,NA,NA,NA,Y,NA,A,07,0,0,1,0,0,0,0,0,0,-,-,33.86323165893555,-116.55046844482422,RIVERSIDE,PALM SPRINGS,-116.55408477783205,33.86323165893555
81742848,2021,2022-04-07,3349,2021-06-03,1130,349,NA,4,5,5,3341,0,0,0,NA,0,004,MCCALL BLVD,BRADLEY RD,116,E,N,A,-,N,NA,NA,NA,NA,NA,NA,NA,NA,NA,N,4,0,1,4,A,-,03,22350,NA,N,C,C,A,A,H,-,A,A,0,NA,NA,NA,NA,Y,NA,A,07,0,0,1,0,0,0,0,0,0,-,-,33.715110778808594,-117.19225311279295,RIVERSIDE,MENIFEE,-117.19185638427734,33.71519088745117
81744584,2022,2022-04-11,3300,2022-04-06,1430,N1673,30J2,3,5,4,3318,0,0,0,NA,0,T30,HWY 111,HOSPITALITY ROW,50,W,N,A,-,N,NA,NA,NA,NA,NA,NA,NA,NA,NA,Y,4,0,1,2,A,-,03,22350,NA,N,C,C,A,A,H,-,A,A,0,NA,NA,NA,NA,Y,NA,A,01,0,0,1,0,0,0,0,0,0,-,-,33.721370697021484,-116.36238098144533,RIVERSIDE,PALM DESERT,-116.36249542236328,33.72129821777344
81745745,2022,2022-04-12,3300,2022-04-10,1348,4323,910A,7,5,5,3335,0,0,0,NA,0,062,WINCHESTER ROAD,YNEZ ROAD,50,W,N,A,-,N,NA,NA,NA,NA,NA,NA,NA,NA,NA,Y,3,0,1,2,A,-,03,22350,NA,N,C,C,A,A,H,-,A,A,0,NA,NA,NA,NA,Y,NA,A,07,0,1,0,0,0,0,0,0,0,-,-,NA,NA,RIVERSIDE,TEMECULA,-117.16048431396484,33.52457046508789
81746798,2022,2022-04-13,3300,2022-04-11,0549,3536,602 C,1,5,6,3394,0,0,0,NA,0,MV24,HEACOCK ST,SH-60 WBOFF/R,0,NA,Y,A,-,N,NA,NA,NA,NA,NA,NA,NA,NA,NA,N,4,0,2,2,A,-,12,21453,A,N,D,C,A,A,H,-,C,A,0,NA,NA,NA,NA,Y,NA,A,01,0,0,2,0,0,0,0,0,0,-,-,33.941471099853516,-117.24352264404295,RIVERSIDE,MORENO VALLEY,NA,NA
81746889,2022,2022-04-13,3349,2022-03-22,2131,412,NA,2,5,5,3341,0,0,0,NA,0,001,HWY 74,MENIFEE RD,0,NA,Y,A,-,N,NA,NA,NA,NA,NA,NA,NA,NA,NA,Y,4,0,1,3,A,-,04,21703,NA,N,C,D,A,A,H,-,D,A,0,NA,NA,NA,NA,Y,Y,A,07,0,0,1,0,0,0,0,0,0,-,-,NA,NA,RIVERSIDE,MENIFEE,-117.15409088134766,33.74312210083008
81747571,2022,2022-04-14,3300,2022-04-08,1551,5632,916A,5,5,4,3312,0,0,0,NA,0,031,PERRIS BL,HARLEY KNOX BL,0,NA,Y,A,-,N,NA,NA,NA,NA,NA,NA,NA,NA,NA,Y,4,0,1,2,A,-,03,22350,NA,N,C,C,A,A,H,-,A,A,0,NA,NA,NA,NA,Y,NA,A,01,0,0,1,0,0,0,0,0,0,-,-,33.8573112487793,-117.225830078125,RIVERSIDE,PERRIS,-117.22618103027344,33.85736846923828
8175149,2016,2016-12-01,3300,2016-11-07,1030,3491,910C,1,5,5,3335,0,0,0,NA,0,TE93,WINCHESTER RD,ENTERPRISE CIR N,0,NA,Y,A,-,N,NA,NA,NA,NA,NA,NA,NA,NA,NA,Y,3,0,1,2,A,-,12,21453,A,N,D,C,A,A,H,-,A,A,0,NA,NA,NA,NA,Y,NA,A,01,0,1,0,0,0,0,0,0,0,-,-,NA,NA,RIVERSIDE,TEMECULA,-117.16902011,33.51685001
81753047,2021,2022-04-21,3306,2021-11-03,1445,708,NA,3,5,3,3306,0,0,0,NA,0,NA,PALM DR,IRONWOOD DR,148,S,N,A,-,N,NA,NA,NA,NA,NA,NA,NA,NA,NA,N,4,0,1,3,A,-,04,21703,NA,N,C,C,A,A,H,-,A,D,0,NA,NA,NA,NA,Y,NA,A,01,0,0,1,0,0,0,0,0,0,-,-,NA,NA,RIVERSIDE,DESERT HOT SPRINGS,-116.50129699707033,33.95006561279297
8175384,2016,2016-11-30,3302,2016-11-15,1929,952,BANNI,2,5,3,3302,0,0,0,NA,0,003,PENNSYLVANIA AV,E 6TH,127,S,N,A,-,N,NA,NA,NA,NA,NA,NA,NA,NA,NA,N,3,0,1,2,A,-,11,21954,A,N,G,B,E,A,H,-,C,D,0,Y,NA,NA,NA,Y,Y,N,60,0,1,0,0,1,0,0,0,0,-,-,NA,NA,RIVERSIDE,BEAUMONT,-116.96606,33.92906221
81755055,2022,2022-04-25,3308,2022-03-16,1742,10686,554,3,5,5,3308,0,0,0,NA,0,SOUTH,SANDERSON AVE,MUSTANG WAY,0,NA,Y,A,-,N,NA,NA,NA,NA,NA,NA,NA,NA,NA,Y,3,0,7,2,A,-,09,21801,A,N,A,C,A,A,H,-,A,A,0,NA,NA,NA,NA,Y,NA,A,07,0,1,6,0,0,0,0,0,0,-,-,33.720741271972656,-117.006591796875,RIVERSIDE,HEMET,-117.00662994384766,33.7208137512207
81755056,2022,2022-04-25,3308,2022-03-17,1132,10610,507,4,5,5,3308,0,0,0,NA,0,NORTH,SANTA FE ST,MENLO AVE,0,NA,Y,A,-,N,NA,NA,NA,NA,NA,NA,NA,NA,NA,Y,4,0,1,2,A,-,12,22450,A,M,D,C,A,A,H,-,A,A,0,NA,NA,NA,NA,Y,NA,A,01,0,0,1,0,0,0,0,0,0,-,-,NA,NA,RIVERSIDE,HEMET,-116.96308135986328,33.758460998535156
8175558,2016,2016-11-30,3313,2016-10-13,1406,1498,W,4,5,7,3313,0,0,0,NA,0,T42,TYLER ST,INDIANA AV,38,S,N,A,-,N,NA,NA,91,NA,NA,NA,NA,NA,NA,N,4,0,3,3,A,-,03,22350,NA,N,C,C,A,A,H,-,A,A,0,NA,Y,NA,NA,Y,NA,A,01,0,0,3,0,0,0,1,0,0,-,-,33.90591,-117.45615,RIVERSIDE,RIVERSIDE,-117.4564699,33.90647923
81757306,2022,2022-04-27,3311,2022-03-07,0734,16168,NA,1,5,4,3311,0,0,0,NA,0,NA,SAN RAFAEL ROAD,VIRGINIA ROAD,6,W,N,A,-,N,NA,NA,NA,NA,NA,NA,NA,NA,NA,Y,4,0,1,2,A,-,09,21804,A,N,D,C,A,A,H,-,A,D,0,NA,NA,NA,NA,Y,NA,A,01,0,0,1,0,0,0,0,0,0,-,-,33.8595085144043,-116.55136871337892,RIVERSIDE,PALM SPRINGS,-116.55108642578124,33.859519958496094
81757424,2022,2022-04-27,3315,2022-04-18,1550,004324,13D,1,5,6,3315,0,0,0,NA,0,003,ONTARIO AV,15 NB ON RAMP,0,NA,Y,-,-,N,NA,NA,NA,NA,NA,NA,NA,NA,NA,N,4,0,1,2,A,-,08,22107,NA,N,B,C,A,A,H,-,A,A,0,NA,NA,NA,NA,Y,NA,-,-,0,0,1,0,0,0,0,0,0,-,-,33.84328079223633,-117.53402709960938,RIVERSIDE,CORONA,-117.53470611572266,33.84368896484375
81763805,2022,2022-05-04,3300,2022-03-30,1426,4867,602 E,3,5,6,3394,0,0,0,NA,0,MV28,BAY AVE,PERRIS BLVD,0,NA,Y,A,-,N,NA,NA,NA,NA,NA,NA,NA,NA,NA,Y,3,0,1,2,A,-,01,23152,A,N,D,C,A,A,H,-,A,A,0,NA,NA,NA,NA,Y,Y,A,01,0,1,0,0,0,0,0,0,0,-,-,33.92076873779297,-117.22637176513672,RIVERSIDE,MORENO VALLEY,-117.22640991210938,33.9209098815918
81763958,2021,2022-05-04,3349,2021-12-04,0942,399,NA,6,5,5,3341,0,0,0,NA,0,003,NEWPORT RD,EVANS RD,535,E,N,A,-,N,NA,NA,NA,NA,NA,NA,NA,NA,NA,N,4,0,1,2,A,-,03,22350,NA,N,C,C,A,A,H,-,A,D,0,NA,NA,NA,NA,Y,NA,A,08,0,0,1,0,0,0,0,0,0,-,-,NA,NA,RIVERSIDE,MENIFEE,-117.19554901123048,33.6850471496582
81764009,2022,2022-05-04,3349,2022-02-09,1636,321,NA,3,5,5,3341,0,0,0,NA,0,002,GARBANI RD,ANTELOPE RD,200,E,N,A,-,N,NA,NA,NA,NA,NA,NA,NA,NA,NA,N,4,0,2,2,A,-,01,23152,A,N,B,C,A,A,H,-,A,A,0,NA,NA,NA,NA,Y,Y,A,07,0,0,2,0,0,0,0,0,0,-,-,NA,NA,RIVERSIDE,MENIFEE,-117.16977691650392,33.65596008300781
81764038,2022,2022-05-04,3349,2022-04-10,1535,327,NA,7,5,5,3341,0,0,0,NA,0,003,NEWPORT RD,HAUN RD,350,E,N,A,-,Y,NA,NA,NA,NA,NA,NA,NA,NA,NA,N,4,0,1,3,A,-,03,22350,NA,N,C,C,A,A,H,-,A,A,0,NA,NA,NA,Y,Y,NA,F,21,0,0,1,0,0,0,0,0,0,-,-,NA,NA,RIVERSIDE,MENIFEE,-117.17452239990234,33.684932708740234
81764050,2022,2022-05-04,3349,2022-04-21,1132,351,NA,4,5,5,3341,0,0,0,NA,0,004,NEWPORT RD,BEREA RD,0,NA,Y,A,-,N,NA,NA,NA,NA,NA,NA,NA,NA,NA,Y,4,0,1,2,A,-,12,21453,A,N,D,C,A,A,H,-,A,A,0,NA,NA,NA,NA,Y,NA,A,01,0,0,1,0,0,0,0,0,0,-,-,NA,NA,RIVERSIDE,MENIFEE,-117.21453094482422,33.68367004394531
81765842,2022,2022-05-06,3300,2022-04-01,0850,N6583,809A,5,5,3,3343,0,0,0,NA,0,089,WILDOMAR TRAIL,PALOMART STREET,13,E,N,A,-,N,NA,NA,NA,NA,NA,NA,NA,NA,NA,Y,4,0,1,2,A,-,01,23152,F,N,A,C,A,A,H,-,A,A,0,NA,NA,NA,NA,Y,NA,A,01,0,0,1,0,0,0,0,0,0,-,-,NA,NA,RIVERSIDE,WILDOMAR,-117.27281188964844,33.6037483215332
8176687,2016,2016-11-30,3313,2016-10-18,0826,1686,N,2,5,7,3313,0,0,0,NA,0,T58,BROCKTON AV,BEATTY DR,0,NA,Y,A,-,N,NA,NA,NA,NA,NA,NA,NA,NA,NA,Y,4,0,3,2,A,-,09,21801,A,N,D,C,A,A,H,-,A,A,0,NA,NA,NA,NA,Y,NA,A,01,0,0,3,0,0,0,0,0,0,-,-,33.95559,-117.39697,RIVERSIDE,RIVERSIDE,-117.39678002,33.95553007
81768184,2022,2022-05-10,3300,2022-05-06,1126,4713,910A,5,5,5,3335,0,0,0,NA,0,062,YNEZ RD,COUNTY CENTER DR,265,S,N,A,-,N,NA,NA,NA,NA,NA,NA,NA,NA,NA,Y,3,0,5,3,A,-,01,23152,F,F,D,C,A,A,H,-,A,D,0,NA,NA,NA,NA,Y,NA,A,01,0,2,3,0,0,0,0,0,0,-,-,33.52743148803711,-117.16249847412108,RIVERSIDE,TEMECULA,-117.16229248046876,33.52663803100586