CASE_ID,ACCIDENT_YEAR,PROC_DATE,JURIS,COLLISION_DATE,COLLISION_TIME,OFFICER_ID,REPORTING_DISTRICT,DAY_OF_WEEK,CHP_SHIFT,POPULATION,CNTY_CITY_LOC,SPECIAL_COND,BEAT_TYPE,CHP_BEAT_TYPE,CITY_DIVISION_LAPD,CHP_BEAT_CLASS,BEAT_NUMBER,PRIMARY_RD,SECONDARY_RD,DISTANCE,DIRECTION,INTERSECTION,WEATHER_1,WEATHER_2,STATE_HWY_IND,CALTRANS_COUNTY,CALTRANS_DISTRICT,STATE_ROUTE,ROUTE_SUFFIX,POSTMILE_PREFIX,POSTMILE,LOCATION_TYPE,RAMP_INTERSECTION,SIDE_OF_HWY,TOW_AWAY,COLLISION_SEVERITY,NUMBER_KILLED,NUMBER_INJURED,PARTY_COUNT,PRIMARY_COLL_FACTOR,PCF_CODE_OF_VIOL,PCF_VIOL_CATEGORY,PCF_VIOLATION,PCF_VIOL_SUBSECTION,HIT_AND_RUN,TYPE_OF_COLLISION,MVIW,PED_ACTION,ROAD_SURFACE,ROAD_COND_1,ROAD_COND_2,LIGHTING,CONTROL_DEVICE,CHP_ROAD_TYPE,PEDESTRIAN_ACCIDENT,BICYCLE_ACCIDENT,MOTORCYCLE_ACCIDENT,TRUCK_ACCIDENT,NOT_PRIVATE_PROPERTY,ALCOHOL_INVOLVED,STWD_VEHTYPE_AT_FAULT,CHP_VEHTYPE_AT_FAULT,COUNT_SEVERE_INJ,COUNT_VISIBLE_INJ,COUNT_COMPLAINT_PAIN,COUNT_PED_KILLED,COUNT_PED_INJURED,COUNT_BICYCLIST_KILLED,COUNT_BICYCLIST_INJURED,COUNT_MC_KILLED,COUNT_MC_INJURED,PRIMARY_RAMP,SECONDARY_RAMP,LATITUDE,LONGITUDE,COUNTY,CITY,POINT_X,POINT_Y
81769297,2022,2022-05-11,3300,2022-05-05,1925,4808,920C,4,5,4,3314,0,0,0,NA,0,070,SANDERSON AVE,7TH ST,240,N,N,A,-,N,NA,NA,NA,NA,NA,NA,NA,NA,NA,Y,2,0,1,2,A,-,09,21802,A,N,D,C,A,A,H,-,C,D,0,NA,NA,Y,NA,Y,NA,D,22,1,0,0,0,0,0,0,0,1,-,-,33.77994918823242,-117.00685119628906,RIVERSIDE,SAN JACINTO,-117.00672149658205,33.780677795410156
81770185,2022,2022-05-12,3300,2022-03-03,0811,3698,20C3,4,5,3,3317,0,0,0,NA,0,020,HWY 111,INDIAN TRAIL RD,0,NA,Y,A,-,N,NA,NA,NA,NA,NA,NA,NA,NA,NA,Y,2,0,1,2,A,-,01,23152,E,N,D,C,A,A,H,-,A,A,0,NA,NA,Y,NA,Y,NA,C,02,1,0,0,0,0,0,0,0,1,-,-,33.74504852294922,-116.4160614013672,RIVERSIDE,RANCHO MIRAGE,-116.41580963134766,33.74513244628906
81772220,2022,2022-05-16,3308,2022-04-10,2330,10686,506,7,5,5,3308,0,0,0,NA,0,NORTH,PALM AVE,DON DR,98,N,N,A,-,N,NA,NA,NA,NA,NA,NA,NA,NA,NA,Y,3,0,1,1,A,-,08,22107,NA,N,F,I,A,A,H,-,C,D,0,NA,NA,NA,NA,Y,NA,A,07,0,1,0,0,0,0,0,0,0,-,-,33.75852966308594,-116.9769287109375,RIVERSIDE,HEMET,-116.98045349121094,33.760799407958984
81774709,2022,2022-05-18,3300,2022-05-08,1539,5962,Y80,7,5,3,3305,0,0,0,NA,0,Y80,DILLON RD,CABAZON AV,815,W,N,A,G,N,NA,NA,NA,NA,NA,NA,NA,NA,NA,N,4,0,1,1,A,-,08,22107,NA,N,E,I,A,A,H,-,A,D,0,NA,NA,Y,NA,Y,NA,C,02,0,0,1,0,0,0,0,0,1,-,-,33.700740814208984,-116.18984222412108,RIVERSIDE,COACHELLA,-116.19130706787108,33.69887924194336
81777506,2022,2022-05-23,3300,2022-05-13,1514,4996,601 Z,5,5,6,3394,0,0,0,NA,0,MV14,BOX SPRINGS RD,DAY ST,178,W,N,A,-,N,NA,NA,NA,NA,NA,NA,NA,NA,NA,N,4,0,3,2,A,-,03,22350,NA,N,C,C,A,A,H,-,A,A,0,NA,NA,NA,NA,Y,NA,A,01,0,0,3,0,0,0,0,0,0,-,-,33.94657897949219,-117.27899932861328,RIVERSIDE,MORENO VALLEY,-117.2795867919922,33.94657897949219
8177781,2016,2016-12-09,3313,2016-10-21,2312,1607,N,5,5,7,3313,0,0,0,NA,0,FT1,14TH ST,MARKET ST,13,W,N,A,-,N,NA,NA,NA,NA,NA,NA,NA,NA,NA,Y,4,0,1,2,A,-,03,22350,NA,N,C,C,A,A,H,-,C,A,0,NA,NA,NA,NA,Y,NA,A,01,0,0,1,0,0,0,0,0,0,-,-,33.9766,-117.3795,RIVERSIDE,RIVERSIDE,-117.37961802,33.97673629
81778538,2022,2022-05-24,3300,2022-05-03,0504,4449,002K,2,5,6,3345,0,0,0,NA,0,022,VAN BUREN BL,RT 60 EB OFFRAMP,0,NA,Y,A,-,N,NA,NA,NA,NA,NA,NA,NA,NA,NA,Y,4,0,1,2,A,-,21,22106,NA,N,C,C,A,A,H,-,D,A,0,NA,NA,NA,NA,Y,NA,A,07,0,0,1,0,0,0,0,0,0,-,-,34.01694869995117,-117.52587127685548,RIVERSIDE,JURUPA VALLEY,NA,NA
81779635,2022,2022-05-25,3300,2022-05-03,2256,4867,603 C,2,5,6,3394,0,0,0,NA,0,MV36,PERRIS BLVD,FILAREE AVE,0,NA,Y,A,-,N,NA,NA,NA,NA,NA,NA,NA,NA,NA,Y,4,0,2,2,A,-,09,21453,C,N,B,C,A,A,H,-,C,A,0,NA,NA,NA,NA,Y,NA,A,01,0,0,2,0,0,0,0,0,0,-,-,33.89870834350586,-117.22615814208984,RIVERSIDE,MORENO VALLEY,-117.22633361816406,33.89874267578125
81781036,2022,2022-05-26,3349,2022-04-30,1005,399,NA,6,5,5,3341,0,0,0,NA,0,004,NEWPORT RD,EVANS RD,198,E,N,A,-,N,NA,NA,NA,NA,NA,NA,NA,NA,NA,Y,4,0,4,2,A,-,03,22350,NA,N,C,C,A,A,H,-,A,D,0,NA,NA,NA,NA,Y,NA,A,01,0,0,4,0,0,0,0,0,0,-,-,NA,NA,RIVERSIDE,MENIFEE,-117.19664764404295,33.68505096435547
81781068,2022,2022-05-26,3349,2022-05-21,1629,327,NA,6,5,5,3341,0,0,0,NA,0,001,HWY 74,PALOMAR RD,0,NA,Y,A,-,Y,NA,NA,NA,NA,NA,NA,NA,NA,NA,Y,4,0,1,2,A,-,09,21800,A,N,D,C,A,A,H,-,A,B,0,NA,NA,NA,NA,Y,NA,D,22,0,0,1,0,0,0,0,0,0,-,-,NA,NA,RIVERSIDE,MENIFEE,-117.16304779052734,33.74299621582031
81782882,2022,2022-05-27,3300,2022-05-04,2206,4440,920F,3,5,4,3314,0,0,0,NA,0,072,LAKE PARK DR,SOBOBA RD,45,W,N,A,-,Y,NA,NA,NA,NA,NA,NA,NA,NA,NA,Y,2,0,1,2,A,-,11,21954,A,N,G,B,E,A,H,-,C,D,0,Y,NA,NA,NA,Y,Y,N,60,1,0,0,0,1,0,0,0,0,-,-,33.790809631347656,-116.92707824707033,RIVERSIDE,SAN JACINTO,-116.92716217041016,33.790740966796875
81785559,2022,2022-06-01,3315,2022-04-25,1656,11119,1G,1,5,6,3315,0,0,0,NA,0,001,RESEARCH DR,AUTO CENTER DR,162,W,N,A,-,N,NA,NA,NA,NA,NA,NA,NA,NA,NA,N,3,0,1,2,A,-,09,21804,A,N,F,A,A,A,H,-,A,D,0,NA,NA,Y,NA,Y,NA,D,22,0,1,0,0,0,0,0,0,1,-,-,33.88370132446289,-117.6128387451172,RIVERSIDE,CORONA,-117.6134033203125,33.8835563659668
81788549,2022,2022-06-06,3300,2022-05-16,1721,5228,910E,1,5,5,3335,0,0,0,NA,0,061,WINCHESTER RD,ENTERPRISE CIR SOUTH,0,NA,Y,A,-,N,NA,NA,NA,NA,NA,NA,NA,NA,NA,N,4,0,1,2,A,-,03,22350,NA,N,C,C,A,A,H,-,A,D,0,NA,NA,NA,NA,Y,NA,A,01,0,0,1,0,0,0,0,0,0,-,-,33.52003860473633,-117.16622161865234,RIVERSIDE,TEMECULA,-117.16902160644533,33.516845703125
81789492,2022,2022-06-07,3300,2022-04-27,1711,5850,910A,3,5,5,3335,0,0,0,NA,0,062,YNEZ RD,CANYON CENTER DR,270,S,N,A,-,N,NA,NA,NA,NA,NA,NA,NA,NA,NA,N,3,0,1,2,A,-,05,21460,NA,N,A,C,A,A,H,-,A,D,0,NA,NA,NA,NA,Y,NA,A,01,0,1,0,0,0,0,0,0,0,-,-,NA,NA,RIVERSIDE,TEMECULA,NA,NA
81790526,2022,2022-06-08,3300,2022-02-19,0840,4071,601 C,6,5,6,3394,0,0,0,NA,0,MV14,IRONWOOD AVE,PIGEON PASS RD,0,NA,Y,A,-,N,NA,NA,NA,NA,NA,NA,NA,NA,NA,Y,3,0,2,2,A,-,01,23152,A,N,C,C,A,A,H,-,A,A,0,NA,NA,NA,NA,Y,Y,A,01,0,1,1,0,0,0,0,0,0,-,-,33.94660949707031,-117.26141357421876,RIVERSIDE,MORENO VALLEY,-117.26148986816406,33.94658660888672
8179157,2016,2016-12-06,3300,2016-11-12,1041,2403,920H,6,5,4,3314,0,0,0,NA,0,NA,COMMONWEALTH AV,GIRARD ST,560,W,N,A,-,N,NA,NA,NA,NA,NA,NA,NA,NA,NA,N,4,0,1,2,A,-,09,21801,A,N,D,C,A,A,H,-,A,A,0,NA,NA,NA,NA,Y,NA,A,01,0,0,1,0,0,0,0,0,0,-,-,33.76923,-116.95441,RIVERSIDE,SAN JACINTO,-116.95631606,33.76921867
81795207,2022,2022-06-15,3300,2022-06-09,1007,3491,910I,4,5,5,3335,0,0,0,NA,0,TE-93,LA SERENA WY,BUTTERFIELD STAGE RD,28,W,N,A,-,N,NA,NA,NA,NA,NA,NA,NA,NA,NA,Y,4,0,1,2,A,-,08,22107,NA,N,D,C,A,A,H,-,A,A,0,NA,NA,NA,NA,Y,NA,A,01,0,0,1,0,0,0,0,0,0,-,-,33.5306396484375,-117.10118865966795,RIVERSIDE,TEMECULA,-117.10128784179688,33.53057861328125
81795213,2022,2022-06-15,3300,2022-02-06,1855,5199,905K,7,5,4,3307,0,0,0,NA,0,094,GRAND AVE,MCVICKER CANYON PARK RD,0,NA,Y,A,-,N,NA,NA,NA,NA,NA,NA,NA,NA,NA,Y,1,1,1,2,A,-,01,23152,G,N,D,C,A,A,H,-,C,A,0,NA,NA,Y,NA,Y,Y,C,02,0,0,1,0,0,0,0,1,0,-,-,33.686561584472656,-117.3957290649414,RIVERSIDE,LAKE ELSINORE,-117.39578247070313,33.686622619628906
81795228,2022,2022-06-15,3300,2022-05-18,1610,5397,905K,3,5,4,3307,0,0,0,NA,0,094,LINCOLN ST,QUIET HARBOR ST,242,S,N,A,-,N,NA,NA,NA,NA,NA,NA,NA,NA,NA,N,2,0,1,1,A,-,08,22107,NA,N,E,I,A,A,H,-,A,D,0,NA,NA,Y,NA,Y,NA,C,02,1,0,0,0,0,0,0,0,1,-,-,33.687538146972656,-117.3919677734375,RIVERSIDE,LAKE ELSINORE,-117.39219665527344,33.68478012084961
81795277,2022,2022-06-15,3300,2022-05-27,2139,N7713,20B4,5,5,4,3318,0,0,0,NA,0,NA,HWY 111,RANCHO LAS PALMAS DR,0,NA,Y,A,-,N,NA,NA,NA,NA,NA,NA,NA,NA,NA,Y,4,0,2,2,A,-,12,21453,A,N,A,C,A,A,H,-,C,A,0,NA,NA,NA,NA,Y,NA,A,01,0,0,2,0,0,0,0,0,0,-,-,33.74134063720703,-116.41236877441406,RIVERSIDE,PALM DESERT,-116.41236877441406,33.74143981933594
81800530,2022,2022-06-22,3311,2022-05-16,1609,16414,NA,1,5,4,3311,0,0,0,NA,0,006,SR 111 (GENE AUTRY TRAIL),SEVEN LAKES DRIVE,0,NA,Y,A,-,Y,RIV,NA,111,NA,T,48.097,H,NA,R,Y,3,0,3,3,A,-,09,21802,A,N,D,C,A,A,H,-,A,A,0,NA,NA,Y,NA,Y,NA,A,01,0,2,1,0,0,0,0,0,1,-,-,33.79764938354492,-116.49506378173828,RIVERSIDE,PALM SPRINGS,-116.49505615234376,33.79764938354492
81801589,2022,2022-06-23,3300,2022-06-11,1911,4551,423,6,5,2,3336,0,0,0,NA,0,021,COUNTY LINE RD,7TH PL (S),180,E,N,A,-,N,NA,NA,NA,NA,NA,NA,NA,NA,NA,Y,4,0,2,2,A,-,12,22450,A,N,A,C,A,A,H,-,B,A,0,NA,NA,NA,Y,Y,NA,F,26,0,0,2,0,0,0,0,0,0,-,-,34.00326919555664,-117.06601715087892,RIVERSIDE,CALIMESA,-117.06548309326172,34.003395080566406
81803134,2022,2022-06-27,3300,2022-06-14,1450,N4187,916A,2,5,4,3312,0,0,0,NA,0,031,RAMONA EXPRESSWAY,INDIAN AV,34,E,N,A,-,N,NA,NA,NA,NA,NA,NA,NA,NA,NA,Y,4,0,1,2,A,-,01,23153,A,N,C,C,A,A,H,-,A,A,0,NA,NA,NA,NA,Y,Y,D,22,0,0,1,0,0,0,0,0,0,-,-,33.84449005126953,-117.23033905029295,RIVERSIDE,PERRIS,-117.23038482666016,33.844478607177734
81805457,2022,2022-06-29,3300,2022-06-09,1216,N4544,601 E,4,5,6,3394,0,0,0,NA,0,MV16,HEACOCK ST,HEMLOCK AVE,154,S,N,A,-,N,NA,NA,NA,NA,NA,NA,NA,NA,NA,N,4,0,1,2,A,-,21,22106,NA,N,H,C,A,A,H,-,A,A,0,NA,NA,NA,Y,Y,NA,F,27,0,0,1,0,0,0,0,0,0,-,-,33.942649841308594,-117.24350738525392,RIVERSIDE,MORENO VALLEY,-117.24378967285156,33.94222640991211
81806418,2022,2022-06-30,3300,2022-06-20,1400,N7808,2T376,1,5,4,3318,0,0,0,NA,0,NA,WASHINGTON ST,FRED WARING DR,154,N,N,A,-,N,NA,NA,NA,NA,NA,NA,NA,NA,NA,N,4,0,2,2,A,-,03,22350,NA,N,C,C,A,A,H,-,A,A,0,NA,NA,NA,NA,Y,NA,A,01,0,0,2,0,0,0,0,0,0,-,-,33.72895050048828,-116.30386352539063,RIVERSIDE,PALM DESERT,-116.30397033691406,33.72941207885742
81806618,2022,2022-06-30,3349,2022-06-24,2035,494,NA,5,5,5,3341,0,0,0,NA,0,001,HWY 74,MENIFEE RD,350,W,N,A,-,N,NA,NA,NA,NA,NA,NA,NA,NA,NA,Y,4,0,2,2,A,-,03,22350,NA,N,C,C,A,A,H,-,C,A,0,NA,NA,NA,NA,Y,Y,A,01,0,0,2,0,0,0,0,0,0,-,-,NA,NA,RIVERSIDE,MENIFEE,-117.15523529052734,33.74311828613281
8180737,2016,2016-12-05,3308,2016-10-03,0027,10192,526,1,5,5,3308,0,0,0,NA,0,SOUTH,KIMBALL AV,STATE ST,80,W,N,A,-,N,NA,NA,NA,NA,NA,NA,NA,NA,NA,Y,4,0,2,3,A,-,01,23152,E,N,G,B,D,A,H,-,C,A,0,Y,NA,NA,NA,Y,NA,A,01,0,0,2,0,1,0,0,0,0,-,-,NA,NA,RIVERSIDE,HEMET,-116.97192225,33.74568
81808378,2022,2022-07-01,3300,2022-06-16,1720,N6910,001J,4,5,6,3345,0,0,0,NA,0,NA,MISSION BL,VALLEY WY,560,W,N,A,-,N,NA,NA,NA,NA,NA,NA,NA,NA,NA,N,4,0,1,2,A,-,08,22107,NA,N,D,C,A,A,H,-,A,A,0,NA,NA,NA,NA,Y,NA,A,07,0,0,1,0,0,0,0,0,0,-,-,34.01102828979492,-117.43473815917967,RIVERSIDE,JURUPA VALLEY,-117.4345245361328,34.01188659667969
81808464,2022,2022-07-01,3300,2022-06-26,2349,4808,920A,7,5,4,3314,0,0,0,NA,0,070,SANDERSON AVE,RAMONA EXPY (W),0,NA,Y,A,-,Y,NA,NA,NA,NA,NA,NA,NA,NA,NA,Y,4,0,1,1,A,-,01,23152,A,N,E,I,A,A,H,-,C,A,0,NA,NA,NA,NA,Y,Y,A,01,0,0,1,0,0,0,0,0,0,-,-,33.82381057739258,-117.00692749023438,RIVERSIDE,SAN JACINTO,-117.00359344482422,33.82354736328125
81808490,2022,2022-07-01,3300,2022-06-16,1500,5564,Y82,4,5,3,3305,0,0,0,NA,0,Y83,CESAR CHAVEZ ST,BAGDAD AV (S),0,NA,Y,A,-,N,NA,NA,NA,NA,NA,NA,NA,NA,NA,N,4,0,1,2,A,-,03,22350,NA,F,C,C,A,A,H,-,A,A,0,NA,NA,NA,NA,Y,NA,D,22,0,0,1,0,0,0,0,0,0,-,-,33.67451095581055,-116.18160247802734,RIVERSIDE,COACHELLA,-116.18167114257813,33.67452621459961
81808517,2022,2022-07-01,3349,2022-05-07,1635,466,NA,6,5,5,3341,0,0,0,NA,0,NA,ALTA VISTA WAY,BAVARIA DR,200,W,N,A,-,N,NA,NA,NA,NA,NA,NA,NA,NA,NA,Y,4,0,1,1,A,-,03,22350,NA,N,E,I,A,A,H,-,A,A,0,NA,NA,NA,NA,Y,NA,A,01,0,0,1,0,0,0,0,0,0,-,-,NA,NA,RIVERSIDE,MENIFEE,-117.181396484375,33.713741302490234
81808533,2022,2022-07-01,3349,2022-06-19,1645,327,NA,7,5,5,3341,0,0,0,NA,0,001,HERITAGE LAKE DR,BANKSIDE DR,0,NA,Y,A,-,N,NA,NA,NA,NA,NA,NA,NA,NA,NA,N,4,0,1,2,A,-,03,22350,NA,F,C,C,A,A,H,-,A,A,0,NA,NA,NA,NA,Y,NA,D,22,0,0,1,0,0,0,0,0,0,-,-,33.709720611572266,-117.14054107666016,RIVERSIDE,MENIFEE,-117.14057159423828,33.709716796875
81808538,2022,2022-07-01,3349,2022-06-25,0925,331,NA,6,5,5,3341,0,0,0,NA,0,002,ETHANAC RD,SHERMAN RD,0,NA,Y,A,-,N,NA,NA,NA,NA,NA,NA,NA,NA,NA,Y,4,0,1,2,A,-,09,21804,A,N,D,C,A,A,H,-,A,A,0,NA,NA,NA,NA,Y,NA,E,22,0,0,1,0,0,0,0,0,0,-,-,NA,NA,RIVERSIDE,MENIFEE,-117.18045043945313,33.74296188354492
81809273,2021,2022-07-04,3300,2021-11-03,2024,5730,34E5,3,5,4,3318,0,0,0,NA,0,T34,WASHINGTON ST,WOODHAVEN DR E,0,NA,Y,A,-,N,NA,NA,NA,NA,NA,NA,NA,NA,NA,Y,1,1,3,2,A,-,03,22350,NA,N,D,C,A,A,H,-,C,D,0,NA,NA,NA,NA,Y,Y,A,01,0,3,0,0,0,0,0,0,0,-,-,33.74720001220703,-116.30381774902344,RIVERSIDE,PALM DESERT,-116.30389404296876,33.74714660644531
81816617,2022,2022-07-14,3300,2022-06-16,0034,3973,809A,4,5,3,3343,0,0,0,NA,0,089,PALOMAR ST,WILDOMAR TRAIL,296,N,N,A,-,N,NA,NA,NA,NA,NA,NA,NA,NA,NA,Y,3,0,1,1,A,-,03,22350,NA,N,E,I,A,A,H,-,C,A,0,NA,NA,NA,NA,Y,NA,A,01,0,1,0,0,0,0,0,0,0,-,-,NA,NA,RIVERSIDE,WILDOMAR,-117.27360534667967,33.604217529296875
81816662,2022,2022-07-14,3311,2022-06-12,2307,15945,3311,7,5,4,3311,0,0,0,NA,0,005,PALM CANYON DRIVE E,SUNRISE WAY,16,S,N,A,-,Y,NA,NA,NA,NA,NA,NA,NA,NA,NA,Y,4,0,2,2,A,-,09,21800,D,N,D,D,A,A,H,-,E,B,0,NA,NA,NA,NA,Y,NA,A,01,0,0,2,0,0,0,0,0,0,-,-,33.8013916015625,-116.52828979492188,RIVERSIDE,PALM SPRINGS,-116.52828216552734,33.80139923095703
81818506,2022,2022-07-18,3300,2022-06-07,2100,4867,602 C,2,5,6,3394,0,0,0,NA,0,MV24,SUNNYMEAD BLVD,HEACOCK ST,95,W,N,A,-,N,NA,NA,NA,NA,NA,NA,NA,NA,NA,Y,4,0,2,3,A,-,01,23152,A,N,C,C,A,A,H,-,C,A,0,NA,NA,NA,NA,Y,Y,D,22,0,0,2,0,0,0,0,0,0,-,-,33.939048767089844,-117.24353790283205,RIVERSIDE,MORENO VALLEY,-117.24410247802734,33.93906021118164
81820876,2022,2022-07-20,3300,2022-04-10,1934,4867,603 A,7,5,6,3394,0,0,0,NA,0,MV32,ALESSANDRO BLVD,FREDERICK ST,54,W,N,A,-,N,NA,NA,NA,NA,NA,NA,NA,NA,NA,Y,4,0,1,2,A,-,01,23152,A,N,C,C,A,A,H,-,B,A,0,NA,NA,NA,NA,Y,Y,D,22,0,0,1,0,0,0,0,0,0,-,-,33.917179107666016,-117.26113128662108,RIVERSIDE,MORENO VALLEY,-117.26130676269533,33.91710662841797
81821817,2022,2022-07-21,3311,2022-06-26,0441,16144,NA,7,5,4,3311,0,0,0,NA,0,NA,PALM CANYON DRIVE N,VISTA CHINO,800,N,N,A,C,N,NA,NA,NA,NA,NA,NA,NA,NA,NA,Y,3,0,1,1,A,-,07,21658,A,N,F,I,A,A,H,-,C,D,0,NA,NA,NA,NA,Y,NA,A,01,0,1,0,0,0,0,0,0,0,-,-,33.844810485839844,-116.54682159423828,RIVERSIDE,PALM SPRINGS,-116.54700469970705,33.84702682495117
81823452,2022,2022-07-25,3300,2022-07-14,1137,6041,002Z,4,5,6,3345,0,0,0,NA,0,026,PATS RANCH RD,68TH ST,0,NA,Y,A,-,N,NA,NA,NA,NA,NA,NA,NA,NA,NA,Y,4,0,2,2,A,-,12,21453,A,N,D,C,A,A,H,-,A,A,0,NA,NA,NA,NA,Y,NA,A,01,0,0,2,0,0,0,0,0,0,-,-,33.964019775390625,-117.54579925537108,RIVERSIDE,JURUPA VALLEY,-117.54613494873048,33.96450424194336
81823478,2022,2022-07-25,3300,2022-06-17,1518,5923,38E1,5,5,4,3318,0,0,0,NA,0,NA,COUNTRY CLUB DR,SAGEWOOD DR,435,E,N,A,-,N,NA,NA,NA,NA,NA,NA,NA,NA,NA,N,4,0,1,2,A,-,10,21950,A,N,G,B,C,A,H,-,A,D,0,Y,NA,NA,NA,Y,NA,A,07,0,0,1,0,1,0,0,0,0,-,-,33.757789611816406,-116.38684844970705,RIVERSIDE,PALM DESERT,-116.38540649414063,33.75783157348633
81824703,2022,2022-07-26,3308,2022-06-01,2134,10515,519,3,5,5,3308,0,0,0,NA,0,NORTH,FLORIDA AVE,SAN JACINTO ST,100,E,N,A,-,Y,NA,NA,NA,NA,NA,NA,NA,NA,NA,N,1,1,0,3,A,-,11,21954,A,F,G,B,D,A,H,-,C,A,0,Y,NA,NA,NA,Y,NA,N,60,0,0,0,1,0,0,0,0,0,-,-,NA,NA,RIVERSIDE,HEMET,-116.95833587646484,33.74766159057617
81829317,2022,2022-08-01,3300,2022-07-19,1710,6147,603C2,2,5,6,3394,0,0,0,NA,0,MV36,LASSELLE ST,IRIS AVE,540,N,N,A,-,N,NA,NA,NA,NA,NA,NA,NA,NA,NA,Y,3,0,1,2,A,-,06,21750,NA,N,C,C,A,A,H,-,A,D,0,NA,NA,Y,NA,Y,NA,C,02,0,1,0,0,0,0,0,0,1,-,-,33.89094161987305,-117.2074737548828,RIVERSIDE,MORENO VALLEY,-117.20787811279295,33.89238739013672
81831788,2022,2022-08-03,3300,2022-07-25,2119,6021,C3,1,5,6,3345,0,0,0,NA,0,026,BELLEGRAVE AV,ETIWANDA AV,0,NA,Y,A,-,N,NA,NA,NA,NA,NA,NA,NA,NA,NA,N,4,0,1,2,A,-,12,21453,A,N,D,C,A,A,H,-,C,A,0,NA,NA,NA,NA,Y,NA,A,01,0,0,1,0,0,0,0,0,0,-,-,33.99864959716797,-117.52306365966795,RIVERSIDE,JURUPA VALLEY,-117.5239715576172,33.999427795410156
81832641,2022,2022-08-04,3300,2022-07-17,1008,N6853,NA,7,5,6,3345,0,0,0,NA,0,NA,ETIWANDA AV,RIVERSIDE DR,120,N,N,A,-,N,NA,NA,NA,NA,NA,NA,NA,NA,NA,N,4,0,1,2,A,-,05,21460,A,N,A,C,A,A,H,-,A,D,0,NA,NA,NA,NA,Y,NA,A,01,0,0,1,0,0,0,0,0,0,-,-,34.0147705078125,-117.52422332763672,RIVERSIDE,JURUPA VALLEY,-117.52449798583984,34.01485824584961
81832819,2022,2022-08-04,3349,2022-06-26,1706,334,500A,7,5,5,3341,0,0,0,NA,0,004,RIDGEMOOR RD,BELLWOOD DR,94,W,N,A,-,N,NA,NA,NA,NA,NA,NA,NA,NA,NA,Y,3,0,1,2,A,-,08,22107,NA,N,D,C,A,A,H,-,A,D,0,NA,NA,NA,NA,Y,NA,A,01,0,1,0,0,0,0,0,0,0,-,-,33.69977951049805,-117.2043914794922,RIVERSIDE,MENIFEE,-117.20449829101563,33.699745178222656
81834311,2022,2022-08-08,3300,2022-07-29,1107,N4187,916B,5,5,4,3312,0,0,0,NA,0,032,MURRIETA RD,NUEVO RD,0,NA,Y,A,-,N,NA,NA,NA,NA,NA,NA,NA,NA,NA,N,4,0,1,2,A,-,12,21453,A,N,D,G,A,A,H,-,A,A,0,NA,Y,NA,NA,Y,NA,L,04,0,0,1,0,0,0,1,0,0,-,-,33.80104064941406,-117.20868682861328,RIVERSIDE,PERRIS,-117.20866394042967,33.80112838745117
81836891,2022,2022-08-10,3349,2022-06-14,1648,486,NA,2,5,5,3341,0,0,0,NA,0,001,MENIFEE RD,WATSON RD,0,NA,N,A,-,N,NA,NA,NA,NA,NA,NA,NA,NA,NA,Y,3,0,1,3,A,-,09,21800,A,N,D,C,A,A,H,-,A,D,0,NA,NA,NA,NA,Y,NA,-,-,0,1,0,0,0,0,0,0,0,-,-,33.75035858154297,-117.15389251708984,RIVERSIDE,MENIFEE,-117.1540985107422,33.750431060791016
81839446,2022,2022-08-15,3300,2022-08-04,1255,4845,83B3,4,5,3,3305,0,0,0,NA,0,Y83,CESAR CHAVEZ ST,BAGDAD AV (N),196,N,N,A,-,N,NA,NA,NA,NA,NA,NA,NA,NA,NA,N,4,0,1,2,A,-,03,22350,NA,M,C,C,A,A,H,-,A,A,0,NA,NA,NA,NA,Y,Y,A,07,0,0,1,0,0,0,0,0,0,-,-,33.67469024658203,-116.18160247802734,RIVERSIDE,COACHELLA,-116.18167114257813,33.67506790161133
81839572,2022,2022-08-15,3300,2022-08-03,0645,N6224,601 G,3,5,6,3394,0,0,0,NA,0,MV18,REDLANDS BLVD,SPRUCE AVE,516,S,N,A,-,N,NA,NA,NA,NA,NA,NA,NA,NA,NA,Y,4,0,1,3,A,-,03,22350,NA,N,C,C,A,A,H,-,A,A,0,NA,NA,NA,NA,Y,NA,D,22,0,0,1,0,0,0,0,0,0,-,-,33.94124984741211,-117.15677642822266,RIVERSIDE,MORENO VALLEY,-117.15673828125,33.93999481201172
81839585,2022,2022-08-15,3308,2022-07-14,1934,10686,518,4,5,5,3308,0,0,0,NA,0,NORTH,YALE ST,FLORIDA AVE,0,NA,Y,A,-,Y,NA,NA,NA,NA,NA,NA,NA,NA,NA,N,3,0,1,2,A,-,05,21650,1,N,H,A,A,A,H,-,A,A,0,NA,Y,NA,NA,Y,NA,L,04,0,1,0,0,0,0,1,0,0,-,-,33.74544143676758,-116.94650268554688,RIVERSIDE,HEMET,-116.9499282836914,33.747589111328125
81839924,2022,2022-08-15,3308,2022-07-07,2217,10877,526,4,5,5,3308,0,0,0,NA,0,SOUTH,LYON AVE,MAYBERRY AVE,0,NA,Y,A,-,N,NA,NA,NA,NA,NA,NA,NA,NA,NA,Y,4,0,1,2,A,-,03,22350,NA,N,C,C,A,A,H,-,C,D,0,NA,NA,NA,NA,Y,NA,A,01,0,0,1,0,0,0,0,0,0,-,-,33.73820877075195,-116.98567962646484,RIVERSIDE,HEMET,-116.98907470703124,33.74015426635742