CASE_ID,ACCIDENT_YEAR,PROC_DATE,JURIS,COLLISION_DATE,COLLISION_TIME,OFFICER_ID,REPORTING_DISTRICT,DAY_OF_WEEK,CHP_SHIFT,POPULATION,CNTY_CITY_LOC,SPECIAL_COND,BEAT_TYPE,CHP_BEAT_TYPE,CITY_DIVISION_LAPD,CHP_BEAT_CLASS,BEAT_NUMBER,PRIMARY_RD,SECONDARY_RD,DISTANCE,DIRECTION,INTERSECTION,WEATHER_1,WEATHER_2,STATE_HWY_IND,CALTRANS_COUNTY,CALTRANS_DISTRICT,STATE_ROUTE,ROUTE_SUFFIX,POSTMILE_PREFIX,POSTMILE,LOCATION_TYPE,RAMP_INTERSECTION,SIDE_OF_HWY,TOW_AWAY,COLLISION_SEVERITY,NUMBER_KILLED,NUMBER_INJURED,PARTY_COUNT,PRIMARY_COLL_FACTOR,PCF_CODE_OF_VIOL,PCF_VIOL_CATEGORY,PCF_VIOLATION,PCF_VIOL_SUBSECTION,HIT_AND_RUN,TYPE_OF_COLLISION,MVIW,PED_ACTION,ROAD_SURFACE,ROAD_COND_1,ROAD_COND_2,LIGHTING,CONTROL_DEVICE,CHP_ROAD_TYPE,PEDESTRIAN_ACCIDENT,BICYCLE_ACCIDENT,MOTORCYCLE_ACCIDENT,TRUCK_ACCIDENT,NOT_PRIVATE_PROPERTY,ALCOHOL_INVOLVED,STWD_VEHTYPE_AT_FAULT,CHP_VEHTYPE_AT_FAULT,COUNT_SEVERE_INJ,COUNT_VISIBLE_INJ,COUNT_COMPLAINT_PAIN,COUNT_PED_KILLED,COUNT_PED_INJURED,COUNT_BICYCLIST_KILLED,COUNT_BICYCLIST_INJURED,COUNT_MC_KILLED,COUNT_MC_INJURED,PRIMARY_RAMP,SECONDARY_RAMP,LATITUDE,LONGITUDE,COUNTY,CITY,POINT_X,POINT_Y
82006173,2022,2023-03-01,3342,2022-08-09,0521,1225,643,2,5,4,3342,0,0,0,NA,0,006,MURRIETA HOT SPRINGS RD,VIA PRINCESA (W),0,NA,Y,A,-,N,NA,NA,NA,NA,NA,NA,NA,NA,NA,Y,4,0,1,2,A,-,03,22350,NA,N,C,C,A,A,C,-,C,A,0,NA,NA,NA,NA,Y,NA,A,01,0,0,1,0,0,0,0,0,0,-,-,33.55691909790039,-117.16029357910156,RIVERSIDE,MURRIETA,-117.16032409667967,33.5568962097168
82006193,2022,2023-03-01,3342,2022-08-18,0823,1089,611,4,5,4,3342,0,0,0,NA,0,006,WINCHESTER RD,LA ALBA DR,0,NA,Y,A,-,Y,RIV,NA,79,NA,R,6.429,H,NA,R,N,3,0,1,2,A,-,09,21801,A,N,D,C,A,A,H,-,A,A,0,NA,NA,NA,NA,Y,NA,A,01,0,1,0,0,0,0,0,0,0,-,-,33.574981689453125,-117.13462829589844,RIVERSIDE,MURRIETA,-117.13488006591795,33.57503128051758
82006253,2022,2023-03-01,3342,2022-09-17,1208,898,623,6,5,4,3342,0,0,0,NA,0,006,WINCHESTER RD,HUNTER RD,69,N,N,A,-,Y,RIV,NA,79,NA,R,5.928,H,NA,R,N,4,0,2,2,A,-,03,22350,NA,N,C,C,A,A,H,-,A,D,0,NA,NA,NA,NA,Y,NA,A,01,0,0,2,0,0,0,0,0,0,-,-,33.567848205566406,-117.13665008544922,RIVERSIDE,MURRIETA,-117.1367645263672,33.567867279052734
82006298,2022,2023-03-01,3342,2022-10-10,2200,166,349,1,5,4,3342,0,0,0,NA,0,003,CLINTON KEITH RD,I-215 NORTHBOUND OFF RAMP,0,NA,Y,A,-,N,NA,NA,NA,NA,NA,NA,NA,NA,NA,N,4,0,1,2,A,-,12,21453,A,N,D,C,A,A,H,-,C,A,0,NA,NA,NA,NA,Y,NA,A,07,0,0,1,0,0,0,0,0,0,-,-,33.59838104248047,-117.17337036132813,RIVERSIDE,MURRIETA,NA,NA
82006314,2022,2023-03-01,3342,2022-10-17,1214,1342,611,1,5,4,3342,0,0,0,NA,0,006,WINCHESTER ROAD,LA ALBA DRIVE,508,S,N,A,-,Y,NA,NA,NA,NA,NA,NA,NA,NA,NA,Y,4,0,1,3,A,-,04,21703,NA,N,C,C,A,A,H,-,A,D,0,NA,NA,NA,NA,Y,NA,D,22,0,0,1,0,0,0,0,0,0,-,-,NA,NA,RIVERSIDE,MURRIETA,-117.135009765625,33.57463073730469
82006316,2022,2023-03-01,3342,2022-10-18,0829,1342,373,2,5,4,3342,0,0,0,NA,0,003,CLINTON KEITH RD,MENIFEE RD,1250,W,N,A,-,N,NA,NA,NA,NA,NA,NA,NA,NA,NA,Y,4,0,2,3,A,-,03,22350,NA,N,C,C,A,A,H,-,A,D,0,NA,NA,NA,NA,Y,NA,A,01,0,0,2,0,0,0,0,0,0,-,-,33.5978889465332,-117.1543426513672,RIVERSIDE,MURRIETA,-117.15823364257813,33.597782135009766
82006381,2022,2023-03-01,3342,2022-11-12,1751,1267,159,6,5,4,3342,0,0,0,NA,0,001,ADAMS AVE,LEMON ST,0,NA,Y,A,-,N,NA,NA,NA,NA,NA,NA,NA,NA,NA,N,4,0,1,2,A,-,03,22350,NA,F,C,C,A,A,H,-,B,A,0,NA,NA,NA,NA,Y,NA,D,22,0,0,1,0,0,0,0,0,0,-,-,33.564308166503906,-117.21971893310548,RIVERSIDE,MURRIETA,-117.21965789794922,33.564247131347656
82006433,2022,2023-03-01,3342,2022-12-06,1649,898,189,2,5,4,3342,0,0,0,NA,0,001,KALMIA ST,MADISON AVE,55,W,N,A,-,N,NA,NA,NA,NA,NA,NA,NA,NA,NA,N,4,0,1,2,A,-,03,22350,NA,F,C,C,A,A,H,-,B,D,0,NA,NA,NA,Y,Y,NA,F,26,0,0,1,0,0,0,0,0,0,-,-,33.563819885253906,-117.2081298828125,RIVERSIDE,MURRIETA,-117.20809173583984,33.56403732299805
82006453,2022,2023-03-01,3342,2022-12-13,1745,1148,655,2,5,4,3342,0,0,0,NA,0,006,WINCHESTER RD,MURRIETA HOT SPRINGS RD,647,N,N,A,-,N,NA,NA,NA,NA,NA,NA,NA,NA,NA,Y,3,0,1,2,A,-,03,22350,NA,N,C,C,A,A,H,-,C,A,0,NA,NA,NA,NA,Y,NA,A,07,0,1,0,0,0,0,0,0,0,-,-,33.55165100097656,-117.14066314697266,RIVERSIDE,MURRIETA,-117.14015197753906,33.55436325073242
82006466,2022,2023-03-01,3342,2022-12-17,1213,1098,167,6,5,4,3342,0,0,0,NA,0,001,WASHINGTON AVE,LEMON ST,0,NA,Y,A,-,N,NA,NA,NA,NA,NA,NA,NA,NA,NA,Y,4,0,6,3,A,-,12,21453,A,N,D,C,A,A,H,-,A,A,0,NA,NA,NA,Y,Y,NA,G,26,0,0,6,0,0,0,0,0,0,-,-,33.56182098388672,-117.22305297851563,RIVERSIDE,MURRIETA,-117.22296142578124,33.561729431152344
82006474,2022,2023-03-01,3342,2022-12-22,2051,1240,102,4,5,4,3342,0,0,0,NA,0,001,CLUB VIEW DR,CLINTON KEITH RD,20,S,N,A,-,N,NA,NA,NA,NA,NA,NA,NA,NA,NA,N,4,0,1,2,A,-,01,23152,B,N,D,C,A,A,H,-,C,D,0,NA,NA,NA,NA,Y,Y,A,01,0,0,1,0,0,0,0,0,0,-,-,33.579071044921875,-117.25760650634766,RIVERSIDE,MURRIETA,-117.25760650634766,33.578975677490234
8200701,2017,2017-03-20,3300,2017-02-24,1457,N6000,506C,5,5,5,3341,0,0,0,NA,0,056,MURRIETA RD,NEWPORT RD,275,N,N,A,-,N,NA,NA,NA,NA,NA,NA,NA,NA,NA,Y,3,0,1,2,A,-,09,21804,A,N,D,C,A,A,H,-,A,A,0,NA,NA,NA,NA,Y,NA,D,22,0,1,0,0,0,0,0,0,0,-,-,33.68501,-117.20577,RIVERSIDE,MENIFEE,-117.20602,33.68579332
82007558,2023,2023-03-02,3342,2023-02-15,1705,1148,196,3,5,4,3342,0,0,0,NA,0,001,KALMIA ST,VILLAGE WALK PL,44,W,N,A,-,N,NA,NA,NA,NA,NA,NA,NA,NA,NA,N,3,0,1,2,A,-,06,21760,B,N,B,G,A,A,H,-,A,A,0,NA,Y,NA,NA,Y,NA,D,22,0,1,0,0,0,0,1,0,0,-,-,33.56267166137695,-117.20906066894533,RIVERSIDE,MURRIETA,-117.20905303955078,33.562599182128906
82008458,2022,2023-03-03,3300,2022-12-03,1808,6080,011K,6,5,4,3344,0,0,0,NA,0,061,HAMNER AV,LIMONITE AV,537,S,N,A,-,N,NA,NA,NA,NA,NA,NA,NA,NA,NA,N,4,0,3,3,A,-,09,21804,A,N,D,D,A,A,H,-,C,D,0,NA,NA,NA,NA,Y,NA,A,01,0,0,3,0,0,0,0,0,0,-,-,33.975341796875,-117.558349609375,RIVERSIDE,EASTVALE,-117.5584716796875,33.973758697509766
82008465,2023,2023-03-03,3300,2023-01-22,1628,N6910,020D4,7,5,6,3345,0,0,0,NA,0,014,PACIFIC AV,45TH ST,14,S,N,A,-,N,NA,NA,NA,NA,NA,NA,NA,NA,NA,N,4,0,4,2,A,-,03,22350,NA,N,C,C,A,A,H,-,A,A,0,NA,NA,NA,NA,Y,NA,A,07,0,0,4,0,0,0,0,0,0,-,-,33.993221282958984,-117.42510223388672,RIVERSIDE,JURUPA VALLEY,-117.42487335205078,33.993072509765625
82009769,2023,2023-03-06,3300,2023-01-27,1816,5783,901B,5,5,4,3310,0,0,0,NA,0,051,RIVER RD,BLUFF ST,36,S,N,A,-,N,NA,NA,NA,NA,NA,NA,NA,NA,NA,Y,2,0,1,3,A,-,01,23152,A,N,C,C,A,A,H,-,B,A,0,NA,NA,Y,NA,Y,Y,D,22,1,0,0,0,0,0,0,0,0,-,-,33.91962814331055,-117.59403228759766,RIVERSIDE,NORCO,-117.59384918212892,33.91946029663086
82012264,2023,2023-03-08,3313,2023-02-21,1315,1882,2,2,5,7,3313,0,0,0,NA,0,M20,ARLINGTON AVE,SHOPPING CENTER,0,NA,Y,A,-,N,NA,NA,NA,NA,NA,NA,NA,NA,NA,Y,4,0,1,2,A,-,12,21453,A,N,D,C,A,A,H,-,A,D,0,NA,NA,NA,NA,Y,NA,A,01,0,0,1,0,0,0,0,0,0,-,-,NA,NA,RIVERSIDE,RIVERSIDE,NA,NA
82013257,2022,2023-03-09,3313,2022-12-16,0959,1641,3,5,5,7,3313,0,0,0,NA,0,T55,ALESSANDRO BLVD,CANYON CREST DR,352,S,N,A,-,N,NA,NA,NA,NA,NA,NA,NA,NA,NA,Y,3,0,1,1,A,-,03,22350,NA,N,E,J,A,A,H,-,A,D,0,NA,NA,Y,NA,Y,NA,C,02,0,1,0,0,0,0,0,0,1,-,-,33.92572021484375,-117.33956909179688,RIVERSIDE,RIVERSIDE,-117.33868408203124,33.925045013427734
82014343,2023,2023-03-10,3300,2023-02-02,1438,N6910,002K,4,5,6,3345,0,0,0,NA,0,022,RIVERSIDE DR,ETIWANDA AV,2808,W,N,A,-,N,NA,NA,NA,NA,NA,NA,NA,NA,NA,Y,4,0,1,2,A,-,08,22105,NA,N,D,C,A,A,H,-,A,A,0,NA,NA,NA,NA,Y,NA,-,31,0,0,1,0,0,0,0,0,0,-,-,34.01374053955078,-117.52336120605467,RIVERSIDE,JURUPA VALLEY,-117.5328369140625,34.01717758178711
8201676,2017,2017-03-29,3300,2017-02-15,2255,4571,603B5,3,5,6,3394,0,0,0,NA,0,034,PERRIS BL,RED MAPLE LN,25,N,N,A,-,N,NA,NA,NA,NA,NA,NA,NA,NA,NA,Y,4,0,1,1,A,-,01,23152,A,N,E,I,A,A,H,-,B,D,0,NA,NA,NA,NA,Y,Y,A,01,0,0,1,0,0,0,0,0,0,-,-,33.88471,-117.22624,RIVERSIDE,MORENO VALLEY,-117.2263,33.88474848
82016760,2023,2023-03-14,3300,2023-02-05,48,5398,NA,7,5,5,3335,0,0,0,NA,0,NA,WINCHESTER RD,WILLOWS AV,480,S,N,A,-,N,NA,NA,NA,NA,NA,NA,NA,NA,NA,N,4,0,1,2,A,-,01,23152,B,N,B,D,A,A,H,-,C,A,0,NA,NA,NA,NA,Y,Y,A,01,0,0,1,0,0,0,0,0,0,-,-,33.54730987548828,-117.14205932617188,RIVERSIDE,TEMECULA,-117.14283752441406,33.54615783691406
82018038,2023,2023-03-15,3300,2023-02-28,1833,N6297,910H,2,5,5,3335,0,0,0,NA,0,063,RANCHO CALIFORNIA RD,COSMIC DR,536,W,N,A,-,N,NA,NA,NA,NA,NA,NA,NA,NA,NA,N,4,0,2,2,A,-,03,22350,NA,N,C,C,A,A,H,-,C,A,0,NA,NA,NA,NA,Y,NA,A,07,0,0,2,0,0,0,0,0,0,-,-,33.50843048095703,-117.13288116455078,RIVERSIDE,TEMECULA,-117.134521484375,33.508445739746094
82018196,2022,2023-03-15,3313,2022-11-24,1711,1579,1,4,5,7,3313,0,0,0,NA,0,3R10,MARKET ST,UNIVERSITY AVE,0,NA,Y,A,-,N,NA,NA,NA,NA,NA,NA,NA,NA,NA,N,4,0,1,2,A,-,00,21960,A,N,G,B,B,A,H,-,C,A,0,Y,NA,NA,NA,Y,NA,A,01,0,0,1,0,1,0,0,0,0,-,-,33.9811897277832,-117.37532043457033,RIVERSIDE,RIVERSIDE,-117.375732421875,33.982486724853516
82018236,2022,2023-03-15,3313,2022-12-11,0312,1809,5,7,5,7,3313,0,0,0,NA,0,1R47,CALIFORNIA AVE,TYLER ST,325,E,N,B,-,N,NA,NA,NA,NA,NA,NA,NA,NA,NA,Y,3,0,1,1,A,-,01,23152,A,N,E,J,A,B,H,-,C,D,0,NA,NA,NA,NA,Y,Y,A,07,0,1,0,0,0,0,0,0,0,-,-,33.92015838623047,-117.46835327148438,RIVERSIDE,RIVERSIDE,-117.467529296875,33.92097473144531
82018264,2023,2023-03-15,3315,2023-03-08,1628,001642,13D,3,5,6,3315,0,0,0,NA,0,003,ONTARIO AV,RIMPAU AV,882,E,N,A,-,N,NA,NA,NA,NA,NA,NA,NA,NA,NA,Y,4,0,1,2,A,-,09,21801,A,N,D,C,A,A,H,-,A,D,0,NA,NA,NA,NA,Y,NA,A,01,0,0,1,0,0,0,0,0,0,-,-,33.84901809692383,-117.54476165771484,RIVERSIDE,CORONA,-117.54216766357422,33.84775924682617
82020672,2022,2023-03-17,3313,2022-12-02,0151,1991,5,5,5,7,3313,0,0,0,NA,0,1R57,TYLER ST,GAYLORD ST,185,S,N,C,-,N,NA,NA,NA,NA,NA,NA,NA,NA,NA,Y,2,0,1,1,A,-,08,22107,NA,N,E,I,A,B,H,-,C,D,0,NA,NA,Y,NA,Y,NA,C,02,1,0,0,0,0,0,0,0,1,-,-,33.948238372802734,-117.47731018066406,RIVERSIDE,RIVERSIDE,-117.47745513916016,33.94783401489258
82021474,2023,2023-03-20,3300,2023-03-17,1312,4713,910O,5,5,5,3335,0,0,0,NA,0,064,MEADOWS PKY,PAUBA RD,2,S,N,A,-,N,NA,NA,NA,NA,NA,NA,NA,NA,NA,Y,4,0,1,2,A,-,08,22107,NA,N,B,C,A,A,H,-,A,A,0,NA,NA,NA,NA,Y,NA,A,01,0,0,1,0,0,0,0,0,0,-,-,33.50593185424805,-117.0963134765625,RIVERSIDE,TEMECULA,-117.09622192382813,33.50635528564453
82021757,2023,2023-03-20,3313,2023-03-08,1306,1686,5,3,5,7,3313,0,0,0,NA,0,T58,MAGNOLIA AVE,LA SIERRA AVE,543,W,N,A,-,N,NA,NA,NA,NA,NA,NA,NA,NA,NA,Y,3,0,3,3,A,-,03,22350,NA,N,C,C,A,A,H,-,A,D,0,NA,NA,NA,NA,Y,NA,A,01,0,2,1,0,0,0,0,0,0,-,-,33.90312957763672,-117.47696685791016,RIVERSIDE,RIVERSIDE,-117.47783660888672,33.9026985168457
82022991,2023,2023-03-21,3300,2023-03-12,1946,5680,601 F,7,5,6,3394,0,0,0,NA,0,MV18,ELDER AVE,WOODBRIAR DR,269,E,N,A,-,N,NA,NA,NA,NA,NA,NA,NA,NA,NA,Y,4,0,1,2,A,-,08,22107,NA,N,C,E,A,A,H,-,C,D,0,NA,NA,NA,NA,Y,NA,A,01,0,0,1,0,0,0,0,0,0,-,-,33.94023895263672,-117.2060317993164,RIVERSIDE,MORENO VALLEY,-117.2050552368164,33.94023132324219
82024507,2023,2023-03-22,3300,2023-01-15,2240,4867,601 C,7,5,6,3394,0,0,0,NA,0,MV14,IRONWOOD AVE,ATHENS DR,0,NA,Y,C,-,N,NA,NA,NA,NA,NA,NA,NA,NA,NA,Y,3,0,1,1,A,-,01,23152,A,N,E,I,A,B,H,-,C,A,0,NA,NA,NA,NA,Y,Y,A,07,0,1,0,0,0,0,0,0,0,-,-,33.946468353271484,-117.27629089355467,RIVERSIDE,MORENO VALLEY,-117.27645874023438,33.946632385253906
82026198,2023,2023-03-23,3300,2023-03-15,752,N4883,002M,3,5,6,3345,0,0,0,NA,0,022,BELLEGRAVE AV,WINEVILLE AV,40,W,N,C,-,N,NA,NA,NA,NA,NA,NA,NA,NA,NA,Y,4,0,1,2,A,-,12,21453,A,N,D,C,A,B,H,-,A,A,0,NA,NA,NA,NA,Y,NA,A,07,0,0,1,0,0,0,0,0,0,-,-,33.99385070800781,-117.54139709472656,RIVERSIDE,JURUPA VALLEY,-117.54154205322266,33.99379348754883
82028712,2023,2023-03-27,3313,2023-03-14,1911,1882,4,2,5,7,3313,0,0,0,NA,0,M20,ARLINGTON AVE,VICTORIA AVE,200,N,N,C,-,N,NA,NA,NA,NA,NA,NA,NA,NA,NA,Y,4,0,1,2,C,-,18,NA,NA,N,C,C,A,B,H,-,C,A,0,NA,NA,NA,NA,Y,NA,-,-,0,0,1,0,0,0,0,0,0,-,-,NA,NA,RIVERSIDE,RIVERSIDE,-117.37075805664063,33.94675064086914
82030004,2023,2023-03-28,3300,2023-03-26,1936,4867,601 B,7,5,6,3394,0,0,0,NA,0,MV12,SUNNYMEAD RANCH PKWY,OLD LAKE DR,0,NA,Y,A,-,N,NA,NA,NA,NA,NA,NA,NA,NA,NA,Y,4,0,2,2,A,-,09,21453,C,N,A,C,A,A,H,-,C,A,0,NA,NA,NA,NA,Y,NA,A,01,0,0,2,0,0,0,0,0,0,-,-,33.96979904174805,-117.25308990478516,RIVERSIDE,MORENO VALLEY,-117.25334167480467,33.96978759765625
82030200,2023,2023-03-28,3300,2023-03-12,1203,5898,LA41,7,5,3,3392,0,0,0,NA,0,LA41,WASHINGTON ST,EAST CURBLINE OF WASHINGTON,43,W,N,A,-,N,NA,NA,NA,NA,NA,NA,NA,NA,NA,N,4,0,1,2,C,-,18,NA,NA,N,H,C,A,A,H,-,A,A,0,NA,NA,NA,NA,Y,NA,-,-,0,0,1,0,0,0,0,0,0,-,-,NA,NA,RIVERSIDE,LA QUINTA,NA,NA
8203294,2016,2017-01-09,3300,2016-12-01,1920,5021,83B4,4,5,3,3305,0,0,0,NA,0,083,HARRISON ST,1ST ST,0,NA,Y,A,-,N,NA,NA,NA,NA,NA,NA,NA,NA,NA,N,3,0,1,2,A,-,10,21950,A,N,G,B,B,-,H,-,C,A,0,Y,NA,NA,NA,Y,NA,A,01,0,1,0,0,1,0,0,0,0,-,-,NA,NA,RIVERSIDE,COACHELLA,-116.18152006,33.68183
82034378,2023,2023-04-03,3313,2023-02-17,1620,1911,1,5,5,7,3313,0,0,0,NA,0,M21,MAGNOLIA AVE,ELIZABETH ST,13,S,N,A,-,N,NA,NA,NA,NA,NA,NA,NA,NA,NA,N,4,0,1,2,A,-,10,21950,A,N,G,B,B,A,H,-,A,A,0,Y,NA,NA,NA,Y,NA,A,07,0,0,1,0,1,0,0,0,0,-,-,33.95833969116211,-117.39260864257813,RIVERSIDE,RIVERSIDE,-117.3927001953125,33.959468841552734
82034515,2023,2023-03-31,3315,2023-03-22,1714,004352,3A,3,5,6,3315,0,0,0,NA,0,002,MAIN ST,GRAND BL S,155,N,N,A,-,N,NA,NA,NA,NA,NA,NA,NA,NA,NA,N,4,0,1,2,A,-,08,22107,NA,N,B,C,A,A,H,-,A,A,0,NA,NA,NA,NA,Y,NA,A,01,0,0,1,0,0,0,0,0,0,-,-,NA,NA,RIVERSIDE,CORONA,-117.56729888916016,33.86946105957031
82034805,2023,2023-04-03,3300,2023-03-29,1330,N5073,30A4,3,5,4,3318,0,0,0,NA,0,T30,HWY 111,DESERT CROSSING,27,W,N,B,-,N,NA,NA,NA,NA,NA,NA,NA,NA,NA,N,4,0,1,2,C,-,18,NA,NA,N,C,C,A,A,H,-,A,A,0,NA,NA,NA,NA,Y,NA,-,-,0,0,1,0,0,0,0,0,0,-,-,33.7271614074707,-116.40184783935548,RIVERSIDE,PALM DESERT,-116.40160369873048,33.72696304321289
82034886,2022,2023-04-03,3349,2022-11-14,1745,336,NA,1,5,5,3341,0,0,0,NA,0,005,GOETZ RD,GOLDENROD AVE,1333,S,N,A,-,N,NA,NA,NA,NA,NA,NA,NA,NA,NA,Y,4,0,5,2,A,-,01,23152,A,N,B,C,A,A,H,-,D,A,0,NA,NA,NA,NA,Y,Y,D,22,0,0,5,0,0,0,0,0,0,-,-,33.73577117919922,-117.22322845458984,RIVERSIDE,MENIFEE,-117.2221221923828,33.73231506347656
82034980,2023,2023-04-03,3300,2023-03-28,1555,4867,603 C,2,5,6,3394,0,0,0,NA,0,MV36,PERRIS BLVD,GENTIAN AVE,68,S,N,A,-,N,NA,NA,NA,NA,NA,NA,NA,NA,NA,N,4,0,1,2,A,-,21,22106,NA,N,C,C,A,A,H,-,A,A,0,NA,NA,NA,NA,Y,NA,D,22,0,0,1,0,0,0,0,0,0,-,-,33.895408630371094,-117.22653198242188,RIVERSIDE,MORENO VALLEY,-117.22624969482422,33.89539337158203
82035026,2023,2023-04-03,3313,2023-03-20,1231,1783,1,1,5,7,3313,0,0,0,NA,0,M18,RIVERSIDE AVE,ARLINGTON AVE (W),100,N,N,A,-,Y,NA,NA,NA,NA,NA,NA,NA,NA,NA,Y,4,0,2,3,A,-,05,21460,A,N,A,C,A,A,H,-,A,A,0,NA,NA,NA,NA,Y,NA,A,01,0,0,2,0,0,0,0,0,0,-,-,33.94636154174805,-117.38937377929688,RIVERSIDE,RIVERSIDE,-117.38932800292967,33.94652557373047
82037960,2023,2023-04-06,3300,2023-04-05,746,4323,910F,3,5,5,3335,0,0,0,NA,0,062,WINCHESTER RD,SB 15 FREEWAY OFF RAMP,0,NA,Y,A,-,N,NA,NA,NA,NA,NA,NA,NA,NA,NA,Y,4,0,1,2,A,-,12,21453,A,N,D,C,A,A,H,-,A,A,0,NA,NA,Y,NA,Y,NA,D,22,0,0,1,0,0,0,0,0,1,-,-,NA,NA,RIVERSIDE,TEMECULA,-117.16312408447266,33.522361755371094
82037971,2023,2023-04-06,3300,2023-03-12,2118,3786,001A,7,5,6,3345,0,0,0,NA,0,010,RUBIDOUX BL,CASTELLANO RD,1105,S,N,A,-,N,NA,NA,NA,NA,NA,NA,NA,NA,NA,Y,2,0,1,1,A,-,01,23152,A,N,E,I,A,A,D,-,C,D,0,NA,NA,Y,NA,Y,Y,C,02,1,0,0,0,0,0,0,0,1,-,-,34.03232955932617,-117.39217376708984,RIVERSIDE,JURUPA VALLEY,-117.39066314697266,34.02989959716797
82038035,2023,2023-04-06,3300,2023-04-03,1205,N1673,34H5,1,5,4,3318,0,0,0,NA,0,T34,FRED WARING DR,ENTRADA LAS BRISAS,0,NA,Y,G,-,N,NA,NA,NA,NA,NA,NA,NA,NA,NA,Y,4,0,1,2,A,-,12,21453,A,N,D,C,A,A,H,-,A,A,0,NA,NA,NA,NA,Y,NA,A,07,0,0,1,0,0,0,0,0,0,-,-,33.72895050048828,-116.30821228027344,RIVERSIDE,PALM DESERT,-116.30824279785156,33.72897720336914
82038064,2023,2023-04-06,3311,2023-03-11,1407,16393,NA,6,5,4,3311,0,0,0,NA,0,002,INDIAN CANYON DRIVE N,VIA ESCUELA,0,NA,Y,A,-,N,NA,NA,NA,NA,NA,NA,NA,NA,NA,Y,3,0,2,2,A,-,09,21802,A,N,D,C,A,A,H,-,A,A,0,NA,NA,NA,NA,Y,NA,D,22,0,1,1,0,0,0,0,0,0,-,-,33.848480224609375,-116.54560089111328,RIVERSIDE,PALM SPRINGS,-116.54557800292967,33.84847640991211
82038180,2023,2023-04-06,3313,2023-03-03,2027,1935,1,5,5,7,3313,0,0,0,NA,0,FT1,LIME ST,UNIVERSITY AVE,0,NA,Y,A,-,N,NA,NA,NA,NA,NA,NA,NA,NA,NA,N,3,0,1,2,A,-,12,21453,A,N,D,C,A,A,H,-,C,A,0,NA,NA,NA,NA,Y,NA,A,01,0,1,0,0,0,0,0,0,0,-,-,33.98025894165039,-117.37116241455078,RIVERSIDE,RIVERSIDE,-117.37097930908205,33.98027420043945
82039116,2023,2023-04-07,3300,2023-03-25,2322,N3765,38H1,6,5,4,3318,0,0,0,NA,0,1T371,COOK ST,MARKET PLACE DR,943,N,N,A,-,N,NA,NA,NA,NA,NA,NA,NA,NA,NA,Y,4,0,1,2,A,-,00,12500,A,N,C,C,A,A,H,-,D,D,0,NA,NA,NA,NA,Y,NA,D,22,0,0,1,0,0,0,0,0,0,-,-,33.76089096069336,-116.3561782836914,RIVERSIDE,PALM DESERT,-116.35620880126952,33.7634391784668
82039135,2023,2023-04-07,3311,2023-03-15,1634,15918,NA,3,5,4,3311,0,0,0,NA,0,001,RT 111,TIPTON ROAD,0,NA,Y,B,G,Y,RIV,NA,111,NA,R,60.885,H,NA,R,Y,3,0,4,2,A,-,09,21802,A,N,D,C,A,A,H,-,A,A,0,NA,NA,NA,NA,Y,NA,A,01,0,1,3,0,0,0,0,0,0,-,-,33.90317153930664,-116.64321136474608,RIVERSIDE,PALM SPRINGS,-116.64319610595705,33.9031982421875
82039236,2023,2023-04-07,3313,2023-03-08,922,1026,5,3,5,7,3313,0,0,0,NA,0,T52,LA SIERRA AVE,NEBRASKA AVE,344,N,N,A,-,N,NA,NA,NA,NA,NA,NA,NA,NA,NA,Y,4,0,1,2,A,-,08,22107,NA,N,C,E,A,A,H,-,A,A,0,NA,NA,NA,NA,Y,NA,A,07,0,0,1,0,0,0,0,0,0,-,-,33.920379638671875,-117.49004364013672,RIVERSIDE,RIVERSIDE,-117.49019622802734,33.9213981628418
82039281,2023,2023-04-07,3315,2023-03-11,834,004513,2A,6,5,6,3315,0,0,0,NA,0,002,PARKRIDGE AV,JOY ST,395,E,N,A,-,N,NA,NA,NA,NA,NA,NA,NA,NA,NA,Y,4,0,1,2,A,-,08,22107,NA,N,B,C,A,A,H,-,A,D,0,NA,NA,NA,NA,Y,NA,A,01,0,0,1,0,0,0,0,0,0,-,-,33.888179779052734,-117.55934143066406,RIVERSIDE,CORONA,-117.55850219726563,33.887351989746094
82042788,2023,2023-04-12,3313,2023-03-14,1014,1783,3,2,5,7,3313,0,0,0,NA,0,M18,CANYON CREST DR,MISSION GROVE PW N,0,NA,Y,B,-,N,NA,NA,NA,NA,NA,NA,NA,NA,NA,Y,3,0,2,2,A,-,12,21453,A,N,D,C,A,A,H,-,A,A,0,NA,NA,NA,NA,Y,NA,D,22,0,1,1,0,0,0,0,0,0,-,-,NA,NA,RIVERSIDE,RIVERSIDE,-117.3359603881836,33.93041229248047
82044796,2023,2023-04-14,3313,2023-03-24,638,1504,4,5,5,7,3313,0,0,0,NA,0,M15,CONESTOGA LN,PATHFINDER RD,184,E,N,B,-,N,NA,NA,NA,NA,NA,NA,NA,NA,NA,Y,3,0,1,2,A,-,08,22107,NA,N,C,E,A,A,H,-,C,D,0,NA,NA,NA,NA,Y,NA,A,07,0,1,0,0,0,0,0,0,0,-,-,33.95798873901367,-117.42254638671876,RIVERSIDE,RIVERSIDE,-117.42198944091795,33.957984924316406