CASE_ID,ACCIDENT_YEAR,PROC_DATE,JURIS,COLLISION_DATE,COLLISION_TIME,OFFICER_ID,REPORTING_DISTRICT,DAY_OF_WEEK,CHP_SHIFT,POPULATION,CNTY_CITY_LOC,SPECIAL_COND,BEAT_TYPE,CHP_BEAT_TYPE,CITY_DIVISION_LAPD,CHP_BEAT_CLASS,BEAT_NUMBER,PRIMARY_RD,SECONDARY_RD,DISTANCE,DIRECTION,INTERSECTION,WEATHER_1,WEATHER_2,STATE_HWY_IND,CALTRANS_COUNTY,CALTRANS_DISTRICT,STATE_ROUTE,ROUTE_SUFFIX,POSTMILE_PREFIX,POSTMILE,LOCATION_TYPE,RAMP_INTERSECTION,SIDE_OF_HWY,TOW_AWAY,COLLISION_SEVERITY,NUMBER_KILLED,NUMBER_INJURED,PARTY_COUNT,PRIMARY_COLL_FACTOR,PCF_CODE_OF_VIOL,PCF_VIOL_CATEGORY,PCF_VIOLATION,PCF_VIOL_SUBSECTION,HIT_AND_RUN,TYPE_OF_COLLISION,MVIW,PED_ACTION,ROAD_SURFACE,ROAD_COND_1,ROAD_COND_2,LIGHTING,CONTROL_DEVICE,CHP_ROAD_TYPE,PEDESTRIAN_ACCIDENT,BICYCLE_ACCIDENT,MOTORCYCLE_ACCIDENT,TRUCK_ACCIDENT,NOT_PRIVATE_PROPERTY,ALCOHOL_INVOLVED,STWD_VEHTYPE_AT_FAULT,CHP_VEHTYPE_AT_FAULT,COUNT_SEVERE_INJ,COUNT_VISIBLE_INJ,COUNT_COMPLAINT_PAIN,COUNT_PED_KILLED,COUNT_PED_INJURED,COUNT_BICYCLIST_KILLED,COUNT_BICYCLIST_INJURED,COUNT_MC_KILLED,COUNT_MC_INJURED,PRIMARY_RAMP,SECONDARY_RAMP,LATITUDE,LONGITUDE,COUNTY,CITY,POINT_X,POINT_Y
8343750,2017,2018-06-06,3311,2017-03-12,0855,15911,NA,7,5,4,3311,0,0,0,NA,0,006,GENE AUTRY TR,DINAH SHORE,112,S,N,A,-,Y,RIV,8,111,-,T,48.85,H,-,N,N,4,0,1,2,A,-,03,22350,NA,N,D,C,A,A,H,-,A,A,0,NA,NA,NA,NA,Y,NA,-,NA,0,0,1,0,0,0,0,0,0,-,-,NA,NA,RIVERSIDE,PALM SPRINGS,-116.49293518,33.80820055
8345823,2017,2017-04-19,3300,2017-03-04,1845,N5330,002P,6,5,6,3345,0,0,0,NA,0,024,JURUPA RD,HILL PL,18,W,N,A,-,N,NA,NA,NA,NA,NA,NA,NA,NA,NA,Y,4,0,2,3,A,-,03,22350,NA,N,C,C,A,A,H,-,C,A,0,NA,NA,NA,NA,Y,NA,D,22,0,0,2,0,0,0,0,0,0,-,-,33.99702,-117.48611,RIVERSIDE,JURUPA VALLEY,-117.4862369,33.99685632
8345827,2017,2017-05-01,3300,2017-03-19,1235,4900,002C2,7,5,6,3345,0,0,0,NA,0,020,MISSION BL,FELSPAR ST,0,NA,Y,A,-,N,NA,NA,NA,NA,NA,NA,NA,NA,NA,Y,4,0,2,2,A,-,12,21453,A,N,D,C,A,A,H,-,A,A,0,NA,NA,NA,NA,Y,NA,-,-,0,0,2,0,0,0,0,0,0,-,-,NA,NA,RIVERSIDE,JURUPA VALLEY,-117.4841501,34.01178005
8345918,2017,2017-04-19,3300,2017-03-22,0045,3596,002P,3,5,6,3345,0,0,0,NA,0,024,JURUPA RD,FELSPAR ST,85,W,N,C,-,N,NA,NA,NA,NA,NA,NA,NA,NA,NA,N,3,0,1,3,A,-,12,22451,A,N,H,F,A,B,H,-,C,D,0,NA,NA,NA,NA,Y,NA,A,01,0,1,0,0,0,0,0,0,0,-,-,33.9975,-117.48415,RIVERSIDE,JURUPA VALLEY,-117.48438961,33.99731819
8346037,2017,2017-04-18,3300,2017-03-24,2121,3683,012F,5,5,4,3344,0,0,0,NA,0,065,TISDALE ST,NATOMA ST,0,NA,Y,A,-,N,NA,NA,NA,NA,NA,NA,NA,NA,NA,N,2,0,1,3,A,-,03,22350,NA,N,E,I,A,A,H,-,C,D,0,NA,NA,Y,NA,Y,NA,C,02,1,0,0,0,0,0,0,0,1,-,-,NA,NA,RIVERSIDE,EASTVALE,-117.58582003,33.94340011
8346049,2017,2017-04-18,3300,2017-03-15,1700,4449,001A,3,5,6,3345,0,0,0,NA,0,012,RUBIDOUX BL,24TH ST,0,NA,Y,A,-,N,NA,NA,NA,NA,NA,NA,NA,NA,NA,Y,3,0,4,3,A,-,08,22107,NA,N,D,C,A,A,H,-,A,D,0,NA,NA,NA,NA,Y,NA,A,01,0,2,2,0,0,0,0,0,0,-,-,34.01577,-117.39009,RIVERSIDE,JURUPA VALLEY,-117.39016,34.01595007
8346050,2017,2017-04-25,3300,2017-03-17,0731,4904,901A,5,5,4,3310,0,0,0,NA,0,050,BROKEN LANCE DR,BROKEN FEATHER DR,350,E,N,A,-,N,NA,NA,NA,NA,NA,NA,NA,NA,NA,Y,3,0,1,2,A,-,08,22107,NA,N,C,E,A,A,H,-,A,D,0,NA,NA,NA,Y,Y,NA,A,01,0,1,0,0,0,0,0,0,0,-,-,NA,NA,RIVERSIDE,NORCO,-117.5716593,33.93198
8348528,2017,2017-04-28,3313,2017-04-09,1430,1846,5,7,5,7,3313,0,0,0,NA,0,2R45,MAGNOLIA AV,BANBURY DR,200,E,N,A,-,N,NA,NA,NA,NA,NA,NA,NA,NA,NA,N,4,0,1,2,A,-,07,21658,A,N,B,C,A,A,H,-,A,D,0,NA,NA,NA,NA,Y,NA,A,01,0,0,1,0,0,0,0,0,0,-,-,33.90977,-117.46452,RIVERSIDE,RIVERSIDE,-117.46421861,33.91041077
83490928,2024,2024-08-05,3300,2024-07-12,122,6201,NA,5,5,6,3394,0,0,0,NA,0,MV22,FREDERICK ST,EUCALYPTUS AVE,18,S,N,A,-,N,NA,NA,NA,NA,NA,NA,NA,NA,NA,Y,4,0,1,2,A,-,12,21453,A,N,D,C,A,A,H,-,C,A,0,NA,NA,NA,NA,Y,NA,A,07,0,0,1,0,0,0,0,0,0,-,-,33.93156051635742,-117.26145935058594,RIVERSIDE,MORENO VALLEY,-117.26140594482422,33.93144989013672
8349351,2017,2017-04-20,3309,2017-02-27,1825,191,3309,1,5,4,3309,0,0,0,NA,0,001,MONROE ST,MILES AV,90,S,N,C,-,N,NA,NA,NA,NA,NA,NA,NA,NA,NA,N,4,0,1,2,A,-,21,22106,NA,N,C,C,A,B,H,-,C,A,0,NA,NA,NA,NA,Y,NA,A,07,0,0,1,0,0,0,0,0,0,-,-,NA,NA,RIVERSIDE,INDIO,-116.23378573,33.72171383
8349425,2017,2017-04-21,3309,2017-03-21,1544,356,3309,2,5,4,3309,0,0,0,NA,0,003,JACKSON ST,LEXINGTON AV,64,N,N,A,-,N,NA,NA,NA,NA,NA,NA,NA,NA,NA,Y,4,0,1,3,A,-,04,21703,NA,N,C,C,A,A,H,-,A,D,0,NA,NA,NA,NA,Y,NA,A,01,0,0,1,0,0,0,0,0,0,-,-,NA,NA,RIVERSIDE,INDIO,-116.21640753,33.70904507
8349566,2017,2017-04-27,3313,2017-04-06,1317,1686,5,4,5,7,3313,0,0,0,NA,0,T58,TYLER ST,MAGNOLIA AV,773,N,N,A,-,N,NA,NA,NA,NA,NA,NA,NA,NA,NA,Y,3,0,1,2,A,-,09,21804,A,N,D,C,A,A,H,-,A,D,0,NA,NA,NA,NA,Y,NA,A,07,0,1,0,0,0,0,0,0,0,-,-,33.91209,-117.46163,RIVERSIDE,RIVERSIDE,-117.46133697,33.91196124
8350409,2017,2017-04-24,3306,2017-03-19,2500,141,INDIO,7,5,3,3306,0,0,0,NA,0,NA,WEST DR,TWO BUNCH PALMS TRL,1313,S,N,A,-,N,NA,NA,NA,NA,NA,NA,NA,NA,NA,Y,4,0,1,1,A,-,03,22350,NA,N,F,A,A,A,A,G,D,D,0,NA,NA,NA,NA,Y,NA,A,01,0,0,1,0,0,0,0,0,0,-,-,NA,NA,RIVERSIDE,DESERT HOT SPRINGS,-116.5100448,33.94317376
8351246,2017,2017-05-01,3300,2017-04-03,0743,3774,604C9,1,5,6,3394,0,0,0,NA,0,044,IRIS AV,VIA DEL LAGO,577,E,N,A,-,N,NA,NA,NA,NA,NA,NA,NA,NA,NA,Y,4,0,3,5,A,-,08,22107,NA,N,C,E,E,A,H,-,B,D,0,Y,NA,NA,Y,Y,NA,A,01,0,0,3,0,3,0,0,0,0,-,-,33.89511,-117.17917,RIVERSIDE,MORENO VALLEY,-117.17902,33.89532
8351248,2017,2017-05-03,3300,2017-04-15,0704,3372,602C1,6,5,6,3394,0,0,0,NA,0,MV24,FREDERICK ST,SUNNYMEAD BL,0,NA,Y,A,C,N,NA,NA,NA,NA,NA,NA,NA,NA,NA,Y,4,0,2,2,A,-,12,21453,A,N,D,C,A,A,H,-,A,A,0,NA,NA,NA,NA,Y,NA,A,01,0,0,2,0,0,0,0,0,0,-,-,33.93973,-117.26141,RIVERSIDE,MORENO VALLEY,-117.26146009,33.93970011
8353454,2017,2017-04-28,3315,2017-04-14,1649,11119,6D,5,5,6,3315,0,0,0,NA,0,NA,6TH ST,VICENTIA AV,0,NA,Y,A,-,N,NA,NA,NA,NA,NA,NA,NA,NA,NA,Y,4,0,2,2,A,-,12,21453,A,N,D,C,A,A,H,-,A,A,0,NA,NA,NA,NA,Y,NA,A,01,0,0,2,0,0,0,0,0,0,-,-,33.87632,-117.57532,RIVERSIDE,CORONA,-117.57528002,33.87635007
8353462,2017,2017-04-28,3315,2017-04-09,1557,003659,15C,7,5,6,3315,0,0,0,NA,0,003,FOOTHILL PKWY,CALIFORNIA AV,550,E,N,A,-,N,NA,NA,NA,NA,NA,NA,NA,NA,NA,Y,4,0,1,2,A,-,08,22107,NA,N,B,C,A,A,H,-,A,A,0,NA,NA,NA,NA,Y,NA,A,01,0,0,1,0,0,0,0,0,0,-,-,NA,NA,RIVERSIDE,CORONA,-117.54096028,33.8339393
8355641,2017,2017-05-01,3300,2017-03-12,1500,4805,903B,7,5,4,3310,0,0,0,NA,0,051,HIDDEN VALLEY PKWY,NORCO HILLS RD,0,NA,Y,A,-,N,NA,NA,NA,NA,NA,NA,NA,NA,NA,Y,4,0,1,2,A,-,09,21801,A,N,D,C,A,A,H,-,A,A,0,NA,NA,NA,NA,Y,Y,A,01,0,0,1,0,0,0,0,0,0,-,-,NA,NA,RIVERSIDE,NORCO,-117.53854,33.89798009
8356115,2017,2017-05-02,3313,2017-04-11,2252,1096,1,2,5,7,3313,0,0,0,NA,0,1R15,CENTRAL AV,PALM AV,0,NA,Y,A,-,N,NA,NA,NA,NA,NA,NA,NA,NA,NA,Y,4,0,1,2,A,-,08,22107,NA,N,D,C,A,A,H,-,C,A,0,NA,NA,NA,NA,Y,NA,A,01,0,0,1,0,0,0,0,0,0,-,-,33.95353,-117.40128,RIVERSIDE,RIVERSIDE,-117.40107006,33.95348009
8356771,2017,2017-05-30,3313,2017-05-05,1715,1788,5,5,5,7,3313,0,0,0,NA,0,3R56,MAGNOLIA AV,TYLER ST,5,E,N,A,-,N,NA,NA,NA,NA,NA,NA,NA,NA,NA,N,4,0,1,2,A,-,03,22350,NA,N,C,C,A,A,H,-,A,A,0,NA,NA,NA,NA,Y,NA,A,01,0,0,1,0,0,0,0,0,0,-,-,33.91209,-117.46163,RIVERSIDE,RIVERSIDE,-117.46152645,33.91195775
8358344,2017,2017-05-10,3313,2017-04-22,2317,1783,5,6,5,7,3313,0,0,0,NA,0,1R55,HOLE AV,PALMENTO DR,36,E,N,A,-,N,NA,NA,NA,NA,NA,NA,NA,NA,NA,N,3,0,1,2,A,-,03,22350,NA,N,C,C,A,A,H,-,C,D,0,NA,NA,Y,NA,Y,NA,C,02,0,1,0,0,0,0,0,0,1,-,-,33.91604,-117.47108,RIVERSIDE,RIVERSIDE,-117.47095381,33.91634137
8358690,2017,2018-04-24,3308,2017-04-10,1302,10620,517,1,5,5,3308,0,0,0,NA,0,NA,FLORIDA AV,SAN JACINTO ST,345,W,N,A,-,Y,RIV,8,74,-,-,41.27,H,-,E,N,3,0,1,2,A,-,03,22350,NA,N,C,C,A,A,H,-,A,D,0,NA,NA,NA,NA,Y,Y,D,22,0,1,0,0,0,0,0,0,0,-,-,NA,NA,RIVERSIDE,HEMET,-116.95982591,33.7476094
8358713,2017,2017-05-05,3300,2017-03-18,2014,4927,002B,6,5,6,3345,0,0,0,NA,0,020,PYRITE ST,40TH ST,358,N,N,A,-,N,NA,NA,NA,NA,NA,NA,NA,NA,NA,Y,4,0,1,2,A,-,01,23152,A,N,D,C,A,A,H,-,C,D,0,NA,NA,NA,NA,Y,Y,A,01,0,0,1,0,0,0,0,0,0,-,-,34.01448,-117.46233,RIVERSIDE,JURUPA VALLEY,-117.46239,34.01549064
8360309,2017,2017-05-11,3300,2017-04-24,0750,N2646,604D2,1,5,6,3394,0,0,0,NA,0,046,MORENO BEACH DR,COTTONWOOD AV,75,S,N,A,-,N,NA,NA,NA,NA,NA,NA,NA,NA,NA,N,4,0,1,2,A,-,21,22106,NA,N,C,C,A,A,H,-,A,A,0,NA,NA,NA,NA,Y,NA,A,01,0,0,1,0,0,0,0,0,0,-,-,33.92445,-117.174,RIVERSIDE,MORENO VALLEY,-117.17419,33.92441456
8361290,2017,2017-05-18,3300,2017-04-29,0003,4867,602D3,6,5,6,3394,0,0,0,NA,0,026,ALESSANDRO BL,INDIAN ST,0,NA,Y,A,-,N,NA,NA,NA,NA,NA,NA,NA,NA,NA,Y,4,0,3,3,A,-,09,21453,C,N,D,C,A,A,H,-,C,A,0,NA,NA,NA,NA,Y,NA,A,01,0,0,3,0,0,0,0,0,0,-,-,33.94724,-117.23509,RIVERSIDE,MORENO VALLEY,-117.23498002,33.91736007
8361512,2017,2017-05-16,3300,2017-05-03,1225,N3672,916A,3,5,4,3312,0,0,0,NA,0,031,RAMONA EXPWY,RAMONA XING,0,NA,Y,A,-,N,NA,NA,NA,NA,NA,NA,NA,NA,NA,N,4,0,2,2,A,-,12,21453,A,N,D,C,A,A,H,-,A,A,0,NA,NA,NA,NA,Y,NA,A,01,0,0,2,0,0,0,0,0,0,-,-,33.84458,-117.22391,RIVERSIDE,PERRIS,-117.25100008,33.84377009
8362002,2017,2018-04-12,3311,2017-04-05,1001,15302,NA,3,5,4,3311,0,0,0,NA,0,006,RT 111,DINAH SHORE,268,S,N,A,-,Y,RIV,8,111,-,T,48.8,H,-,N,Y,4,0,1,2,A,-,09,21801,A,N,D,C,A,A,H,-,A,D,0,NA,NA,NA,NA,Y,NA,A,01,0,0,1,0,0,0,0,0,0,-,-,NA,NA,RIVERSIDE,PALM SPRINGS,-116.49293748,33.8074585
8363310,2017,2017-05-15,3308,2017-03-28,1338,10577,554,2,5,5,3308,0,0,0,NA,0,SOUTH,SANDERSON AV,THORNTON AV,0,NA,Y,A,-,N,NA,NA,NA,NA,NA,NA,NA,NA,NA,Y,3,0,2,2,A,-,12,21453,A,N,D,C,A,A,H,-,A,A,0,NA,NA,NA,NA,Y,NA,A,01,0,2,0,0,0,0,0,0,0,-,-,NA,NA,RIVERSIDE,HEMET,-117.00665002,33.72531011
8363829,2017,2017-05-18,3313,2017-04-28,1624,1772,3,5,5,7,3313,0,0,0,NA,0,T45,VAN BUREN BL,BLOSSOM CENTER,0,NA,Y,A,-,N,NA,NA,NA,NA,NA,NA,NA,NA,NA,N,4,0,1,2,A,-,21,22106,NA,N,C,C,A,A,H,-,A,A,0,NA,NA,NA,NA,Y,NA,A,01,0,0,1,0,0,0,0,0,0,-,-,NA,NA,RIVERSIDE,RIVERSIDE,NA,NA
8364035,2017,2017-05-22,3313,2017-05-01,0808,1026,4,1,5,7,3313,0,0,0,NA,0,T52,VAN BUREN BL,HAYES ST,0,NA,Y,A,-,N,NA,NA,NA,NA,NA,NA,NA,NA,NA,Y,4,0,3,2,A,-,12,21453,A,N,D,C,A,A,H,-,A,A,0,NA,NA,NA,NA,Y,NA,A,01,0,0,3,0,0,0,0,0,0,-,-,33.92195,-117.44794,RIVERSIDE,RIVERSIDE,-117.44783,33.92190011
8364320,2017,2017-05-24,3300,2017-04-10,1734,3767,002Z1,1,5,6,3345,0,0,0,NA,0,026,LIMONITE AV,PATS RANCH RD,126,W,N,A,-,N,NA,NA,NA,NA,NA,NA,NA,NA,NA,N,4,0,1,3,A,-,04,21703,NA,N,C,C,A,A,H,-,A,A,0,NA,NA,NA,NA,Y,NA,A,01,0,0,1,0,0,0,0,0,0,-,-,33.97505,-117.54367,RIVERSIDE,JURUPA VALLEY,-117.54407445,33.97523
8367000,2017,2017-05-23,3300,2017-04-04,1738,N4444,901B,2,5,4,3310,0,0,0,NA,0,050,HAMNER AV,DETROIT ST,200,N,N,A,-,N,NA,NA,NA,NA,NA,NA,NA,NA,NA,Y,4,0,2,3,A,-,03,22350,NA,N,C,C,A,A,H,-,A,A,0,NA,NA,NA,NA,Y,NA,A,01,0,0,2,0,0,0,0,0,0,-,-,NA,NA,RIVERSIDE,NORCO,-117.55825333,33.94255792
8367036,2017,2017-05-25,3309,2017-04-20,0605,356,3309,4,5,4,3309,0,0,0,NA,0,003,MONROE ST,N AVE 51,0,NA,Y,A,-,N,NA,NA,NA,NA,NA,NA,NA,NA,NA,Y,3,0,1,3,A,-,09,21804,NA,N,D,C,A,A,-,-,A,A,0,NA,NA,NA,Y,Y,NA,F,21,0,1,0,0,0,0,0,0,0,-,-,NA,NA,RIVERSIDE,INDIO,-116.23391004,33.67819005
8367580,2017,2017-05-22,3308,2017-03-31,1939,10611,524,5,5,5,3308,0,0,0,NA,0,SOUTH,SANDERSON AV,ACACIA AV,290,S,N,A,-,N,NA,NA,NA,NA,NA,NA,NA,NA,NA,Y,4,0,3,2,A,-,03,22350,NA,N,C,C,A,A,H,-,C,A,0,NA,NA,NA,NA,Y,NA,A,07,0,0,3,0,0,0,0,0,0,-,-,NA,NA,RIVERSIDE,HEMET,-117.00667,33.74310585
8368004,2017,2017-05-22,3300,2017-05-02,1712,4789,002U,2,5,6,3345,0,0,0,NA,0,024,LIMONITE AV,BAIN ST,1056,E,N,A,-,N,NA,NA,NA,NA,NA,NA,NA,NA,NA,Y,4,0,1,2,A,-,08,22107,NA,N,D,C,A,A,H,-,A,D,0,NA,NA,NA,NA,Y,NA,A,01,0,0,1,0,0,0,0,0,0,-,-,NA,NA,RIVERSIDE,JURUPA VALLEY,-117.50242516,33.97557438
83686227,2024,2024-08-06,3300,2024-07-29,2042,6053,NA,1,5,4,3312,0,0,0,NA,0,032,NEPTUNE DR,SPINNAKER DR,0,NA,Y,A,-,N,NA,NA,NA,NA,NA,NA,NA,NA,NA,Y,2,0,1,1,A,-,03,22350,NA,N,F,A,A,A,H,-,B,D,0,NA,NA,Y,NA,Y,NA,C,02,1,0,0,0,0,0,0,0,1,-,-,33.8078498840332,-117.20948791503906,RIVERSIDE,PERRIS,-117.20939636230467,33.80753707885742
8370389,2017,2017-05-25,3325,2017-03-25,2337,558,DESER,6,5,4,3325,0,0,0,NA,0,002,RAMON RD,CATHEDRAL CANYON DR,0,NA,Y,A,-,N,NA,NA,NA,NA,NA,NA,NA,NA,NA,Y,4,0,1,2,A,-,12,21453,A,N,D,C,A,A,H,-,C,A,0,NA,NA,NA,NA,Y,NA,A,07,0,0,1,0,0,0,0,0,0,-,-,NA,NA,RIVERSIDE,CATHEDRAL CITY,-116.46687002,33.8158501
8371855,2017,2018-03-28,3300,2017-05-04,0800,NA,NA,4,5,2,3336,0,0,0,NA,0,NA,CHERRY VALLEY BL,RT 10,0,NA,Y,A,-,Y,RIV,8,10,-,R,3.246,R,4,W,Y,4,0,1,2,A,-,09,21802,A,N,D,C,A,A,H,-,A,A,0,NA,NA,NA,NA,Y,NA,D,22,0,0,1,0,0,0,0,0,0,-,TO,33.96841,-117.03392,RIVERSIDE,CALIMESA,-117.03269986,33.96681038
8372714,2017,2017-05-30,3300,2017-05-22,2255,3552,916B,1,5,4,3312,0,0,0,NA,0,032,JARVIS ST,REDLANDS AV,400,W,N,A,-,N,NA,NA,NA,NA,NA,NA,NA,NA,NA,N,4,0,1,2,A,-,08,22107,NA,N,G,B,E,A,H,-,C,D,0,Y,NA,NA,NA,Y,NA,A,01,0,0,1,0,1,0,0,0,0,-,-,33.79201,-117.21753,RIVERSIDE,PERRIS,-117.21871237,33.79200619
8374253,2017,2017-05-30,3313,2017-05-18,1919,1772,1,4,5,7,3313,0,0,0,NA,0,T45,14TH ST,ORANGE ST,0,NA,Y,A,-,N,NA,NA,NA,NA,NA,NA,NA,NA,NA,Y,4,0,1,2,A,-,12,21453,A,M,D,C,A,A,H,-,A,A,0,NA,NA,NA,NA,Y,NA,A,01,0,0,1,0,0,0,0,0,0,-,-,NA,NA,RIVERSIDE,RIVERSIDE,-117.37751008,33.9757801
8374321,2017,2018-03-20,3300,2017-05-20,1550,5241,41B1,6,5,3,3392,0,0,0,NA,0,LA41,RT 111,WASHINGTON ST,15,E,N,A,-,N,NA,NA,NA,NA,NA,NA,NA,NA,NA,N,4,0,1,2,A,-,03,22350,NA,N,C,C,A,A,H,-,A,A,0,NA,NA,NA,NA,Y,Y,A,01,0,0,1,0,0,0,0,0,0,-,-,NA,NA,RIVERSIDE,LA QUINTA,-116.29495011,33.71525606
8374647,2017,2017-06-16,3300,2017-05-04,1613,N3690,901B,4,5,4,3310,0,0,0,NA,0,050,6TH ST,HILLSIDE AV,405,W,N,A,-,N,NA,NA,NA,NA,NA,NA,NA,NA,NA,N,4,0,1,2,A,-,03,22350,NA,N,C,C,A,A,H,-,A,A,0,NA,NA,NA,NA,Y,NA,D,22,0,0,1,0,0,0,0,0,0,-,-,NA,NA,RIVERSIDE,NORCO,-117.53814157,33.93842
8374939,2017,2017-06-12,3313,2017-05-22,1308,0282,1,1,5,7,3313,0,0,0,NA,0,T48,JURUPA AV,CORRELL ST,100,E,N,A,-,N,NA,NA,NA,NA,NA,NA,NA,NA,NA,Y,3,0,1,3,A,-,03,22350,NA,N,C,C,A,A,H,-,A,D,0,NA,NA,NA,NA,Y,NA,A,01,0,1,0,0,0,0,0,0,0,-,-,NA,NA,RIVERSIDE,RIVERSIDE,-117.41230184,33.96167255
8376595,2017,2018-04-11,3308,2017-05-05,1233,10610,517,5,5,5,3308,0,0,0,NA,0,NORTH,SAN JACINTO ST,LATHAM AV,130,N,N,A,-,Y,RIV,8,79,-,-,25.79,H,-,S,Y,4,0,4,3,A,-,03,22350,NA,N,C,C,A,A,H,-,A,A,0,NA,NA,NA,NA,Y,NA,A,01,0,0,4,0,0,0,0,0,0,-,-,NA,NA,RIVERSIDE,HEMET,-116.95867095,33.74964973
83767510,2024,2024-08-07,3300,2024-08-04,1741,6385,NA,7,5,4,3318,0,0,0,NA,0,T30,ST HWY 111,DESERT CROSSING,0,NA,Y,A,-,Y,NA,NA,NA,NA,NA,NA,NA,NA,NA,Y,3,0,1,2,A,-,01,23152,A,N,A,C,A,A,H,-,A,A,0,NA,NA,NA,NA,Y,Y,A,01,0,1,0,0,0,0,0,0,0,-,-,NA,NA,RIVERSIDE,PALM DESERT,-116.40155792236328,33.726898193359375
8382010,2017,2018-03-22,3300,2017-05-24,1510,N5259,30J2,3,5,4,3318,0,0,0,NA,0,T30,RT 111,HOSPITALITY ROW,231,W,N,A,-,N,NA,NA,NA,NA,NA,NA,NA,NA,NA,Y,4,0,2,3,A,-,03,22350,NA,N,C,C,A,A,H,-,A,A,0,NA,NA,NA,NA,Y,NA,A,07,0,0,2,0,0,0,0,0,0,-,-,33.72137,-116.36239,RIVERSIDE,PALM DESERT,-116.36308152,33.72126
8383199,2017,2017-06-12,3302,2017-04-24,1123,842,5,1,5,3,3302,0,0,0,NA,0,002,HIGHLAND SPRINGS AV,COUGAR WY,987,S,N,A,B,N,NA,NA,NA,NA,NA,NA,NA,NA,NA,Y,3,0,2,2,A,-,04,21703,NA,N,C,C,A,A,H,-,A,A,0,NA,NA,NA,NA,Y,NA,A,01,0,1,1,0,0,0,0,0,0,-,-,33.95573,-116.94692,RIVERSIDE,BEAUMONT,-116.94690127,33.95311742
8383495,2017,2017-06-08,3308,2017-04-18,0842,10620,517,2,5,5,3308,0,0,0,NA,0,NORTH,BUENA VISTA ST,LATHAM AV,0,NA,Y,A,-,N,NA,NA,NA,NA,NA,NA,NA,NA,NA,Y,4,0,2,2,A,-,09,21800,A,N,D,C,A,A,H,-,A,A,0,NA,NA,NA,NA,Y,NA,A,07,0,0,2,0,0,0,0,0,0,-,-,NA,NA,RIVERSIDE,HEMET,-116.96735007,33.74937005
8385184,2017,2017-07-07,3313,2017-06-23,1647,1523,5,5,5,7,3313,0,0,0,NA,0,M22,ARLINGTON AV,TYLER ST,404,W,N,A,-,N,NA,NA,NA,NA,NA,NA,NA,NA,NA,Y,3,0,3,4,A,-,09,21801,A,N,D,C,A,A,H,-,A,A,0,NA,NA,NA,NA,Y,NA,A,01,0,1,2,0,0,0,0,0,0,-,-,NA,NA,RIVERSIDE,RIVERSIDE,-117.47894773,33.94659993
8385489,2017,2017-07-07,3300,2017-06-01,1920,5041,84C6,4,5,3,3305,0,0,0,NA,0,084,AVE 48,TYLER ST,1115,E,N,A,-,N,NA,NA,NA,NA,NA,NA,NA,NA,NA,Y,4,0,1,1,A,-,03,22350,NA,N,F,A,A,A,A,-,A,D,0,NA,NA,Y,NA,Y,NA,C,03,0,0,1,0,0,0,0,0,1,-,-,NA,NA,RIVERSIDE,COACHELLA,-116.1604809,33.7003291
8386001,2017,2017-07-10,3313,2017-06-17,1248,1831,1,6,5,7,3313,0,0,0,NA,0,2R19,FAIRMOUNT BL,5TH ST,175,N,N,A,-,N,NA,NA,NA,NA,NA,NA,NA,NA,NA,N,4,0,1,2,A,-,09,21804,A,N,H,G,A,A,H,-,A,A,0,NA,Y,NA,NA,Y,NA,L,04,0,0,1,0,0,0,1,0,0,-,-,33.98601,-117.375,RIVERSIDE,RIVERSIDE,-117.3746542,33.98642529
8386431,2017,2018-04-24,3300,2017-06-01,0846,4283,43A2,4,5,3,3392,0,0,0,NA,0,043,EISENHOWER DR,CALLE SONORA,0,NA,Y,A,-,Y,RIV,8,74,-,-,13.12,I,5,E,Y,3,0,2,2,A,-,09,21802,A,N,D,C,A,A,H,-,A,A,0,NA,NA,NA,NA,Y,NA,A,01,0,2,0,0,0,0,0,0,0,-,-,33.66895,-116.30803,RIVERSIDE,LA QUINTA,-117.37773749,33.67217806
8386718,2017,2018-02-27,3313,2017-06-05,1304,1779,1,1,5,7,3313,0,0,0,NA,0,T49,MAIN ST,OAKLEY AV,0,NA,Y,A,-,Y,RIV,8,60,-,-,11.584,R,4,W,N,4,0,1,2,A,-,12,21453,A,N,D,C,A,A,H,-,A,A,0,NA,NA,NA,NA,Y,NA,A,01,0,0,1,0,0,0,0,0,0,-,-,33.99675,-117.36454,RIVERSIDE,RIVERSIDE,-117.36704164,33.99750736
8386782,2017,2018-04-18,3308,2017-05-28,2228,10379,515,7,5,5,3308,0,0,0,NA,0,SOUTH,FLORIDA AV,SANDERSON AV,491,E,N,A,-,Y,RIV,8,74,-,-,38.58,H,-,E,N,4,0,1,2,A,-,09,21804,A,N,G,B,D,A,H,-,C,D,0,Y,NA,NA,NA,Y,Y,A,01,0,0,1,0,1,0,0,0,0,-,-,33.74763,-117.00664,RIVERSIDE,HEMET,-117.00489058,33.74731992
8389224,2017,2017-09-01,3313,2017-06-06,1725,1523,5,2,5,7,3313,0,0,0,NA,0,M22,LA SIERRA AV,VICTORIA AV,224,N,N,A,-,N,NA,NA,NA,NA,NA,NA,NA,NA,NA,Y,4,0,2,4,A,-,03,22350,NA,N,C,C,A,A,H,-,A,A,0,NA,NA,NA,Y,Y,NA,G,27,0,0,2,0,0,0,0,0,0,-,-,NA,NA,RIVERSIDE,RIVERSIDE,-117.4638483,33.88845502
8389828,2017,2017-06-19,3300,2017-05-17,0005,N4722,910A,3,5,5,3335,0,0,0,NA,0,062,YNEZ RD,WAVERLY LN,85,N,N,A,-,N,NA,NA,NA,NA,NA,NA,NA,NA,NA,Y,4,0,1,2,A,-,12,22450,A,F,D,C,A,A,H,-,C,D,0,NA,NA,NA,NA,Y,NA,A,01,0,0,1,0,0,0,0,0,0,-,-,33.53794,-117.16785,RIVERSIDE,TEMECULA,-117.168197,33.538128
8392262,2017,2017-06-26,3300,2017-05-20,1145,4577,507D,6,5,5,3341,0,0,0,NA,0,057,NEWPORT RD,ANTELOPE RD,182,W,N,A,-,N,NA,NA,NA,NA,NA,NA,NA,NA,NA,N,4,0,1,2,A,-,04,21703,NA,F,C,C,A,A,H,-,A,A,0,NA,NA,NA,Y,Y,NA,F,26,0,0,1,0,0,0,0,0,0,-,-,NA,NA,RIVERSIDE,MENIFEE,-117.1678263,33.68509539