CASE_ID,ACCIDENT_YEAR,PROC_DATE,JURIS,COLLISION_DATE,COLLISION_TIME,OFFICER_ID,REPORTING_DISTRICT,DAY_OF_WEEK,CHP_SHIFT,POPULATION,CNTY_CITY_LOC,SPECIAL_COND,BEAT_TYPE,CHP_BEAT_TYPE,CITY_DIVISION_LAPD,CHP_BEAT_CLASS,BEAT_NUMBER,PRIMARY_RD,SECONDARY_RD,DISTANCE,DIRECTION,INTERSECTION,WEATHER_1,WEATHER_2,STATE_HWY_IND,CALTRANS_COUNTY,CALTRANS_DISTRICT,STATE_ROUTE,ROUTE_SUFFIX,POSTMILE_PREFIX,POSTMILE,LOCATION_TYPE,RAMP_INTERSECTION,SIDE_OF_HWY,TOW_AWAY,COLLISION_SEVERITY,NUMBER_KILLED,NUMBER_INJURED,PARTY_COUNT,PRIMARY_COLL_FACTOR,PCF_CODE_OF_VIOL,PCF_VIOL_CATEGORY,PCF_VIOLATION,PCF_VIOL_SUBSECTION,HIT_AND_RUN,TYPE_OF_COLLISION,MVIW,PED_ACTION,ROAD_SURFACE,ROAD_COND_1,ROAD_COND_2,LIGHTING,CONTROL_DEVICE,CHP_ROAD_TYPE,PEDESTRIAN_ACCIDENT,BICYCLE_ACCIDENT,MOTORCYCLE_ACCIDENT,TRUCK_ACCIDENT,NOT_PRIVATE_PROPERTY,ALCOHOL_INVOLVED,STWD_VEHTYPE_AT_FAULT,CHP_VEHTYPE_AT_FAULT,COUNT_SEVERE_INJ,COUNT_VISIBLE_INJ,COUNT_COMPLAINT_PAIN,COUNT_PED_KILLED,COUNT_PED_INJURED,COUNT_BICYCLIST_KILLED,COUNT_BICYCLIST_INJURED,COUNT_MC_KILLED,COUNT_MC_INJURED,PRIMARY_RAMP,SECONDARY_RAMP,LATITUDE,LONGITUDE,COUNTY,CITY,POINT_X,POINT_Y
8615660,2018,2018-08-28,3311,2018-04-05,1433,16128,3211,4,5,4,3311,0,0,0,NA,0,001,RT 111,SAN RAFAEL RD,21,N,N,A,-,Y,RIV,8,111,-,-,54.965,H,-,N,N,4,0,1,2,A,-,03,22350,NA,N,C,C,A,A,H,-,A,A,0,NA,NA,NA,NA,Y,NA,A,07,0,0,1,0,0,0,0,0,0,-,-,33.858341217041016,-116.55738830566406,RIVERSIDE,PALM SPRINGS,-116.55754089355467,33.85845947265625
8617516,2018,2018-05-23,3300,2018-04-28,1338,5178,508C,6,5,5,3341,0,0,0,NA,0,058,SCOTT RD,TUCKER RD,0,NA,Y,B,-,N,NA,NA,NA,NA,NA,NA,NA,NA,NA,Y,2,0,3,4,A,-,08,22107,NA,N,B,C,A,A,H,-,A,D,0,NA,NA,NA,NA,Y,NA,A,07,1,0,2,0,0,0,0,0,0,-,-,33.64146041870117,-117.19766235351563,RIVERSIDE,MENIFEE,-117.19744873046876,33.6415901184082
8619394,2018,2018-05-22,3300,2018-02-13,1125,4900,002E,2,5,6,3345,0,0,0,NA,0,022,VINTAGE PL,PHILADELPHIA AV,32,S,N,A,-,N,NA,NA,NA,NA,NA,NA,NA,NA,NA,N,4,0,1,2,A,-,03,22350,NA,N,C,C,A,A,H,-,A,A,0,NA,NA,NA,NA,Y,NA,A,01,0,0,1,0,0,0,0,0,0,-,-,NA,NA,RIVERSIDE,JURUPA VALLEY,-117.50505065917967,34.03339385986328
8619475,2018,2018-05-23,3311,2018-04-29,1315,16061,3311,7,5,4,3311,0,0,0,NA,0,006,RAMON RD,COMPADRE,266,W,N,A,-,N,NA,NA,NA,NA,NA,NA,NA,NA,NA,N,4,0,1,2,A,-,01,23152,G,N,C,C,A,A,H,-,A,A,0,NA,NA,NA,NA,Y,NA,A,01,0,0,1,0,0,0,0,0,0,-,-,NA,NA,RIVERSIDE,PALM SPRINGS,-116.5158920288086,33.816078186035156
8620899,2018,2018-05-24,3300,2018-04-04,1848,4546,910K,3,5,5,3335,0,0,0,NA,0,064,ESTERO ST,ORMSBY RD,0,NA,Y,A,-,N,NA,NA,NA,NA,NA,NA,NA,NA,NA,Y,4,0,1,1,A,-,01,23152,A,N,E,I,A,A,H,-,A,D,0,NA,NA,NA,NA,Y,Y,D,22,0,0,1,0,0,0,0,0,0,-,-,33.49504089355469,-117.13005065917967,RIVERSIDE,TEMECULA,-117.13001251220705,33.49517822265625
8620906,2018,2018-07-30,3300,2018-04-26,2050,5264,41B1,4,5,3,3392,0,0,0,NA,0,041,RT 111,LA PLAZA WAY,0,NA,Y,A,-,N,NA,NA,NA,NA,NA,NA,NA,NA,NA,Y,3,0,5,2,A,-,00,21543,C,N,D,C,A,A,H,-,C,A,0,NA,NA,NA,NA,Y,NA,A,01,0,1,4,0,0,0,0,0,0,-,-,NA,NA,RIVERSIDE,LA QUINTA,-116.39438629150392,33.721641540527344
8621114,2018,2018-05-22,3300,2018-04-19,0720,3500,904,4,5,5,3335,0,0,0,NA,0,072,PRIMROSE AV,RICHART CT,90,W,N,A,-,N,NA,NA,NA,NA,NA,NA,NA,NA,NA,Y,4,0,1,3,A,-,08,22107,NA,N,B,C,A,A,H,-,A,D,0,NA,NA,NA,NA,Y,NA,A,07,0,0,1,0,0,0,0,0,0,-,-,33.451690673828125,-117.08950805664063,RIVERSIDE,TEMECULA,-117.08970642089844,33.45147705078125
8621530,2018,2018-05-30,3313,2018-04-29,0909,1756,W,7,5,7,3313,0,0,0,NA,0,2R41,RUTLAND AV,WELLS AV,312,N,N,A,-,N,NA,NA,NA,NA,NA,NA,NA,NA,NA,Y,4,0,1,4,A,-,08,22107,NA,M,A,E,A,A,H,-,A,D,0,NA,NA,NA,NA,Y,NA,A,01,0,0,1,0,0,0,0,0,0,-,-,33.933860778808594,-117.46604919433594,RIVERSIDE,RIVERSIDE,-117.46660614013672,33.934444427490234
8622675,2018,2018-06-06,3308,2018-05-02,1015,10610,545,3,5,5,3308,0,0,0,NA,0,SOUTH,STETSON AV,LYON AV,0,NA,Y,C,-,N,NA,NA,NA,NA,NA,NA,NA,NA,NA,Y,3,0,1,2,A,-,12,21453,A,N,D,C,A,B,H,-,A,A,0,NA,NA,NA,NA,Y,NA,D,22,0,1,0,0,0,0,0,0,0,-,-,33.72951126098633,-116.98902130126952,RIVERSIDE,HEMET,-116.98899841308594,33.729339599609375
8622736,2018,2018-06-04,3300,2018-05-02,1211,4767,501D,3,5,5,3341,0,0,0,NA,0,051,BRIGGS,WATSON,598,S,N,B,-,N,NA,NA,NA,NA,NA,NA,NA,NA,NA,N,4,0,1,2,A,-,08,22107,NA,N,D,C,A,A,H,-,A,D,0,NA,NA,NA,NA,Y,NA,A,01,0,0,1,0,0,0,0,0,0,-,-,NA,NA,RIVERSIDE,MENIFEE,-117.13651275634766,33.748741149902344
8623086,2018,2018-05-30,3308,2018-04-29,1253,10560,527,7,5,5,3308,0,0,0,NA,0,SOUTH,HARVARD ST,MAYBERRY AV,0,NA,Y,A,-,N,NA,NA,NA,NA,NA,NA,NA,NA,NA,Y,4,0,1,2,A,-,09,21802,A,N,D,C,A,A,H,-,A,A,0,NA,NA,NA,NA,Y,NA,A,01,0,0,1,0,0,0,0,0,0,-,-,33.740230560302734,-116.97048950195313,RIVERSIDE,HEMET,-116.97052001953124,33.74028015136719
8623552,2018,2018-05-30,3300,2018-04-20,0830,3528,604C5,5,5,6,3394,0,0,0,NA,0,MV44,KRAMERIA AV,SPIRIT RD,0,NA,Y,A,-,N,NA,NA,NA,NA,NA,NA,NA,NA,NA,Y,4,0,4,2,A,-,09,21802,A,N,D,C,A,A,H,-,A,D,0,NA,NA,NA,NA,Y,NA,A,01,0,0,4,0,0,0,0,0,0,-,-,NA,NA,RIVERSIDE,MORENO VALLEY,-117.20477294921876,33.881439208984375
8623861,2018,2018-07-31,3300,2018-04-24,2002,4007,905A,2,5,4,3307,0,0,0,NA,0,L95,RT 74,TRELLIS LN,0,NA,Y,A,-,N,NA,NA,74,NA,NA,NA,NA,NA,NA,Y,4,0,1,2,A,-,08,22101,D,N,B,C,A,A,H,-,C,A,0,NA,NA,NA,Y,Y,NA,A,07,0,0,1,0,0,0,0,0,0,-,-,33.70907974243164,-117.31887817382813,RIVERSIDE,LAKE ELSINORE,-117.31898498535156,33.709346771240234
8624002,2018,2018-05-23,3300,2018-03-13,1156,N4225,905H,2,5,4,3307,0,0,0,NA,0,L92,POTTERY ST,LINDSAY ST,11,E,N,A,-,N,NA,NA,NA,NA,NA,NA,NA,NA,NA,Y,4,0,1,2,A,-,09,21802,NA,N,D,C,A,A,H,-,A,D,0,NA,NA,NA,NA,Y,NA,A,01,0,0,1,0,0,0,0,0,0,-,-,NA,NA,RIVERSIDE,LAKE ELSINORE,-117.33159637451172,33.674991607666016
8624437,2018,2018-06-07,3309,2018-04-27,0030,370,3309,5,5,4,3309,0,0,0,NA,0,004,AVENUE 51,AVENUE 52,257,N,N,A,G,N,NA,NA,NA,NA,NA,NA,NA,NA,NA,N,4,0,1,3,A,-,01,23152,A,N,C,G,F,A,H,-,C,D,0,Y,Y,NA,NA,Y,Y,M,96,0,0,1,0,0,0,1,0,0,-,-,NA,NA,RIVERSIDE,INDIO,NA,NA
8625870,2018,2018-05-30,3313,2018-04-18,2229,1222,2,3,5,7,3313,0,0,0,NA,0,M36,VAN BUREN BL,BARTON ST,500,W,N,A,-,N,NA,NA,NA,NA,NA,NA,NA,NA,NA,Y,4,0,1,1,A,-,08,22107,NA,N,E,I,A,A,H,-,C,D,0,NA,NA,NA,NA,Y,Y,A,01,0,0,1,0,0,0,0,0,0,-,-,33.88808059692383,-117.31405639648438,RIVERSIDE,RIVERSIDE,-117.31546783447266,33.88859939575195
8625930,2018,2018-06-01,3313,2018-05-03,1634,1475,1,4,5,7,3313,0,0,0,NA,0,M19,CENTRAL AV,RIVERSIDE AV,189,E,N,A,-,N,NA,NA,NA,NA,NA,NA,NA,NA,NA,N,4,0,3,2,A,-,09,21801,A,N,D,C,A,A,H,-,A,A,0,NA,NA,NA,NA,Y,NA,A,07,0,0,3,0,0,0,0,0,0,-,-,33.95362854003906,-117.38780212402344,RIVERSIDE,RIVERSIDE,-117.38732147216795,33.95357894897461
8631169,2018,2018-06-07,3300,2018-05-08,0757,4614,WI800,2,5,3,3343,0,0,0,NA,0,080,BUNDY CANYON RD,EDISON POLE #4063977E,40,E,N,A,-,N,NA,NA,NA,NA,NA,NA,NA,NA,NA,Y,4,0,1,2,A,-,03,22350,NA,N,C,C,A,A,H,-,A,D,0,NA,NA,NA,NA,Y,NA,A,01,0,0,1,0,0,0,0,0,0,-,-,NA,NA,RIVERSIDE,WILDOMAR,NA,NA
8632324,2018,2018-06-18,3300,2018-05-22,2121,3552,916A,2,5,4,3312,0,0,0,NA,0,031,PERRIS BL,CITRUS AV,0,NA,Y,A,-,N,NA,NA,NA,NA,NA,NA,NA,NA,NA,Y,4,0,1,2,A,-,12,21453,A,N,A,C,A,A,H,-,C,A,0,NA,NA,NA,NA,Y,NA,-,-,0,0,1,0,0,0,0,0,0,-,-,33.80839920043945,-117.22605895996094,RIVERSIDE,PERRIS,-117.2260971069336,33.80830001831055
8632391,2018,2018-06-13,3300,2018-05-24,1605,N6567,916B,4,5,4,3312,0,0,0,NA,0,032,PERRIS BL,MILDRED ST,158,N,N,A,-,N,NA,NA,NA,NA,NA,NA,NA,NA,NA,Y,4,0,1,2,A,-,09,21801,A,N,D,C,A,A,H,-,A,D,0,NA,NA,NA,NA,Y,NA,D,22,0,0,1,0,0,0,0,0,0,-,-,33.79568862915039,-117.2261962890625,RIVERSIDE,PERRIS,-117.2260971069336,33.79606246948242
8632703,2018,2018-06-12,3300,2018-05-17,1301,4767,507 D,4,5,5,3341,0,0,0,NA,0,057,SCOTT,HAUN,1069,E,N,A,-,N,NA,NA,NA,NA,NA,NA,NA,NA,NA,N,4,0,1,2,A,-,03,22350,NA,N,D,C,A,A,H,-,A,D,0,NA,NA,NA,NA,Y,NA,A,01,0,0,1,0,0,0,0,0,0,-,-,NA,NA,RIVERSIDE,MENIFEE,-117.172119140625,33.64154052734375
8633163,2018,2018-06-15,3300,2018-05-08,1619,3747,001G,2,5,6,3345,0,0,0,NA,0,014,MISSION BL,RIVERVIEW DR,0,NA,Y,A,-,N,NA,NA,NA,NA,NA,NA,NA,NA,NA,Y,4,0,2,2,A,-,12,21453,A,N,D,C,A,A,H,-,A,A,0,NA,NA,NA,NA,Y,NA,A,01,0,0,2,0,0,0,0,0,0,-,-,33.99974060058594,-117.41249084472656,RIVERSIDE,JURUPA VALLEY,-117.41252899169922,33.999671936035156
8634643,2018,2018-06-11,3300,2018-03-01,0457,4179,800B,4,5,3,3343,0,0,0,NA,0,080,GRAPE ST,VICTORIAN LN,205,E,N,A,-,N,NA,NA,NA,NA,NA,NA,NA,NA,NA,N,3,0,1,2,A,-,11,21956,NA,N,G,B,E,A,H,-,D,D,0,Y,NA,NA,NA,Y,NA,N,60,0,1,0,0,1,0,0,0,0,-,-,NA,NA,RIVERSIDE,WILDOMAR,-117.27963256835938,33.637168884277344
8635309,2018,2018-06-20,3313,2018-06-05,1739,1772,2,2,5,7,3313,0,0,0,NA,0,T45,IOWA AV,MASSACHUSETTS AV,222,N,N,A,-,N,NA,NA,NA,NA,NA,NA,NA,NA,NA,Y,4,0,2,3,A,-,03,22350,NA,N,C,C,A,A,H,-,A,A,0,NA,NA,NA,NA,Y,NA,A,01,0,0,2,0,0,0,0,0,0,-,-,33.98667907714844,-117.33998107910156,RIVERSIDE,RIVERSIDE,-117.33988189697266,33.987239837646484
8635353,2018,2018-06-21,3313,2018-06-04,1720,1762,1,1,5,7,3313,0,0,0,NA,0,T44,COLUMBIA AV,MAIN ST,0,NA,Y,A,-,N,NA,NA,NA,NA,NA,NA,NA,NA,NA,N,4,0,1,2,A,-,09,21453,B,N,H,G,A,A,H,-,A,A,0,NA,Y,NA,NA,Y,NA,A,01,0,0,1,0,0,0,1,0,0,-,-,34.00682830810547,-117.36380004882813,RIVERSIDE,RIVERSIDE,-117.36376953125,34.00669860839844
8635410,2018,2018-06-25,3313,2018-05-30,1816,1202,4,3,5,7,3313,0,0,0,NA,0,M30,INDIANA AV,MADISON ST,717,E,N,A,-,N,NA,NA,NA,NA,NA,NA,NA,NA,NA,N,4,0,1,2,A,-,05,21650,1,N,H,G,A,A,H,-,A,D,0,NA,Y,NA,NA,Y,NA,L,04,0,0,1,0,0,0,1,0,0,-,-,33.93539047241211,-117.40444183349608,RIVERSIDE,RIVERSIDE,-117.40242004394533,33.936302185058594
8637607,2018,2018-06-18,3311,2018-05-26,0828,15911,3311,6,5,4,3311,0,0,0,NA,0,BIK,BELARDO RD,RAMON RD,2,W,N,A,-,N,NA,NA,NA,NA,NA,NA,NA,NA,NA,N,3,0,1,2,A,-,07,21658,A,N,B,G,A,A,H,-,A,D,0,NA,Y,NA,NA,Y,NA,A,01,0,1,0,0,0,0,1,0,0,-,-,33.815860748291016,-116.54785919189452,RIVERSIDE,PALM SPRINGS,-116.54788970947266,33.81584167480469
8637921,2018,2018-08-01,3300,2018-05-15,0830,4430,30D1,2,5,4,3318,0,0,0,NA,0,MO874,RT 111,FRED WARING DR,0,NA,Y,A,-,N,NA,NA,NA,NA,NA,NA,NA,NA,NA,N,2,0,1,2,A,-,12,21453,A,N,D,C,A,A,H,-,A,A,0,NA,NA,NA,NA,Y,NA,D,22,1,0,0,0,0,0,0,0,0,-,-,33.72863006591797,-116.40290832519533,RIVERSIDE,PALM DESERT,-116.40300750732422,33.72861099243164
8638904,2018,2018-08-20,3311,2018-05-20,1744,15648,NA,7,5,4,3311,0,0,0,NA,0,004,RT 111,TACHEVAH DR,110,N,N,A,-,Y,RIV,8,111,-,T,51.12,H,-,N,Y,3,0,1,1,A,-,07,21658,A,N,E,I,A,A,H,-,A,D,0,NA,NA,NA,NA,Y,Y,A,01,0,1,0,0,0,0,0,0,0,-,-,33.83760070800781,-116.50617218017578,RIVERSIDE,PALM SPRINGS,-116.50623321533205,33.838157653808594
8639358,2018,2018-08-20,3302,2018-05-30,1435,764,3302,3,5,3,3302,0,0,0,NA,0,003,BEAUMONT AV,1ST ST,0,NA,Y,A,-,Y,RIV,8,79,-,-,40.08,I,5,N,Y,3,0,3,3,A,-,12,21453,A,N,D,C,A,A,H,-,A,A,0,NA,NA,NA,NA,Y,NA,A,01,0,1,2,0,0,0,0,0,0,-,-,33.92169952392578,-116.9771728515625,RIVERSIDE,BEAUMONT,-116.97714996337892,33.921634674072266
8640362,2018,2018-06-25,3315,2018-06-11,1606,002504,13B,1,5,6,3315,0,0,0,NA,0,003,GREGORY CIR,KELLOGG AV,30,W,N,A,-,N,NA,NA,NA,NA,NA,NA,NA,NA,NA,Y,4,0,1,1,A,-,03,22350,NA,N,B,I,A,A,H,-,A,D,0,NA,NA,NA,NA,Y,NA,A,01,0,0,1,0,0,0,0,0,0,-,-,NA,NA,RIVERSIDE,CORONA,-117.56136322021484,33.846370697021484
8640389,2018,2018-06-27,3300,2018-06-07,1743,N5541,43A2,4,5,3,3392,0,0,0,NA,0,043,AVENIDA RAMIREZ,CALLE DURANGO,14,N,N,A,-,N,NA,NA,NA,NA,NA,NA,NA,NA,NA,Y,4,0,1,2,A,-,09,21802,A,N,D,C,A,A,H,-,A,D,0,NA,NA,NA,NA,Y,NA,A,01,0,0,1,0,0,0,0,0,0,-,-,NA,NA,RIVERSIDE,LA QUINTA,-116.3115234375,33.670738220214844
8641709,2018,2018-06-26,3313,2018-06-03,1318,1702,4,7,5,7,3313,0,0,0,NA,0,2R47,VAN BUREN BL,GARFIELD ST,5,S,N,A,-,N,NA,NA,NA,NA,NA,NA,NA,NA,NA,Y,2,0,1,2,A,-,01,23152,A,F,C,C,A,A,H,-,A,A,0,NA,NA,NA,NA,Y,Y,A,01,1,0,0,0,0,0,0,0,0,-,-,33.92354965209961,-117.44921875,RIVERSIDE,RIVERSIDE,-117.44915771484376,33.92348861694336
8644581,2018,2018-06-26,3300,2018-03-15,0540,N4883,002A,4,5,6,3345,0,0,0,NA,0,020,COUNTRY VILLAGE RD,GRANITE HILL DR,24,S,N,C,-,N,NA,NA,NA,NA,NA,NA,NA,NA,NA,Y,4,0,1,2,A,-,09,21802,A,N,D,C,A,B,H,-,B,A,0,NA,NA,Y,NA,Y,NA,A,08,0,0,1,0,0,0,0,0,1,-,-,34.020320892333984,-117.50702667236328,RIVERSIDE,JURUPA VALLEY,-117.5073471069336,34.02016830444336
8645707,2018,2019-05-07,3313,2018-06-14,1235,1537,4,4,5,7,3313,0,0,0,NA,0,M16,ARLINGTON AV,HILLSIDE AV,70,E,N,A,-,N,NA,NA,NA,NA,NA,NA,NA,NA,NA,N,4,0,1,3,A,-,03,22350,NA,M,C,C,A,A,H,-,A,A,0,NA,NA,NA,NA,Y,NA,A,01,0,0,1,0,0,0,0,0,0,-,-,NA,NA,RIVERSIDE,RIVERSIDE,-117.43163299560548,33.94594955444336
8646652,2018,2018-07-03,3308,2018-06-11,1709,10670,547,1,5,5,3308,0,0,0,NA,0,SOUTH,STETSON AV,BUENA VISTA ST,0,NA,Y,A,-,N,NA,NA,NA,NA,NA,NA,NA,NA,NA,Y,3,0,2,2,A,-,09,21801,A,N,A,C,A,A,H,-,A,A,0,NA,NA,NA,NA,Y,NA,A,01,0,1,1,0,0,0,0,0,0,-,-,33.72938919067383,-116.9672622680664,RIVERSIDE,HEMET,-116.96720123291016,33.72941970825195
8648033,2017,2019-04-10,3300,2017-11-14,2113,3747,001A,2,5,6,3345,0,0,0,NA,0,010,RUBIDOUX BL,PRODUCTION CIR,566,N,N,A,-,N,NA,NA,NA,NA,NA,NA,NA,NA,NA,Y,1,1,1,3,A,-,05,21650,NA,N,A,C,A,A,H,-,D,D,0,NA,NA,NA,NA,Y,Y,A,01,0,0,1,0,0,0,0,0,0,-,-,34.02362,-117.38984,RIVERSIDE,JURUPA VALLEY,-117.3900156,34.02533627
8648222,2018,2018-10-12,3308,2018-05-16,2216,10470,507,3,5,5,3308,0,0,0,NA,0,NORTH,SAN JACINTO ST,MENLO AV,504,S,N,A,-,N,NA,NA,NA,NA,NA,NA,NA,NA,NA,Y,1,1,0,2,A,-,11,21955,NA,N,G,B,D,A,H,-,D,A,0,Y,NA,NA,NA,Y,NA,N,60,0,0,0,1,0,0,0,0,0,-,-,33.75838851928711,-116.95873260498048,RIVERSIDE,HEMET,-116.95867919921876,33.75709915161133
8648310,2018,2020-05-26,3325,2018-08-26,2110,558,DESER,7,5,4,3325,0,0,0,NA,0,002,RAMON RD,CANDLEWOOD DR,121,E,N,A,-,N,NA,NA,NA,NA,NA,NA,NA,NA,NA,Y,1,1,0,2,A,-,00,21945,A,N,A,B,D,A,H,-,C,A,0,Y,NA,NA,NA,Y,Y,N,60,0,0,0,1,0,0,0,0,0,-,-,NA,NA,RIVERSIDE,CATHEDRAL CITY,-116.47301483154295,33.81583786010742
8648509,2018,2020-05-26,3311,2018-12-13,1925,10987,NA,4,5,4,3311,0,0,0,NA,0,004,RT 111,TAMARISK RD,400,N,N,A,-,Y,RIV,8,111,-,T,51,H,-,S,Y,1,1,1,1,A,-,07,21658,A,N,F,I,A,A,H,-,C,A,0,NA,NA,NA,NA,Y,Y,D,22,1,0,0,0,0,0,0,0,0,-,-,33.83409118652344,-116.5039291381836,RIVERSIDE,PALM SPRINGS,-116.5058822631836,33.83645248413086
8648556,2018,2019-01-25,3325,2018-09-16,1701,545C,DESER,7,5,4,3325,0,0,0,NA,0,001,DATE PALM DR,GERALD FORD DR,56,S,N,A,-,N,NA,NA,NA,NA,NA,NA,NA,NA,NA,Y,1,1,0,2,A,-,03,22350,NA,N,C,C,A,A,H,-,A,A,0,NA,NA,NA,Y,Y,NA,A,01,0,0,0,0,0,0,0,0,0,-,-,NA,NA,RIVERSIDE,CATHEDRAL CITY,-116.45817565917967,33.786773681640625
8649149,2018,2018-07-19,3311,2018-07-02,0652,15842,NA,1,5,4,3311,0,0,0,NA,0,001,INDIAN CANYON DR N,RACQUET CLUB RD,0,NA,Y,A,-,N,NA,NA,NA,NA,NA,NA,NA,NA,NA,Y,3,0,3,3,A,-,12,21453,A,N,D,C,A,A,H,-,A,A,0,NA,NA,NA,NA,Y,NA,A,01,0,2,1,0,0,0,0,0,0,-,-,33.85205078125,-116.54557800292967,RIVERSIDE,PALM SPRINGS,-116.54556274414063,33.85211181640625
8652222,2018,2018-08-23,3308,2018-06-11,0109,10530,514,1,5,5,3308,0,0,0,NA,0,NORTH,FLORIDA AV,SANDERSON AV,38,E,N,A,-,Y,RIV,8,74,-,-,38.49,H,-,W,Y,3,0,2,2,A,-,12,21453,A,N,C,C,A,A,H,-,C,A,0,NA,NA,NA,NA,Y,NA,A,01,0,1,1,0,0,0,0,0,0,-,-,33.74763107299805,-117.0066375732422,RIVERSIDE,HEMET,-117.00645446777344,33.74745559692383
8653098,2018,2018-07-06,3300,2018-06-05,1330,5166,916D,2,5,4,3312,0,0,0,NA,0,035,6TH ST,B ST,0,NA,Y,A,-,N,NA,NA,NA,NA,NA,NA,NA,NA,NA,Y,3,0,2,2,A,-,12,22450,A,N,D,C,A,A,H,-,A,A,0,NA,NA,NA,NA,Y,NA,A,07,0,1,1,0,0,0,0,0,0,-,-,NA,NA,RIVERSIDE,PERRIS,-117.23226165771484,33.78023910522461
8653174,2018,2018-07-05,3300,2018-06-20,1729,5166,506E,3,5,5,3341,0,0,0,NA,0,056,NEWPORT DR,EVANS RD,230,W,N,A,-,N,NA,NA,NA,NA,NA,NA,NA,NA,NA,N,3,0,1,2,A,-,05,21650,1,N,G,G,A,A,H,-,A,D,0,NA,Y,NA,NA,Y,NA,L,04,0,1,0,0,0,0,1,0,0,-,-,NA,NA,RIVERSIDE,MENIFEE,-117.19805145263672,33.68505096435547
8653323,2018,2018-07-11,3313,2018-06-10,1240,1702,4,7,5,7,3313,0,0,0,NA,0,2R47,VAN BUREN BL,LINCOLN AV,110,S,N,A,-,N,NA,NA,NA,NA,NA,NA,NA,NA,NA,N,4,0,2,3,A,-,03,22350,NA,N,C,C,A,A,H,-,A,A,0,NA,NA,NA,NA,Y,NA,A,01,0,0,2,0,0,0,0,0,0,-,-,33.9079704284668,-117.4362335205078,RIVERSIDE,RIVERSIDE,-117.43622589111328,33.90761947631836
8653662,2017,2018-07-13,3325,2017-12-22,1837,530C,DESER,5,5,4,3325,0,0,0,NA,0,002,RAMON RD,CROSSLEY RD,300,E,N,A,-,N,NA,NA,NA,NA,NA,NA,NA,NA,NA,Y,4,0,1,3,A,-,01,23152,NA,N,C,C,A,A,H,-,C,A,0,NA,NA,NA,NA,Y,Y,D,22,0,0,1,0,0,0,0,0,0,-,-,NA,NA,RIVERSIDE,CATHEDRAL CITY,-116.48328641,33.8158638
8658311,2018,2018-08-31,3301,2018-06-14,2043,U467,23,4,5,4,3301,0,0,0,NA,0,002,8TH ST,COTTONWOOD,57,S,N,A,-,N,NA,NA,NA,NA,NA,NA,NA,NA,NA,N,4,0,1,2,A,-,08,22107,NA,N,C,E,A,A,H,-,C,D,0,NA,NA,NA,NA,Y,NA,A,01,0,0,1,0,0,0,0,0,0,-,-,33.092979431152344,-116.88545989990234,RIVERSIDE,BANNING,-116.88545989990234,33.929664611816406
8658779,2018,2018-10-30,3300,2018-06-25,1118,5180,916B,1,5,4,3312,0,0,0,NA,0,032,NUEVO RD,RT 215,0,NA,Y,A,-,Y,RIV,8,215,-,R,27.684,R,4,N,Y,3,0,1,2,A,-,12,21453,A,N,D,C,A,A,H,-,A,A,0,NA,NA,NA,NA,Y,NA,D,22,0,1,0,0,0,0,0,0,0,-,NF,33.4810791015625,-117.135498046875,RIVERSIDE,PERRIS,-117.23204040527344,33.799556732177734
8658973,2018,2018-07-16,3300,2018-06-08,0940,N3672,916C,5,5,4,3312,0,0,0,NA,0,034,4TH ST,A ST,5,E,N,A,-,N,NA,NA,NA,NA,NA,NA,NA,NA,NA,N,4,0,1,2,A,-,07,21658,A,N,B,C,A,A,H,-,A,A,0,NA,NA,NA,NA,Y,NA,A,07,0,0,1,0,0,0,0,0,0,-,-,33.7823600769043,-117.23475646972656,RIVERSIDE,PERRIS,-117.2347412109375,33.7823486328125
8659159,2018,2018-07-26,3300,2018-06-27,1928,N3373,910S,3,5,5,3335,0,0,0,NA,0,070,TEMECULA PKWY,COUNTRY GLEN WY,40,W,N,A,-,N,NA,NA,NA,NA,NA,NA,NA,NA,NA,N,4,0,1,2,A,-,03,22350,NA,N,C,C,A,A,H,-,A,A,0,NA,NA,NA,NA,Y,NA,A,01,0,0,1,0,0,0,0,0,0,-,-,NA,NA,RIVERSIDE,TEMECULA,-117.1057357788086,33.479148864746094
8659276,2018,2018-07-23,3313,2018-07-07,0219,1783,4,6,5,7,3313,0,0,0,NA,0,1R41,COLORADO AV,VAN BUREN BL,875,E,N,A,-,N,NA,NA,NA,NA,NA,NA,NA,NA,NA,Y,3,0,1,2,A,-,01,23152,A,N,C,E,A,A,H,-,C,D,0,NA,NA,NA,NA,Y,Y,A,01,0,1,0,0,0,0,0,0,0,-,-,33.934410095214844,-117.45395660400392,RIVERSIDE,RIVERSIDE,-117.45156097412108,33.93570327758789
8659788,2018,2018-07-16,3313,2018-06-22,1159,1686,4,5,5,7,3313,0,0,0,NA,0,T58,MAGNOLIA AV,OVERLAND ST,0,NA,Y,A,-,N,NA,NA,NA,NA,NA,NA,NA,NA,NA,Y,3,0,1,2,A,-,09,21801,A,N,D,C,A,A,H,-,A,A,0,NA,NA,NA,NA,Y,NA,A,01,0,1,0,0,0,0,0,0,0,-,-,33.9269905090332,-117.43475341796876,RIVERSIDE,RIVERSIDE,-117.43473815917967,33.92713928222656