CASE_ID,ACCIDENT_YEAR,PROC_DATE,JURIS,COLLISION_DATE,COLLISION_TIME,OFFICER_ID,REPORTING_DISTRICT,DAY_OF_WEEK,CHP_SHIFT,POPULATION,CNTY_CITY_LOC,SPECIAL_COND,BEAT_TYPE,CHP_BEAT_TYPE,CITY_DIVISION_LAPD,CHP_BEAT_CLASS,BEAT_NUMBER,PRIMARY_RD,SECONDARY_RD,DISTANCE,DIRECTION,INTERSECTION,WEATHER_1,WEATHER_2,STATE_HWY_IND,CALTRANS_COUNTY,CALTRANS_DISTRICT,STATE_ROUTE,ROUTE_SUFFIX,POSTMILE_PREFIX,POSTMILE,LOCATION_TYPE,RAMP_INTERSECTION,SIDE_OF_HWY,TOW_AWAY,COLLISION_SEVERITY,NUMBER_KILLED,NUMBER_INJURED,PARTY_COUNT,PRIMARY_COLL_FACTOR,PCF_CODE_OF_VIOL,PCF_VIOL_CATEGORY,PCF_VIOLATION,PCF_VIOL_SUBSECTION,HIT_AND_RUN,TYPE_OF_COLLISION,MVIW,PED_ACTION,ROAD_SURFACE,ROAD_COND_1,ROAD_COND_2,LIGHTING,CONTROL_DEVICE,CHP_ROAD_TYPE,PEDESTRIAN_ACCIDENT,BICYCLE_ACCIDENT,MOTORCYCLE_ACCIDENT,TRUCK_ACCIDENT,NOT_PRIVATE_PROPERTY,ALCOHOL_INVOLVED,STWD_VEHTYPE_AT_FAULT,CHP_VEHTYPE_AT_FAULT,COUNT_SEVERE_INJ,COUNT_VISIBLE_INJ,COUNT_COMPLAINT_PAIN,COUNT_PED_KILLED,COUNT_PED_INJURED,COUNT_BICYCLIST_KILLED,COUNT_BICYCLIST_INJURED,COUNT_MC_KILLED,COUNT_MC_INJURED,PRIMARY_RAMP,SECONDARY_RAMP,LATITUDE,LONGITUDE,COUNTY,CITY,POINT_X,POINT_Y
8845181,2019,2019-05-16,3300,2019-04-07,1510,N2659,30J1,7,5,4,3318,0,0,0,NA,0,030,RT 111,CABRILLO,30,E,N,A,-,N,NA,NA,NA,NA,NA,NA,NA,NA,NA,Y,4,0,1,2,A,-,03,22350,A,N,-,C,A,A,H,-,A,A,0,NA,NA,NA,NA,Y,NA,A,01,0,0,1,0,0,0,0,0,0,-,-,NA,NA,RIVERSIDE,PALM DESERT,-116.37071990966795,33.72138214111328
8847007,2019,2019-05-30,3342,2019-02-01,0715,898,198,5,5,4,3342,0,0,0,NA,0,00B,MADISON AV,LOS ALAMOS RD,0,NA,N,B,-,N,NA,NA,NA,NA,NA,NA,NA,NA,NA,N,4,0,1,2,D,-,00,NA,NA,M,D,G,A,A,H,-,A,A,0,NA,Y,NA,NA,Y,NA,-,-,0,0,1,0,0,0,1,0,0,-,-,33.55839157104492,-117.20146942138672,RIVERSIDE,MURRIETA,-117.20156860351563,33.55839920043945
8847196,2019,2019-05-16,3300,2019-04-05,2326,4867,603A4,5,5,6,3394,0,0,0,NA,0,MV32,INDIAN ST,CACTUS AV,0,NA,Y,A,-,N,NA,NA,NA,NA,NA,NA,NA,NA,NA,Y,3,0,2,2,A,-,03,22350,NA,N,C,C,A,A,H,-,C,A,0,NA,NA,NA,NA,Y,NA,D,22,0,1,1,0,0,0,0,0,0,-,-,33.909969329833984,-117.23489379882813,RIVERSIDE,MORENO VALLEY,-117.23496246337892,33.91004180908203
8848144,2019,2019-04-25,3311,2019-03-31,0650,16067,NA,7,5,4,3311,0,0,0,NA,0,003,E TAHQUITZ CANYON WY,N AVENIDA CABALLEROS,10,E,N,A,-,N,NA,NA,NA,NA,NA,NA,NA,NA,NA,N,2,0,1,2,A,-,10,21950,A,N,G,B,B,A,H,-,B,A,0,Y,NA,NA,NA,Y,NA,A,01,1,0,0,0,1,0,0,0,0,-,-,NA,NA,RIVERSIDE,PALM SPRINGS,-116.53692626953124,33.82318115234375
8848944,2019,2019-05-01,3300,2019-04-03,1425,N4187,916A,3,5,4,3312,0,0,0,NA,0,032,METZ RD,PERRIS BL,0,NA,Y,A,-,N,NA,NA,NA,NA,NA,NA,NA,NA,NA,N,4,0,1,2,A,-,05,21650,1,N,D,G,A,A,H,-,A,A,0,NA,Y,NA,NA,Y,NA,L,04,0,0,1,0,0,0,1,0,0,-,-,33.79386901855469,-117.22622680664063,RIVERSIDE,PERRIS,-117.2261199951172,33.793800354003906
8848956,2019,2019-05-01,3300,2019-04-17,1458,4713,910E,3,5,5,3335,0,0,0,NA,0,061,JEFFERSON AV,WINCHESTER RD,672,N,N,A,-,N,NA,NA,NA,NA,NA,NA,NA,NA,NA,Y,4,0,1,2,A,-,09,21801,A,N,D,C,A,A,H,-,A,A,0,NA,NA,NA,NA,Y,NA,A,01,0,0,1,0,0,0,0,0,0,-,-,NA,NA,RIVERSIDE,TEMECULA,-117.16641998291016,33.52235794067383
8849127,2019,2019-05-17,3300,2019-04-05,1203,3031,41C2,5,5,3,3392,0,0,0,NA,0,LA41,DUNE PALMS RD,RT 111,27,S,N,A,-,N,NA,NA,NA,NA,NA,NA,NA,NA,NA,N,4,0,1,2,A,-,03,22350,NA,N,C,-,A,A,H,-,A,A,0,NA,NA,NA,NA,Y,NA,A,07,0,0,1,0,0,0,0,0,0,-,-,33.70743942260742,-116.27744293212892,RIVERSIDE,LA QUINTA,-116.27747344970705,33.707366943359375
8853313,2019,2019-05-11,3313,2019-04-11,1133,1026,4,4,5,7,3313,0,0,0,NA,0,T52,ADAMS ST,LINCOLN AV,456,N,N,A,-,N,NA,NA,NA,NA,NA,NA,NA,NA,NA,N,3,0,2,2,A,-,09,21804,A,N,D,C,A,A,H,-,A,D,0,NA,NA,NA,NA,Y,NA,A,07,0,2,0,0,0,0,0,0,0,-,-,33.920291900634766,-117.4142608642578,RIVERSIDE,RIVERSIDE,-117.41497039794922,33.92161560058594
8853322,2019,2019-05-11,3315,2019-04-23,0917,002504,3B,2,5,6,3315,0,0,0,NA,0,003,MAGNOLIA AV,ONTARIO AV,0,NA,Y,A,-,N,NA,NA,NA,NA,NA,NA,NA,NA,NA,N,4,0,1,2,A,-,03,22350,NA,N,C,C,A,A,H,-,A,A,0,NA,NA,NA,NA,Y,NA,A,01,0,0,1,0,0,0,0,0,0,-,-,NA,NA,RIVERSIDE,CORONA,-117.56153869628906,33.85493087768555
8853438,2019,2019-05-11,3313,2019-04-12,1839,1537,5,5,5,7,3313,0,0,0,NA,0,M16,HOLE AV,HEDRICK AV,0,NA,Y,A,-,N,NA,NA,NA,NA,NA,NA,NA,NA,NA,N,3,0,1,2,A,-,09,21802,A,N,D,C,A,A,H,-,A,A,0,NA,NA,NA,NA,Y,NA,A,07,0,1,0,0,0,0,0,0,0,-,-,33.91762924194336,-117.48133850097656,RIVERSIDE,RIVERSIDE,-117.4807586669922,33.917930603027344
8854060,2019,2019-08-26,3313,2019-05-01,0920,1971,5,3,5,7,3313,0,0,0,NA,0,T70,VAN BUREN BL,RT 91,135,N,N,A,-,Y,RIV,8,91,-,-,13.945,R,4,W,NA,4,0,1,3,A,-,03,22350,NA,N,C,C,A,A,H,-,A,A,0,NA,NA,NA,Y,Y,NA,A,01,0,0,1,0,0,0,0,0,0,-,-,33.91508102416992,-117.44245147705078,RIVERSIDE,RIVERSIDE,-117.4438934326172,33.91378402709961
8854645,2019,2019-05-15,3300,2019-04-23,2046,N4445,910L,2,5,5,3335,0,0,0,NA,0,064,BUTTERFIELD STAGE RD,PAUBA RD,0,NA,Y,A,-,N,NA,NA,NA,NA,NA,NA,NA,NA,NA,Y,4,0,1,2,A,-,12,21453,A,N,D,C,A,A,H,-,C,A,0,NA,NA,NA,NA,Y,Y,A,01,0,0,1,0,0,0,0,0,0,-,-,33.50812911987305,-117.0900421142578,RIVERSIDE,TEMECULA,-117.08989715576172,33.50822067260742
8855231,2019,2019-05-09,3313,2019-04-30,1947,1783,5,2,5,7,3313,0,0,0,NA,0,T40,RIVERWALK PKWY,COLLETT AV,40,N,N,A,-,N,NA,NA,NA,NA,NA,NA,NA,NA,NA,N,4,0,1,2,A,-,03,22350,NA,M,C,C,A,A,H,-,C,A,0,NA,NA,NA,NA,Y,NA,A,01,0,0,1,0,0,0,0,0,0,-,-,33.90610122680664,-117.93865203857422,RIVERSIDE,RIVERSIDE,-117.49414825439452,33.906124114990234
8856043,2019,2019-05-16,3300,2019-05-06,2110,5178,507B,1,5,5,3341,0,0,0,NA,0,057,NEWPORT RD,ANTELOPE RD,0,NA,Y,B,-,N,NA,NA,NA,NA,NA,NA,NA,NA,NA,Y,3,0,1,2,A,-,12,21453,A,N,A,C,A,A,H,-,C,A,0,NA,NA,NA,NA,Y,NA,A,01,0,1,0,0,0,0,0,0,0,-,-,33.68516159057617,-117.1672134399414,RIVERSIDE,MENIFEE,-117.16722869873048,33.685089111328125
8856504,2019,2019-05-15,3311,2019-04-18,2241,16175,NA,4,5,4,3311,0,0,0,NA,0,006,ESCOBA DR,BEVERLY DR,253,W,N,A,-,N,NA,NA,NA,NA,NA,NA,NA,NA,NA,Y,4,0,1,2,A,-,08,21460,5,N,D,C,A,A,H,-,C,D,0,NA,NA,NA,NA,Y,NA,A,01,0,0,1,0,0,0,0,0,0,-,-,33.801448822021484,-116.51287078857422,RIVERSIDE,PALM SPRINGS,-116.51368713378906,33.80136489868164
8856734,2019,2019-05-17,3300,2019-04-24,0807,4323,910S,3,5,5,3335,0,0,0,NA,0,070,BUTTERFIELD STAGE RD,TEMECULA PKWY,65,N,N,A,-,N,NA,NA,NA,NA,NA,NA,NA,NA,NA,Y,4,0,2,2,A,-,03,22350,NA,N,C,C,A,A,H,-,A,A,0,NA,NA,NA,NA,Y,NA,D,22,0,0,2,0,0,0,0,0,0,-,-,NA,NA,RIVERSIDE,TEMECULA,-117.07852,33.486308
8857679,2019,2019-05-31,3313,2019-04-16,1127,1427,5,2,5,7,3313,0,0,0,NA,0,2R41,VAN BUREN BL,SHOPPING CENTER DR,0,NA,Y,A,-,N,NA,NA,NA,NA,NA,NA,NA,NA,NA,Y,4,0,1,2,A,-,12,22450,A,F,C,C,A,A,H,-,A,A,0,NA,NA,NA,NA,Y,NA,D,22,0,0,1,0,0,0,0,0,0,-,-,NA,NA,RIVERSIDE,RIVERSIDE,NA,NA
8858882,2019,2019-05-24,3300,2019-04-25,1550,4363,S20C1,4,5,3,3317,0,0,0,NA,0,S20,RT 111,PAXTON DR,65,W,N,A,-,N,NA,NA,NA,NA,NA,NA,NA,NA,NA,Y,4,0,1,3,A,-,03,22350,NA,N,C,C,A,A,H,-,A,A,0,NA,NA,NA,NA,Y,NA,A,07,0,0,1,0,0,0,0,0,0,-,-,NA,NA,RIVERSIDE,RANCHO MIRAGE,-116.42568969726563,33.75011444091797
8860319,2019,2019-05-30,3311,2019-05-09,0651,15302,NA,4,5,4,3311,0,0,0,NA,0,004,GENE AUTRY TR,VIA ESCUELA,5280,N,N,A,-,N,NA,NA,NA,NA,NA,NA,NA,NA,NA,N,2,0,1,1,A,-,01,23152,F,N,F,A,A,A,H,-,A,D,0,NA,NA,NA,NA,Y,NA,A,01,1,0,0,0,0,0,0,0,0,-,-,33.848358154296875,-116.50579071044922,RIVERSIDE,PALM SPRINGS,-116.5058135986328,33.86296081542969
8860628,2019,2019-08-02,3313,2019-07-03,0731,1933,5,3,5,7,3313,0,0,0,NA,0,T70,DIANA AV,PARK SIERRA DR,18,E,N,A,-,N,NA,NA,NA,NA,NA,NA,NA,NA,NA,NA,4,0,1,2,A,-,09,21801,A,N,D,C,A,A,H,-,A,D,0,NA,NA,NA,NA,Y,NA,A,07,0,0,1,0,0,0,0,0,0,-,-,33.9009895324707,-117.47015380859376,RIVERSIDE,RIVERSIDE,-117.46931457519533,33.901390075683594
8862008,2019,2019-05-23,3300,2019-05-11,0941,3775,603B1,6,5,6,3394,0,0,0,NA,0,MV34,PERRIS BL,JOHNNY F KENNEDY DR,26,S,N,A,-,N,NA,NA,NA,NA,NA,NA,NA,NA,NA,N,4,0,1,2,A,-,08,22107,NA,N,B,C,A,A,H,-,A,A,0,NA,NA,NA,NA,Y,NA,A,01,0,0,1,0,0,0,0,0,0,-,-,33.93267822265625,-117.2265167236328,RIVERSIDE,MORENO VALLEY,-117.22630310058594,33.9026985168457
8862018,2019,2019-05-24,3300,2019-04-19,1842,4406,604A2,5,5,6,3394,0,0,0,NA,0,042,NASON ST,COTTONWOOD AV,0,NA,Y,A,-,N,NA,NA,NA,NA,NA,NA,NA,NA,NA,Y,3,0,1,1,A,-,08,22107,NA,N,E,I,A,A,H,-,A,A,0,NA,NA,NA,NA,Y,NA,A,01,0,1,0,0,0,0,0,0,0,-,-,33.924560546875,-117.19140625,RIVERSIDE,MORENO VALLEY,-117.1915283203125,33.92462158203125
8862988,2019,2019-06-03,3309,2019-05-22,1259,443,3309,3,5,4,3309,0,0,0,NA,0,002,PEPITO WY,AVE 43,90,N,N,A,-,N,NA,NA,NA,NA,NA,NA,NA,NA,NA,N,4,0,1,2,A,-,09,21804,A,N,D,C,A,A,H,-,A,A,0,NA,NA,NA,NA,Y,NA,A,01,0,0,1,0,0,0,0,0,0,-,-,NA,NA,RIVERSIDE,INDIO,-116.20372772216795,33.73694610595703
8868124,2019,2019-05-29,3313,2019-05-12,1716,1886,5,7,5,7,3313,0,0,0,NA,0,3R52,SKOFSTAD ST,MAGNOLIA AV,0,NA,Y,A,-,N,NA,NA,NA,NA,NA,NA,NA,NA,NA,NA,4,0,1,2,A,-,03,22350,NA,N,C,C,A,A,H,-,A,A,0,NA,NA,NA,NA,Y,NA,A,01,0,0,1,0,0,0,0,0,0,-,-,33.90427017211914,-117.47444915771484,RIVERSIDE,RIVERSIDE,-117.47463989257813,33.904510498046875
8868135,2019,2019-05-30,3300,2019-04-18,0748,N4225,905F,4,5,4,3307,0,0,0,NA,0,L92,GRAHAM AV,LINDSAY ST,15,W,N,A,-,N,NA,NA,NA,NA,NA,NA,NA,NA,NA,N,4,0,2,2,A,-,12,22450,A,N,D,C,A,A,H,-,A,D,0,NA,NA,NA,NA,Y,NA,A,01,0,0,2,0,0,0,0,0,0,-,-,33.669620513916016,-117.33379364013672,RIVERSIDE,LAKE ELSINORE,-117.3337631225586,33.669734954833984
8870171,2019,2019-06-04,3315,2019-05-06,1844,001874,3G,1,5,6,3315,0,0,0,NA,0,002,FULLERTON AV,BEVERLY RD,0,NA,Y,A,-,N,NA,NA,NA,NA,NA,NA,NA,NA,NA,N,3,0,1,2,A,-,01,23152,B,N,D,C,A,A,H,-,A,A,0,NA,NA,NA,NA,Y,Y,A,01,0,1,0,0,0,0,0,0,0,-,-,NA,NA,RIVERSIDE,CORONA,-117.5549774169922,33.86701965332031
8870183,2019,2019-06-04,3315,2019-05-17,2331,001338,NA,5,5,6,3315,0,0,0,NA,0,NA,LINCOLN AV,SHOPPING CENTER DR,0,NA,Y,A,-,N,NA,NA,NA,NA,NA,NA,NA,NA,NA,N,3,0,1,2,A,-,12,21453,A,N,D,C,A,A,H,-,C,A,0,NA,NA,NA,NA,Y,NA,A,01,0,1,0,0,0,0,0,0,0,-,-,33.87873840332031,-117.58303833007813,RIVERSIDE,CORONA,NA,NA
8870672,2019,2019-06-06,3313,2019-06-03,2340,1907,6,1,5,7,3313,0,0,0,NA,0,1R69,WELLS AV,HIERS AV,0,NA,Y,A,-,N,NA,NA,NA,NA,NA,NA,NA,NA,NA,NA,3,0,2,2,A,-,09,21802,A,N,B,C,A,A,H,-,C,A,0,NA,NA,NA,NA,Y,NA,A,01,0,2,0,0,0,0,0,0,0,-,-,33.919898986816406,-117.4848403930664,RIVERSIDE,RIVERSIDE,-117.48489379882813,33.92007064819336
8875498,2019,2020-01-27,3308,2019-04-30,2259,10727,516,2,5,5,3308,0,0,0,NA,0,SOUTH,LYON AV,FLORIDA AV,0,NA,Y,A,-,Y,RIV,8,74,-,-,39.588,I,5,E,Y,4,0,1,2,A,-,12,21453,A,N,D,C,A,A,H,-,C,A,0,NA,NA,NA,NA,Y,NA,A,07,0,0,1,0,0,0,0,0,0,-,-,33.74753952026367,-116.98918151855467,RIVERSIDE,HEMET,-116.98912048339844,33.74740219116211
8877658,2019,2019-06-13,3300,2019-05-24,0841,5266,001P,5,5,6,3345,0,0,0,NA,0,022,MISSION BL,RUBIDOUX BL,0,NA,Y,A,-,N,NA,NA,NA,NA,NA,NA,NA,NA,NA,N,4,0,1,3,A,-,03,22350,NA,N,C,C,A,A,H,-,A,A,0,NA,NA,NA,NA,Y,NA,A,01,0,0,1,0,0,0,0,0,0,-,-,NA,NA,RIVERSIDE,JURUPA VALLEY,-117.4072494506836,33.99700164794922
8878549,2019,2019-06-19,3313,2019-05-30,1818,1962,1,4,5,7,3313,0,0,0,NA,0,T47,MISSION INN AV,REDWOOD DR,0,NA,Y,A,-,N,NA,NA,NA,NA,NA,NA,NA,NA,NA,N,2,0,2,2,A,-,09,21801,A,N,D,D,A,A,H,-,A,A,0,NA,NA,NA,NA,Y,NA,A,01,1,1,0,0,0,0,0,0,0,-,-,33.98625183105469,-117.38308715820313,RIVERSIDE,RIVERSIDE,-117.38361358642578,33.98749923706055
8879825,2019,2019-06-18,3342,2019-03-19,0553,1019,445,2,5,4,3342,0,0,0,NA,0,00D,MURRIETA HOT SPRINGS RD,RT 15,29,W,N,A,-,N,NA,NA,NA,NA,NA,NA,NA,NA,NA,Y,3,0,1,1,A,-,08,22107,NA,N,E,I,A,A,H,-,C,D,0,NA,NA,NA,NA,Y,NA,A,01,0,1,0,0,0,0,0,0,0,-,NO,NA,NA,RIVERSIDE,MURRIETA,-117.19255828857422,33.554718017578125
8879925,2019,2019-06-18,3300,2019-06-04,1815,3552,916A,2,5,4,3312,0,0,0,NA,0,031,HARLEY KNOX BL,WESTERN WY,341,E,N,A,-,N,NA,NA,NA,NA,NA,NA,NA,NA,NA,Y,4,0,1,2,A,-,03,22350,NA,F,C,C,A,A,H,-,A,D,0,NA,NA,NA,NA,Y,NA,A,01,0,0,1,0,0,0,0,0,0,-,-,33.86281967163086,-117.25665283203124,RIVERSIDE,PERRIS,-117.25582122802734,33.862483978271484
8880505,2019,2020-08-31,3300,2019-05-30,1703,5266,001G,4,5,6,3345,0,0,0,NA,0,14B,PACIFIC AV,MISSION BL,0,NA,Y,A,-,N,NA,NA,NA,NA,NA,NA,NA,NA,NA,Y,4,0,1,3,A,-,09,21804,A,N,D,C,A,A,H,-,A,D,0,NA,NA,NA,NA,Y,NA,A,08,0,0,1,0,0,0,0,0,0,-,-,NA,NA,RIVERSIDE,JURUPA VALLEY,-117.42104339599608,34.00394821166992
8882938,2019,2019-07-10,3300,2019-05-30,1244,N4424,604C6,4,5,6,3394,0,0,0,NA,0,044,IRIS AV,GRANDE VISTA DR,0,NA,Y,A,-,N,NA,NA,NA,NA,NA,NA,NA,NA,NA,Y,4,0,1,2,A,-,12,21453,A,N,D,C,A,A,H,-,A,A,0,NA,NA,NA,NA,Y,NA,A,01,0,0,1,0,0,0,0,0,0,-,-,33.89521026611328,-117.19621276855467,RIVERSIDE,MORENO VALLEY,-117.19583129882813,33.89548873901367
8884465,2019,2019-07-17,3313,2019-06-06,1850,1537,5,4,5,7,3313,0,0,0,NA,0,M16,RIVERWALK PKWY,RALEY DR,100,N,N,A,-,N,NA,NA,NA,NA,NA,NA,NA,NA,NA,N,4,0,1,2,A,-,08,22107,NA,N,B,C,A,A,H,-,A,D,0,NA,NA,NA,NA,Y,NA,D,22,0,0,1,0,0,0,0,0,0,-,-,33.9080696105957,-117.49545288085938,RIVERSIDE,RIVERSIDE,-117.49545288085938,33.90835189819336
8884613,2019,2019-06-25,3300,2019-03-28,2349,4904,901B,4,5,4,3310,0,0,0,NA,0,050,4TH ST,VALLEY VIEW AV,465,E,N,A,-,N,NA,NA,NA,NA,NA,NA,NA,NA,NA,N,3,0,1,2,A,-,11,21954,A,N,G,B,E,A,H,-,D,D,0,Y,NA,NA,NA,Y,NA,N,60,0,1,0,0,1,0,0,0,0,-,-,33.924259185791016,-117.5498275756836,RIVERSIDE,NORCO,-117.54830169677734,33.92426300048828
8888905,2019,2019-07-12,3313,2019-06-25,1506,1798,1,2,5,7,3313,0,0,0,NA,0,T47,COLUMBIA AV,MAIN ST,25,E,N,A,-,N,NA,NA,NA,NA,NA,NA,NA,NA,NA,N,4,0,2,3,A,-,03,22350,NA,N,C,C,A,A,H,-,A,D,0,NA,NA,NA,NA,Y,NA,A,01,0,0,2,0,0,0,0,0,0,-,-,34.00682830810547,-117.36380004882813,RIVERSIDE,RIVERSIDE,-117.36369323730467,34.006675720214844
8888950,2019,2019-07-16,3309,2019-05-24,1430,468,3309,5,5,4,3309,0,0,0,NA,0,002,JACKSON ST,KENNER AV,1376,N,N,A,-,N,NA,NA,NA,NA,NA,NA,NA,NA,NA,Y,4,0,1,3,A,-,03,22350,NA,N,C,C,A,A,H,-,A,A,0,NA,NA,NA,Y,Y,NA,F,26,0,0,1,0,0,0,0,0,0,-,-,NA,NA,RIVERSIDE,INDIO,-116.2165069580078,33.73684310913086
8888990,2019,2019-07-09,3300,2019-06-26,0645,3290,916A,3,5,4,3312,0,0,0,NA,0,031,HARLEY KNOX BL,INDIAN ST,167,E,N,B,-,N,NA,NA,NA,NA,NA,NA,NA,NA,NA,Y,4,0,2,2,A,-,03,22350,NA,N,D,C,A,A,H,-,A,A,0,NA,NA,NA,NA,Y,NA,A,01,0,0,2,0,0,0,0,0,0,-,-,33.856998443603516,-117.23400115966795,RIVERSIDE,PERRIS,-117.23429870605467,33.85725021362305
8889221,2019,2019-12-17,3300,2019-06-27,1405,2093,87B1,4,5,2,3316,0,0,0,NA,0,MO897,RT 111,DESERT HORIZONS DR,225,W,N,A,-,N,NA,NA,NA,NA,NA,NA,NA,NA,NA,N,3,0,3,3,A,-,03,22350,NA,N,C,C,A,A,H,-,A,A,0,NA,NA,NA,NA,Y,NA,D,22,0,2,1,0,0,0,0,0,0,-,-,33.72142028808594,-116.34754943847656,RIVERSIDE,INDIAN WELLS,-116.34837341308594,33.72148513793945
8889417,2019,2019-07-12,3300,2019-06-28,1100,N5073,38E2,5,5,4,3318,0,0,0,NA,0,T390,MONTEREY AV,AVENIDA DEL SOL,415,S,N,A,-,N,NA,NA,NA,NA,NA,NA,NA,NA,NA,Y,4,0,2,2,A,-,03,22350,NA,N,C,C,A,A,H,-,A,A,0,NA,NA,NA,NA,Y,NA,A,07,0,0,2,0,0,0,0,0,0,-,-,NA,NA,RIVERSIDE,PALM DESERT,-116.39118957519533,33.74582290649414
8889476,2019,2019-07-12,3313,2019-07-01,1900,0623,5,1,5,7,3313,0,0,0,NA,0,M10,VAN BUREN BL,VICTORIA AV,50,S,N,A,-,N,NA,NA,NA,NA,NA,NA,NA,NA,NA,Y,3,0,3,2,A,-,03,22350,NA,M,C,C,A,A,H,-,A,A,0,NA,NA,NA,NA,Y,Y,A,07,0,1,2,0,0,0,0,0,0,-,-,33.90398025512695,-117.43450164794922,RIVERSIDE,RIVERSIDE,-117.43378448486328,33.90467834472656
8889776,2019,2019-07-17,3300,2019-05-02,1449,4300,920C,4,5,4,3314,0,0,0,NA,0,070,7TH ST,STATE ST,0,NA,Y,A,-,N,NA,NA,NA,NA,NA,NA,NA,NA,NA,N,2,0,1,2,A,-,10,21954,B,N,G,B,B,A,H,-,A,A,0,Y,NA,NA,NA,Y,NA,A,01,1,0,0,0,1,0,0,0,0,-,-,33.780208587646484,-116.9718780517578,RIVERSIDE,SAN JACINTO,-116.9719009399414,33.780189514160156
8889917,2019,2019-07-19,3313,2019-04-26,0810,1939,3,5,5,7,3313,0,0,0,NA,0,T76,BOX SPRINGS BL,EASTRIDGE AV,625,N,N,A,-,N,NA,NA,NA,NA,NA,NA,NA,NA,NA,N,3,0,1,2,A,-,08,22102,NA,N,D,C,A,A,H,-,A,D,0,NA,NA,NA,NA,Y,NA,A,01,0,1,0,0,0,0,0,0,0,-,-,33.93143844604492,-117.29219818115234,RIVERSIDE,RIVERSIDE,-117.29291534423828,33.932857513427734
8889990,2019,2019-07-08,3313,2019-04-27,2056,1881,5,6,5,7,3313,0,0,0,NA,0,3R58,KELLER AV,TYLER ST,450,E,N,A,-,N,NA,NA,NA,NA,NA,NA,NA,NA,NA,N,3,0,1,2,A,-,08,22107,NA,F,G,G,A,A,H,-,C,A,0,NA,Y,NA,NA,Y,NA,D,22,0,1,0,0,0,0,1,0,0,-,-,33.93391036987305,-117.4778289794922,RIVERSIDE,RIVERSIDE,-117.47632598876952,33.934356689453125
8890078,2019,2019-07-03,3313,2019-04-21,0251,1882,5,7,5,7,3313,0,0,0,NA,0,1R51,PIERCE ST,GOLDEN AV,200,W,N,A,-,N,NA,NA,NA,NA,NA,NA,NA,NA,NA,N,3,0,1,1,A,-,03,22350,NA,N,F,I,A,A,H,-,C,D,0,NA,NA,Y,NA,Y,NA,C,02,0,1,0,0,0,0,0,0,1,-,-,33.916709899902344,-117.49388122558594,RIVERSIDE,RIVERSIDE,-117.49443817138672,33.91648483276367
8891605,2025,2026-01-22,3313,2025-10-11,1152,2279,1,6,5,7,3313,0,0,0,NA,0,2R13,FOURTEENTH ST,MARKET ST,0,NA,Y,A,-,N,NA,NA,NA,NA,NA,NA,NA,NA,NA,Y,2,0,1,1,C,-,18,NA,NA,N,E,I,A,A,H,-,A,A,0,NA,NA,NA,NA,Y,NA,-,-,1,0,0,0,0,0,0,0,0,-,-,NA,NA,RIVERSIDE,RIVERSIDE,-117.37957763671876,33.97671890258789
8892396,2019,2019-07-12,3300,2019-01-13,0156,5228,910A,7,5,5,3335,0,0,0,NA,0,063,NICOLAS RD,WINCHESTER RD,809,N,N,A,-,N,NA,NA,NA,NA,NA,NA,NA,NA,NA,Y,4,0,1,1,A,-,01,23152,B,N,F,I,A,A,H,-,C,D,0,NA,NA,NA,NA,Y,Y,A,01,0,0,1,0,0,0,0,0,0,-,-,33.539371490478516,-117.14469146728516,RIVERSIDE,TEMECULA,-117.14716339111328,33.54004669189453
8893177,2019,2019-07-30,3311,2019-03-28,0715,15911,NA,4,5,4,3311,0,0,0,NA,0,006,RAMON RD,BRADSHAW LN E,87,E,N,A,-,N,NA,NA,NA,NA,NA,NA,NA,NA,NA,Y,3,0,2,2,A,-,07,21658,A,N,B,C,A,A,H,-,A,D,0,NA,NA,NA,NA,Y,NA,I,11,0,1,1,0,0,0,0,0,0,-,-,33.815940856933594,-116.50885009765624,RIVERSIDE,PALM SPRINGS,-116.50859832763672,33.81589126586914
8893218,2019,2019-07-29,3301,2019-05-18,2250,U473,5,6,5,4,3301,0,0,0,NA,0,001,S HATHAWAY ST,BANNING POLE #4429436E,29,N,N,A,-,N,NA,NA,NA,NA,NA,NA,NA,NA,NA,Y,3,0,1,2,A,-,03,22350,NA,N,C,C,A,A,H,-,C,D,0,NA,NA,NA,NA,Y,NA,A,01,0,1,0,0,0,0,0,0,0,-,-,33.920379638671875,-116.85880279541016,RIVERSIDE,BANNING,NA,NA
8893255,2019,2019-07-19,3311,2019-06-27,1500,15763,NA,4,5,4,3311,0,0,0,NA,0,006,PALM CANYON DR,SUNRISE WY,0,NA,Y,A,-,N,NA,NA,NA,NA,NA,NA,NA,NA,NA,N,4,0,1,2,A,-,10,21950,A,F,H,G,A,A,H,-,A,A,0,NA,Y,NA,NA,Y,NA,A,01,0,0,1,0,0,0,1,0,0,-,-,33.80099868774414,-116.52799987792967,RIVERSIDE,PALM SPRINGS,-116.52828216552734,33.80139923095703
8893279,2019,2019-07-19,3311,2019-06-27,1422,15302,NA,4,5,4,3311,0,0,0,NA,0,004,SUNRISE WY,TACHEVAH DR,12,N,N,A,-,N,NA,NA,NA,NA,NA,NA,NA,NA,NA,N,3,0,1,2,A,-,10,21950,A,N,H,G,A,A,H,-,A,A,0,NA,Y,NA,NA,Y,NA,A,07,0,1,0,0,0,0,1,0,0,-,-,33.83760070800781,-116.5281982421875,RIVERSIDE,PALM SPRINGS,-116.5281982421875,33.83760452270508