CASE_ID,ACCIDENT_YEAR,PROC_DATE,JURIS,COLLISION_DATE,COLLISION_TIME,OFFICER_ID,REPORTING_DISTRICT,DAY_OF_WEEK,CHP_SHIFT,POPULATION,CNTY_CITY_LOC,SPECIAL_COND,BEAT_TYPE,CHP_BEAT_TYPE,CITY_DIVISION_LAPD,CHP_BEAT_CLASS,BEAT_NUMBER,PRIMARY_RD,SECONDARY_RD,DISTANCE,DIRECTION,INTERSECTION,WEATHER_1,WEATHER_2,STATE_HWY_IND,CALTRANS_COUNTY,CALTRANS_DISTRICT,STATE_ROUTE,ROUTE_SUFFIX,POSTMILE_PREFIX,POSTMILE,LOCATION_TYPE,RAMP_INTERSECTION,SIDE_OF_HWY,TOW_AWAY,COLLISION_SEVERITY,NUMBER_KILLED,NUMBER_INJURED,PARTY_COUNT,PRIMARY_COLL_FACTOR,PCF_CODE_OF_VIOL,PCF_VIOL_CATEGORY,PCF_VIOLATION,PCF_VIOL_SUBSECTION,HIT_AND_RUN,TYPE_OF_COLLISION,MVIW,PED_ACTION,ROAD_SURFACE,ROAD_COND_1,ROAD_COND_2,LIGHTING,CONTROL_DEVICE,CHP_ROAD_TYPE,PEDESTRIAN_ACCIDENT,BICYCLE_ACCIDENT,MOTORCYCLE_ACCIDENT,TRUCK_ACCIDENT,NOT_PRIVATE_PROPERTY,ALCOHOL_INVOLVED,STWD_VEHTYPE_AT_FAULT,CHP_VEHTYPE_AT_FAULT,COUNT_SEVERE_INJ,COUNT_VISIBLE_INJ,COUNT_COMPLAINT_PAIN,COUNT_PED_KILLED,COUNT_PED_INJURED,COUNT_BICYCLIST_KILLED,COUNT_BICYCLIST_INJURED,COUNT_MC_KILLED,COUNT_MC_INJURED,PRIMARY_RAMP,SECONDARY_RAMP,LATITUDE,LONGITUDE,COUNTY,CITY,POINT_X,POINT_Y
90413821,2017,2017-03-16,9840,2017-03-09,1430,016356,NA,4,2,6,3315,0,1,3,NA,2,031,SR-91 E/B,BUCHANAN ST,200,W,N,A,-,Y,NA,NA,NA,NA,NA,NA,NA,NA,NA,Y,4,0,2,3,A,-,03,22350,NA,N,C,C,A,A,H,-,A,D,0,NA,NA,NA,NA,Y,NA,A,07,0,0,2,0,0,0,0,0,0,-,-,33.5334,-117.3016,RIVERSIDE,CORONA,-117.50189619,33.89397181
9041394,2020,2020-02-25,3300,2020-01-19,0838,4544,82B7,7,5,3,3305,0,0,0,NA,0,082,TYLER ST,TYLER LN,55,NA,N,A,-,N,NA,NA,NA,NA,NA,NA,NA,NA,NA,Y,4,0,1,1,-,-,-,NA,NA,N,A,I,A,A,H,-,A,D,0,NA,NA,NA,Y,Y,NA,-,-,0,0,1,0,0,0,0,0,0,-,-,NA,NA,RIVERSIDE,COACHELLA,-116.16420745849608,33.65953063964844
90414606,2017,2017-03-17,9840,2017-03-10,1604,018611,NA,5,2,6,3315,0,1,3,NA,2,301,SR-91 E/B,GREEN RIVER ROAD,4150,W,N,B,-,Y,NA,NA,91,NA,NA,NA,NA,NA,E,Y,4,0,1,2,A,-,08,22107,NA,N,F,A,A,A,D,E,A,D,0,NA,NA,Y,NA,Y,NA,C,02,0,0,1,0,0,0,0,0,1,-,-,33.87108,-117.66809,RIVERSIDE,CORONA,-117.66801321,33.87085275
90417423,2017,2017-03-22,9840,2017-03-04,1920,020210,NA,6,2,6,3394,0,1,3,NA,2,025,SR-60 W/B,DAY ST,4700,E,N,A,-,Y,NA,NA,60,NA,NA,NA,NA,NA,W,N,4,0,1,4,A,-,03,22350,NA,N,C,C,A,A,H,-,D,D,0,NA,NA,NA,NA,Y,NA,A,01,0,0,1,0,0,0,0,0,0,-,-,33.94137,-117.2712,RIVERSIDE,MORENO VALLEY,-117.27119346,33.94140905
90422239,2017,2017-03-28,9655,2017-03-19,1316,015892,NA,7,1,9,3300,0,1,3,NA,1,118,STATE ROUTE 74,STATE ROUTE 371,7920,E,N,A,-,Y,NA,NA,74,NA,NA,NA,NA,NA,NA,Y,4,0,1,1,A,-,03,22350,NA,N,E,I,A,A,H,-,A,D,0,NA,NA,Y,NA,Y,NA,C,02,0,0,1,0,0,0,0,0,1,-,-,33.56118,-116.56872,RIVERSIDE,UNINCORPORATED,-116.56872526,33.56124769
90427293,2017,2017-04-04,9685,2017-03-20,0745,015757,NA,1,1,9,3300,0,3,5,NA,2,003,LOS GATOS RD,CARANCHO RD,2640,N,N,B,-,N,NA,NA,NA,NA,NA,NA,NA,NA,NA,Y,3,0,1,1,A,-,17,21662,A,N,E,I,A,A,H,-,A,D,0,NA,NA,NA,Y,Y,NA,F,26,0,1,0,0,0,0,0,0,0,-,-,33.49659,-117.28517,RIVERSIDE,UNINCORPORATED,-117.28520895,33.49765791
90427381,2017,2017-04-04,9840,2017-03-24,1400,017715,NA,5,2,6,3394,0,1,3,NA,2,025,SR-60 W/B,HEACOCK ST,800,E,N,A,-,Y,NA,NA,60,NA,NA,NA,NA,NA,W,Y,4,0,1,3,A,-,03,22350,NA,M,C,C,A,A,H,-,A,D,0,NA,NA,NA,NA,Y,NA,A,01,0,0,1,0,0,0,0,0,0,-,-,33.94117,-117.2415,RIVERSIDE,MORENO VALLEY,-117.24150015,33.94119085
90427409,2017,2017-04-04,9655,2017-03-29,0705,020054,NA,3,1,9,3300,0,3,5,NA,2,003,MERIDIAN AVE,HARMONY DR,0,NA,Y,A,-,N,NA,NA,NA,NA,NA,NA,NA,NA,NA,N,3,0,1,2,A,-,12,22450,A,N,D,G,A,A,H,-,A,A,0,NA,Y,NA,NA,Y,NA,L,04,0,1,0,0,0,0,1,0,0,-,-,33.74194,-116.92815,RIVERSIDE,UNINCORPORATED,-116.92815012,33.74191005
90428221,2017,2017-04-05,9840,2017-04-03,1711,021641,NA,1,2,6,3394,0,1,3,NA,2,025,SR-60 W/B,FREDERICK ST,2650,E,N,A,-,Y,NA,NA,60,NA,NA,NA,NA,NA,W,Y,4,0,2,3,A,-,01,23152,A,N,C,C,A,A,H,-,A,D,0,NA,NA,NA,NA,Y,Y,A,08,0,0,2,0,0,0,0,0,0,-,-,33.9411,-117.2519,RIVERSIDE,MORENO VALLEY,-117.2518996,33.94107168
90429826,2017,2017-04-07,9840,2017-04-01,1343,018727,NA,6,1,9,3300,0,1,1,NA,2,037,I-15 N/B,INDIAN TRUCK TRAIL,565,N,N,A,-,Y,NA,NA,NA,NA,NA,NA,NA,NA,NA,Y,3,0,1,1,A,-,01,23152,A,N,E,I,A,A,H,-,A,D,0,NA,NA,NA,NA,Y,Y,D,22,0,1,0,0,0,0,0,0,0,-,-,33.74986,-117.44396,RIVERSIDE,UNINCORPORATED,-117.45354828,33.74989013
90430238,2017,2017-04-10,9840,2017-03-27,1655,021613,NA,1,2,6,3315,0,1,3,NA,2,030,SR-91 E/B,GREEN RIVER RD,1800,W,N,A,-,Y,NA,NA,91,NA,NA,NA,NA,NA,E,Y,4,0,1,1,A,-,03,22350,NA,N,F,A,A,A,H,-,A,D,0,NA,NA,Y,NA,Y,NA,C,02,0,0,1,0,0,0,0,0,1,-,-,33.87026,-117.66954,RIVERSIDE,CORONA,-117.6695633,33.87032895
90432496,2017,2017-04-12,9685,2017-04-05,1135,013562,NA,3,1,9,3300,0,3,5,NA,2,003,ANZA ROAD,DE PORTOLA ROAD,0,NA,Y,A,-,N,NA,NA,NA,NA,NA,NA,NA,NA,NA,Y,2,0,3,2,A,-,12,22450,A,N,D,C,A,A,H,-,A,A,0,NA,NA,NA,NA,Y,NA,A,07,3,0,0,0,0,0,0,0,0,-,-,33.45578,-117.05241,RIVERSIDE,UNINCORPORATED,-117.05237013,33.49582002
90433901,2017,2017-04-13,9655,2017-04-08,1150,016607,NA,6,1,4,3301,0,1,1,NA,2,204,I-10 W/B,SUNSET AVE,150,E,N,A,-,Y,NA,NA,10,NA,NA,NA,NA,NA,W,N,4,0,2,2,A,-,08,22107,NA,N,B,C,A,A,H,-,A,D,0,NA,NA,NA,NA,Y,NA,A,01,0,0,2,0,0,0,0,0,0,-,-,33.92457,-116.91125,RIVERSIDE,BANNING,-116.9112385,33.92463858
90435028,2017,2017-04-17,9660,2017-04-06,0025,021146,NA,4,3,3,3303,0,1,1,NA,2,031,E/B INTERSTATE 10,WILEYS WELL ROAD,17424,E,N,A,-,Y,NA,NA,NA,NA,NA,NA,NA,NA,NA,Y,2,0,1,2,A,-,03,22350,NA,N,C,C,A,A,H,-,D,D,0,NA,NA,NA,Y,Y,NA,G,75,1,0,0,0,0,0,0,0,0,-,-,33.60824,-114.88348,RIVERSIDE,BLYTHE,NA,NA
90437538,2017,2017-04-19,9440,2017-03-17,1205,017162,NA,5,1,6,3315,0,1,S,NA,2,034,I-15 N/B,MAGNOLIA AVE.,800,S,N,A,-,Y,NA,NA,NA,NA,NA,NA,NA,NA,NA,Y,4,0,1,3,A,-,03,22350,NA,N,C,C,A,A,D,-,A,D,0,NA,NA,NA,NA,Y,NA,A,07,0,0,1,0,0,0,0,0,0,-,-,33.86688,-117.53953,RIVERSIDE,CORONA,-117.54203,33.86585
90438912,2017,2017-04-20,9840,2017-04-08,0433,019844,NA,6,3,6,3345,0,1,3,NA,2,010,SR-60 W/B,I-15 S/B,670,W,N,B,-,Y,NA,NA,60,NA,NA,NA,NA,NA,W,Y,4,0,1,3,A,-,03,22350,NA,N,B,C,A,B,H,-,C,D,0,NA,NA,NA,NA,Y,NA,A,01,0,0,1,0,0,0,0,0,0,-,-,34.02205,-117.55058,RIVERSIDE,JURUPA VALLEY,-117.55058037,34.02204808
90440731,2017,2017-04-24,9685,2017-04-16,1540,016185,NA,7,2,9,3300,0,3,5,NA,2,003,E. BENTON ROAD,FRANSEANUMMER LANE,1584,W,N,A,-,N,NA,NA,NA,NA,NA,NA,NA,NA,NA,N,2,0,1,1,A,-,21,22106,NA,N,F,A,A,A,H,-,A,D,0,NA,NA,Y,NA,Y,NA,C,02,1,0,0,0,0,0,0,0,1,-,-,33.35263,-116.55111,RIVERSIDE,UNINCORPORATED,NA,NA
90441133,2017,2017-04-25,9840,2017-04-13,1530,017765,NA,4,2,9,3300,0,3,5,NA,2,002,RECHE CANYON RD,CENTER ST,0,NA,Y,B,-,N,NA,NA,NA,NA,NA,NA,NA,NA,NA,Y,4,0,1,2,A,-,09,21802,A,N,D,C,A,A,H,-,A,D,0,NA,NA,NA,NA,Y,NA,A,08,0,0,1,0,0,0,0,0,0,-,-,34.01427,-117.26686,RIVERSIDE,UNINCORPORATED,-117.26661005,34.01447006
90441201,2017,2017-04-25,9840,2017-04-14,1725,017765,NA,5,2,4,3312,0,1,1,NA,2,041,I-215 N/B,NUEVO RD,1625,S,N,B,-,Y,NA,NA,215,NA,NA,NA,NA,NA,N,Y,4,0,1,3,A,-,03,22350,NA,N,C,C,A,A,H,-,A,D,0,NA,NA,NA,NA,Y,NA,A,01,0,0,1,0,0,0,0,0,0,-,-,33.79804,-117.23149,RIVERSIDE,PERRIS,-117.23157068,33.79801076
9044317,2020,2020-02-26,3300,2020-01-29,1220,N1673,30K1,3,5,4,3318,0,0,0,NA,0,T30,PORTOLA AV,HIGHWAY 111,104,N,N,A,-,N,NA,NA,NA,NA,NA,NA,NA,NA,NA,Y,4,0,1,2,A,-,04,21703,NA,F,C,C,A,A,H,-,A,A,0,NA,NA,NA,NA,Y,NA,A,07,0,0,1,0,0,0,0,0,0,-,-,NA,NA,RIVERSIDE,PALM DESERT,-116.3737564086914,33.72162628173828
9044412,2019,2020-02-18,3306,2019-12-08,0249,1906,3325,7,5,3,3306,0,0,0,NA,0,003,PALM DR,VARNER RD,300,S,N,A,-,N,NA,NA,NA,NA,NA,NA,NA,NA,NA,N,4,0,1,2,A,-,03,22350,NA,F,B,C,A,A,H,-,D,D,0,NA,NA,NA,NA,Y,NA,A,07,0,0,1,0,0,0,0,0,0,-,-,NA,NA,RIVERSIDE,DESERT HOT SPRINGS,-116.50160980224608,33.89051818847656
9044467,2019,2020-02-18,3300,2019-12-06,1748,N4445,910G,5,5,5,3335,0,0,0,NA,0,062,MARGARITA RD,RAMSEY CT,0,NA,Y,C,-,N,NA,NA,NA,NA,NA,NA,NA,NA,NA,NA,4,0,1,2,A,-,03,22350,NA,N,C,C,A,B,H,-,C,A,0,NA,NA,NA,NA,Y,Y,A,07,0,0,1,0,0,0,0,0,0,-,-,33.51359176635742,-117.1479263305664,RIVERSIDE,TEMECULA,-117.14791870117188,33.5136604309082
90445801,2017,2017-05-01,9655,2017-04-19,2041,019449,NA,3,2,9,3300,0,3,5,NA,2,003,DOMENIGONI PKY,PATTERSON AVE,3696,E,N,A,-,N,NA,NA,NA,NA,NA,NA,NA,NA,NA,Y,3,0,1,1,A,-,01,23152,A,M,E,I,A,A,H,-,D,D,0,NA,NA,NA,NA,Y,Y,D,22,0,1,0,0,0,0,0,0,0,-,-,33.69825,-117.06298,RIVERSIDE,UNINCORPORATED,-117.06429594,33.69762484
90445881,2017,2017-05-01,9630,2017-04-22,1623,021218,NA,6,2,9,3300,0,2,S,NA,2,504,SEASCAPE AVE,COSTA MESA DR,0,NA,Y,A,-,N,NA,NA,NA,NA,NA,NA,NA,NA,NA,N,4,0,2,2,A,-,09,21803,A,N,D,C,A,A,H,-,A,A,0,NA,NA,NA,NA,Y,Y,D,22,0,0,2,0,0,0,0,0,0,-,-,33.54182,-115.94356,RIVERSIDE,UNINCORPORATED,-115.94358012,33.54182011
9044756,2020,2020-09-25,3311,2020-01-20,1708,16086,NA,1,5,4,3311,0,0,0,NA,0,006,RT 111,DINAH SHORE DR,1000,S,N,A,-,Y,RIV,8,111,-,T,48.71,H,-,N,Y,4,0,1,1,A,-,03,22350,NA,N,E,I,A,A,H,-,C,D,0,NA,NA,NA,NA,Y,NA,A,01,0,0,1,0,0,0,0,0,0,-,-,33.80860137939453,-116.4927978515625,RIVERSIDE,PALM SPRINGS,-116.4929428100586,33.806121826171875
9044807,2019,2020-02-14,3300,2019-11-20,1636,N6012,504A,3,5,5,3341,0,0,0,NA,0,054,MURRIETA RD,CAM DEL SOL NORTE,0,NA,Y,A,-,N,NA,NA,NA,NA,NA,NA,NA,NA,NA,NA,4,0,2,2,A,-,09,21802,A,N,D,C,A,A,H,-,B,A,0,NA,NA,NA,NA,Y,NA,A,01,0,0,2,0,0,0,0,0,0,-,-,33.69649124145508,-117.20626068115234,RIVERSIDE,MENIFEE,-117.206022,33.696492
90448326,2017,2017-05-03,9840,2017-04-27,1511,014868,NA,4,2,6,3345,0,1,3,NA,2,010,SR-60 E/B,LA RUE ST.,5280,W,N,A,-,Y,NA,NA,60,NA,NA,NA,NA,NA,E,Y,4,0,1,2,A,-,03,22350,NA,N,C,C,A,A,H,-,A,D,0,NA,NA,NA,NA,Y,NA,A,07,0,0,1,0,0,0,0,0,0,-,-,34.0076,-117.42078,RIVERSIDE,JURUPA VALLEY,-117.42077164,34.00762663
90448610,2017,2017-05-03,9840,2017-04-25,1150,017441,NA,2,1,9,3300,0,3,5,NA,2,004,HARVILL AVE.,RIDER ST.,0,NA,Y,B,-,N,NA,NA,NA,NA,NA,NA,NA,NA,NA,Y,3,0,1,2,A,-,09,21801,A,N,A,C,A,A,H,-,A,D,0,NA,NA,NA,NA,Y,NA,A,01,0,1,0,0,0,0,0,0,0,-,-,33.83039,-117.24887,RIVERSIDE,UNINCORPORATED,-117.24878001,33.83036005
90450209,2017,2017-05-05,9630,2017-04-27,1525,021513,NA,4,2,9,3300,0,2,S,NA,2,405,COUNTRY CLUB DR,ADAMS ST,2112,E,N,A,-,N,NA,NA,NA,NA,NA,NA,NA,NA,NA,Y,4,0,1,2,A,-,09,21804,A,N,D,C,A,A,H,-,A,D,0,NA,NA,NA,NA,Y,NA,D,22,0,0,1,0,0,0,0,0,0,-,-,33.75199,-116.28043,RIVERSIDE,UNINCORPORATED,-116.28014449,33.7517948
90450597,2017,2017-05-08,9655,2017-04-28,1908,018168,NA,5,2,4,3301,0,1,1,NA,2,204,I-10 E/B,SUNSET AVE,5280,W,N,A,-,Y,NA,NA,10,NA,NA,NA,NA,NA,E,N,4,0,1,3,A,-,03,22350,NA,N,C,C,A,A,H,-,A,D,0,NA,NA,NA,NA,Y,NA,A,07,0,0,1,0,0,0,0,0,0,-,-,33.92614,-116.93212,RIVERSIDE,BANNING,-116.93211771,33.92619908
90450844,2017,2017-05-08,9840,2017-05-01,0810,014916,NA,1,1,9,3300,0,3,5,NA,2,004,CLARK ST,HICKS ST,100,S,N,A,-,N,NA,NA,NA,NA,NA,NA,NA,NA,NA,Y,4,0,1,2,A,-,05,21460,A,N,A,C,A,A,H,-,A,D,0,NA,NA,NA,NA,Y,NA,A,01,0,0,1,0,0,0,0,0,0,-,-,NA,NA,RIVERSIDE,UNINCORPORATED,-117.2876374,33.84175611
90451853,2017,2018-04-25,9685,2017-04-28,1910,015360,NA,5,2,5,3335,0,1,1,NA,2,030,I-15 NORTHBOUND,WARM SPRINGS,24,N,N,A,-,Y,NA,NA,15,NA,NA,NA,NA,NA,N,Y,3,0,2,1,A,-,08,22107,NA,N,E,I,A,A,H,-,A,D,0,NA,NA,NA,NA,Y,NA,A,07,0,2,0,0,0,0,0,0,0,-,-,33.53762,-117.17349,RIVERSIDE,TEMECULA,-117.17301589,33.53793989
9045196,2020,2020-03-02,3315,2020-01-09,0040,1886,3E,4,5,6,3315,0,0,0,NA,0,003,CALIFORNIA AV,OLD TEMESCAL RD,0,NA,Y,B,-,N,NA,NA,NA,NA,NA,NA,NA,NA,NA,Y,4,0,2,2,D,-,00,NA,NA,N,D,C,A,A,H,-,A,A,0,NA,NA,NA,NA,Y,NA,-,-,0,0,2,0,0,0,0,0,0,-,-,33.85390090942383,-117.53900146484376,RIVERSIDE,CORONA,-117.53907012939452,33.85383987426758
90452166,2017,2017-05-09,9840,2017-05-03,2300,017882,NA,3,3,7,3313,0,1,1,NA,2,023,BLAINE ST. TO I-215 N/B,BLAINE ST.,4,N,N,A,-,Y,NA,NA,NA,NA,NA,NA,NA,NA,NA,N,3,0,1,2,A,-,05,21202,A,N,D,G,A,A,H,-,C,A,0,NA,Y,NA,NA,Y,NA,L,04,0,1,0,0,0,0,1,0,0,-,-,33.98316,-117.34229,RIVERSIDE,RIVERSIDE,-117.34220856,33.98299833
90452647,2017,2017-05-10,9840,2017-05-07,1305,021194,NA,7,1,7,3313,0,1,1,NA,2,024,I-215 S/B,EASTRIDGE AVE,2112,N,N,B,-,Y,NA,NA,215,NA,NA,NA,NA,NA,S,Y,4,0,2,2,A,-,07,21658,A,N,B,C,A,A,H,-,A,D,0,NA,NA,NA,NA,Y,NA,A,01,0,0,2,0,0,0,0,0,0,-,-,33.93702,-117.29037,RIVERSIDE,RIVERSIDE,-117.29070658,33.93695923
90452755,2017,2017-05-10,9840,2017-05-04,1600,016853,NA,4,2,9,3300,0,1,1,NA,2,040,I-215 S/B,VAN BUREN BLVD,300,N,N,A,-,Y,NA,NA,NA,NA,NA,NA,NA,NA,NA,Y,4,0,2,2,A,-,03,22350,NA,N,C,C,A,A,H,-,A,D,0,NA,NA,NA,NA,Y,NA,A,01,0,0,2,0,0,0,0,0,0,-,-,33.53323,-117.16243,RIVERSIDE,UNINCORPORATED,NA,NA
90453161,2017,2017-05-10,9655,2017-05-07,0704,020054,NA,7,1,9,3300,0,1,1,NA,2,206,I-10 E/B,HAUGEN-LEHMANN WAY,7392,W,N,A,-,Y,NA,NA,10,NA,NA,NA,NA,NA,E,Y,4,0,1,2,A,-,08,22107,NA,N,B,C,A,A,H,-,A,D,0,NA,NA,NA,Y,Y,NA,A,01,0,0,1,0,0,0,0,0,0,-,-,33.92303,-116.68958,RIVERSIDE,UNINCORPORATED,-116.68946362,33.92363985
90453824,2017,2017-05-11,9840,2017-04-28,0800,015705,NA,5,1,7,3313,0,1,1,NA,2,022,I-215 S/B,CENTER ST.,1584,S,N,A,-,Y,NA,NA,215,NA,NA,NA,NA,NA,S,Y,4,0,1,2,A,-,03,22350,NA,N,C,C,A,A,H,-,A,D,0,NA,NA,NA,NA,Y,NA,A,01,0,0,1,0,0,0,0,0,0,-,-,34.01264,-117.34446,RIVERSIDE,RIVERSIDE,-117.34452178,34.01268123
90453844,2017,2017-05-11,9685,2017-05-03,0830,015757,NA,3,1,4,3342,0,1,1,NA,2,034,I-215 S/B (ESCONDIDO FWY),LOS ALAMOS RD,300,N,N,A,-,Y,NA,NA,215,NA,NA,NA,NA,NA,S,N,4,0,1,2,A,-,03,22350,NA,N,C,C,A,A,H,-,A,D,0,NA,NA,NA,NA,Y,NA,A,01,0,0,1,0,0,0,0,0,0,-,-,33.57386,-117.18104,RIVERSIDE,MURRIETA,-117.18100537,33.57386032
90454775,2017,2017-05-12,9655,2017-05-06,1034,015940,NA,6,1,9,3300,0,3,5,NA,2,003,DOMENIGONI PARKWAY,LEON ROAD,15,E,N,B,-,Y,NA,NA,NA,NA,NA,NA,NA,NA,NA,Y,3,0,1,2,A,-,03,22350,NA,N,B,C,A,A,H,-,A,A,0,NA,NA,NA,NA,Y,NA,A,07,0,1,0,0,0,0,0,0,0,-,-,33.69249,-117.11928,RIVERSIDE,UNINCORPORATED,-117.11954086,33.69249081
90454853,2017,2017-05-12,9840,2017-04-28,1744,018611,NA,5,2,9,3300,0,2,4,NA,2,045,CAJALCO ROAD,CLARK STREET,520,E,N,A,-,N,NA,NA,NA,NA,NA,NA,NA,NA,NA,Y,3,0,4,3,A,-,03,22350,NA,N,C,C,A,A,H,-,A,D,0,NA,NA,NA,NA,Y,NA,D,22,0,1,3,0,0,0,0,0,0,-,-,33.8372,-117.28572,RIVERSIDE,UNINCORPORATED,-117.28592305,33.83724097
90454877,2017,2017-05-12,9840,2017-05-05,1402,018611,NA,5,2,6,3315,0,1,3,NA,2,030,SR-91 E/B,GREEN RIVER ROAD,4000,W,N,B,-,Y,NA,NA,91,NA,NA,NA,NA,NA,E,Y,4,0,2,2,A,-,03,22350,NA,N,C,C,A,A,H,-,A,D,0,NA,NA,NA,NA,Y,NA,A,01,0,0,2,0,0,0,0,0,0,-,-,33.87578,-117.66017,RIVERSIDE,CORONA,-117.66051979,33.87618293
90456057,2017,2017-05-15,9630,2017-05-04,1225,013022,NA,4,1,9,3300,0,1,1,NA,2,302,I-10 W/B,STATE ROUTE 177,2112,W,N,A,-,Y,NA,NA,10,NA,NA,NA,NA,NA,W,Y,4,0,1,1,A,-,08,22107,NA,N,F,A,A,A,H,-,A,D,0,NA,NA,NA,NA,Y,NA,A,01,0,0,1,0,0,0,0,0,0,-,-,33.71053,-115.40823,RIVERSIDE,UNINCORPORATED,-115.40823107,33.71062447
90456746,2017,2017-05-16,9685,2017-05-07,1615,017169,NA,7,2,9,3300,0,1,3,NA,1,026,SR-74 E/B,VINCENT AVENUE,400,W,N,A,B,Y,NA,NA,74,NA,NA,NA,NA,NA,E,Y,2,0,1,1,A,-,08,22107,NA,N,E,J,A,A,H,-,A,A,0,NA,NA,NA,NA,Y,NA,D,22,1,0,0,0,0,0,0,0,0,-,-,33.7387,-117.0924,RIVERSIDE,UNINCORPORATED,-117.09240035,33.73869296
90457043,2017,2017-05-16,9685,2017-05-08,1904,013925,NA,1,2,9,3300,0,3,5,NA,2,003,WASHINGTON STREET,FIELDS STREET,450,S,N,A,-,N,NA,NA,NA,NA,NA,NA,NA,NA,NA,Y,3,0,1,1,A,-,01,23152,A,N,E,I,A,A,H,-,B,D,0,NA,NA,NA,NA,Y,Y,A,01,0,1,0,0,0,0,0,0,0,-,-,33.6205,-117.08741,RIVERSIDE,UNINCORPORATED,-117.08761156,33.62062803
90458343,2017,2017-05-18,9840,2017-04-30,2133,020018,NA,7,2,6,3315,0,1,1,NA,2,034,I-15 S/B,MAGNOLIA AVENUE,1500,N,N,A,-,Y,NA,NA,15,NA,NA,NA,NA,NA,S,Y,2,0,1,2,A,-,01,23152,A,N,C,C,A,A,H,-,C,D,0,NA,NA,Y,NA,Y,Y,C,02,1,0,0,0,0,0,0,0,1,-,-,33.86981,-117.54444,RIVERSIDE,CORONA,-117.54451869,33.86979066
9046149,2019,2020-02-21,3309,2019-12-11,1718,180,3309,3,5,4,3309,0,0,0,NA,0,002,GOLF CENTER PKWY,AVE 43,0,NA,Y,A,-,N,NA,NA,NA,NA,NA,NA,NA,NA,NA,N,4,0,1,2,A,-,09,21801,A,N,D,C,A,A,H,-,C,A,0,NA,NA,NA,NA,Y,NA,A,08,0,0,1,0,0,0,0,0,0,-,-,NA,NA,RIVERSIDE,INDIO,-116.19947052001952,33.736690521240234
90461662,2017,2017-05-23,9685,2017-05-14,1705,016502,NA,7,2,5,3335,0,1,1,NA,2,030,I-15 N/B,SANTIAGO RD.,10,N,N,A,-,Y,NA,NA,15,NA,NA,NA,NA,NA,N,Y,4,0,1,3,A,-,03,22350,NA,N,C,C,A,A,H,-,A,D,0,NA,NA,NA,NA,Y,NA,A,01,0,0,1,0,0,0,0,0,0,-,-,33.48994,-117.14406,RIVERSIDE,TEMECULA,-117.14389115,33.49000101
90462207,2017,2017-05-23,9655,2017-05-14,1208,019796,NA,7,1,9,3300,0,1,1,NA,2,204,I-10 W/B,MAIN ST.,528,W,N,A,-,Y,NA,NA,10,NA,NA,NA,NA,NA,W,N,4,0,1,2,A,-,03,22350,NA,N,C,C,A,A,H,-,A,D,0,NA,NA,NA,NA,Y,NA,A,07,0,0,1,0,0,0,0,0,0,-,-,33.91878,-116.78255,RIVERSIDE,UNINCORPORATED,-116.78254999,33.9189022
90462326,2017,2017-05-24,9840,2017-05-12,1300,014868,NA,5,1,6,3315,0,1,3,NA,2,031,SR-91 E/B,BUCHANAN ST,50,W,N,A,-,Y,NA,NA,NA,NA,NA,NA,NA,NA,NA,Y,4,0,3,3,A,-,03,22350,NA,N,C,C,A,A,H,-,A,D,0,NA,NA,NA,NA,Y,NA,A,01,0,0,3,0,0,0,0,0,0,-,-,33.89541,-117.50118,RIVERSIDE,CORONA,-117.50147091,33.89417954
90463797,2017,2017-05-25,9630,2017-05-12,0822,015876,NA,5,1,9,3300,0,1,3,NA,2,086,SR-86 S/B,62ND AVENUE,20,N,N,A,-,Y,NA,NA,86,NA,NA,NA,NA,NA,S,N,4,0,1,2,A,-,21,22106,NA,M,C,C,A,A,H,-,A,A,0,NA,NA,NA,NA,Y,NA,A,07,0,0,1,0,0,0,0,0,0,-,-,33.5989,-116.09976,RIVERSIDE,UNINCORPORATED,-116.09986684,33.59881987
90465758,2017,2017-05-26,9685,2017-05-21,0607,015800,NA,7,1,9,3300,0,3,5,NA,2,003,POURROY ROAD,GRANVILLE DRIVE,10,S,N,A,-,N,NA,NA,NA,NA,NA,NA,NA,NA,NA,Y,4,0,1,1,A,-,01,23152,A,N,E,I,A,A,H,-,B,D,0,NA,NA,NA,NA,Y,Y,A,01,0,0,1,0,0,0,0,0,0,-,-,33.35598,-117.6477,RIVERSIDE,UNINCORPORATED,-117.10111034,33.59990261
9046631,2020,2020-03-20,3300,2020-02-02,0045,3774,602Z,7,5,6,3394,0,0,0,NA,0,MV22,DAY ST,CANYON SPRINGS PKWY,0,NA,Y,A,-,N,NA,NA,NA,NA,NA,NA,NA,NA,NA,N,4,0,1,2,A,-,08,22100,A,F,D,C,A,A,H,-,C,A,0,NA,NA,NA,NA,Y,NA,A,01,0,0,1,0,0,0,0,0,0,-,-,33.93960952758789,-117.27899932861328,RIVERSIDE,MORENO VALLEY,-117.27877807617188,33.93955993652344
90466980,2017,2017-05-30,9685,2017-05-20,0605,013562,NA,6,1,9,3300,0,1,3,NA,1,012,SR-74,RIVERSIDE ST.,45,W,N,A,-,Y,NA,NA,NA,NA,NA,NA,NA,NA,NA,Y,4,0,1,2,A,-,03,22350,NA,N,C,C,A,A,H,-,A,A,0,NA,NA,NA,NA,Y,NA,A,01,0,0,1,0,0,0,0,0,0,-,-,33.71062,-117.31013,RIVERSIDE,UNINCORPORATED,-117.31255339,33.71096735
9046708,2020,2020-06-03,3300,2020-02-04,1200,N1673,38D3,2,5,4,3318,0,0,0,NA,0,T38,PORTOLA AV,FRANK SINATRA DR,46,N,N,A,-,N,NA,NA,NA,NA,NA,NA,NA,NA,NA,Y,3,0,2,3,A,-,07,21658,A,N,C,C,A,A,H,-,A,A,0,NA,NA,NA,NA,Y,NA,A,01,0,1,1,0,0,0,0,0,0,-,-,NA,NA,RIVERSIDE,PALM DESERT,-116.37075042724608,33.772796630859375