CASE_ID,ACCIDENT_YEAR,PROC_DATE,JURIS,COLLISION_DATE,COLLISION_TIME,OFFICER_ID,REPORTING_DISTRICT,DAY_OF_WEEK,CHP_SHIFT,POPULATION,CNTY_CITY_LOC,SPECIAL_COND,BEAT_TYPE,CHP_BEAT_TYPE,CITY_DIVISION_LAPD,CHP_BEAT_CLASS,BEAT_NUMBER,PRIMARY_RD,SECONDARY_RD,DISTANCE,DIRECTION,INTERSECTION,WEATHER_1,WEATHER_2,STATE_HWY_IND,CALTRANS_COUNTY,CALTRANS_DISTRICT,STATE_ROUTE,ROUTE_SUFFIX,POSTMILE_PREFIX,POSTMILE,LOCATION_TYPE,RAMP_INTERSECTION,SIDE_OF_HWY,TOW_AWAY,COLLISION_SEVERITY,NUMBER_KILLED,NUMBER_INJURED,PARTY_COUNT,PRIMARY_COLL_FACTOR,PCF_CODE_OF_VIOL,PCF_VIOL_CATEGORY,PCF_VIOLATION,PCF_VIOL_SUBSECTION,HIT_AND_RUN,TYPE_OF_COLLISION,MVIW,PED_ACTION,ROAD_SURFACE,ROAD_COND_1,ROAD_COND_2,LIGHTING,CONTROL_DEVICE,CHP_ROAD_TYPE,PEDESTRIAN_ACCIDENT,BICYCLE_ACCIDENT,MOTORCYCLE_ACCIDENT,TRUCK_ACCIDENT,NOT_PRIVATE_PROPERTY,ALCOHOL_INVOLVED,STWD_VEHTYPE_AT_FAULT,CHP_VEHTYPE_AT_FAULT,COUNT_SEVERE_INJ,COUNT_VISIBLE_INJ,COUNT_COMPLAINT_PAIN,COUNT_PED_KILLED,COUNT_PED_INJURED,COUNT_BICYCLIST_KILLED,COUNT_BICYCLIST_INJURED,COUNT_MC_KILLED,COUNT_MC_INJURED,PRIMARY_RAMP,SECONDARY_RAMP,LATITUDE,LONGITUDE,COUNTY,CITY,POINT_X,POINT_Y
9052267,2019,2020-03-05,3313,2019-04-28,1827,1820,4,7,5,7,3313,0,0,0,NA,0,3R48,JACKSON ST,AUDREY AV,1005,N,N,A,-,N,NA,NA,NA,NA,NA,NA,NA,NA,NA,NA,3,0,1,2,B,-,22,NA,NA,N,A,B,C,A,H,-,A,D,0,Y,NA,NA,NA,Y,NA,A,01,0,1,0,0,1,0,0,0,0,-,-,33.93864822387695,-117.45049285888672,RIVERSIDE,RIVERSIDE,-117.45247650146484,33.94085693359375
90523020,2017,2017-08-14,9840,2017-07-30,1540,019813,NA,7,2,6,3394,0,1,3,NA,2,025,SR-60 E/B,HEACOCK ST,800,W,N,A,-,Y,NA,NA,60,NA,NA,NA,NA,NA,E,Y,3,0,2,2,A,-,03,22350,NA,N,C,C,A,A,H,-,A,D,0,NA,NA,NA,NA,Y,NA,A,07,0,1,1,0,0,0,0,0,0,-,-,33.9409,-117.2504,RIVERSIDE,MORENO VALLEY,-117.25040003,33.94090207
90524165,2017,2017-08-16,9630,2017-08-05,2022,021652,NA,6,2,9,3300,0,1,1,NA,2,302,I-10 W/B,SUMMIT RD,3168,E,N,A,-,Y,NA,NA,10,NA,NA,NA,NA,NA,W,Y,3,0,1,1,A,-,08,22107,NA,N,F,A,A,A,H,-,D,D,0,NA,NA,NA,Y,Y,NA,G,25,0,1,0,0,0,0,0,0,0,-,-,33.66138,-115.71407,RIVERSIDE,UNINCORPORATED,-115.7140794,33.66143919
9052437,2019,2020-03-03,3313,2019-12-13,1714,1499,5,5,5,7,3313,0,0,0,NA,0,M34,COLLETT AV,NAPA LN,1164,W,N,A,-,N,NA,NA,NA,NA,NA,NA,NA,NA,NA,Y,4,0,2,2,A,-,08,22107,NA,N,A,D,A,A,H,-,C,D,0,NA,NA,NA,NA,Y,NA,A,01,0,0,2,0,0,0,0,0,0,-,-,33.901611328125,-117.50057983398438,RIVERSIDE,RIVERSIDE,-117.50336456298828,33.90113067626953
90525394,2017,2017-08-17,9630,2017-08-07,0510,020845,NA,1,3,4,3325,0,1,1,NA,2,010,I-10 E/B,PALM DR.,4224,E,N,A,-,Y,NA,NA,10,NA,NA,NA,NA,NA,E,Y,2,0,1,1,A,-,08,22107,NA,N,E,I,A,A,H,-,B,D,0,NA,NA,NA,NA,Y,NA,A,07,1,0,0,0,0,0,0,0,0,-,-,33.87158,-116.49475,RIVERSIDE,CATHEDRAL CITY,-116.49465211,33.87169652
90525941,2017,2017-08-18,9840,2017-08-13,1315,019813,NA,7,1,9,3300,0,3,5,NA,2,003,EL TORO RD,LINDELL RD,2600,S,N,A,-,N,NA,NA,NA,NA,NA,NA,NA,NA,NA,N,4,0,1,2,A,-,05,21650,NA,N,B,C,A,A,H,-,A,D,0,NA,NA,NA,NA,Y,NA,-,-,0,0,1,0,0,0,0,0,0,-,-,33.75123,-117.34206,RIVERSIDE,UNINCORPORATED,-117.34209311,33.7513131
9052786,2019,2020-03-04,3313,2019-11-19,0908,1641,1,2,5,7,3313,0,0,0,NA,0,T55,14TH ST,LANGSTON PL,87,E,N,A,-,N,NA,NA,NA,NA,NA,NA,NA,NA,NA,Y,4,0,1,2,A,-,03,22350,NA,N,C,E,A,A,H,-,A,D,0,NA,NA,NA,NA,Y,NA,A,01,0,0,1,0,0,0,0,0,0,-,-,33.96910858154297,-117.36405181884766,RIVERSIDE,RIVERSIDE,-117.36400604248048,33.97053146362305
90527943,2017,2017-08-22,9840,2017-08-12,1750,019527,NA,6,2,6,3315,0,1,3,NA,2,031,SR-91 E/B,MAIN ST,250,E,N,A,-,Y,NA,NA,91,NA,NA,NA,NA,NA,E,Y,4,0,3,4,A,-,03,22350,NA,N,C,C,A,A,H,-,A,D,0,NA,NA,NA,NA,Y,NA,A,07,0,0,3,0,0,0,0,0,0,-,-,33.87992,-117.56409,RIVERSIDE,CORONA,-117.56410633,33.87978523
9052849,2020,2020-03-03,3300,2020-01-10,1425,5299,30C1,5,5,4,3318,0,0,0,NA,0,030,TOWN CENTER WY,HAHN RD,0,NA,Y,A,-,N,NA,NA,NA,NA,NA,NA,NA,NA,NA,N,3,0,1,2,A,-,05,21650,1,N,H,G,A,A,H,-,A,A,0,NA,Y,NA,NA,Y,NA,L,04,0,1,0,0,0,0,1,0,0,-,-,33.72488021850586,-116.39833068847656,RIVERSIDE,PALM DESERT,-116.39836883544922,33.72515106201172
90529214,2017,2017-08-23,9840,2017-08-22,1120,017162,NA,2,1,6,3315,0,1,3,NA,2,030,SR-91 W/B,SERFAS CLUB DR,500,E,N,A,-,Y,NA,NA,91,NA,NA,NA,NA,NA,W,Y,3,0,2,4,A,-,03,22350,NA,N,C,C,A,A,H,-,A,D,0,NA,NA,NA,NA,Y,NA,D,22,0,1,1,0,0,0,0,0,0,-,-,33.88045,-117.61109,RIVERSIDE,CORONA,-117.61107495,33.88054964
90529624,2017,2017-08-23,9840,2017-08-15,0815,016754,NA,2,1,6,3315,0,1,3,NA,2,030,SR-91 W/B,SERFAS CLUB DR,2500,W,N,B,-,Y,NA,NA,91,NA,NA,NA,NA,NA,W,Y,4,0,1,3,A,-,03,22350,NA,N,C,C,A,A,H,-,A,D,0,NA,NA,NA,NA,Y,NA,A,01,0,0,1,0,0,0,0,0,0,-,-,33.88239,-117.62266,RIVERSIDE,CORONA,-117.62271501,33.88219891
90530273,2017,2017-08-24,9840,2017-08-17,1810,019813,NA,4,2,7,3313,0,1,3,NA,2,021,SR-91 E/B,SPRUCE ST,2360,W,N,A,-,Y,NA,NA,91,NA,NA,NA,NA,NA,E,Y,3,0,1,3,A,-,03,22350,NA,N,C,C,A,A,H,-,A,D,0,NA,NA,NA,NA,Y,NA,A,01,0,1,0,0,0,0,0,0,0,-,-,33.98626,-117.36433,RIVERSIDE,RIVERSIDE,-117.36431118,33.98624581
90530340,2017,2017-08-24,9685,2017-08-20,1455,016113,NA,7,2,4,3312,0,1,1,NA,2,020,I-215 NORTHBOUND TO SR-74 (LOWER),SR-74 (LOWER),200,N,N,A,-,Y,NA,NA,215,NA,NA,NA,R,NA,N,N,4,0,2,1,A,-,08,22107,NA,N,F,A,A,A,H,-,A,D,0,NA,NA,Y,NA,Y,NA,C,02,0,0,2,0,0,0,0,0,2,-,-,33.75458,-117.18902,RIVERSIDE,PERRIS,-117.18902,33.75458
9053068,2019,2020-03-19,3300,2019-12-03,1810,N5860,910R,2,5,5,3335,0,0,0,NA,0,062,PROMENADE MALL WEST,WINCHESTER RD,0,NA,Y,A,-,N,NA,NA,NA,NA,NA,NA,NA,NA,NA,NA,4,0,1,2,A,-,05,21650,1,N,H,G,A,A,H,-,C,A,0,NA,Y,NA,NA,Y,NA,L,04,0,0,1,0,0,0,1,0,0,-,-,33.52901840209961,-117.15422821044922,RIVERSIDE,TEMECULA,-117.15712738037108,33.526878356933594
9053138,2020,2020-03-06,3300,2020-01-25,1811,N6426,910P,6,5,5,3335,0,0,0,NA,0,069,TEMECULA PKWY,WABASH LN,0,NA,Y,A,-,N,NA,NA,NA,NA,NA,NA,NA,NA,NA,Y,4,0,1,2,A,-,09,21801,A,N,D,C,A,A,H,-,C,A,0,NA,NA,NA,NA,Y,NA,A,01,0,0,1,0,0,0,0,0,0,-,-,33.47686004638672,-117.13298034667967,RIVERSIDE,TEMECULA,-117.133023,33.476798
9053181,2020,2020-05-15,3300,2020-01-01,1612,N4225,905K,3,5,4,3307,0,0,0,NA,0,L94,GRAND AV,LINCOLN ST,0,NA,Y,A,-,N,NA,NA,NA,NA,NA,NA,NA,NA,NA,NA,4,0,1,2,A,-,12,21453,A,N,D,C,A,A,H,-,A,A,0,NA,NA,NA,NA,Y,NA,A,01,0,0,1,0,0,0,0,0,0,-,-,33.68975067138672,-117.39306640625,RIVERSIDE,LAKE ELSINORE,-117.39378356933594,33.68758010864258
9053267,2019,2020-03-04,3313,2019-12-12,0643,1992,1,4,5,7,3313,0,0,0,NA,0,T73,CENTRAL AV,PALM AV,0,NA,Y,A,-,N,NA,NA,NA,NA,NA,NA,NA,NA,NA,Y,4,0,1,2,A,-,09,21453,C,N,A,C,A,A,H,-,B,A,0,NA,NA,NA,NA,Y,NA,A,01,0,0,1,0,0,0,0,0,0,-,-,33.95240020751953,-117.4010772705078,RIVERSIDE,RIVERSIDE,-117.40106964111328,33.9534797668457
90534474,2017,2017-08-28,9840,2017-08-16,1440,016285,NA,3,2,9,3300,0,3,5,NA,2,004,EL SOBRANTE ROAD,MOCKINGBIRD CANYON ROAD,7436,W,N,A,-,N,NA,NA,NA,NA,NA,NA,NA,NA,NA,Y,3,0,1,2,A,-,05,21460,NA,N,A,C,A,A,H,-,A,D,0,NA,NA,NA,Y,Y,NA,A,07,0,1,0,0,0,0,0,0,0,-,-,33.84572,-117.37547000000001,RIVERSIDE,UNINCORPORATED,-117.39769241,33.8532357
90534717,2017,2017-08-28,9840,2017-08-19,0955,018221,NA,6,1,7,3313,0,1,3,NA,2,021,SR-91 E/B,CENTRAL AVE,500,E,N,A,-,Y,NA,NA,91,NA,NA,NA,NA,NA,E,Y,4,0,1,1,A,-,03,22350,NA,N,E,I,A,A,H,-,A,D,0,NA,NA,NA,NA,Y,NA,A,01,0,0,1,0,0,0,0,0,0,-,-,33.95473,-117.38239,RIVERSIDE,RIVERSIDE,-117.38240037,33.95474299
90535829,2017,2017-08-29,9685,2017-08-20,1615,016381,NA,7,2,9,3300,0,3,5,NA,2,003,SAGE RD,E. BENTON RD,1056,S,N,A,-,N,NA,NA,NA,NA,NA,NA,NA,NA,NA,Y,2,0,1,2,A,-,01,23152,F,N,D,C,A,A,H,-,A,D,0,NA,NA,Y,NA,Y,NA,C,02,1,0,0,0,0,0,0,0,1,-,-,33.57565,-116.92838,RIVERSIDE,UNINCORPORATED,-116.93074894,33.57923682
90536352,2017,2017-09-15,9630,2017-06-17,2355,021217,NA,6,3,9,3300,0,1,3,NA,2,086,STATE ROUTE 86 NORTHBOUND,66TH AVE,5280,N,N,A,-,Y,NA,NA,86,NA,NA,NA,NA,NA,N,Y,1,1,0,1,A,-,01,23152,A,N,E,I,A,A,H,-,D,D,0,NA,NA,NA,NA,Y,Y,D,22,0,0,0,0,0,0,0,0,0,-,-,33.58105,-116.09547,RIVERSIDE,UNINCORPORATED,-116.09554922,33.58103507
90536512,2017,2017-08-29,9840,2017-08-27,1350,017162,NA,7,1,6,3315,0,1,3,NA,2,030,SR-91 W/B,SERFAS CLUB DR,800,W,N,A,-,Y,NA,NA,91,NA,NA,NA,NA,NA,W,Y,3,0,1,2,A,-,08,22107,NA,N,B,C,A,A,H,-,A,D,0,NA,NA,NA,NA,Y,NA,A,01,0,1,0,0,0,0,0,0,0,-,-,33.88118,-117.61699,RIVERSIDE,CORONA,-117.61697003,33.88133593
9054062,2020,2020-06-09,3313,2020-02-07,1740,1831,4,5,5,7,3313,0,0,0,NA,0,T45,INDIANA AV,BERNARD ST,10,E,N,A,-,N,NA,NA,NA,NA,NA,NA,NA,NA,NA,NA,4,0,3,3,A,-,01,23152,A,N,B,D,A,A,H,-,C,D,0,NA,NA,NA,NA,Y,Y,A,01,0,0,3,0,0,0,0,0,0,-,-,NA,NA,RIVERSIDE,RIVERSIDE,-117.42464447021484,33.92368698120117
90540841,2017,2017-09-05,9655,2017-08-26,2332,019462,NA,6,3,3,3302,0,1,3,NA,2,212,SR-60 EASTBOUND,WESTERN KNOLLS AVENUE,500,W,N,A,-,Y,NA,NA,60,NA,NA,NA,NA,NA,E,Y,4,0,3,2,A,-,03,22350,NA,N,C,C,A,A,H,-,D,D,0,NA,NA,NA,NA,Y,Y,D,22,0,0,3,0,0,0,0,0,0,-,-,33.93343,-117.00159,RIVERSIDE,BEAUMONT,-117.00159007,33.93342821
90543537,2017,2017-09-08,9840,2017-09-02,1755,018949,NA,6,2,9,3300,0,3,5,NA,2,003,TEMESCAL CANYON RD,HORSETHIEF CANYON RD,0,NA,Y,C,-,N,NA,NA,NA,NA,NA,NA,NA,NA,NA,Y,4,0,1,2,A,-,09,21802,A,N,D,C,A,B,H,-,A,A,0,NA,NA,NA,NA,Y,NA,D,22,0,0,1,0,0,0,0,0,0,-,-,33.74088,-117.4276,RIVERSIDE,UNINCORPORATED,-117.42759005,33.74088002
90545395,2017,2017-09-12,9840,2017-08-23,0237,015663,NA,3,3,7,3313,0,1,3,NA,2,010,SR-60 E/B,MAIN ST.,245,W,N,A,-,Y,NA,NA,60,NA,NA,NA,NA,NA,E,Y,3,0,3,3,A,-,03,22350,NA,N,C,C,A,A,H,-,D,D,0,NA,NA,NA,Y,Y,NA,D,22,0,2,1,0,0,0,0,0,0,-,-,33.99661,-117.36538,RIVERSIDE,RIVERSIDE,-117.36537901,33.99661241
90545607,2017,2017-09-12,9840,2017-09-05,0733,021641,NA,2,1,6,3315,0,1,1,NA,2,034,I-15 N/B,ONTARIO AVE,2300,S,N,A,-,Y,NA,NA,15,NA,NA,NA,NA,NA,N,Y,4,0,2,4,A,-,03,22350,NA,N,C,C,A,A,H,-,A,D,0,NA,NA,NA,NA,Y,NA,A,07,0,0,2,0,0,0,0,0,0,-,-,33.8375,-117.5328,RIVERSIDE,CORONA,-117.53271516,33.83754981
90547762,2017,2017-09-14,9630,2017-09-02,0945,016325,NA,6,1,4,3325,0,1,1,NA,2,020,I-10 E/B,BOB HOPE DR,2112,W,N,A,-,Y,NA,NA,10,NA,NA,NA,NA,NA,E,Y,3,0,1,2,A,-,01,23152,F,N,B,C,A,A,H,-,A,D,0,NA,NA,NA,NA,Y,Y,A,01,0,1,0,0,0,0,0,0,0,-,-,33.82565,-116.41862,RIVERSIDE,CATHEDRAL CITY,-116.41860728,33.82567146
90548438,2017,2017-09-15,9685,2017-09-05,1625,016113,NA,2,2,5,3335,0,1,1,NA,2,030,I-15 NORTHBOUND,RAINBOW VALLEY BLVD. O/C,5000,N,N,A,-,Y,NA,NA,NA,NA,NA,NA,NA,NA,NA,Y,4,0,1,2,A,-,07,21658,A,N,B,C,A,A,H,-,A,D,0,NA,NA,Y,NA,Y,NA,A,01,0,0,1,0,0,0,0,0,1,-,-,33.44381,-117.13713,RIVERSIDE,TEMECULA,NA,NA
90548592,2017,2017-09-15,9685,2017-09-06,1410,013376,NA,3,2,9,3300,0,1,3,NA,2,011,SR-74 W/B (ORTEGA HWY),MONTE VISTA ROAD,1000,E,N,A,-,Y,NA,NA,74,NA,NA,NA,NA,NA,W,Y,4,0,1,2,A,-,03,22350,NA,N,C,C,A,A,H,-,A,D,0,NA,NA,NA,NA,Y,NA,A,07,0,0,1,0,0,0,0,0,0,-,-,33.6514,-117.41171,RIVERSIDE,UNINCORPORATED,-117.41172239,33.65145039
90550890,2017,2017-09-19,9840,2017-09-18,0220,016358,NA,1,3,7,3313,0,1,1,NA,2,022,I-215 S/B,COLUMBIA AVE,191,S,N,A,-,Y,NA,NA,215,NA,NA,NA,NA,NA,S,Y,3,0,1,2,A,-,01,23152,A,N,C,C,A,A,H,-,C,D,0,NA,NA,NA,NA,Y,Y,A,01,0,1,0,0,0,0,0,0,0,-,-,34.0008,-117.35249,RIVERSIDE,RIVERSIDE,-117.35248054,34.00079398
90551928,2017,2017-09-20,9840,2017-09-12,1050,016356,NA,2,1,6,3315,0,1,3,NA,2,031,SR-91 W/B,LINCOLN AVE,500,E,N,A,-,Y,NA,NA,NA,NA,NA,NA,NA,NA,NA,Y,4,0,1,3,A,-,03,22350,NA,N,C,C,A,A,H,-,A,D,0,NA,NA,NA,NA,Y,NA,A,01,0,0,1,0,0,0,0,0,0,-,-,33.5519,-117.2438,RIVERSIDE,CORONA,-117.58085909,33.88174484
90552210,2017,2017-09-20,9655,2017-09-09,1648,013600,NA,6,2,9,3300,0,1,3,NA,2,212,SR-60 W/B,TIMOTHY LN,408,E,N,A,-,Y,NA,NA,60,NA,NA,NA,NA,NA,W,N,4,0,1,1,A,-,08,22107,NA,N,E,I,A,A,H,-,A,D,0,NA,NA,NA,NA,Y,NA,A,01,0,0,1,0,0,0,0,0,0,-,-,33.94326,-117.08218,RIVERSIDE,UNINCORPORATED,-117.08218251,33.94330445
90552639,2017,2017-09-20,9840,2017-09-16,0320,019874,NA,6,3,6,3394,0,1,3,NA,2,025,SR-60 E/B,FREDERICK ST,1000,W,N,A,-,Y,NA,NA,60,NA,NA,NA,NA,NA,E,Y,3,0,1,1,A,-,01,23152,A,N,E,I,A,A,H,-,C,D,0,NA,NA,NA,NA,Y,Y,A,01,0,1,0,0,0,0,0,0,0,-,-,33.94094,-117.24378,RIVERSIDE,MORENO VALLEY,-117.2437797,33.94103086
90553256,2017,2017-09-21,9630,2017-09-11,1938,019228,NA,1,2,9,3300,0,1,3,NA,1,074,SR-74,PALOWET DRIVE,17424,W,N,B,-,Y,NA,NA,74,NA,NA,NA,NA,NA,NA,N,2,0,1,1,A,-,08,22107,NA,N,F,A,A,A,H,-,D,D,0,NA,NA,Y,NA,Y,NA,C,02,1,0,0,0,0,0,0,0,1,-,-,33.65408,-116.40138,RIVERSIDE,UNINCORPORATED,-116.40141361,33.65405687
90553460,2017,2017-09-21,9630,2017-09-14,2128,020645,NA,4,2,9,3300,0,2,S,NA,2,502,HARRISON ST,78TH AVE,678,S,N,A,B,N,NA,NA,NA,NA,NA,NA,NA,NA,NA,Y,3,0,1,1,A,-,01,23152,A,N,E,I,A,A,H,-,D,D,0,NA,NA,NA,NA,Y,Y,A,01,0,1,0,0,0,0,0,0,0,-,-,33.48261,-116.11281,RIVERSIDE,UNINCORPORATED,-116.11256122,33.48246559
90554742,2017,2017-09-25,9655,2017-09-17,2220,019234,NA,7,3,9,3300,0,1,3,NA,1,314,SR-74 E/B,MERIDIAN STREET,0,NA,Y,A,-,Y,NA,NA,74,NA,NA,NA,NA,NA,E,Y,3,0,1,2,A,-,12,21453,A,N,D,C,A,A,H,-,C,A,0,NA,NA,NA,NA,Y,NA,A,01,0,1,0,0,0,0,0,0,0,-,-,33.74767,-116.92811,RIVERSIDE,UNINCORPORATED,-116.92811,33.74776009
90555345,2017,2017-09-25,9685,2017-09-13,1940,013376,NA,3,2,4,3307,0,1,1,NA,2,010,I-15 NORTHBOUND,DIAMOND ROAD,1369,N,N,A,-,Y,NA,NA,15,NA,NA,NA,NA,NA,N,Y,4,0,1,2,A,-,08,22107,NA,F,H,I,A,A,H,-,C,D,0,NA,NA,NA,NA,Y,NA,A,01,0,0,1,0,0,0,0,0,0,-,-,33.66245,-117.29862,RIVERSIDE,LAKE ELSINORE,-117.29862544,33.66244414
90555617,2017,2017-09-26,9655,2017-09-14,0530,017582,NA,4,3,4,3301,0,1,1,NA,2,204,I-10 E/B,HARGRAVE STREET,4752,E,N,B,-,Y,NA,NA,10,NA,NA,NA,NA,NA,E,Y,3,0,1,1,A,-,08,22107,NA,N,E,I,A,A,H,-,D,D,0,NA,NA,NA,NA,Y,NA,A,07,0,1,0,0,0,0,0,0,0,-,-,33.92641,-116.85192,RIVERSIDE,BANNING,-116.85200534,33.92657091
90555713,2017,2017-09-26,9840,2017-09-20,1500,016853,NA,3,2,9,3300,0,1,1,NA,2,040,I-215 S/B,VAN BUREN BLVD.,100,N,N,A,-,Y,NA,NA,NA,NA,NA,NA,NA,NA,NA,Y,4,0,1,2,A,-,03,22350,NA,N,C,C,A,A,H,-,A,D,0,NA,NA,NA,NA,Y,NA,A,07,0,0,1,0,0,0,0,0,0,-,-,33.53295,-117.16216,RIVERSIDE,UNINCORPORATED,NA,NA
90562334,2017,2017-10-03,9685,2017-09-27,1939,013925,NA,3,2,9,3300,0,1,1,NA,2,030,INTERSTATE 15 NORTHBOUND,RAINBOW VALLEY BLVD,2000,N,N,A,-,Y,NA,NA,15,NA,NA,NA,NA,NA,N,Y,4,0,1,2,A,-,07,21658,A,N,B,C,A,A,H,-,D,D,0,NA,NA,NA,NA,Y,NA,D,22,0,0,1,0,0,0,0,0,0,-,-,33.44135,-117.13778,RIVERSIDE,UNINCORPORATED,-117.13780057,33.44135645
90562860,2017,2017-10-04,9840,2017-09-29,0810,014868,NA,5,1,7,3313,0,1,3,NA,2,010,SR-60 E/B,MARKET ST.,300,W,N,A,-,Y,NA,NA,NA,NA,NA,NA,NA,NA,NA,Y,3,0,1,3,A,-,03,22350,NA,N,C,C,A,A,H,-,A,D,0,NA,NA,NA,Y,Y,NA,F,27,0,1,0,0,0,0,0,0,0,-,-,33.95037,-117.38596,RIVERSIDE,RIVERSIDE,-117.37572711,34.00092675
90563496,2017,2017-10-05,9840,2017-09-28,0422,021194,NA,4,3,7,3313,0,1,3,NA,2,020,SR-91 W/B,VAN BUREN BLVD,1584,W,N,A,-,Y,NA,NA,91,NA,NA,NA,NA,NA,W,Y,4,0,1,2,A,-,03,22350,NA,F,C,C,A,A,H,-,D,D,0,NA,NA,NA,NA,Y,NA,-,99,0,0,1,0,0,0,0,0,0,-,-,33.91233,-117.44667,RIVERSIDE,RIVERSIDE,-117.44662058,33.91224381
90563670,2017,2017-10-05,9685,2017-09-28,2215,013148,NA,4,3,3,3343,0,1,1,NA,2,010,INTERSTATE 15,BAXTER ROAD,60,N,N,A,-,Y,NA,NA,15,NA,NA,NA,NA,NA,NA,Y,3,0,2,1,A,-,08,22107,NA,N,F,A,A,A,H,-,C,D,0,NA,NA,Y,NA,Y,NA,C,02,0,2,0,0,0,0,0,0,2,-,-,33.61267,-117.26062,RIVERSIDE,WILDOMAR,-117.26065632,33.61263761
90563896,2017,2017-10-05,9630,2017-09-27,2203,020645,NA,3,3,9,3300,0,1,3,NA,2,015,SR-62 W/B,NORTH INDIAN CANYON DRIVE,8976,E,N,A,-,Y,NA,NA,62,NA,NA,NA,NA,NA,W,Y,3,0,2,1,A,-,08,22107,NA,N,E,I,A,A,H,-,D,D,0,NA,NA,NA,NA,Y,NA,A,01,0,1,1,0,0,0,0,0,0,-,-,34.02714,-116.58534,RIVERSIDE,UNINCORPORATED,-116.58533354,34.02714277
90565639,2017,2017-10-09,9840,2017-09-25,1510,021641,NA,1,2,7,3313,0,1,1,NA,2,023,I-215 S/B,BLAINE ST,2300,N,N,A,-,Y,NA,NA,215,NA,NA,NA,NA,NA,S,Y,4,0,1,2,A,-,03,22350,NA,N,C,C,A,A,H,-,A,D,0,NA,NA,Y,NA,Y,NA,C,02,0,0,1,0,0,0,0,0,0,-,-,33.988,-117.3481,RIVERSIDE,RIVERSIDE,-117.34817403,33.98791161
9056911,2020,2020-07-24,3313,2020-04-03,0637,4050,NA,5,5,7,3313,0,0,0,NA,0,NA,HAMNER AV,SCHLEISMAN RD,0,NA,Y,A,-,N,NA,NA,NA,NA,NA,NA,NA,NA,NA,NA,4,0,1,2,D,-,00,NA,NA,N,D,C,A,A,H,-,A,A,0,NA,NA,NA,NA,Y,NA,-,-,0,0,1,0,0,0,0,0,0,-,-,NA,NA,RIVERSIDE,RIVERSIDE,-117.5583267211914,33.956939697265625
90570722,2017,2017-10-16,9840,2017-10-09,1015,015444,NA,1,1,9,3300,0,2,4,NA,2,043,RAMONA EXPY,BERNASCONI RD,200,E,N,F,G,N,NA,NA,NA,NA,NA,NA,NA,NA,NA,Y,4,0,2,5,A,-,03,22350,NA,N,C,C,A,A,G,-,A,D,0,NA,NA,NA,NA,Y,NA,A,01,0,0,2,0,0,0,0,0,0,-,-,33.83984,-117.1511,RIVERSIDE,UNINCORPORATED,-117.1530391,33.83920045
90571623,2017,2017-10-18,9840,2017-10-15,1855,020535,NA,7,2,7,3313,0,1,1,NA,2,022,I-215 S/B,COLUMBIA AVE,500,N,N,A,-,Y,NA,NA,215,NA,NA,NA,NA,NA,S,Y,3,0,1,2,A,-,08,22107,NA,N,E,I,A,A,H,-,C,D,0,NA,NA,NA,NA,Y,NA,A,07,0,1,0,0,0,0,0,0,0,-,-,34.00676,-117.34848,RIVERSIDE,RIVERSIDE,-117.34848804,34.00676538
90573630,2017,2017-10-18,9685,2017-10-08,1315,013006,NA,7,1,5,3335,0,1,1,NA,2,030,I-15 SOUTHBOUND,OVERLAND DRIVE,580,S,N,A,-,Y,NA,NA,15,NA,NA,NA,NA,NA,S,Y,3,0,2,3,A,-,03,22350,NA,N,C,C,A,A,H,-,A,D,0,NA,NA,NA,NA,Y,NA,A,01,0,1,1,0,0,0,0,0,0,-,-,33.51627,-117.15896,RIVERSIDE,TEMECULA,-117.15899994,33.51624346
90575158,2017,2017-10-20,9685,2017-10-10,0700,015360,NA,2,1,9,3300,0,1,1,NA,2,030,I-15 SOUTHBOUND,RAINBOW VALLEY BLVD.,2112,N,N,A,-,Y,NA,NA,NA,NA,NA,NA,NA,NA,NA,N,3,0,1,2,A,-,00,21568,A,N,B,C,A,A,H,-,A,D,0,NA,NA,Y,NA,Y,NA,A,01,0,1,0,0,0,0,0,0,1,-,-,33.02243,-117.56453,RIVERSIDE,UNINCORPORATED,NA,NA
90577312,2017,2017-10-24,9655,2017-10-15,1831,018708,NA,7,2,9,3300,0,1,3,NA,1,312,SR-74,CALIFORNIA AVE,50,W,N,A,-,Y,NA,NA,74,NA,NA,NA,NA,NA,NA,N,4,0,1,2,A,-,12,21453,A,M,C,C,A,A,H,-,C,A,0,NA,NA,NA,NA,Y,NA,A,01,0,0,1,0,0,0,0,0,0,-,-,33.74377,-117.05039,RIVERSIDE,UNINCORPORATED,-117.05039021,33.74380358
90577575,2017,2017-10-24,9840,2017-09-22,0330,015744,NA,5,3,7,3313,0,1,1,NA,2,023,I-215 S/B,FAIR ISLE DR,1700,N,N,A,-,Y,NA,NA,215,NA,NA,NA,NA,NA,S,Y,1,1,0,2,A,-,08,22107,NA,N,C,C,A,A,C,-,D,D,0,NA,NA,NA,Y,Y,NA,A,01,0,0,0,0,0,0,0,0,0,-,-,33.95273,-117.30397,RIVERSIDE,RIVERSIDE,-117.30390594,33.95275895
90578198,2017,2017-10-25,9685,2017-10-15,0157,016347,NA,7,3,4,3342,0,1,1,NA,2,034,I-215 S/B,LOS ALAMOS ROAD,2640,N,N,A,-,Y,NA,NA,215,NA,NA,NA,NA,NA,S,Y,4,0,1,1,A,-,08,22107,NA,N,E,I,A,A,H,-,D,D,0,NA,NA,NA,NA,Y,NA,A,01,0,0,1,0,0,0,0,0,0,-,-,33.58316,-117.18109,RIVERSIDE,MURRIETA,-117.18104554,33.58315999