CASE_ID,ACCIDENT_YEAR,PROC_DATE,JURIS,COLLISION_DATE,COLLISION_TIME,OFFICER_ID,REPORTING_DISTRICT,DAY_OF_WEEK,CHP_SHIFT,POPULATION,CNTY_CITY_LOC,SPECIAL_COND,BEAT_TYPE,CHP_BEAT_TYPE,CITY_DIVISION_LAPD,CHP_BEAT_CLASS,BEAT_NUMBER,PRIMARY_RD,SECONDARY_RD,DISTANCE,DIRECTION,INTERSECTION,WEATHER_1,WEATHER_2,STATE_HWY_IND,CALTRANS_COUNTY,CALTRANS_DISTRICT,STATE_ROUTE,ROUTE_SUFFIX,POSTMILE_PREFIX,POSTMILE,LOCATION_TYPE,RAMP_INTERSECTION,SIDE_OF_HWY,TOW_AWAY,COLLISION_SEVERITY,NUMBER_KILLED,NUMBER_INJURED,PARTY_COUNT,PRIMARY_COLL_FACTOR,PCF_CODE_OF_VIOL,PCF_VIOL_CATEGORY,PCF_VIOLATION,PCF_VIOL_SUBSECTION,HIT_AND_RUN,TYPE_OF_COLLISION,MVIW,PED_ACTION,ROAD_SURFACE,ROAD_COND_1,ROAD_COND_2,LIGHTING,CONTROL_DEVICE,CHP_ROAD_TYPE,PEDESTRIAN_ACCIDENT,BICYCLE_ACCIDENT,MOTORCYCLE_ACCIDENT,TRUCK_ACCIDENT,NOT_PRIVATE_PROPERTY,ALCOHOL_INVOLVED,STWD_VEHTYPE_AT_FAULT,CHP_VEHTYPE_AT_FAULT,COUNT_SEVERE_INJ,COUNT_VISIBLE_INJ,COUNT_COMPLAINT_PAIN,COUNT_PED_KILLED,COUNT_PED_INJURED,COUNT_BICYCLIST_KILLED,COUNT_BICYCLIST_INJURED,COUNT_MC_KILLED,COUNT_MC_INJURED,PRIMARY_RAMP,SECONDARY_RAMP,LATITUDE,LONGITUDE,COUNTY,CITY,POINT_X,POINT_Y
90793434,2018,2018-08-20,9840,2018-08-08,0715,017441,NA,3,1,7,3313,0,1,1,NA,2,022,I-215 N/B,COLUMBIA AVE.,1545,S,N,A,-,Y,NA,NA,215,NA,NA,NA,NA,NA,N,Y,4,0,1,4,A,-,03,22350,NA,N,C,C,A,A,H,-,A,D,0,NA,NA,NA,NA,Y,NA,A,01,0,0,1,0,0,0,0,0,0,-,-,33.99755096435547,-117.35442352294922,RIVERSIDE,RIVERSIDE,-117.35440826416016,33.99754333496094
90793486,2018,2018-08-20,9655,2018-08-08,1006,018383,NA,3,1,9,3300,0,1,3,NA,2,315,SR-79 N/B,HOLLAND RD,0,NA,Y,A,-,N,NA,NA,79,NA,NA,NA,NA,NA,N,Y,4,0,1,2,A,-,03,22350,NA,N,C,C,A,A,H,-,A,D,0,NA,NA,NA,NA,Y,NA,D,22,0,0,1,0,0,0,0,0,0,-,-,33.67121124267578,-117.08477783203124,RIVERSIDE,UNINCORPORATED,-117.08477783203124,33.67121124267578
90795483,2018,2018-08-22,9840,2018-08-16,1020,016356,NA,4,1,7,3313,0,1,3,NA,2,030,SR-91 W/B,GREEN RIVER RD,50,W,N,A,-,Y,NA,NA,NA,NA,NA,NA,NA,NA,NA,Y,2,0,1,1,A,-,03,22350,NA,N,F,A,A,A,H,-,A,D,0,NA,NA,Y,NA,Y,NA,C,02,1,0,0,0,0,0,0,0,1,-,-,33.52399826049805,-117.39340209960938,RIVERSIDE,RIVERSIDE,-117.65796661376952,33.878517150878906
90796170,2018,2018-08-22,9685,2018-08-10,1203,016936,NA,5,1,9,3300,0,3,5,NA,2,003,WOODLAND HILLS ST.,MAHOGANY ST.,0,NA,Y,A,-,N,NA,NA,NA,NA,NA,NA,NA,NA,NA,Y,3,0,1,2,A,-,08,22107,NA,N,A,C,A,A,H,-,A,D,0,NA,NA,NA,NA,Y,NA,D,22,0,1,0,0,0,0,0,0,0,-,-,33.617088317871094,-117.13410186767578,RIVERSIDE,UNINCORPORATED,-117.13410186767578,33.617149353027344
90796205,2018,2018-08-22,9685,2018-07-29,0515,017013,NA,7,3,9,3300,0,3,5,NA,2,001,SR-74,GRAND AVENUE,12672,W,N,A,-,N,NA,NA,74,NA,NA,NA,NA,NA,NA,Y,3,0,1,2,A,-,05,21460,A,F,E,I,A,A,H,-,B,D,0,NA,NA,Y,NA,Y,NA,-,99,0,1,0,0,0,0,0,0,1,-,-,33.64249038696289,-117.38450622558594,RIVERSIDE,UNINCORPORATED,-117.3845443725586,33.64249038696289
90799530,2018,2018-08-28,9840,2018-08-18,1757,019893,NA,6,2,6,3315,0,1,1,NA,2,034,I-15 N/B,DOS LAGOS DRIVE,911,S,N,A,-,Y,NA,NA,NA,NA,NA,NA,NA,NA,NA,Y,4,0,2,2,A,-,03,22350,NA,N,C,C,A,A,H,-,A,D,0,NA,NA,NA,NA,Y,NA,A,01,0,0,2,0,0,0,0,0,0,-,-,33.80458068847656,-117.505859375,RIVERSIDE,CORONA,-117.50607299804688,33.80478286743164
90800296,2018,2018-08-28,9685,2018-08-18,2230,016347,NA,6,3,4,3312,0,1,1,NA,2,020,I-215 SOUTHBOUND,SR-74,4224,N,N,A,-,Y,NA,NA,215,NA,NA,NA,NA,NA,S,Y,3,0,1,1,A,-,08,22107,NA,N,E,I,A,A,H,-,D,D,0,NA,NA,NA,NA,Y,NA,A,01,0,1,0,0,0,0,0,0,0,-,-,33.76554870605469,-117.18993377685548,RIVERSIDE,PERRIS,-117.18990325927734,33.76556396484375
90800739,2018,2018-08-29,9840,2018-08-27,0735,017459,NA,1,1,6,3345,0,1,3,NA,2,010,SR-60 W/B,WINEVILLE AVE,900,E,N,A,-,Y,NA,NA,60,NA,NA,NA,NA,NA,W,Y,4,0,1,3,A,-,03,22350,NA,N,C,C,A,A,H,-,A,D,0,NA,NA,NA,NA,Y,NA,A,01,0,0,1,0,0,0,0,0,0,-,-,34.01839828491211,-117.53849792480467,RIVERSIDE,JURUPA VALLEY,-117.53842926025392,34.018707275390625
90801184,2018,2018-08-29,9840,2018-08-19,1624,021194,NA,7,2,6,3394,0,1,3,NA,2,025,SR-60 E/B,REDLANDS BLVD,560,W,N,A,-,Y,NA,NA,60,NA,NA,NA,NA,NA,E,Y,2,0,3,3,A,-,08,22107,NA,N,C,C,A,A,H,-,A,D,0,NA,NA,NA,NA,Y,NA,A,07,1,2,0,0,0,0,0,0,0,-,-,33.939151763916016,-117.15917205810548,RIVERSIDE,MORENO VALLEY,-117.15917205810548,33.939186096191406
90801325,2018,2018-08-30,9840,2018-07-28,0042,019017,NA,6,3,9,3300,0,1,1,NA,2,037,INTERSTATE 15 N/B,INDIAN TRUCK TRAIL,3600,S,N,A,-,Y,NA,NA,15,NA,NA,NA,NA,NA,N,Y,4,0,1,3,C,-,18,NA,NA,N,D,E,A,A,H,-,D,D,0,NA,NA,NA,NA,Y,Y,-,-,0,0,1,0,0,0,0,0,0,-,-,33.74283981323242,-117.43933868408205,RIVERSIDE,UNINCORPORATED,-117.43934631347656,33.742820739746094
90803189,2018,2018-08-31,9685,2018-08-23,2155,017013,NA,4,2,5,3335,0,1,1,NA,2,030,I-15 SOUTHBOUND,SANTIAGO ROAD,231,N,N,A,-,Y,NA,NA,15,NA,NA,NA,NA,NA,S,Y,4,0,1,3,A,-,03,22350,NA,M,C,C,A,A,H,-,D,D,0,NA,NA,NA,NA,Y,NA,-,99,0,0,1,0,0,0,0,0,0,-,-,33.49235916137695,-117.14518737792967,RIVERSIDE,TEMECULA,-117.14517211914063,33.492366790771484
9080627,2020,2020-05-28,3309,2020-01-19,2244,162,3309,7,5,4,3309,0,0,0,NA,0,003,HIGHWAY 111,JACKSON ST,0,NA,Y,A,-,N,NA,NA,NA,NA,NA,NA,NA,NA,NA,Y,2,0,2,2,A,-,01,23152,B,N,D,C,A,A,H,-,C,A,0,NA,NA,NA,NA,Y,NA,A,01,1,1,0,0,0,0,0,0,0,-,-,NA,NA,RIVERSIDE,INDIO,-116.216335,33.714847
90806430,2018,2018-09-05,9685,2018-08-27,1520,015757,NA,1,2,9,3300,0,3,5,NA,2,003,RANCHO CALIFORNIA RD,AVENIDA DEL ORO,0,NA,Y,A,-,N,NA,NA,NA,NA,NA,NA,NA,NA,NA,Y,4,0,1,3,A,-,09,21802,A,M,D,C,A,A,H,-,A,A,0,NA,NA,NA,Y,Y,NA,A,01,0,0,1,0,0,0,0,0,0,-,-,33.498619079589844,-117.15682983398438,RIVERSIDE,UNINCORPORATED,-117.18315887451172,33.49869155883789
90807430,2018,2018-09-06,9840,2018-08-30,1000,015705,NA,4,1,7,3313,0,1,3,NA,2,020,SR-91 E/B,TYLER ST.,150,E,N,A,-,Y,NA,NA,91,NA,NA,NA,NA,NA,E,N,3,0,1,3,A,-,03,22350,NA,N,C,C,A,A,H,-,A,D,0,NA,NA,NA,NA,Y,NA,D,22,0,1,0,0,0,0,0,0,0,-,-,33.90699005126953,-117.4553680419922,RIVERSIDE,RIVERSIDE,-117.45541381835938,33.90707015991211
90809618,2018,2018-09-11,9840,2018-09-01,1105,018221,NA,6,1,9,3300,0,1,1,NA,2,034,I-15 N/B,DOS LAGOS DR.,4300,S,N,A,-,Y,NA,NA,15,NA,NA,NA,NA,NA,N,Y,4,0,1,4,A,-,03,22350,NA,N,C,C,A,A,D,-,A,D,0,NA,NA,NA,NA,Y,NA,A,01,0,0,1,0,0,0,0,0,0,-,-,33.79629135131836,-117.50080871582033,RIVERSIDE,UNINCORPORATED,-117.50081634521484,33.796287536621094
9081172,2020,2020-05-20,3308,2020-02-24,0944,10610,517,1,5,5,3308,0,0,0,NA,0,NORTH,LATHAM AV,FRANKLIN ST,0,NA,Y,A,-,N,NA,NA,NA,NA,NA,NA,NA,NA,NA,N,3,0,2,2,A,-,09,21802,A,N,D,C,A,A,H,-,A,A,0,NA,NA,NA,NA,Y,NA,A,01,0,2,0,0,0,0,0,0,0,-,-,33.74932861328125,-116.96631622314452,RIVERSIDE,HEMET,-116.96624755859376,33.74937057495117
90811784,2018,2018-09-12,9660,2018-09-04,1917,021189,NA,2,2,9,3300,0,1,2,NA,2,038,US-95,HIDDEN VALLEY RD,13728,N,N,A,-,Y,NA,NA,95,NA,NA,NA,NA,NA,NA,Y,3,0,4,1,A,-,08,22107,NA,N,H,I,A,A,H,-,B,A,0,NA,NA,NA,NA,Y,NA,A,01,0,3,1,0,0,0,0,0,0,-,-,34.000980377197266,-114.4855728149414,RIVERSIDE,UNINCORPORATED,-114.48553466796876,34.00094985961914
90811828,2018,2018-09-13,9655,2018-09-01,0531,019630,NA,6,3,4,3301,0,1,1,NA,2,204,I-10 W/B,SUNSET AVE,1250,W,N,A,-,Y,NA,NA,10,NA,NA,NA,NA,NA,W,N,3,0,1,2,A,-,11,21956,NA,N,G,B,E,A,H,-,C,D,0,Y,NA,NA,NA,Y,Y,N,60,0,1,0,0,1,0,0,0,0,-,-,33.92546081542969,-116.91609191894533,RIVERSIDE,BANNING,-116.91609954833984,33.9254150390625
9081192,2020,2020-05-20,3308,2020-02-22,1245,10611,537,6,5,5,3308,0,0,0,NA,0,SOUTH,BUENA VISTA ST,MAYBERRY AV,0,NA,Y,A,-,N,NA,NA,NA,NA,NA,NA,NA,NA,NA,N,4,0,1,3,A,-,12,22450,A,N,D,C,A,A,H,-,A,A,0,NA,NA,NA,NA,Y,NA,A,01,0,0,1,0,0,0,0,0,0,-,-,33.74026107788086,-116.96723175048828,RIVERSIDE,HEMET,-116.96727752685548,33.740291595458984
90812976,2018,2018-09-14,9840,2018-09-09,0215,020210,NA,7,3,6,3345,0,1,3,NA,2,010,SR-60 E/B,COUNTRY VILLAGE RD,1600,E,N,A,-,Y,NA,NA,60,NA,NA,NA,NA,NA,E,Y,3,0,1,1,A,-,01,23152,A,N,E,I,A,A,H,-,C,D,0,NA,NA,NA,NA,Y,Y,A,01,0,1,0,0,0,0,0,0,0,-,-,34.019020080566406,-117.50116729736328,RIVERSIDE,JURUPA VALLEY,-117.50116729736328,34.018924713134766
90813438,2018,2018-09-14,9630,2018-09-07,0530,019943,NA,5,3,9,3300,0,1,1,NA,2,021,I-10 E/B,MONTEREY AVE,5280,E,N,A,-,Y,NA,NA,10,NA,NA,NA,NA,NA,E,Y,3,0,1,2,A,-,03,22350,NA,N,C,C,A,A,H,-,D,D,0,NA,NA,NA,NA,Y,NA,A,01,0,1,0,0,0,0,0,0,0,-,-,33.79629898071289,-116.37200164794922,RIVERSIDE,UNINCORPORATED,-116.37206268310548,33.79619598388672
90816073,2018,2018-09-19,9840,2018-09-06,1635,015444,NA,4,2,9,3300,0,3,5,NA,2,004,MARKHAM ST,DECKER STREET,1730,W,N,A,-,N,NA,NA,NA,NA,NA,NA,NA,NA,NA,Y,4,0,3,3,A,-,03,22350,NA,N,C,C,A,A,H,-,A,D,0,NA,NA,NA,NA,Y,NA,A,01,0,0,3,0,0,0,0,0,0,-,-,33.851219177246094,-117.27458953857422,RIVERSIDE,UNINCORPORATED,-117.2755889892578,33.85147476196289
90816591,2018,2018-09-19,9840,2018-09-13,1652,015663,NA,4,2,6,3315,0,1,1,NA,2,034,I-15 N/B,MAGNOLIA AVE,300,N,N,A,-,Y,NA,NA,15,NA,NA,NA,NA,NA,N,N,4,0,1,2,A,-,07,21658,A,N,C,C,A,A,D,H,A,D,0,NA,NA,NA,Y,Y,NA,G,25,0,0,1,0,0,0,0,0,0,-,-,33.86798858642578,-117.54335021972656,RIVERSIDE,CORONA,-117.54334259033205,33.86799621582031
90816918,2018,2018-09-19,9655,2018-09-12,1515,015795,NA,3,2,9,3300,0,1,3,NA,2,213,SR-79 N/B,CALIFORNIA AVENUE,4752,S,N,A,-,Y,NA,NA,79,NA,NA,NA,NA,NA,N,Y,4,0,1,3,A,-,03,22350,NA,N,C,C,A,A,H,-,A,D,0,NA,NA,NA,NA,Y,NA,D,22,0,0,1,0,0,0,0,0,0,-,-,33.89873123168945,-116.98741149902344,RIVERSIDE,UNINCORPORATED,-116.98748016357422,33.89876937866211
90817031,2018,2018-09-19,9660,2018-09-12,1305,014712,NA,3,1,9,3300,0,3,5,NA,2,003,WILEYS WELL ROAD,I-10,3696,S,N,A,-,N,NA,NA,NA,NA,NA,NA,NA,NA,NA,Y,3,0,1,1,A,-,08,22107,NA,N,F,A,A,A,H,-,A,D,0,NA,NA,NA,NA,Y,NA,A,07,0,1,0,0,0,0,0,0,0,-,-,33.595420837402344,-114.90319061279295,RIVERSIDE,UNINCORPORATED,-114.90157318115234,33.60763168334961
90818214,2018,2018-09-21,9840,2018-09-05,0615,017441,NA,3,1,9,3300,0,3,5,NA,2,003,SUNROSE ST.,TRUMPETS CT.,335,S,N,A,-,N,NA,NA,NA,NA,NA,NA,NA,NA,NA,Y,4,0,1,3,A,-,08,22107,NA,N,B,C,A,A,H,-,A,D,0,NA,NA,NA,NA,Y,NA,A,01,0,0,1,0,0,0,0,0,0,-,-,33.78527069091797,-117.50421905517578,RIVERSIDE,UNINCORPORATED,-117.50418090820313,33.78527069091797
90818776,2018,2018-09-21,9840,2018-09-15,1215,019219,NA,6,1,9,3300,0,1,1,NA,2,023,I-215 SOUTHBOUND,CENTRAL AVENUE,100,N,N,A,-,Y,NA,NA,NA,NA,NA,NA,NA,NA,NA,Y,4,0,2,3,A,-,03,22350,NA,N,C,C,A,A,H,-,A,D,0,NA,NA,NA,NA,Y,NA,A,01,0,0,2,0,0,0,0,0,0,-,-,33.958229064941406,-117.3111572265625,RIVERSIDE,UNINCORPORATED,NA,NA
90818899,2018,2018-09-21,9685,2018-08-18,1635,016381,NA,6,2,9,3300,0,1,3,NA,1,012,SR-74,MEADOWBROOK AVE,10,E,N,A,-,N,NA,NA,74,NA,NA,NA,NA,NA,NA,Y,3,0,2,2,A,-,01,23152,A,N,A,C,A,A,H,-,A,A,0,NA,NA,NA,NA,Y,Y,A,01,0,1,1,0,0,0,0,0,0,-,-,33.725101470947266,-117.29280090332033,RIVERSIDE,UNINCORPORATED,-117.29280090332033,33.72509765625
90819112,2018,2018-09-24,9630,2018-09-13,2025,020445,NA,4,2,9,3300,0,2,S,NA,2,404,RAMON ROAD,I-10 E/B FROM RAMON ROAD,200,W,N,A,-,N,NA,NA,NA,NA,NA,NA,NA,NA,NA,N,4,0,1,2,A,-,03,22350,NA,N,C,C,A,A,H,-,D,A,0,NA,NA,NA,NA,Y,NA,A,01,0,0,1,0,0,0,0,0,0,-,-,33.81631851196289,-116.40644073486328,RIVERSIDE,UNINCORPORATED,-116.406034,33.816321
90819232,2018,2018-09-24,9630,2018-09-14,1245,021556,NA,5,1,9,3300,0,2,S,NA,2,502,JACKSON ST,53RD AVE,0,NA,Y,A,-,N,NA,NA,NA,NA,NA,NA,NA,NA,NA,N,3,0,2,2,A,-,09,21802,A,N,D,C,A,A,H,-,A,A,0,NA,NA,NA,NA,Y,NA,A,07,0,1,1,0,0,0,0,0,0,-,-,33.66376876831055,-116.2165069580078,RIVERSIDE,UNINCORPORATED,-116.2165298461914,33.663780212402344
90819397,2018,2018-10-15,9655,2018-09-13,0725,014743,NA,4,1,9,3300,0,1,3,NA,2,213,SR-79,CALIFORNIA AVENUE,0,NA,Y,A,-,Y,NA,NA,79,NA,NA,NA,NA,NA,NA,Y,3,0,4,5,A,-,03,22350,NA,N,C,C,A,A,H,-,A,A,0,NA,NA,NA,Y,Y,NA,A,01,0,4,0,0,0,0,0,0,0,-,-,33.911041259765625,-116.98065948486328,RIVERSIDE,UNINCORPORATED,-116.98058319091795,33.910987854003906
90819456,2018,2018-09-24,9840,2018-09-09,0220,021261,NA,7,3,6,3345,0,1,3,NA,2,010,SR-60 E/B,COUNTRY VILLAGE RD,1650,E,N,A,-,Y,NA,NA,60,NA,NA,NA,NA,NA,E,Y,3,0,1,2,A,-,03,22350,NA,N,A,C,A,A,C,-,C,D,0,NA,NA,NA,NA,Y,NA,A,01,0,1,0,0,0,0,0,0,0,-,-,34.01900863647461,-117.49919891357422,RIVERSIDE,JURUPA VALLEY,-117.49919891357422,34.01900100708008
90820151,2018,2018-09-24,9685,2018-09-20,1920,013925,NA,4,2,9,3300,0,1,3,NA,1,031,STATE ROUTE 79 (WINCHESTER ROAD),BENTON ROAD,1150,S,N,A,-,N,NA,NA,79,NA,NA,NA,NA,NA,NA,Y,4,0,7,4,A,-,03,22350,NA,N,C,C,A,A,H,-,D,D,0,NA,NA,NA,NA,Y,NA,A,07,0,0,7,0,0,0,0,0,0,-,-,33.5895881652832,-117.12731170654295,RIVERSIDE,UNINCORPORATED,-117.12734222412108,33.58961486816406
90822186,2018,2018-09-27,9630,2018-09-14,0105,021416,NA,5,3,9,3300,0,1,1,NA,2,021,I-10 E/B,COOK ST,4224,E,N,A,-,Y,NA,NA,10,NA,NA,NA,NA,NA,E,Y,3,0,2,2,A,-,08,22107,NA,N,B,C,A,A,H,-,D,D,0,NA,NA,NA,NA,Y,NA,A,01,0,1,1,0,0,0,0,0,0,-,-,33.779239654541016,-116.3434600830078,RIVERSIDE,UNINCORPORATED,-116.34346771240234,33.77922821044922
9082337,2020,2020-05-19,3308,2020-02-21,1658,10597,523,5,5,5,3308,0,0,0,NA,0,SOUTH,CARRIAGE CIR,MOTOR WY,25,E,N,A,-,N,NA,NA,NA,NA,NA,NA,NA,NA,NA,Y,4,0,1,2,A,-,08,22107,NA,N,B,C,A,A,H,-,A,D,0,NA,NA,NA,NA,Y,NA,A,01,0,0,1,0,0,0,0,0,0,-,-,NA,NA,RIVERSIDE,HEMET,NA,NA
90825483,2018,2018-10-01,9685,2018-09-22,0730,015906,NA,6,1,9,3300,0,3,5,NA,2,003,SAGE ROAD,RED MOUNTAIN ROAD,26400,N,N,A,-,N,NA,NA,NA,NA,NA,NA,NA,NA,NA,Y,4,0,2,2,A,-,05,21460,A,N,A,A,A,A,H,-,A,D,0,NA,NA,NA,NA,Y,NA,A,07,0,0,2,0,0,0,0,0,0,-,-,33.618648529052734,-116.93460845947266,RIVERSIDE,UNINCORPORATED,-116.94959259033205,33.67123031616211
90827490,2018,2018-10-03,9685,2018-09-29,1735,015757,NA,6,2,5,3335,0,1,1,NA,2,030,I-15 N/B (TEMECULA VALLEY FWY),WINCHESTER RD,300,N,N,A,-,Y,NA,NA,15,NA,NA,NA,NA,NA,N,N,4,0,1,3,A,-,03,22350,NA,N,C,C,A,A,H,-,A,D,0,NA,NA,NA,Y,Y,NA,F,26,0,0,1,0,0,0,0,0,0,-,-,33.52627944946289,-117.16526794433594,RIVERSIDE,TEMECULA,-117.1652603149414,33.52628707885742
90830172,2018,2018-10-08,9840,2018-09-24,0845,017893,NA,1,1,6,3315,0,1,3,NA,2,031,SR-91 W/B,PROMENADE AVE,1063,E,N,A,-,Y,NA,NA,91,NA,NA,NA,NA,NA,W,Y,4,0,1,2,A,-,03,22350,NA,N,C,C,A,A,H,-,A,D,0,NA,NA,NA,NA,Y,NA,A,01,0,0,1,0,0,0,0,0,0,-,-,33.88399887084961,-117.5334014892578,RIVERSIDE,CORONA,-117.53338623046876,33.883731842041016
90832105,2018,2018-10-09,9655,2018-10-06,0758,014421,NA,6,1,2,3336,0,1,1,NA,2,202,I-10 WESTBOUND,SANDALWOOD DR,3168,E,N,B,-,Y,NA,NA,10,NA,NA,NA,NA,NA,W,N,4,0,1,2,A,-,03,22350,NA,N,C,C,A,A,H,-,A,D,0,NA,NA,NA,NA,Y,NA,A,01,0,0,1,0,0,0,0,0,0,-,-,33.98448944091797,-117.05290222167967,RIVERSIDE,CALIMESA,-117.05274200439452,33.98456954956055
90832143,2018,2018-10-09,9630,2018-09-30,1900,021921,NA,7,2,9,3300,0,1,1,NA,2,301,I-10 W/B,FRONTAGE RD,1056,W,N,C,-,Y,NA,NA,10,NA,NA,NA,NA,NA,W,Y,4,0,1,1,A,-,08,22107,NA,N,F,I,A,B,H,-,D,D,0,NA,NA,NA,Y,Y,NA,G,25,0,0,1,0,0,0,0,0,0,-,-,33.67015838623047,-115.914306640625,RIVERSIDE,UNINCORPORATED,-115.91432189941406,33.670082092285156
9083273,2020,2020-07-14,3315,2020-03-08,1257,003718,13B,7,5,6,3315,0,0,0,NA,0,003,MAGNOLIA AV,SANTANA WY,0,NA,Y,A,-,N,NA,NA,NA,NA,NA,NA,NA,NA,NA,N,4,0,1,2,A,-,03,22350,NA,N,C,C,A,A,H,-,A,A,0,NA,NA,NA,NA,Y,NA,A,01,0,0,1,0,0,0,0,0,0,-,-,33.85319900512695,-117.5637664794922,RIVERSIDE,CORONA,-117.56375885009766,33.85343933105469
90833387,2018,2018-10-10,9655,2018-10-08,1727,020054,NA,1,2,9,3300,0,3,5,NA,2,002,CHERRY VALLEY BLVD,UNION ST,632,N,N,A,-,N,NA,NA,NA,NA,NA,NA,NA,NA,NA,Y,3,0,1,2,A,-,03,22350,NA,N,C,C,A,A,H,-,A,D,0,NA,NA,NA,NA,Y,NA,A,07,0,1,0,0,0,0,0,0,0,-,-,33.96876907348633,-116.99861145019533,RIVERSIDE,UNINCORPORATED,-117.00089263916016,33.9687385559082
90837062,2018,2018-10-16,9840,2018-10-05,0340,017546,NA,5,3,6,3345,0,1,1,NA,2,011,I-15 N/B TO SR-60 E/B,RIVERSIDE DR,1400,S,N,B,-,Y,NA,NA,15,NA,NA,NA,R,NA,N,Y,4,0,1,2,A,-,01,23152,A,N,C,C,A,A,H,-,D,D,0,NA,NA,NA,NA,Y,Y,A,01,0,0,1,0,0,0,0,0,0,-,-,34.014930725097656,-117.54994201660156,RIVERSIDE,JURUPA VALLEY,-117.54994201660156,34.014930725097656
90838269,2018,2018-10-17,9840,2018-09-21,1546,018611,NA,5,2,9,3300,0,1,3,NA,2,030,SR-91 E/B,SR-71,165,W,N,A,-,Y,NA,NA,91,NA,NA,NA,NA,NA,E,Y,3,0,1,3,A,-,03,22350,NA,N,C,C,A,A,H,-,A,D,0,NA,NA,NA,NA,Y,NA,D,22,0,1,0,0,0,0,0,0,0,-,-,33.883338928222656,-117.64058685302734,RIVERSIDE,UNINCORPORATED,-117.64060974121094,33.88340759277344
90838299,2018,2018-10-17,9655,2018-10-05,2146,018708,NA,5,2,9,3300,0,1,3,NA,2,212,SR-60 E/B,JACK RABBIT TRL,0,NA,Y,A,-,Y,NA,NA,60,NA,NA,NA,NA,NA,E,Y,2,0,1,4,A,-,09,21801,A,N,D,C,A,A,H,-,C,D,0,NA,NA,NA,NA,Y,NA,A,01,1,0,0,0,0,0,0,0,0,-,-,33.9339485168457,-117.03340911865234,RIVERSIDE,UNINCORPORATED,-117.0334243774414,33.933921813964844
90840762,2018,2018-10-22,9840,2018-10-11,0620,014366,NA,4,1,6,3315,0,1,1,NA,2,034,I-15 N/B,ONTARIO AVE,500,N,N,A,-,Y,NA,NA,15,NA,NA,NA,NA,NA,N,Y,2,0,1,2,A,-,03,22350,NA,N,C,C,A,A,H,-,A,D,0,NA,NA,Y,NA,Y,NA,C,02,1,0,0,0,0,0,0,0,1,-,-,33.84408950805664,-117.5347900390625,RIVERSIDE,CORONA,-117.53474426269533,33.84408950805664
90841034,2018,2018-10-22,9630,2018-10-12,2322,021908,NA,5,3,4,3311,0,1,1,NA,2,010,I-10 E/B,NORTH INDIAN CANYON DR.,4752,E,N,C,G,Y,NA,NA,10,NA,NA,NA,NA,NA,E,Y,3,0,1,1,A,-,03,22350,NA,N,E,I,A,B,H,-,D,D,0,NA,NA,NA,NA,Y,NA,A,01,0,1,0,0,0,0,0,0,0,-,-,33.9002799987793,-116.53156280517578,RIVERSIDE,PALM SPRINGS,-116.53152465820313,33.90035629272461
90841166,2018,2018-10-22,9685,2018-10-05,2210,017013,NA,5,3,5,3341,0,1,1,NA,2,020,I-215 SOUTHBOUND,MCCALL BOULEVARD,4224,N,N,A,-,Y,NA,NA,215,NA,NA,NA,NA,NA,S,Y,2,0,1,2,A,-,01,23152,A,N,C,C,A,A,H,-,D,D,0,NA,NA,Y,NA,Y,Y,C,02,1,0,0,0,0,0,0,0,1,-,-,33.72676086425781,-117.18939208984376,RIVERSIDE,MENIFEE,-117.18939971923828,33.72676086425781
90841326,2018,2019-01-24,9840,2018-07-15,0337,021261,NA,7,3,7,3313,0,1,3,NA,2,010,STATE ROUTE 60 EASTBOUND,ORANGE STREET,209,E,N,A,-,Y,NA,NA,60,NA,NA,NA,NA,NA,E,Y,1,1,2,2,A,-,01,23152,A,N,A,C,A,A,H,-,C,D,0,NA,NA,NA,NA,Y,Y,A,01,1,1,0,0,0,0,0,0,0,-,-,33.995521545410156,-117.36255645751952,RIVERSIDE,RIVERSIDE,-117.3625717163086,33.995487213134766
9084143,2020,2020-06-29,3313,2020-03-26,1236,1831,4,4,5,7,3313,0,0,0,NA,0,T45,VAN BUREN BL,CENTRAL AV,144,N,N,A,-,N,NA,NA,NA,NA,NA,NA,NA,NA,NA,N,3,0,2,2,A,-,03,22350,NA,N,C,D,A,A,H,-,A,D,0,NA,NA,NA,NA,Y,NA,A,01,0,1,1,0,0,0,0,0,0,-,-,33.95555877685547,-117.4570770263672,RIVERSIDE,RIVERSIDE,-117.4573974609375,33.95571517944336