CASE_ID,ACCIDENT_YEAR,PROC_DATE,JURIS,COLLISION_DATE,COLLISION_TIME,OFFICER_ID,REPORTING_DISTRICT,DAY_OF_WEEK,CHP_SHIFT,POPULATION,CNTY_CITY_LOC,SPECIAL_COND,BEAT_TYPE,CHP_BEAT_TYPE,CITY_DIVISION_LAPD,CHP_BEAT_CLASS,BEAT_NUMBER,PRIMARY_RD,SECONDARY_RD,DISTANCE,DIRECTION,INTERSECTION,WEATHER_1,WEATHER_2,STATE_HWY_IND,CALTRANS_COUNTY,CALTRANS_DISTRICT,STATE_ROUTE,ROUTE_SUFFIX,POSTMILE_PREFIX,POSTMILE,LOCATION_TYPE,RAMP_INTERSECTION,SIDE_OF_HWY,TOW_AWAY,COLLISION_SEVERITY,NUMBER_KILLED,NUMBER_INJURED,PARTY_COUNT,PRIMARY_COLL_FACTOR,PCF_CODE_OF_VIOL,PCF_VIOL_CATEGORY,PCF_VIOLATION,PCF_VIOL_SUBSECTION,HIT_AND_RUN,TYPE_OF_COLLISION,MVIW,PED_ACTION,ROAD_SURFACE,ROAD_COND_1,ROAD_COND_2,LIGHTING,CONTROL_DEVICE,CHP_ROAD_TYPE,PEDESTRIAN_ACCIDENT,BICYCLE_ACCIDENT,MOTORCYCLE_ACCIDENT,TRUCK_ACCIDENT,NOT_PRIVATE_PROPERTY,ALCOHOL_INVOLVED,STWD_VEHTYPE_AT_FAULT,CHP_VEHTYPE_AT_FAULT,COUNT_SEVERE_INJ,COUNT_VISIBLE_INJ,COUNT_COMPLAINT_PAIN,COUNT_PED_KILLED,COUNT_PED_INJURED,COUNT_BICYCLIST_KILLED,COUNT_BICYCLIST_INJURED,COUNT_MC_KILLED,COUNT_MC_INJURED,PRIMARY_RAMP,SECONDARY_RAMP,LATITUDE,LONGITUDE,COUNTY,CITY,POINT_X,POINT_Y
91457932,2021,2021-04-26,9840,2021-04-15,1545,021311,NA,4,2,9,3300,0,3,5,NA,2,002,CENTER ST.,MICHIGAN AVE.,0,NA,Y,A,-,N,NA,NA,NA,NA,NA,NA,NA,NA,NA,Y,4,0,1,2,A,-,09,21802,B,N,D,C,A,A,H,-,A,A,0,NA,NA,NA,NA,Y,NA,-,-,0,0,1,0,0,0,0,0,0,-,-,34.01567077636719,-117.32240295410156,RIVERSIDE,UNINCORPORATED,-117.32239532470705,34.01567077636719
91459109,2021,2021-04-27,9840,2021-04-19,1423,018611,NA,1,2,9,3300,0,3,5,NA,2,003,CAJALCO ROAD,LA SIERRA AVENUE,1520,W,N,A,-,Y,NA,NA,NA,NA,NA,NA,NA,NA,NA,Y,3,0,1,1,A,-,08,22107,NA,N,F,A,A,A,H,-,A,D,0,NA,NA,NA,NA,Y,NA,A,01,0,1,0,0,0,0,0,0,0,-,-,33.829139709472656,-117.46534729003906,RIVERSIDE,UNINCORPORATED,-117.46536254882813,33.829280853271484
91459656,2021,2021-04-27,9840,2021-04-25,0934,018949,NA,7,1,9,3300,0,3,5,NA,2,004,MOCKINGBIRD CANYON RD,FOX GLEN RD,0,NA,Y,B,-,N,NA,NA,NA,NA,NA,NA,NA,NA,NA,Y,4,0,2,2,A,-,09,21802,A,N,D,C,A,A,H,-,A,A,0,NA,NA,NA,NA,Y,NA,A,01,0,0,2,0,0,0,0,0,0,-,-,33.84954833984375,-117.37439727783205,RIVERSIDE,UNINCORPORATED,-117.37436676025392,33.84960174560547
9146153,2020,2020-10-20,3300,2020-08-02,0352,N4809,920A,7,5,4,3314,0,0,0,NA,0,070,PALM AV,MILWAUKIE DR,35,S,N,A,-,N,NA,NA,NA,NA,NA,NA,NA,NA,NA,N,4,0,1,1,A,-,08,22107,NA,N,E,I,A,A,H,-,C,D,0,NA,NA,NA,NA,Y,NA,A,07,0,0,1,0,0,0,0,0,0,-,-,33.793880462646484,-116.80288696289063,RIVERSIDE,SAN JACINTO,-116.98029,33.793829
9146154,2020,2020-10-20,3300,2020-08-13,1523,4050,011C,4,5,4,3344,0,0,0,NA,0,061,HAMNER  AV,LIMONITE AV,165,S,N,A,-,N,NA,NA,NA,NA,NA,NA,NA,NA,NA,N,4,0,1,2,A,-,03,22350,NA,N,C,C,A,A,H,-,A,A,0,NA,NA,NA,NA,Y,NA,A,01,0,0,1,0,0,0,0,0,0,-,-,33.97494125366211,-117.55785369873048,RIVERSIDE,EASTVALE,-117.55844879150392,33.97495651245117
91464383,2021,2021-05-03,9685,2021-04-24,1835,017833,NA,6,2,9,3300,0,3,5,NA,2,003,BOREL RD. NORTHBOUND,WARREN RD,104,S,N,B,-,N,NA,NA,NA,NA,NA,NA,NA,NA,NA,Y,4,0,2,1,A,-,01,23152,A,N,E,I,A,A,H,-,A,D,0,NA,NA,NA,NA,Y,Y,A,01,0,0,2,0,0,0,0,0,0,-,-,33.56856155395508,-117.03138732910156,RIVERSIDE,UNINCORPORATED,-117.03170013427734,33.56850814819336
91465072,2021,2021-05-04,9840,2021-04-24,0415,021943,NA,6,3,4,3307,0,1,1,NA,2,037,INTERSTATE 15 S/B,NICHOLS RD,5280,N,N,A,-,Y,NA,NA,15,NA,NA,NA,NA,NA,S,N,4,0,1,2,A,-,03,22350,NA,F,C,C,A,A,H,-,D,D,0,NA,NA,NA,NA,Y,NA,A,01,0,0,1,0,0,0,0,0,0,-,-,33.72077941894531,-117.3652572631836,RIVERSIDE,LAKE ELSINORE,-117.365234375,33.720802307128906
91465271,2021,2021-05-04,9655,2021-04-24,1635,019630,NA,6,2,9,3300,0,3,5,NA,2,003,RAMONA EXPRESSWAY,LINCOLN AVENUE,0,NA,Y,A,-,N,NA,NA,NA,NA,NA,NA,NA,NA,NA,Y,4,0,3,2,A,-,09,21802,A,N,D,C,A,A,H,-,A,A,0,NA,NA,NA,NA,Y,NA,A,01,0,0,3,0,0,0,0,0,0,-,-,33.7518196105957,-116.9054718017578,RIVERSIDE,UNINCORPORATED,-116.90544128417967,33.751800537109375
91465283,2021,2021-05-04,9840,2021-05-01,1438,021194,NA,6,2,9,3300,0,1,3,NA,2,025,SR-60 W/B,GILMAN SPRINGS ROAD,450,W,N,A,-,Y,NA,NA,60,NA,NA,NA,NA,NA,W,Y,3,0,2,1,C,-,18,NA,NA,N,E,I,A,A,H,-,A,D,0,NA,NA,NA,NA,Y,NA,-,-,0,1,1,0,0,0,0,0,0,-,-,33.938358306884766,-117.1284637451172,RIVERSIDE,UNINCORPORATED,-117.1284637451172,33.938228607177734
91468159,2021,2021-05-07,9840,2021-05-06,1435,016619,NA,4,2,7,3313,0,1,3,NA,2,010,SR-60 W/B,FAIRMOUNT BLVD,200,E,N,A,-,Y,NA,NA,60,NA,NA,NA,NA,NA,W,Y,4,0,1,2,A,-,08,22107,NA,N,C,E,A,A,D,-,A,D,0,NA,NA,NA,NA,Y,NA,A,01,0,0,1,0,0,0,0,0,0,-,-,33.99822998046875,-117.36878967285156,RIVERSIDE,RIVERSIDE,-117.36879730224608,33.998207092285156
91469882,2021,2021-05-11,9840,2021-04-29,0651,018248,NA,4,1,9,3300,0,3,5,NA,2,004,SANTA ROSA MINE RD,PIEDRAS RD,2957,W,N,A,-,N,NA,NA,NA,NA,NA,NA,NA,NA,NA,Y,4,0,1,2,A,-,05,21460,A,N,B,C,A,A,H,-,A,D,0,NA,NA,NA,NA,Y,NA,A,01,0,0,1,0,0,0,0,0,0,-,-,33.7913703918457,-117.35413360595705,RIVERSIDE,UNINCORPORATED,-117.34971618652344,33.78477096557617
9147037,2020,2020-10-22,3313,2020-08-08,1841,1881,5,6,5,7,3313,0,0,0,NA,0,3R58,LA SIERRA AV,INDIANA AV,110,S,N,A,-,N,NA,NA,NA,NA,NA,NA,NA,NA,NA,N,4,0,5,2,A,-,17,22109,NA,N,C,C,A,A,H,-,A,A,0,NA,NA,NA,NA,Y,NA,A,07,0,0,5,0,0,0,0,0,0,-,-,33.89704895019531,-117.47109222412108,RIVERSIDE,RIVERSIDE,-117.47096252441406,33.896949768066406
91471997,2021,2021-05-12,9630,2021-05-07,1845,018272,NA,5,2,9,3300,0,1,1,NA,2,301,I-10 W/B,BROWN ARROYO,8599,E,N,A,-,Y,NA,NA,10,NA,NA,NA,NA,NA,W,Y,4,0,1,1,A,-,08,22107,NA,N,E,I,A,A,H,-,A,D,0,NA,NA,NA,NA,Y,NA,A,01,0,0,1,0,0,0,0,0,0,-,-,33.68046951293945,-115.99925994873048,RIVERSIDE,UNINCORPORATED,-115.99927520751952,33.680416107177734
91472463,2021,2021-05-13,9655,2021-05-06,1721,018383,NA,4,2,9,3300,0,3,5,NA,2,002,CALIFORNIA AVE,SR-79,1195,W,N,A,-,N,NA,NA,NA,NA,NA,NA,NA,NA,NA,Y,4,0,1,2,A,-,03,22350,NA,N,C,C,A,A,H,-,A,D,0,NA,NA,NA,NA,Y,NA,D,22,0,0,1,0,0,0,0,0,0,-,-,33.914398193359375,-116.98140716552734,RIVERSIDE,UNINCORPORATED,-117.05013275146484,33.743831634521484
91472525,2021,2021-05-13,9840,2021-05-08,1034,018949,NA,6,1,7,3313,0,1,3,NA,2,201,SR-91 W/B,TYLER ST,700,W,N,A,-,Y,NA,NA,91,NA,NA,NA,NA,NA,W,Y,4,0,1,4,A,-,03,22350,NA,N,C,C,A,A,H,-,A,D,0,NA,NA,NA,NA,Y,NA,A,01,0,0,1,0,0,0,0,0,0,-,-,33.905189514160156,-117.45883178710938,RIVERSIDE,RIVERSIDE,-117.45886993408205,33.9052619934082
9147723,2020,2020-10-26,3311,2020-08-31,0141,16203,NA,1,5,4,3311,0,0,0,NA,0,006,DINAH SHORE DR,CROSSLEY RD,1275,E,N,A,-,N,NA,NA,NA,NA,NA,NA,NA,NA,NA,Y,2,0,1,1,A,-,22,23123,A,N,E,J,A,A,H,-,C,D,0,NA,NA,NA,NA,Y,Y,A,01,1,0,0,0,0,0,0,0,0,-,-,33.80815887451172,-116.48464965820313,RIVERSIDE,PALM SPRINGS,-116.48007965087892,33.80845260620117
91479002,2021,2021-05-21,9685,2021-05-18,1127,015295,NA,2,1,4,3307,0,1,1,NA,2,010,INTERSTATE 15 NORTHBOUND,RAILROAD CANYON ROAD,1584,S,N,A,-,Y,NA,NA,15,NA,NA,NA,NA,NA,N,Y,4,0,1,2,A,-,03,22350,NA,N,C,C,A,A,H,-,A,D,0,NA,NA,NA,NA,Y,NA,A,01,0,0,1,0,0,0,0,0,0,-,-,33.65940856933594,-117.2957000732422,RIVERSIDE,LAKE ELSINORE,-117.29566192626952,33.65943908691406
91479020,2021,2021-06-02,9655,2021-05-15,0910,018168,NA,6,1,9,3300,0,1,1,NA,2,206,I-10 E/B TO WHITEWATER REST AREA,SR-111,4013,E,N,G,-,Y,NA,NA,10,NA,NA,NA,R,NA,E,Y,3,0,2,2,A,-,03,22350,NA,N,C,C,A,A,H,-,A,D,0,NA,NA,NA,NA,Y,NA,D,22,0,1,1,0,0,0,0,0,0,-,-,33.92192840576172,-116.6645965576172,RIVERSIDE,UNINCORPORATED,-116.6645965576172,33.92192840576172
91479104,2021,2021-05-21,9840,2021-04-20,0845,012208,NA,2,1,9,3300,0,1,1,NA,2,040,INTERSTATE-215 S/B {ARMED FORCES FWY},HARLEY KNOX BOULEVARD,2400,N,N,B,-,Y,NA,NA,215,NA,NA,NA,NA,NA,S,Y,4,0,1,3,A,-,07,21658,A,N,C,C,A,A,H,-,A,D,0,NA,NA,NA,NA,Y,NA,E,22,0,0,1,0,0,0,0,0,0,-,-,33.86891174316406,-117.26262664794922,RIVERSIDE,UNINCORPORATED,-117.26259613037108,33.86892318725586
91479752,2021,2021-05-24,9685,2021-02-27,0245,015800,NA,6,3,3,3343,0,1,1,NA,2,010,I-15 SOUTHBOUND,OLIVE STREET,205,N,N,A,-,Y,NA,NA,15,NA,NA,NA,NA,NA,S,Y,1,1,0,1,A,-,01,23152,A,N,E,I,A,A,H,-,C,D,0,NA,NA,NA,NA,Y,Y,A,01,0,0,0,0,0,0,0,0,0,-,-,33.6431999206543,-117.28382873535156,RIVERSIDE,WILDOMAR,-117.2844009399414,33.642818450927734
91479779,2021,2021-05-24,9630,2021-05-14,1807,019228,NA,5,2,9,3300,0,1,1,NA,2,302,I-10 E/B,HAYFIELD RD,13200,E,N,A,-,Y,NA,NA,10,NA,NA,NA,NA,NA,E,Y,3,0,1,1,A,-,08,22107,NA,N,F,A,A,A,H,-,A,D,0,NA,NA,NA,NA,Y,NA,A,01,0,1,0,0,0,0,0,0,0,-,-,33.671138763427734,-115.61106872558594,RIVERSIDE,UNINCORPORATED,-115.61107635498048,33.671199798583984
91481180,2021,2021-05-25,9660,2021-05-15,1708,021509,NA,6,2,9,3300,0,1,1,NA,2,031,I-10 E/B,WILEY'S WELL ROAD O/C,11088,E,N,A,-,Y,NA,NA,10,NA,NA,NA,NA,NA,E,Y,3,0,1,1,A,-,08,22107,NA,N,F,A,A,A,H,-,A,D,0,NA,NA,NA,NA,Y,NA,D,22,0,1,0,0,0,0,0,0,0,-,-,33.608768463134766,-114.86504364013672,RIVERSIDE,UNINCORPORATED,-114.86504364013672,33.608848571777344
91481478,2021,2021-05-26,9655,2021-05-15,1635,019440,NA,6,2,9,3300,0,1,3,NA,1,215,SR-243 S/B,MT EDNA,3000,N,N,A,G,Y,NA,NA,243,NA,NA,NA,NA,NA,S,Y,4,0,1,1,A,-,08,22107,NA,N,F,A,A,A,H,-,A,D,0,NA,NA,Y,NA,Y,NA,C,02,0,0,1,0,0,0,0,0,1,-,-,33.89017868041992,-116.85552215576172,RIVERSIDE,UNINCORPORATED,-116.85552215576172,33.89017105102539
91481493,2021,2021-05-26,9655,2021-05-15,2150,020963,NA,6,2,9,3300,0,3,5,NA,2,002,REDLANDS BOULEVARD,SAN TIMOTEO CANYON RD,5808,S,N,A,-,N,NA,NA,NA,NA,NA,NA,NA,NA,NA,Y,4,0,1,3,A,-,01,23152,F,N,B,C,A,A,H,-,D,D,0,NA,NA,NA,NA,Y,NA,A,01,0,0,1,0,0,0,0,0,0,-,-,33.976890563964844,-117.15516662597656,RIVERSIDE,UNINCORPORATED,-117.1551513671875,33.97702407836914
91482273,2021,2021-05-26,9840,2021-05-13,1902,021096,NA,4,2,7,3313,0,1,3,NA,2,010,SR-60 E/B,MAIN ST.,415,W,N,A,-,Y,NA,NA,60,NA,NA,NA,NA,NA,E,N,4,0,1,2,A,-,03,22350,NA,F,C,C,A,A,H,-,A,D,0,NA,NA,NA,NA,Y,NA,-,99,0,0,1,0,0,0,0,0,0,-,-,33.9969482421875,-117.36618041992188,RIVERSIDE,RIVERSIDE,-117.36618041992188,33.996944427490234
91482812,2021,2021-05-27,9840,2021-05-21,0620,018949,NA,5,1,7,3313,0,1,3,NA,2,021,SR-91 W/B,14TH STREET,0,NA,Y,A,-,Y,NA,NA,91,NA,NA,NA,NA,NA,W,Y,3,0,1,2,A,-,03,22350,NA,N,B,C,A,A,H,-,A,D,0,NA,NA,Y,NA,Y,NA,C,02,0,1,0,0,0,0,0,0,1,-,-,33.98031997680664,-117.3698501586914,RIVERSIDE,RIVERSIDE,-117.3698501586914,33.98031997680664
9148411,2019,2020-10-07,3301,2019-07-10,2258,U433,10,3,5,4,3301,0,0,0,NA,0,001,E HOFFER ST,FLORIDA ST,56,W,N,A,-,N,NA,NA,NA,NA,NA,NA,NA,NA,NA,Y,2,0,1,1,A,-,12,22450,A,N,E,I,A,A,H,-,C,D,0,NA,NA,NA,NA,Y,Y,D,22,1,0,0,0,0,0,0,0,0,-,-,33.93408966064453,-116.87077331542967,RIVERSIDE,BANNING,-116.87035369873048,33.93437957763672
91485243,2021,2021-05-28,9685,2021-05-20,1440,016502,NA,4,2,5,3335,0,1,1,NA,2,030,I-15 S/B TO WINCHESTER ROAD,WINCHESTER ROAD,1000,N,N,A,-,Y,NA,NA,15,NA,NA,NA,R,NA,S,Y,4,0,1,3,A,-,03,22350,NA,N,C,2,A,A,H,-,A,A,0,NA,NA,NA,NA,Y,NA,A,01,0,0,1,0,0,0,0,0,0,-,-,33.52497100830078,-117.16500091552734,RIVERSIDE,TEMECULA,-117.16500091552734,33.52497100830078
91486837,2021,2021-06-01,9630,2021-05-18,2025,019484,NA,2,2,9,3300,0,1,3,NA,1,074,SR-74 E/B,MESQUITE HILL,5808,W,N,A,-,Y,NA,NA,74,NA,NA,NA,NA,NA,E,N,2,0,1,1,A,-,03,22350,NA,N,E,I,A,A,H,-,D,D,0,NA,NA,Y,NA,Y,NA,C,02,1,0,0,0,0,0,0,0,1,-,-,33.66376876831055,-116.39907836914063,RIVERSIDE,UNINCORPORATED,-116.39913940429688,33.66373062133789
9148974,2020,2020-10-28,3300,2020-08-15,1419,N5791,012F,6,5,4,3344,0,0,0,NA,0,064,SCHLEISMAN RD,ALDERGATE DR,0,NA,Y,A,-,N,NA,NA,NA,NA,NA,NA,NA,NA,NA,Y,4,0,4,2,A,-,12,21453,A,N,D,C,A,A,H,-,A,A,0,NA,NA,NA,NA,Y,NA,A,01,0,0,4,0,0,0,0,0,0,-,-,33.96091842651367,-117.60626220703124,RIVERSIDE,EASTVALE,-117.60620880126952,33.960758209228516
91489908,2021,2021-06-04,9840,2021-06-03,1825,021297,NA,4,2,9,3300,0,3,5,NA,2,003,TEMESCAL CANYON RD,EL CERRITO RD,0,NA,Y,A,-,N,NA,NA,NA,NA,NA,NA,NA,NA,NA,Y,4,0,1,3,A,-,09,21801,A,N,A,C,A,A,H,-,A,A,0,NA,NA,NA,NA,Y,NA,A,07,0,0,1,0,0,0,0,0,0,-,-,33.83580017089844,-117.52304840087892,RIVERSIDE,UNINCORPORATED,-117.52276611328124,33.835960388183594
91490222,2021,2021-06-07,9655,2021-05-30,1410,019630,NA,7,2,9,3300,0,3,5,NA,2,003,EAST OF GRANT AVENUE,ACACIA AVENUE,0,NA,N,A,-,N,NA,NA,NA,NA,NA,NA,NA,NA,NA,N,3,0,1,1,B,-,22,NA,NA,N,E,A,A,A,H,-,A,D,0,NA,NA,Y,NA,Y,NA,C,02,0,1,0,0,0,0,0,0,1,-,-,33.743080139160156,-116.87467956542967,RIVERSIDE,UNINCORPORATED,-116.87574,33.74427
91490361,2021,2021-06-07,9840,2021-06-03,1747,020535,NA,4,2,6,3394,0,1,3,NA,2,025,SR-60 W/B,PERRIS BLVD,1200,W,N,A,-,Y,NA,NA,60,NA,NA,NA,NA,NA,W,Y,3,0,1,2,A,-,08,22107,NA,N,B,C,A,A,H,-,A,D,0,NA,NA,Y,NA,Y,NA,A,01,0,1,0,0,0,0,0,0,1,-,-,33.94070816040039,-117.2306900024414,RIVERSIDE,MORENO VALLEY,-117.23068237304688,33.94074249267578
91490369,2021,2021-06-07,9840,2021-05-29,1935,021481,NA,6,2,7,3313,0,1,3,NA,2,021,SR-91 E/B,MADISON ST,101,E,N,A,-,Y,NA,NA,91,NA,NA,NA,NA,NA,E,N,4,0,1,1,A,-,07,21658,A,N,F,A,A,A,H,-,A,D,0,NA,NA,NA,NA,Y,NA,A,01,0,0,1,0,0,0,0,0,0,-,-,33.936031341552734,-117.40447235107422,RIVERSIDE,RIVERSIDE,-117.40447235107422,33.936031341552734
91490474,2021,2021-06-07,9840,2021-05-29,1135,017893,NA,6,1,6,3315,0,1,3,NA,2,031,SR-91 E/B,I-15,1700,E,N,A,-,Y,NA,NA,91,NA,NA,NA,NA,NA,E,Y,3,0,1,2,A,-,03,22350,NA,N,C,C,A,A,D,-,A,D,0,NA,NA,Y,NA,Y,NA,C,02,0,1,0,0,0,0,0,0,1,-,-,33.88311004638672,-117.5412826538086,RIVERSIDE,CORONA,-117.5412826538086,33.88310241699219
91490836,2021,2021-06-07,9685,2021-05-23,1500,017399,NA,7,2,9,3300,0,3,5,NA,2,003,BRIGGS ROAD,BAXTER ROAD,828,S,N,A,-,N,NA,NA,NA,NA,NA,NA,NA,NA,NA,N,4,0,1,2,A,-,08,22107,NA,N,A,C,A,A,H,-,A,D,0,NA,NA,NA,NA,Y,NA,A,07,0,0,1,0,0,0,0,0,0,-,-,33.60892105102539,-117.12870025634766,RIVERSIDE,UNINCORPORATED,-117.128662109375,33.609046936035156
91490844,2021,2021-06-07,9685,2021-06-02,1113,017285,NA,3,1,5,3335,0,1,1,NA,2,030,I-15 S/B TEMECULA PARKWAY ON-RAMP,TEMECULA PARKWAY,1550,S,N,A,-,Y,NA,NA,15,NA,NA,NA,NA,NA,S,Y,3,0,1,2,A,-,03,22350,NA,N,C,C,A,A,H,-,A,D,0,NA,NA,NA,NA,Y,NA,A,07,0,1,0,0,0,0,0,0,0,-,-,33.47629928588867,-117.13948059082033,RIVERSIDE,TEMECULA,-117.1393814086914,33.47633743286133
91491220,2021,2021-06-07,9630,2021-05-28,1955,016635,NA,5,2,4,3325,0,1,1,NA,2,020,I-10 W/B,BOB HOPE DR,5280,W,N,A,G,Y,NA,NA,NA,NA,NA,NA,NA,NA,NA,Y,4,0,2,1,A,-,08,22107,NA,N,F,8,A,A,H,-,D,D,0,NA,NA,NA,NA,Y,NA,A,07,0,0,2,0,0,0,0,0,0,-,-,33.4942512512207,-116.25282287597656,RIVERSIDE,CATHEDRAL CITY,-116.41039276123048,33.821109771728516
91491614,2021,2021-06-08,9655,2021-06-02,1204,016885,NA,3,1,9,3300,0,1,3,NA,2,212,SR-60 E/B,GILMAN SPRINGS ROAD,15840,E,N,A,-,Y,NA,NA,60,NA,NA,NA,NA,NA,E,Y,4,0,1,2,A,-,03,22350,NA,N,C,C,A,A,D,-,A,A,0,NA,NA,NA,NA,Y,NA,A,01,0,0,1,0,0,0,0,0,0,-,-,33.94316864013672,-117.08361053466795,RIVERSIDE,UNINCORPORATED,-117.08361053466795,33.94320297241211
91491877,2021,2021-06-08,9840,2021-05-22,2351,021042,NA,6,3,9,3300,0,2,4,NA,2,043,RAMONA EXPY,RIDER ST.,2530,E,N,A,-,N,NA,NA,NA,NA,NA,NA,NA,NA,NA,Y,3,0,1,1,A,-,01,23152,A,M,E,I,A,A,H,-,D,B,0,NA,NA,NA,NA,Y,Y,A,08,0,1,0,0,0,0,0,0,0,-,-,33.826480865478516,-117.17308807373048,RIVERSIDE,UNINCORPORATED,-117.17326354980467,33.82651901245117
91492680,2021,2021-06-09,9840,2021-06-06,1433,020220,NA,7,2,9,3300,0,2,4,NA,2,042,VAN BUREN BOULEVARD,SUTTLES DRIVE,75,W,N,A,G,N,NA,NA,NA,NA,NA,NA,NA,NA,NA,Y,4,0,1,1,A,-,01,23152,A,N,F,A,A,A,H,-,A,D,0,NA,NA,NA,NA,Y,Y,A,01,0,0,1,0,0,0,0,0,0,-,-,33.88248825073242,-117.37519073486328,RIVERSIDE,UNINCORPORATED,-117.37509918212892,33.88235092163086
91493753,2021,2021-06-10,9840,2021-06-05,0901,012208,NA,6,1,6,3394,0,1,1,NA,2,040,INTERSTATE-215 S/B {ARMED FORCES FREEWAY},CACTUS AVENUE,784,N,N,A,-,Y,NA,NA,215,NA,NA,NA,NA,NA,S,Y,4,0,1,3,A,-,03,22350,NA,N,C,C,A,A,D,-,A,A,0,NA,NA,NA,NA,Y,NA,A,01,0,0,1,0,0,0,0,0,0,-,-,33.910770416259766,-117.2827606201172,RIVERSIDE,MORENO VALLEY,-117.28281402587892,33.91071701049805
91496198,2021,2021-06-14,9840,2021-06-06,0030,019844,NA,7,3,6,3345,0,1,3,NA,2,010,SR-60 W/B,I-15,150,E,N,A,-,Y,NA,NA,60,NA,NA,NA,NA,NA,W,Y,3,0,2,2,A,-,08,22107,NA,F,C,2,A,A,H,-,C,D,0,NA,NA,NA,NA,Y,NA,A,07,0,2,0,0,0,0,0,0,0,-,-,34.02178955078125,-117.55074310302734,RIVERSIDE,JURUPA VALLEY,-117.55068969726563,34.02206802368164
91497561,2021,2021-06-15,9685,2021-06-04,1245,015757,NA,5,1,9,3300,0,1,3,NA,1,031,WINCHESTER RD N/B (SR-79),AULD RD,1320,S,N,A,-,Y,NA,NA,79,NA,NA,NA,NA,NA,N,N,4,0,1,3,A,-,03,22350,NA,N,C,C,A,A,H,-,A,A,0,NA,NA,NA,NA,Y,NA,A,01,0,0,1,0,0,0,0,0,0,-,-,33.5797004699707,-117.13371276855467,RIVERSIDE,UNINCORPORATED,-117.13372802734376,33.57970428466797
91497695,2021,2021-06-15,9685,2021-06-05,0035,017169,NA,6,3,9,3300,0,1,3,NA,1,012,SR-74,MOUNTAIN AVENUE,100,E,N,A,-,Y,NA,NA,74,NA,NA,NA,NA,NA,NA,Y,2,0,3,1,A,-,03,22350,NA,N,A,J,A,A,H,-,D,A,0,NA,NA,NA,NA,Y,NA,A,07,1,2,0,0,0,0,0,0,0,-,-,33.76451873779297,-117.26152801513672,RIVERSIDE,UNINCORPORATED,-117.26160430908205,33.764625549316406
91499213,2021,2021-10-29,9840,2021-05-22,0200,019017,NA,6,3,9,3300,0,3,5,NA,2,004,CAJALCO ROAD,WOOD ROAD,0,NA,Y,A,-,N,NA,NA,NA,NA,NA,NA,NA,NA,NA,Y,3,0,2,2,A,-,12,21453,A,N,D,C,A,A,H,-,C,D,0,NA,NA,NA,NA,Y,NA,-,-,0,1,1,0,0,0,0,0,0,-,-,33.8365592956543,-117.33109283447266,RIVERSIDE,UNINCORPORATED,-117.33111572265624,33.83656311035156
91499534,2021,2021-06-17,9685,2021-06-06,1320,016347,NA,7,1,9,3300,0,3,5,NA,2,003,RANCHO CALIFORNIA ROAD,MONTE DE ORO ROAD,1056,E,N,A,-,N,NA,NA,NA,NA,NA,NA,NA,NA,NA,Y,4,0,2,2,A,-,09,21801,A,N,D,C,A,A,H,-,A,D,0,NA,NA,NA,NA,Y,NA,A,01,0,0,2,0,0,0,0,0,0,-,-,33.547611236572266,-117.04395294189452,RIVERSIDE,UNINCORPORATED,-117.04427337646484,33.54450988769531
91499558,2021,2021-06-17,9685,2021-05-20,1545,017743,NA,4,2,5,3341,0,1,1,NA,2,020,I-215 N/B,NEWPORT RD,2112,S,N,A,-,Y,NA,NA,215,NA,NA,NA,NA,NA,N,Y,3,0,1,3,A,-,07,21658,A,N,C,C,A,A,H,-,A,D,0,NA,NA,NA,NA,Y,NA,A,01,0,1,0,0,0,0,0,0,0,-,-,33.679229736328125,-117.1707000732422,RIVERSIDE,MENIFEE,-117.17076110839844,33.679229736328125
91499654,2021,2021-06-17,9685,2021-06-07,2355,017169,NA,1,3,9,3300,0,1,3,NA,1,026,SR-74,GREEN AVENUE,165,W,N,A,-,Y,NA,NA,74,NA,NA,NA,NA,NA,NA,N,2,0,1,2,D,-,00,NA,NA,F,G,B,E,A,C,H,D,A,0,Y,NA,NA,NA,Y,NA,-,-,1,0,0,0,1,0,0,0,0,-,-,33.738800048828125,-117.08561706542967,RIVERSIDE,UNINCORPORATED,-117.08561706542967,33.73883819580078
91500268,2021,2021-06-18,9655,2021-06-13,0100,020774,NA,7,3,9,3300,0,1,1,NA,2,206,I-10 E/B W/OF WHITEWATER CUTOFF,WHITEWATER CUTOFF,7920,W,N,A,-,Y,NA,NA,10,NA,NA,NA,R,NA,E,Y,4,0,1,2,A,-,01,23152,A,N,C,2,A,A,H,-,D,D,0,NA,NA,NA,Y,Y,Y,A,07,0,0,1,0,0,0,0,0,0,-,-,33.922698974609375,-116.67578125,RIVERSIDE,UNINCORPORATED,-116.67578125,33.922698974609375