CASE_ID,ACCIDENT_YEAR,PROC_DATE,JURIS,COLLISION_DATE,COLLISION_TIME,OFFICER_ID,REPORTING_DISTRICT,DAY_OF_WEEK,CHP_SHIFT,POPULATION,CNTY_CITY_LOC,SPECIAL_COND,BEAT_TYPE,CHP_BEAT_TYPE,CITY_DIVISION_LAPD,CHP_BEAT_CLASS,BEAT_NUMBER,PRIMARY_RD,SECONDARY_RD,DISTANCE,DIRECTION,INTERSECTION,WEATHER_1,WEATHER_2,STATE_HWY_IND,CALTRANS_COUNTY,CALTRANS_DISTRICT,STATE_ROUTE,ROUTE_SUFFIX,POSTMILE_PREFIX,POSTMILE,LOCATION_TYPE,RAMP_INTERSECTION,SIDE_OF_HWY,TOW_AWAY,COLLISION_SEVERITY,NUMBER_KILLED,NUMBER_INJURED,PARTY_COUNT,PRIMARY_COLL_FACTOR,PCF_CODE_OF_VIOL,PCF_VIOL_CATEGORY,PCF_VIOLATION,PCF_VIOL_SUBSECTION,HIT_AND_RUN,TYPE_OF_COLLISION,MVIW,PED_ACTION,ROAD_SURFACE,ROAD_COND_1,ROAD_COND_2,LIGHTING,CONTROL_DEVICE,CHP_ROAD_TYPE,PEDESTRIAN_ACCIDENT,BICYCLE_ACCIDENT,MOTORCYCLE_ACCIDENT,TRUCK_ACCIDENT,NOT_PRIVATE_PROPERTY,ALCOHOL_INVOLVED,STWD_VEHTYPE_AT_FAULT,CHP_VEHTYPE_AT_FAULT,COUNT_SEVERE_INJ,COUNT_VISIBLE_INJ,COUNT_COMPLAINT_PAIN,COUNT_PED_KILLED,COUNT_PED_INJURED,COUNT_BICYCLIST_KILLED,COUNT_BICYCLIST_INJURED,COUNT_MC_KILLED,COUNT_MC_INJURED,PRIMARY_RAMP,SECONDARY_RAMP,LATITUDE,LONGITUDE,COUNTY,CITY,POINT_X,POINT_Y
91887108,2022,2022-10-11,9840,2022-09-29,0705,017006,NA,4,1,7,3313,0,1,3,NA,2,025,SR-60 W/B,DAY ST,1056,W,N,A,-,Y,RIV,NA,60,NA,NA,13.107,H,NA,L,Y,4,0,1,3,A,-,03,22350,NA,N,C,C,A,A,H,-,A,D,0,NA,NA,NA,NA,Y,NA,A,01,0,0,1,0,0,0,0,0,0,-,-,33.94329071044922,-117.2824478149414,RIVERSIDE,RIVERSIDE,-117.28244018554688,33.94331741333008
91887112,2022,2022-10-11,9840,2022-09-29,1655,021297,NA,4,2,9,3300,0,2,4,NA,2,043,RAMONA EXPRESSWAY,C AVE,1000,E,N,A,-,N,NA,NA,NA,NA,NA,NA,NA,NA,NA,Y,2,0,2,4,A,-,03,22350,NA,N,C,C,A,A,H,-,A,D,0,NA,NA,NA,NA,Y,NA,A,01,1,1,0,0,0,0,0,0,0,-,-,33.83972930908203,-117.13295745849608,RIVERSIDE,UNINCORPORATED,NA,NA
91888351,2022,2022-10-12,9655,2022-09-30,1717,019440,NA,5,2,9,3300,0,3,5,NA,2,002,OAK GLEN ROAD,ORCHARD ST,200,N,N,A,-,Y,NA,NA,NA,NA,NA,NA,NA,NA,NA,N,2,0,1,1,A,-,03,22350,NA,N,F,A,A,A,H,-,A,D,0,NA,NA,Y,NA,Y,NA,C,02,1,0,0,0,0,0,0,0,1,-,-,33.976890563964844,-116.97725677490234,RIVERSIDE,UNINCORPORATED,NA,NA
91889436,2022,2022-10-13,9840,2022-10-12,1730,016619,NA,3,2,4,3310,0,1,1,NA,2,011,I-15 N/B,FOURTH STREET,1056,S,N,A,-,Y,RIV,NA,15,NA,NA,44.305,H,NA,R,N,4,0,1,2,A,-,03,22350,NA,N,C,C,A,A,H,-,A,D,0,NA,NA,NA,NA,Y,NA,D,22,0,0,1,0,0,0,0,0,0,-,-,33.91912841796875,-117.55667114257813,RIVERSIDE,NORCO,-117.55680847167967,33.91913986206055
91890515,2022,2022-10-14,9655,2022-10-05,1850,020669,NA,3,2,9,3300,0,3,5,NA,2,001,BAUTISTA ROAD,PINE TREE LANE,14,N,N,A,-,N,NA,NA,NA,NA,NA,NA,NA,NA,NA,Y,3,0,1,1,C,-,18,NA,NA,N,E,H,A,A,H,-,D,D,0,NA,NA,Y,NA,Y,NA,-,-,0,1,0,0,0,0,0,0,1,-,-,33.57720184326172,-116.70079040527344,RIVERSIDE,UNINCORPORATED,-116.70078277587892,33.57710647583008
91891807,2022,2022-10-17,9655,2022-10-08,1720,018677,NA,6,2,3,3302,0,1,3,NA,2,212,STATE ROUTE 60 WESTBOUND,WESTERN KNOLLS AVENUE,100,E,N,C,-,Y,RIV,NA,60,NA,NA,29.446,H,NA,L,Y,4,0,1,2,A,-,07,21658,A,F,B,2,A,B,H,-,A,A,0,NA,NA,NA,NA,Y,NA,-,99,0,0,1,0,0,0,0,0,0,-,-,33.933658599853516,-117.00818634033205,RIVERSIDE,BEAUMONT,-117.00819396972656,33.93364715576172
91892984,2022,2022-10-18,9630,2022-10-12,1550,021409,NA,3,2,9,3300,0,1,1,NA,2,021,I-10 E/B,COOK STREET,2640,W,N,A,-,Y,RIV,NA,10,NA,NA,46.392,H,NA,R,Y,4,0,1,2,A,-,03,22350,NA,N,C,C,A,A,H,-,A,D,0,NA,NA,NA,NA,Y,NA,A,01,0,0,1,0,0,0,0,0,0,-,-,33.7900390625,-116.36189270019533,RIVERSIDE,UNINCORPORATED,-116.36181640625,33.79012680053711
91893068,2022,2022-10-18,9840,2022-10-17,0745,017546,NA,1,1,9,3300,0,2,4,NA,2,045,CAJALCO ROAD,BROWN STREET,410,W,N,A,-,N,NA,NA,NA,NA,NA,NA,NA,NA,NA,N,4,0,1,4,A,-,03,22350,NA,F,C,C,A,A,H,-,A,D,0,NA,NA,NA,NA,Y,NA,D,22,0,0,1,0,0,0,0,0,0,-,-,33.83713150024414,-117.29781341552734,RIVERSIDE,UNINCORPORATED,-117.2977294921875,33.83711242675781
91893957,2022,2022-10-19,9840,2022-10-14,0440,022180,NA,5,3,6,3315,0,1,1,NA,2,011,I-15 S/B TO SR-91 W/B,E. PARKRIDGE AVE,1500,S,N,A,-,Y,NA,NA,NA,NA,NA,NA,NA,NA,NA,N,4,0,1,4,A,-,03,22350,NA,F,C,C,A,A,H,-,C,D,0,NA,NA,NA,NA,Y,NA,A,01,0,0,1,0,0,0,0,0,0,-,-,33.88386917114258,-117.54920959472656,RIVERSIDE,CORONA,-117.54920959472656,33.88386917114258
91894369,2022,2022-10-19,9840,2022-10-16,1848,021080,NA,7,2,6,3315,0,1,3,NA,2,031,SR-91 E/B,MCKINLEY ST.,3168,W,N,A,-,Y,RIV,NA,91,NA,NA,9.972,H,NA,R,Y,4,0,1,2,A,-,03,22350,NA,N,C,C,A,A,H,-,C,D,0,NA,NA,NA,NA,Y,NA,A,01,0,0,1,0,0,0,0,0,0,-,-,33.89186096191406,-117.50592803955078,RIVERSIDE,CORONA,-117.50592803955078,33.89185333251953
91896592,2022,2022-10-21,9630,2022-10-16,2220,021515,NA,7,3,9,3300,0,1,1,NA,2,021,I-10 W/B,COOK ST.,2112,W,N,A,-,Y,RIV,NA,10,NA,NA,46.416,H,NA,L,Y,4,0,1,2,A,-,03,22350,NA,N,C,C,A,A,H,-,C,D,0,NA,NA,NA,NA,Y,NA,A,01,0,0,1,0,0,0,0,0,0,-,-,33.790191650390625,-116.36136627197266,RIVERSIDE,UNINCORPORATED,-116.36138153076172,33.79018020629883
9189767,2020,2021-01-07,3313,2020-10-30,1508,1800,5,5,5,7,3313,0,0,0,NA,0,T40,VAN BUREN BL,ARLINGTON AV,415,S,N,A,-,N,NA,NA,NA,NA,NA,NA,NA,NA,NA,NA,4,0,1,2,D,-,00,NA,NA,N,D,C,A,A,H,-,A,A,0,NA,NA,NA,NA,Y,NA,-,-,0,0,1,0,0,0,0,0,0,-,-,33.94585037231445,-117.45417022705078,RIVERSIDE,RIVERSIDE,-117.45403289794922,33.94474411010742
91897714,2022,2022-10-24,9685,2022-10-19,0718,017903,NA,3,1,9,3300,0,2,4,NA,2,016,GRAND AVENUE,LORIMER STREET,0,NA,Y,A,-,N,NA,NA,NA,NA,NA,NA,NA,NA,NA,Y,2,0,2,2,A,-,09,21801,A,N,D,C,A,A,H,-,A,A,0,NA,NA,NA,NA,Y,NA,D,22,1,0,1,0,0,0,0,0,0,-,-,33.63587188720703,-117.33956909179688,RIVERSIDE,UNINCORPORATED,-117.33958435058594,33.635860443115234
91898792,2022,2022-10-25,9655,2022-10-18,1831,021177,NA,2,2,3,3302,0,1,1,NA,2,202,INTERSTATE 10 E/B,OAK VALLEY PARKWAY,3221,W,N,A,-,Y,RIV,NA,10,NA,R,4.919,H,NA,R,Y,2,0,1,1,C,-,18,NA,NA,N,H,A,A,A,H,-,A,D,0,NA,NA,NA,NA,Y,NA,-,-,1,0,0,0,0,0,0,0,0,-,-,33.95124816894531,-117.01059722900392,RIVERSIDE,BEAUMONT,-117.01068878173828,33.95116424560547
91898848,2022,2022-10-25,9840,2022-10-08,0951,018248,NA,6,1,9,3300,0,2,4,NA,2,039,MAGNOLIA AVE,GRANT ST,0,NA,Y,A,-,N,NA,NA,NA,NA,NA,NA,NA,NA,NA,Y,4,0,2,2,A,-,12,21453,A,N,D,C,A,A,H,-,A,A,0,NA,NA,NA,NA,Y,NA,A,01,0,0,2,0,0,0,0,0,0,-,-,33.878910064697266,-117.5207290649414,RIVERSIDE,UNINCORPORATED,-117.52085113525392,33.87822341918945
91898939,2022,2022-10-25,9655,2022-10-20,1553,019466,NA,4,2,9,3300,0,2,4,NA,2,322,STETSON AVENUE,COLUMBIA STREET,0,NA,Y,A,-,N,NA,NA,NA,NA,NA,NA,NA,NA,NA,Y,4,0,1,3,A,-,12,21453,A,N,D,C,A,A,H,-,A,A,0,NA,NA,NA,NA,Y,NA,A,07,0,0,1,0,0,0,0,0,0,-,-,33.72949981689453,-116.94547271728516,RIVERSIDE,UNINCORPORATED,-116.94550323486328,33.729515075683594
91899732,2022,2022-10-26,9840,2022-10-19,1655,019242,NA,3,2,7,3313,0,1,3,NA,2,010,SR-60 W/B,MARKET STREET,400,E,N,A,-,Y,RIV,NA,60,NA,NA,11.434,H,NA,L,Y,4,0,1,4,A,-,08,22107,NA,M,H,A,A,A,H,-,A,D,0,NA,NA,NA,NA,Y,NA,-,99,0,0,1,0,0,0,0,0,0,-,-,33.99843978881836,-117.3694305419922,RIVERSIDE,RIVERSIDE,-117.36942291259766,33.998451232910156
91901146,2022,2022-10-27,9685,2022-10-21,0830,017903,NA,5,1,4,3342,0,1,1,NA,2,034,INTERSTATE 215,MURRIETA HOT SPRINGS,20,S,N,B,-,Y,NA,NA,NA,NA,NA,NA,NA,NA,NA,Y,2,0,2,3,A,-,03,22350,NA,N,C,C,A,A,H,-,A,D,0,NA,NA,NA,NA,Y,NA,A,01,1,0,1,0,0,0,0,0,0,-,-,33.51094055175781,-117.16088104248048,RIVERSIDE,MURRIETA,-117.18096923828124,33.556514739990234
91904527,2022,2022-10-28,9685,2022-10-27,1735,015957,NA,4,2,5,3341,0,1,1,NA,2,020,I-215 SOUTHBOUND TO SCOTT ROAD,SCOTT RD,20,N,N,A,-,Y,NA,NA,NA,NA,NA,NA,NA,NA,NA,N,4,0,1,2,A,-,03,22350,NA,N,C,C,A,A,H,-,A,A,0,NA,NA,NA,NA,Y,NA,A,01,0,0,1,0,0,0,0,0,0,-,-,33.641849517822266,-117.1727294921875,RIVERSIDE,MENIFEE,-117.1727294921875,33.641849517822266
91917419,2022,2022-11-14,9840,2022-11-02,0501,019893,NA,3,3,4,3310,0,1,1,NA,2,011,I-15 N/B,2ND STREET,2041,S,N,C,-,Y,RIV,NA,15,NA,NA,43.288,H,NA,R,Y,4,0,2,3,A,-,03,22350,NA,N,C,C,A,B,H,-,C,D,0,NA,NA,NA,Y,Y,NA,A,01,0,0,2,0,0,0,0,0,0,-,-,33.9046516418457,-117.55956268310548,RIVERSIDE,NORCO,-117.55966186523438,33.904666900634766
9191804,2020,2021-02-10,3313,2020-11-18,1145,16866,1,3,5,7,3313,0,0,0,NA,0,T58,UNIVERSITY AV,LIME ST,0,NA,Y,A,-,N,NA,NA,NA,NA,NA,NA,NA,NA,NA,Y,3,0,1,2,C,-,18,NA,NA,N,D,C,A,A,H,-,A,A,0,NA,NA,NA,NA,Y,NA,-,-,0,1,0,0,0,0,0,0,0,-,-,33.97895050048828,-117.37064361572266,RIVERSIDE,RIVERSIDE,-117.37097930908205,33.98027038574219
9192037,2020,2021-01-07,3311,2020-11-12,1610,15953,NA,4,5,4,3311,0,0,0,NA,0,004,RT 111,VIA ESCUELA,8078,E,N,A,-,Y,RIV,8,111,-,-,55.62,H,-,S,Y,4,0,2,2,A,-,08,22107,NA,N,D,C,A,A,H,-,A,D,0,NA,NA,NA,NA,Y,NA,D,22,0,0,2,0,0,0,0,0,0,-,-,33.848209381103516,-116.54576110839844,RIVERSIDE,PALM SPRINGS,-116.56663513183594,33.86399459838867
91920710,2022,2022-11-17,9655,2022-11-13,1115,018360,NA,7,1,9,3300,0,1,3,NA,2,212,SR-60,JACK RABBIT TRAIL,1848,E,N,A,-,Y,RIV,NA,60,NA,NA,28.35,H,NA,R,Y,4,0,1,3,A,-,08,22107,NA,N,B,C,A,A,H,-,A,D,0,NA,NA,NA,NA,Y,NA,A,01,0,0,1,0,0,0,0,0,0,-,-,33.93265914916992,-117.0271224975586,RIVERSIDE,UNINCORPORATED,-117.0271224975586,33.932674407958984
91921484,2022,2022-11-18,9685,2022-11-12,2310,017169,NA,6,3,4,3307,0,1,1,NA,2,010,I-15 N/B,MAIN STREET,2112,S,N,A,-,Y,RIV,NA,15,NA,NA,20.612,H,NA,R,Y,4,0,1,2,A,-,03,22350,NA,F,C,C,A,A,H,-,D,D,0,NA,NA,NA,NA,Y,NA,A,01,0,0,1,0,0,0,0,0,0,-,-,33.67456817626953,-117.31861114501952,RIVERSIDE,LAKE ELSINORE,-117.31861114501952,33.674564361572266
91925713,2022,2022-11-23,9840,2022-11-14,1830,020659,NA,1,2,9,3300,0,3,5,NA,2,002,RECHE VISTA DR.,HILL CT,85,N,N,A,-,N,NA,NA,NA,NA,NA,NA,NA,NA,NA,Y,3,0,1,2,A,-,05,21460,A,N,B,C,A,A,H,-,D,D,0,NA,NA,NA,NA,Y,NA,D,22,0,1,0,0,0,0,0,0,0,-,-,33.98788070678711,-117.23251342773438,RIVERSIDE,UNINCORPORATED,-117.23241424560548,33.988006591796875
91926496,2022,2022-11-25,9840,2022-11-12,0305,019492,NA,6,3,7,3313,0,1,3,NA,2,211,SR-91 W/B,ADAMS ST.,1700,E,N,A,-,Y,RIV,NA,91,NA,NA,15.929,H,NA,L,N,4,0,2,2,A,-,03,22350,NA,N,C,C,A,A,H,-,C,D,0,NA,NA,NA,NA,Y,NA,A,01,0,0,2,0,0,0,0,0,0,-,-,33.929908752441406,-117.4153289794922,RIVERSIDE,RIVERSIDE,-117.4154052734375,33.93000411987305
91928253,2022,2022-11-28,9655,2022-11-21,0755,014516,NA,1,1,9,3300,0,1,3,NA,2,217,SR-111 N/B,SNOW CREEK RD,214,N,N,A,-,Y,RIV,NA,111,NA,R,62.557,H,NA,R,Y,3,0,2,1,A,-,08,22107,NA,N,E,I,A,A,H,-,A,D,0,NA,NA,NA,NA,Y,NA,A,01,0,2,0,0,0,0,0,0,0,-,-,33.91434860229492,-116.66825103759766,RIVERSIDE,UNINCORPORATED,-116.6682357788086,33.914390563964844
9193083,2020,2021-01-04,3313,2020-10-30,1722,1475,1,5,5,7,3313,0,0,0,NA,0,M19,MARKET,9TH ST,53,N,N,A,-,NA,NA,NA,NA,NA,NA,NA,NA,NA,NA,NA,4,0,1,2,A,-,-,NA,NA,N,C,C,A,A,H,-,A,A,0,NA,NA,NA,NA,Y,NA,J,43,0,0,1,0,0,0,0,0,0,-,-,33.98149871826172,-117.37651824951172,RIVERSIDE,RIVERSIDE,-117.37632751464844,33.981605529785156
9193287,2020,2020-12-14,3313,2020-10-28,2209,1866,2,3,5,7,3313,0,0,0,NA,0,FT1,UNIVERSITY AV,SEDGWICK AV,0,NA,Y,A,-,N,NA,NA,NA,NA,NA,NA,NA,NA,NA,N,4,0,1,2,A,-,21,22106,NA,N,D,D,A,A,H,-,C,D,0,NA,NA,NA,NA,Y,NA,A,01,0,0,1,0,0,0,0,0,0,-,-,33.975860595703125,-117.36135864257813,RIVERSIDE,RIVERSIDE,-117.3614501953125,33.975799560546875
91934428,2022,2022-12-05,9840,2022-10-08,1431,017504,NA,6,2,7,3313,0,1,1,NA,2,023,I-215 S/B,BLAINE ST.,140,S,N,A,-,Y,RIV,NA,215,NA,NA,42.13,H,NA,L,Y,4,0,1,2,A,-,03,22350,NA,N,C,C,A,A,H,-,A,D,0,NA,NA,NA,NA,Y,NA,A,01,0,0,1,0,0,0,0,0,0,-,-,33.98257064819336,-117.34264373779295,RIVERSIDE,RIVERSIDE,-117.34259033203124,33.98260498046875
91934800,2022,2022-12-06,9685,2022-12-05,1555,016096,NA,1,2,4,3312,0,1,3,NA,1,012,SR-74,RICHARD STREET,36,E,N,B,-,Y,NA,NA,NA,NA,NA,NA,NA,NA,NA,N,3,0,1,2,A,-,03,22350,NA,N,C,C,A,A,H,-,A,D,0,NA,NA,NA,NA,Y,NA,A,01,0,1,0,0,0,0,0,0,0,-,-,33.735809326171875,-117.28536224365234,RIVERSIDE,PERRIS,-117.28553771972656,33.73561477661133
91936311,2022,2022-12-07,9840,2022-11-05,1152,017441,NA,6,1,6,3345,0,1,3,NA,2,010,SR-60 W/B,PYRITE ST,2315,E,N,A,-,Y,RIV,NA,60,NA,R,6.043,H,NA,L,Y,4,0,5,2,A,-,08,22107,NA,N,B,2,A,A,H,-,A,D,0,NA,NA,NA,Y,Y,NA,A,01,0,0,5,0,0,0,0,0,0,-,-,34.015140533447266,-117.45477294921876,RIVERSIDE,JURUPA VALLEY,-117.45477294921876,34.01512908935547
91937391,2022,2022-12-08,9685,2022-12-03,1440,017833,NA,6,2,9,3300,0,3,5,NA,2,003,SAGE RD,EAST BENTON RD,2112,S,N,A,-,N,NA,NA,NA,NA,NA,NA,NA,NA,NA,N,2,0,1,1,A,-,03,22350,NA,N,F,I,A,A,H,-,A,D,0,NA,NA,Y,NA,Y,NA,C,02,1,0,0,0,0,0,0,0,1,-,-,33.5765495300293,-116.92904663085938,RIVERSIDE,UNINCORPORATED,-116.92931365966795,33.57666778564453
91938358,2022,2023-01-18,9840,2022-12-01,1327,019219,NA,4,1,7,3313,0,1,1,NA,2,022,I-215 SOUTHBOUND,COLUMBIA AVENUE,3960,N,N,A,-,Y,RIV,NA,215,NA,NA,44.663,H,NA,L,Y,4,0,6,4,A,-,03,22350,NA,N,C,C,A,A,H,-,A,D,0,NA,NA,NA,NA,Y,NA,A,07,0,0,6,0,0,0,0,0,0,-,-,34.011070251464844,-117.34555053710938,RIVERSIDE,RIVERSIDE,-117.34558868408205,34.01108932495117
9194002,2020,2021-02-06,3300,2020-11-20,1544,3552,916A,5,5,4,3312,0,0,0,NA,0,035,D ST,SAN JACINTO AV,0,NA,Y,A,-,N,NA,NA,NA,NA,NA,NA,NA,NA,NA,N,4,0,1,2,A,-,09,21453,C,N,D,C,A,A,H,-,A,A,0,NA,NA,NA,NA,Y,NA,A,01,0,0,1,0,0,0,0,0,0,-,-,33.78654098510742,-117.22808074951172,RIVERSIDE,PERRIS,-117.22821044921876,33.78656005859375
91941026,2022,2022-12-13,9840,2022-12-05,1022,014335,NA,1,1,9,3300,0,3,5,NA,2,003,TEMESCAL CANYON ROAD (24500 BLOCK),MATRI RD,440,N,N,A,-,N,NA,NA,NA,NA,NA,NA,NA,NA,NA,Y,4,0,1,2,A,-,03,22350,NA,N,C,C,A,A,H,-,A,D,0,NA,NA,Y,Y,Y,NA,C,06,0,0,1,0,0,0,0,0,1,-,-,33.7612190246582,-117.48296356201172,RIVERSIDE,UNINCORPORATED,-117.48287963867188,33.76116180419922
91943283,2022,2022-12-15,9840,2022-12-04,1450,020258,NA,7,2,6,3315,0,1,3,NA,2,030,SR-91 E/B,SERFAS CLUB DR,1056,W,N,A,-,Y,RIV,NA,91,NA,R,3.474,H,NA,R,N,2,0,1,3,A,-,03,22350,NA,N,B,C,A,A,H,-,A,D,0,NA,NA,Y,NA,Y,NA,C,02,1,0,0,0,0,0,0,0,1,-,-,33.88111114501953,-117.61733245849608,RIVERSIDE,CORONA,-117.61731719970705,33.88117599487305
91945618,2022,2022-12-19,9840,2022-12-08,0835,014916,NA,4,1,9,3300,0,1,1,NA,2,040,I-215 N/B,ALESSANDRO BLVD,1584,S,N,A,-,Y,RIV,NA,215,NA,R,36.134,H,NA,R,N,4,0,1,4,A,-,03,22350,NA,M,C,C,A,A,H,-,A,A,0,NA,NA,NA,Y,Y,NA,A,01,0,0,1,0,0,0,0,0,0,-,-,33.91318130493164,-117.284912109375,RIVERSIDE,UNINCORPORATED,-117.284912109375,33.913177490234375
91946906,2022,2022-12-20,9840,2022-12-12,0655,016358,NA,1,1,9,3300,0,3,5,NA,2,004,HARVILL AVE.,CAJALCO RD.,150,N,N,C,-,N,NA,NA,NA,NA,NA,NA,NA,NA,NA,Y,4,0,1,1,A,-,08,22107,NA,N,E,I,A,B,H,-,A,D,0,NA,NA,NA,NA,Y,NA,A,01,0,0,1,0,0,0,0,0,0,-,-,33.842098236083984,-117.2566375732422,RIVERSIDE,UNINCORPORATED,-117.2515869140625,33.838008880615234
91951646,2022,2022-12-23,9840,2022-12-09,0635,017162,NA,5,1,6,3315,0,1,3,NA,2,030,SR-91 W/B,GREEN RIVER ROAD,1300,W,N,A,-,Y,RIV,NA,91,NA,R,0.698,H,NA,L,N,4,0,1,3,A,-,03,22350,NA,F,C,C,A,A,H,-,B,D,0,NA,NA,NA,NA,Y,NA,A,01,0,0,1,0,0,0,0,0,0,-,-,33.87519073486328,-117.66197967529295,RIVERSIDE,CORONA,-117.66197204589844,33.875186920166016
91951699,2022,2022-12-23,9840,2022-12-22,1335,017162,NA,4,1,6,3315,0,1,3,NA,2,031,SR-91 E/B,MAIN ST,2000,W,N,A,-,Y,RIV,NA,91,NA,NA,6.053,H,NA,R,N,4,0,2,2,A,-,07,21658,A,N,B,C,A,A,H,-,A,D,0,NA,NA,NA,NA,Y,NA,J,48,0,0,2,0,0,0,0,0,0,-,-,33.88043975830078,-117.57108306884766,RIVERSIDE,CORONA,-117.57106018066406,33.88055419921875
91951768,2022,2022-12-29,9685,2022-12-18,0841,016885,NA,7,1,7,3313,0,1,1,NA,2,020,SR-79 N/B,POURROY ROAD,0,NA,Y,A,-,N,NA,NA,NA,NA,NA,NA,NA,NA,NA,Y,4,0,2,2,A,-,12,21453,A,N,A,C,A,A,H,-,A,A,0,NA,NA,NA,NA,Y,NA,A,07,0,0,2,0,0,0,0,0,0,-,-,33.615169525146484,-117.1037826538086,RIVERSIDE,RIVERSIDE,-117.10376739501952,33.61525344848633
91953255,2022,2022-12-27,9685,2022-12-23,1610,015957,NA,5,2,9,3300,0,1,3,NA,1,026,SR-74,RITTER AVE,220,E,N,A,-,Y,RIV,NA,74,NA,NA,32.387,H,NA,R,Y,2,0,1,1,A,-,03,22350,NA,N,F,A,A,A,H,-,A,A,0,NA,NA,Y,NA,Y,NA,C,02,1,0,0,0,0,0,0,0,1,-,-,33.743370056152344,-117.10891723632813,RIVERSIDE,UNINCORPORATED,-117.10891723632813,33.743316650390625
91953303,2022,2022-12-27,9630,2022-10-29,2220,021217,NA,6,3,9,3300,0,3,5,NA,2,001,LONG CANYON ROAD,DILLON ROAD,136,S,N,A,-,N,NA,NA,NA,NA,NA,NA,NA,NA,NA,Y,1,1,0,1,A,-,08,22107,NA,N,E,I,A,A,H,-,D,A,0,NA,NA,NA,NA,Y,NA,A,01,0,0,0,0,0,0,0,0,0,-,-,33.925270080566406,-116.45813751220705,RIVERSIDE,UNINCORPORATED,-116.45813751220705,33.92490768432617
91953539,2022,2022-12-27,9840,2022-11-08,0625,017006,NA,2,1,7,3313,0,1,3,NA,2,020,SR-91 E/B,LA SIERRA AVE,1740,E,N,C,-,Y,RIV,NA,91,NA,NA,12.334,H,NA,R,Y,4,0,1,2,A,-,03,22350,NA,N,B,C,A,B,H,-,A,D,0,NA,NA,NA,NA,Y,NA,A,07,0,0,1,0,0,0,0,0,0,-,-,33.901458740234375,-117.46762847900392,RIVERSIDE,RIVERSIDE,-117.46760559082033,33.901397705078125
91953643,2022,2022-12-27,9655,2022-12-19,0616,018320,NA,1,1,9,3300,0,1,3,NA,1,312,SR-74 E/B,CALVERT AVENUE,0,NA,Y,A,-,Y,RIV,NA,74,NA,NA,34.846,H,NA,R,Y,4,0,2,2,A,-,09,21804,A,N,D,C,A,A,H,-,D,D,0,NA,NA,NA,NA,Y,NA,D,22,0,0,2,0,0,0,0,0,0,-,-,33.74024963378906,-117.06770324707033,RIVERSIDE,UNINCORPORATED,-117.06769561767578,33.74024200439453
91955482,2022,2022-12-29,9840,2022-12-13,1540,020989,NA,2,2,7,3313,0,1,3,NA,2,021,SR-91 W/B,14TH ST,2640,W,N,A,-,Y,RIV,NA,91,NA,NA,19.514,H,NA,L,Y,4,0,1,3,A,-,08,22107,NA,N,B,C,A,A,H,-,A,D,0,NA,NA,NA,Y,Y,NA,-,-,0,0,1,0,0,0,0,0,0,-,-,33.967491149902344,-117.37728118896484,RIVERSIDE,RIVERSIDE,-117.37714385986328,33.96746063232422
91956819,2022,2022-12-30,9685,2022-12-29,0943,016885,NA,4,1,4,3342,0,1,1,NA,2,030,I-15 S/B,I-215 S/B OVERCROSSING,350,N,N,B,-,Y,RIV,NA,15,NA,NA,8.809,H,NA,L,Y,3,0,4,2,A,-,08,22107,NA,N,B,C,A,A,H,-,A,D,0,NA,NA,NA,NA,Y,NA,A,07,0,4,0,0,0,0,0,0,0,-,-,33.54949188232422,-117.18256378173828,RIVERSIDE,MURRIETA,-117.18254089355467,33.54951095581055
9195808,2020,2021-01-22,3308,2020-10-13,0800,10610,516,2,5,5,3308,0,0,0,NA,0,NORTH,LATHAM AV,GILBERT ST,0,NA,Y,A,-,N,NA,NA,NA,NA,NA,NA,NA,NA,NA,N,4,0,1,2,A,-,09,21802,A,N,D,C,A,A,H,-,A,A,0,NA,NA,NA,NA,Y,NA,D,22,0,0,1,0,0,0,0,0,0,-,-,33.749298095703125,-116.9761199951172,RIVERSIDE,HEMET,-116.97604370117188,33.74932861328125
91958982,2022,2023-01-03,9630,2022-12-24,0318,021515,NA,6,3,9,3300,0,1,1,NA,2,021,I-10 E/B,COOK ST.,5280,W,N,A,-,Y,RIV,NA,10,NA,NA,45.876,H,NA,R,Y,3,0,1,1,A,-,01,23152,A,N,E,I,A,A,H,-,C,D,0,NA,NA,NA,NA,Y,Y,A,01,0,1,0,0,0,0,0,0,0,-,-,33.794490814208984,-116.36907958984376,RIVERSIDE,UNINCORPORATED,-116.3691177368164,33.79444885253906