CASE_ID,ACCIDENT_YEAR,PROC_DATE,JURIS,COLLISION_DATE,COLLISION_TIME,OFFICER_ID,REPORTING_DISTRICT,DAY_OF_WEEK,CHP_SHIFT,POPULATION,CNTY_CITY_LOC,SPECIAL_COND,BEAT_TYPE,CHP_BEAT_TYPE,CITY_DIVISION_LAPD,CHP_BEAT_CLASS,BEAT_NUMBER,PRIMARY_RD,SECONDARY_RD,DISTANCE,DIRECTION,INTERSECTION,WEATHER_1,WEATHER_2,STATE_HWY_IND,CALTRANS_COUNTY,CALTRANS_DISTRICT,STATE_ROUTE,ROUTE_SUFFIX,POSTMILE_PREFIX,POSTMILE,LOCATION_TYPE,RAMP_INTERSECTION,SIDE_OF_HWY,TOW_AWAY,COLLISION_SEVERITY,NUMBER_KILLED,NUMBER_INJURED,PARTY_COUNT,PRIMARY_COLL_FACTOR,PCF_CODE_OF_VIOL,PCF_VIOL_CATEGORY,PCF_VIOLATION,PCF_VIOL_SUBSECTION,HIT_AND_RUN,TYPE_OF_COLLISION,MVIW,PED_ACTION,ROAD_SURFACE,ROAD_COND_1,ROAD_COND_2,LIGHTING,CONTROL_DEVICE,CHP_ROAD_TYPE,PEDESTRIAN_ACCIDENT,BICYCLE_ACCIDENT,MOTORCYCLE_ACCIDENT,TRUCK_ACCIDENT,NOT_PRIVATE_PROPERTY,ALCOHOL_INVOLVED,STWD_VEHTYPE_AT_FAULT,CHP_VEHTYPE_AT_FAULT,COUNT_SEVERE_INJ,COUNT_VISIBLE_INJ,COUNT_COMPLAINT_PAIN,COUNT_PED_KILLED,COUNT_PED_INJURED,COUNT_BICYCLIST_KILLED,COUNT_BICYCLIST_INJURED,COUNT_MC_KILLED,COUNT_MC_INJURED,PRIMARY_RAMP,SECONDARY_RAMP,LATITUDE,LONGITUDE,COUNTY,CITY,POINT_X,POINT_Y
9390138,2021,2022-01-25,3313,2021-11-23,1130,1026,3,2,5,7,3313,0,0,0,NA,0,T62,NEW RIDGE DR,CANNON RD,14,N,N,A,-,N,NA,NA,NA,NA,NA,NA,NA,NA,NA,N,3,0,2,2,A,-,08,22107,NA,N,A,C,A,A,H,-,A,A,0,NA,NA,NA,NA,Y,NA,D,22,0,1,1,0,0,0,0,0,0,-,-,33.92377853393555,-117.33326721191406,RIVERSIDE,RIVERSIDE,-117.33319854736328,33.92368698120117
9390257,2021,2022-02-04,3313,2021-11-03,1953,1489,1,3,5,7,3313,0,0,0,NA,0,T44,PALM AV,WONG ST,0,NA,Y,A,-,N,NA,NA,NA,NA,NA,NA,NA,NA,NA,N,4,0,1,2,A,-,12,22450,A,N,D,C,A,A,H,-,C,D,0,NA,NA,NA,NA,Y,NA,-,-,0,0,1,0,0,0,0,0,0,-,-,33.97745895385742,-117.39012908935548,RIVERSIDE,RIVERSIDE,-117.390214,33.977469
9390766,2021,2022-01-21,3313,2021-11-15,1210,1026,1,1,5,7,3313,0,0,0,NA,0,T52,STREETER AV,LANTANA ST,67,S,N,A,-,N,NA,NA,NA,NA,NA,NA,NA,NA,NA,Y,3,0,1,1,A,-,08,22107,NA,N,E,I,A,A,H,-,A,A,0,NA,NA,NA,NA,Y,NA,A,01,0,1,0,0,0,0,0,0,0,-,-,33.95808029174805,-117.41864776611328,RIVERSIDE,RIVERSIDE,-117.41858673095705,33.95820236206055
9391830,2021,2022-01-20,3313,2021-11-08,0616,1026,3,1,5,7,3313,0,0,0,NA,0,T52,TRAUTWEIN RD,JOHN F KENNEDY DR,0,NA,Y,A,-,N,NA,NA,NA,NA,NA,NA,NA,NA,NA,Y,4,0,1,2,A,-,12,21453,A,N,D,C,A,A,H,-,A,A,0,NA,NA,NA,NA,Y,NA,A,01,0,0,1,0,0,0,0,0,0,-,-,33.90195846557617,-117.32624816894533,RIVERSIDE,RIVERSIDE,-117.32633209228516,33.90192794799805
9392276,2021,2022-02-01,3302,2021-09-01,1745,1218,NA,3,5,3,3302,0,0,0,NA,0,001,4TH ST,NICHOLAS RD,23,S,N,A,-,N,NA,NA,NA,NA,NA,NA,NA,NA,NA,Y,3,0,1,2,A,-,12,21453,A,F,B,D,A,A,H,-,A,A,0,NA,NA,NA,NA,Y,NA,-,NA,0,1,0,0,0,0,0,0,0,-,-,33.92586135864258,-116.9948501586914,RIVERSIDE,BEAUMONT,-116.99459838867188,33.92631149291992
93930047,2024,2024-08-08,9840,2024-04-19,545,018611,NA,5,3,6,3315,0,1,3,NA,2,030,SR-91 W/B,LINCOLN AVENUE,1500,W,N,B,-,Y,RIV,NA,91,NA,NA,5.144,H,NA,L,Y,4,0,2,3,A,-,03,22350,NA,N,C,C,A,A,H,-,B,D,0,NA,NA,NA,NA,Y,NA,D,22,0,0,2,0,0,0,0,0,0,-,-,33.882568359375,-117.58660888671876,RIVERSIDE,CORONA,-117.58663940429688,33.88239669799805
9396501,2021,2022-02-07,3313,2021-12-04,0227,1809,3,6,5,7,3313,0,0,0,NA,0,1R35,CHICAGO AV,COUNTRY CLUB DR,260,S,N,E,-,N,NA,NA,NA,NA,NA,NA,NA,NA,NA,Y,3,0,1,1,A,-,08,22107,NA,N,E,J,A,A,H,-,C,D,0,NA,NA,NA,NA,Y,NA,A,07,0,1,0,0,0,0,0,0,0,-,-,33.948631286621094,-117.34645080566406,RIVERSIDE,RIVERSIDE,-117.34649658203124,33.949405670166016
9396539,2021,2022-02-08,3313,2021-12-15,1320,1073,5,3,5,7,3313,0,0,0,NA,0,M31,CYPRESS AV,VAN BUREN BL,226,W,N,A,-,N,NA,NA,NA,NA,NA,NA,NA,NA,NA,NA,4,0,1,2,A,-,09,21804,A,N,D,C,A,A,H,-,A,D,0,NA,NA,NA,NA,Y,NA,A,01,0,0,1,0,0,0,0,0,0,CO,-,33.942901611328125,-117.45378875732422,RIVERSIDE,RIVERSIDE,-117.45478057861328,33.94279479980469
9396624,2022,2022-02-11,3313,2022-01-19,1121,1641,4,3,5,7,3313,0,0,0,NA,0,T55,MARSHALL ST,ORCHARD ST,255,S,N,A,-,N,NA,NA,NA,NA,NA,NA,NA,NA,NA,Y,3,0,1,2,A,-,08,22107,NA,N,A,C,A,A,H,-,A,D,0,NA,NA,Y,NA,Y,NA,A,01,0,1,0,0,0,0,0,0,1,-,-,33.93619155883789,-117.41111755371094,RIVERSIDE,RIVERSIDE,-117.41056060791016,33.93533706665039
9401104,2021,2022-02-11,3313,2021-12-13,2245,2023,4,1,5,7,3313,0,0,0,NA,0,1R47,MAGNOLIA AV,EVEREST AV,0,NA,Y,A,-,N,NA,NA,NA,NA,NA,NA,NA,NA,NA,N,4,0,1,2,A,-,12,22450,A,N,D,C,A,A,H,-,C,D,0,NA,NA,NA,NA,Y,NA,A,01,0,0,1,0,0,0,0,0,0,-,-,33.921791076660156,-117.4433135986328,RIVERSIDE,RIVERSIDE,-117.44290161132813,33.92250442504883
9401367,2022,2022-02-16,3313,2022-01-24,1610,0282,5,1,5,7,3313,0,0,0,NA,0,T48,INDIANA AV,BUCHANAN ST,800,W,N,A,-,N,NA,NA,NA,NA,NA,NA,NA,NA,NA,Y,4,0,2,2,A,-,03,22350,NA,N,C,C,A,A,H,-,A,D,0,NA,NA,NA,NA,Y,NA,D,22,0,0,2,0,0,0,0,0,0,-,-,33.886390686035156,-117.49494934082033,RIVERSIDE,RIVERSIDE,-117.49597930908205,33.884178161621094
9403774,2022,2022-03-21,3313,2022-02-05,1822,1989,5,6,5,7,3313,0,0,0,NA,0,3R52,GOLDEN AV,CAMPBELL AV,20,N,N,A,-,N,NA,NA,NA,NA,NA,NA,NA,NA,NA,Y,4,0,1,2,A,-,12,22450,A,N,D,C,A,A,H,-,C,A,0,NA,NA,NA,NA,Y,NA,A,01,0,0,1,0,0,0,0,0,0,-,-,33.930599212646484,-117.50025177001952,RIVERSIDE,RIVERSIDE,-117.50047302246094,33.9306755065918
9405089,2021,2022-02-15,3313,2021-12-04,2333,1982,2,6,5,7,3313,0,0,0,NA,0,1R27,COLUMBIA AV,NORTHGATE ST,0,NA,Y,E,-,N,NA,NA,NA,NA,NA,NA,NA,NA,NA,N,4,0,1,2,A,-,08,22107,NA,F,D,C,A,A,H,-,C,D,0,NA,NA,NA,NA,Y,NA,-,99,0,0,1,0,0,0,0,0,0,-,-,NA,NA,RIVERSIDE,RIVERSIDE,-117.33106231689452,34.00111770629883
9408731,2022,2022-03-08,3313,2022-02-01,1436,1475,2,2,5,7,3313,0,0,0,NA,0,M19,MARTIN LUTHER KING BL,CANYON CREST DR,474,W,N,A,-,N,NA,NA,NA,NA,NA,NA,NA,NA,NA,Y,3,0,1,3,A,-,03,22350,NA,N,C,C,A,A,H,-,A,A,0,NA,NA,NA,NA,Y,NA,A,01,0,1,0,0,0,0,0,0,0,-,-,33.966461181640625,-117.3309326171875,RIVERSIDE,RIVERSIDE,-117.33267211914063,33.96828842163086
94120667,2024,2024-08-14,9685,2024-08-02,1818,019732,NA,5,2,4,3342,0,1,1,NA,2,034,I-215,SCOTT RD.,100,S,N,A,-,Y,RIV,NA,215,NA,R,15.504,H,NA,R,N,4,0,2,2,A,-,03,22350,NA,N,C,C,A,A,H,-,A,D,0,NA,NA,NA,NA,Y,NA,D,22,0,0,2,0,0,0,0,0,0,-,-,33.64134979248047,-117.17108917236328,RIVERSIDE,MURRIETA,-117.17106628417967,33.64134979248047
9412234,2022,2022-03-08,3313,2022-01-19,1406,2047,4,3,5,7,3313,0,0,0,NA,0,T48,JURUPA AV,PALM AV,193,E,N,A,-,N,NA,NA,NA,NA,NA,NA,NA,NA,NA,N,3,0,4,2,A,-,03,22350,NA,N,C,C,A,A,H,-,A,A,0,NA,NA,NA,NA,Y,NA,A,01,0,1,3,0,0,0,0,0,0,-,-,33.96110916137695,-117.40119934082033,RIVERSIDE,RIVERSIDE,-117.40045166015624,33.96097946166992
9413062,2021,2022-03-04,3313,2021-11-29,1621,1475,4,1,5,7,3313,0,0,0,NA,0,M19,MADISON ST,LINCOLN AV,0,NA,Y,A,-,N,NA,NA,NA,NA,NA,NA,NA,NA,NA,N,4,0,1,2,A,-,03,22350,NA,N,D,G,A,A,H,-,A,A,0,NA,Y,NA,NA,Y,NA,A,01,0,0,1,0,0,0,1,0,0,-,-,33.929161071777344,-117.39946746826172,RIVERSIDE,RIVERSIDE,-117.3992919921875,33.928993225097656
9413063,2021,2022-03-04,3313,2021-11-28,0240,1999,3,7,5,7,3313,0,0,0,NA,0,1R35,ALESSANDRO BL,DANVERS DR,40,W,N,A,-,N,NA,NA,NA,NA,NA,NA,NA,NA,NA,N,4,0,1,2,A,-,03,22350,NA,F,C,C,A,A,H,-,C,A,0,NA,NA,NA,NA,Y,Y,-,99,0,0,1,0,0,0,0,0,0,-,-,33.91651916503906,-117.32804107666016,RIVERSIDE,RIVERSIDE,-117.32820892333984,33.91646957397461
94131331,2024,2024-08-12,9685,2024-08-02,1226,017285,NA,5,1,5,3341,0,1,1,NA,2,020,I-215 S/B FROM NEWPORT RD,NEWPORT ROAD,91,S,N,A,-,Y,NA,NA,NA,NA,NA,NA,NA,NA,NA,Y,3,0,1,1,A,-,08,22107,NA,N,E,8,A,A,H,-,A,D,0,NA,NA,NA,NA,Y,NA,D,22,0,1,0,0,0,0,0,0,0,-,-,33.68547821044922,-117.17202758789063,RIVERSIDE,MENIFEE,-117.17146301269533,33.684898376464844
94133342,2024,2024-08-12,9685,2024-08-03,805,016743,NA,6,1,9,3300,0,1,3,NA,2,011,SR-74 ORTEGA HIGHWAY,GRAND AVENUE,21120,W,N,A,-,Y,RIV,NA,74,NA,NA,9.468,H,NA,R,Y,4,0,1,1,A,-,08,22107,NA,N,E,I,A,A,H,-,A,D,0,NA,NA,Y,NA,Y,NA,-,-,0,0,1,0,0,0,0,0,1,-,-,33.64155960083008,-117.3820571899414,RIVERSIDE,UNINCORPORATED,-117.3821029663086,33.64146041870117
9415525,2022,2022-03-07,3309,2022-01-05,1434,2010,NA,3,5,4,3309,0,0,0,NA,0,003,ARABIA ST,DOCTOR CARREON BL,11,N,N,A,-,N,NA,NA,NA,NA,NA,NA,NA,NA,NA,N,4,0,1,2,A,-,08,22107,NA,M,B,C,A,A,H,-,A,A,0,NA,NA,NA,NA,Y,NA,A,01,0,0,1,0,0,0,0,0,0,-,-,NA,NA,RIVERSIDE,INDIO,-116.2251205444336,33.70753860473633
9421997,2022,2022-05-18,3313,2022-04-18,1914,1537,5,1,5,7,3313,0,0,0,NA,0,M16,INDIANA AV,PIERCE ST,0,NA,Y,A,-,N,NA,NA,NA,NA,NA,NA,NA,NA,NA,Y,4,0,2,2,A,-,12,21453,A,N,D,C,A,A,H,-,B,A,0,NA,NA,NA,NA,Y,NA,A,01,0,0,2,0,0,0,0,0,0,-,-,33.88996124267578,-117.48700714111328,RIVERSIDE,RIVERSIDE,-117.48690032958984,33.889976501464844
94224453,2024,2024-08-13,9840,2024-08-13,604,023816,NA,2,1,9,3300,0,3,5,NA,2,004,LAKE MATHEWS DR N/B,SCENIC VIEW RD,155,S,N,A,-,N,NA,NA,NA,NA,NA,NA,NA,NA,NA,Y,3,0,1,1,A,-,08,22107,NA,N,F,A,A,A,H,-,A,D,0,NA,NA,NA,NA,Y,NA,D,22,0,1,0,0,0,0,0,0,0,-,-,33.81869125366211,-117.41512298583984,RIVERSIDE,UNINCORPORATED,-117.41484832763672,33.8186149597168
94236829,2024,2024-08-13,9840,2024-07-28,155,023412,NA,7,3,7,3313,0,1,3,NA,2,021,SR-91 E/B,SPRUCE STREET,528,E,N,A,-,Y,RIV,NA,91,NA,NA,21.806,H,NA,R,Y,4,0,1,2,A,-,01,23152,A,N,C,2,A,A,H,-,D,D,0,NA,NA,NA,NA,Y,Y,D,22,0,0,1,0,0,0,0,0,0,-,-,33.993370056152344,-117.35711669921876,RIVERSIDE,RIVERSIDE,-117.3571548461914,33.993385314941406
9424896,2022,2022-04-12,3300,2022-03-11,1435,5390,420,5,5,2,3336,0,0,0,NA,0,020,SUMMIT VIEW DR,2ND PL,310,E,N,A,-,N,NA,NA,NA,NA,NA,NA,NA,NA,NA,NA,3,0,1,2,A,-,06,21751,NA,N,B,E,A,A,H,-,A,D,0,NA,NA,NA,NA,Y,NA,A,01,0,1,0,0,0,0,0,0,0,-,-,33.99576950073242,-117.04453277587892,RIVERSIDE,CALIMESA,-117.04347229003906,33.995323181152344
9426488,2022,2022-03-30,3313,2022-02-06,2141,1023,5,7,5,7,3313,0,0,0,NA,0,S72,VAN BUREN BL,INDIANA AV,50,N,N,A,-,N,NA,NA,NA,NA,NA,NA,NA,NA,NA,Y,4,0,2,2,A,-,03,22350,NA,N,C,C,A,A,H,-,C,A,0,NA,NA,NA,NA,Y,NA,A,01,0,0,2,0,0,0,0,0,0,-,-,33.91408920288086,-117.44165802001952,RIVERSIDE,RIVERSIDE,-117.44199371337892,33.914676666259766
9426522,2022,2022-04-01,3313,2022-03-01,1248,1686,1,2,5,7,3313,0,0,0,NA,0,T58,MARKET ST,MISSION INN AV,174,S,N,A,-,N,NA,NA,NA,NA,NA,NA,NA,NA,NA,N,4,0,1,2,A,-,09,21801,A,M,D,C,A,A,H,-,A,D,0,NA,NA,NA,NA,Y,NA,A,01,0,0,1,0,0,0,0,0,0,-,-,33.9835090637207,-117.37512969970705,RIVERSIDE,RIVERSIDE,-117.37531280517578,33.983097076416016
9428984,2022,2022-04-04,3313,2022-03-16,0851,1026,5,3,5,7,3313,0,0,0,NA,0,T52,RUTLAND AV,WELLS AV,17,N,N,A,-,N,NA,NA,NA,NA,NA,NA,NA,NA,NA,NA,4,0,1,2,A,-,21,22106,NA,M,C,C,A,A,H,-,A,A,0,NA,NA,NA,NA,Y,NA,A,01,0,0,1,0,0,0,0,0,0,-,-,33.93320846557617,-117.46640014648438,RIVERSIDE,RIVERSIDE,-117.46615600585938,33.93373107910156
9429653,2022,2022-04-11,3313,2022-02-13,1444,1023,5,7,5,7,3313,0,0,0,NA,0,S72,PIERCE ST,MAGNOLIA AV,0,NA,Y,A,-,N,NA,NA,NA,NA,NA,NA,NA,NA,NA,N,3,0,3,3,A,-,08,22107,NA,N,D,C,A,B,H,-,A,A,0,NA,NA,NA,NA,Y,NA,A,01,0,2,1,0,0,0,0,0,0,-,-,33.895050048828125,-117.49107360839844,RIVERSIDE,RIVERSIDE,-117.49112701416016,33.89513397216797
9429701,2022,2022-04-14,3313,2022-03-04,1006,1641,5,5,5,7,3313,0,0,0,NA,0,T55,HOLE AV,HIERS AV,23,E,N,B,-,N,NA,NA,NA,NA,NA,NA,NA,NA,NA,Y,3,0,3,2,A,-,09,21802,A,N,D,C,A,A,H,-,A,A,0,NA,NA,NA,NA,Y,NA,A,01,0,2,1,0,0,0,0,0,0,-,-,33.918128967285156,-117.48422241210938,RIVERSIDE,RIVERSIDE,-117.48362731933594,33.918399810791016
9430013,2022,2022-04-27,3302,2022-02-10,1113,1209,BMT,4,5,3,3302,0,0,0,NA,0,003,GOLF CLUB DR,BLACKHAWK DR,0,NA,Y,A,-,N,NA,NA,NA,NA,NA,NA,NA,NA,NA,NA,4,0,1,2,A,-,08,22107,NA,N,C,E,A,A,H,-,A,D,0,NA,NA,NA,NA,Y,NA,A,01,0,0,1,0,0,0,0,0,0,-,-,NA,NA,RIVERSIDE,BEAUMONT,-117.00287628173828,33.951751708984375
9430619,2022,2022-04-05,3313,2022-01-31,1607,0282,1,1,5,7,3313,0,0,0,NA,0,T48,JURUPA AV,BIRCH ST,80,E,N,A,-,N,NA,NA,NA,NA,NA,NA,NA,NA,NA,NA,2,0,1,1,A,-,03,22350,NA,N,E,I,A,A,H,-,A,D,0,NA,NA,Y,NA,Y,NA,C,02,1,0,0,0,0,0,0,0,1,-,-,33.96091079711914,-117.39356994628906,RIVERSIDE,RIVERSIDE,-117.39317321777344,33.96092987060547
9431164,2022,2022-04-15,3302,2022-03-03,1556,764,3302,4,5,3,3302,0,0,0,NA,0,001,1ST ST,SENECA SPRINGS PKWY,0,NA,Y,A,-,N,NA,NA,NA,NA,NA,NA,NA,NA,NA,Y,4,0,1,2,A,-,12,22450,A,N,A,C,A,A,H,-,A,A,0,NA,NA,NA,NA,Y,NA,A,01,0,0,1,0,0,0,0,0,0,-,-,33.92163848876953,-116.9589614868164,RIVERSIDE,BEAUMONT,-116.95899963378906,33.92169189453125
9431227,2022,2022-04-08,3302,2022-02-06,2138,1190,BEAUM,7,5,3,3302,0,0,0,NA,0,002,BEAUMONT AV,COUGAR WY,450,N,N,A,-,N,NA,NA,NA,NA,NA,NA,NA,NA,NA,Y,2,0,1,2,A,-,08,22107,NA,N,D,C,A,A,H,-,C,D,0,NA,NA,NA,NA,Y,NA,A,01,1,0,0,0,0,0,0,0,0,-,-,33.95423889160156,-116.97718811035156,RIVERSIDE,BEAUMONT,-116.97726440429688,33.9554328918457
9434552,2022,2022-04-26,3313,2022-03-19,1935,1489,4,6,5,7,3313,0,0,0,NA,0,T44,VAN BUREN BL,LINCOLN AV,75,S,N,B,-,N,NA,NA,NA,NA,NA,NA,NA,NA,NA,NA,3,0,1,2,A,-,03,22350,NA,N,C,C,A,A,H,-,C,A,0,NA,NA,NA,NA,Y,NA,A,01,0,1,0,0,0,0,0,0,0,-,-,33.9079704284668,-117.4362335205078,RIVERSIDE,RIVERSIDE,-117.43629455566406,33.90769958496094
9435311,2022,2022-04-28,3313,2022-01-27,1542,1935,NA,4,5,7,3313,0,0,0,NA,0,NA,LOCUST ST,SECOND ST,0,NA,Y,A,-,N,NA,NA,NA,NA,NA,NA,NA,NA,NA,N,4,0,1,2,A,-,09,21802,A,N,D,C,A,A,H,-,A,A,0,NA,NA,NA,NA,Y,NA,A,01,0,0,1,0,0,0,0,0,0,-,-,33.99047088623047,-117.37645721435548,RIVERSIDE,RIVERSIDE,-117.37644958496094,33.99046325683594
94355719,2024,2024-08-15,9840,2024-08-14,1818,021096,NA,3,2,6,3345,0,1,3,NA,2,010,SR-60 E/B,ETIWANDA AVE.,30,W,N,A,-,Y,RIV,NA,60,NA,R,1.989,H,NA,R,Y,4,0,1,2,A,-,08,22107,NA,N,C,C,A,A,H,-,A,D,0,NA,NA,NA,NA,Y,NA,A,01,0,0,1,0,0,0,0,0,0,-,-,34.01803970336914,-117.52475738525392,RIVERSIDE,JURUPA VALLEY,-117.52476501464844,34.0180778503418
94360080,2024,2024-08-19,9840,2024-08-17,1400,021080,NA,6,2,6,3345,0,1,1,NA,2,011,I-15 S/B,CANTU-GALLEANO RANCH RD,1373,N,N,A,-,Y,RIV,NA,15,NA,NA,50.413,H,NA,L,Y,3,0,3,3,A,-,08,22107,NA,N,C,C,A,A,H,-,A,D,0,NA,NA,NA,NA,Y,NA,A,01,0,3,0,0,0,0,0,0,0,-,-,34.006309509277344,-117.55043792724608,RIVERSIDE,JURUPA VALLEY,-117.55052185058594,34.006309509277344
94361337,2024,2024-08-20,9685,2024-08-10,1900,018321,NA,6,2,9,3300,0,1,1,NA,2,030,I-15 SB,TEMECULA RIVER,4740,S,N,A,-,Y,RIV,NA,15,NA,R,2.069,H,NA,L,Y,4,0,2,1,C,-,18,NA,NA,N,F,I,A,A,H,-,A,D,0,NA,NA,NA,NA,Y,NA,-,-,0,0,2,0,0,0,0,0,0,-,-,33.46123123168945,-117.13638305664063,RIVERSIDE,UNINCORPORATED,-117.136474609375,33.46122360229492
94361569,2024,2024-08-20,9685,2024-08-15,1140,016743,NA,4,1,9,3300,0,3,5,NA,2,003,LEON ROAD,CLINTON KEITH,300,N,N,A,-,N,NA,NA,NA,NA,NA,NA,NA,NA,NA,N,4,0,1,2,A,-,08,22103,NA,N,D,C,A,A,H,-,A,A,0,NA,NA,Y,NA,Y,NA,A,07,0,0,1,0,0,0,0,0,1,-,-,33.601280212402344,-117.12709045410156,RIVERSIDE,UNINCORPORATED,-117.12844848632813,33.60063171386719
94363578,2024,2024-08-21,9840,2024-08-13,1530,017481,NA,2,2,9,3300,0,3,5,NA,2,003,TERETICORNIS AVE.,EL TORO ROAD,463,E,N,A,-,N,NA,NA,NA,NA,NA,NA,NA,NA,NA,N,4,0,1,2,A,-,08,22107,NA,N,B,C,A,A,H,-,A,D,0,NA,NA,NA,NA,Y,NA,D,22,0,0,1,0,0,0,0,0,0,-,-,33.70381164550781,-117.3451919555664,RIVERSIDE,UNINCORPORATED,-117.34525299072266,33.70387649536133
9436555,2022,2022-05-11,3301,2022-04-28,1015,U517,24,4,5,4,3301,0,0,0,NA,0,002,W NICOLET,SIMS ST,0,NA,Y,A,-,N,NA,NA,NA,NA,NA,NA,NA,NA,NA,Y,4,0,1,2,A,-,21,22106,NA,N,D,C,A,A,H,-,A,D,0,NA,NA,NA,NA,Y,NA,A,01,0,0,1,0,0,0,0,0,0,-,-,33.92887878417969,-116.89795684814452,RIVERSIDE,BANNING,-116.89594268798828,33.928855895996094
94367567,2024,2024-08-23,9685,2024-08-20,1540,018321,NA,2,2,4,3342,0,1,1,NA,2,030,I-15 SB,WARM SPRINGS RD,19,S,N,A,-,Y,RIV,NA,15,NA,NA,7.775,H,NA,L,Y,4,0,1,2,A,-,03,22350,NA,N,C,C,A,A,H,-,A,D,0,NA,NA,NA,NA,Y,NA,A,01,0,0,1,0,0,0,0,0,0,-,-,33.53704071044922,-117.1729736328125,RIVERSIDE,MURRIETA,-117.17291259765624,33.53706741333008
94371362,2024,2024-08-27,9840,2024-08-20,1615,019042,NA,2,2,9,3300,0,3,5,NA,2,004,NANDINA AVE,ALEXANDER ST.,0,NA,Y,A,-,N,NA,NA,NA,NA,NA,NA,NA,NA,NA,N,4,0,1,2,A,-,09,21802,A,N,D,C,A,A,H,-,A,A,0,NA,NA,NA,NA,Y,NA,A,01,0,0,1,0,0,0,0,0,0,-,-,33.86579132080078,-117.3051528930664,RIVERSIDE,UNINCORPORATED,-117.30508422851563,33.86577606201172
94371536,2024,2024-08-27,9685,2024-08-20,1640,018321,NA,2,2,5,3335,0,1,1,NA,2,030,I-15 NORTHBOUND,TEMECULA RIVER UNDERCROSSING,26,N,N,A,-,Y,RIV,NA,15,NA,NA,3.023,H,NA,R,Y,4,0,1,3,A,-,07,21658,A,N,B,C,A,A,H,-,A,D,0,NA,NA,Y,Y,Y,NA,A,01,0,0,1,0,0,0,0,0,1,-,-,33.47488021850586,-117.13849639892578,RIVERSIDE,TEMECULA,-117.1384735107422,33.474884033203125
9437187,2022,2022-05-16,3313,2022-04-13,0821,1686,4,3,5,7,3313,0,0,0,NA,0,T58,INDIANA AV,MOTOR CIRCLE DR E,0,NA,Y,A,-,N,NA,NA,NA,NA,NA,NA,NA,NA,NA,Y,3,0,2,2,A,-,03,22350,NA,N,C,C,A,A,H,-,A,D,0,NA,NA,NA,NA,Y,NA,A,01,0,1,1,0,0,0,0,0,0,-,-,33.928131103515625,-117.41551208496094,RIVERSIDE,RIVERSIDE,-117.41732025146484,33.92784881591797
94375966,2024,2024-08-29,9630,2024-08-17,1715,021200,NA,6,2,9,3300,0,1,3,NA,1,074,SR-74,VISTA POINT,10560,E,N,A,-,Y,RIV,NA,74,NA,NA,89.862,H,NA,R,Y,4,0,3,2,A,-,08,22107,NA,N,E,8,A,A,H,-,A,D,0,NA,NA,NA,NA,Y,NA,A,01,0,0,3,0,0,0,0,0,0,-,-,33.65645980834961,-116.40357971191406,RIVERSIDE,UNINCORPORATED,-116.40353393554688,33.656429290771484
94375970,2024,2024-08-29,9655,2024-08-24,315,020669,NA,6,3,9,3300,0,1,3,NA,1,116,SR-74,MCGAUGH ROAD,528,W,N,A,-,Y,RIV,NA,74,NA,NA,58.172,H,NA,R,Y,3,0,1,1,A,-,08,22107,NA,N,E,I,A,A,H,-,D,D,0,NA,NA,NA,NA,Y,NA,D,22,0,1,0,0,0,0,0,0,0,-,-,33.702388763427734,-116.7401885986328,RIVERSIDE,UNINCORPORATED,-116.74024963378906,33.702388763427734
94383156,2024,2024-09-05,9630,2024-08-26,710,019153,NA,1,1,9,3300,0,3,5,NA,2,401,CORKILL RD,AURORA RD,832,S,N,A,-,N,NA,NA,NA,NA,NA,NA,NA,NA,NA,Y,4,0,1,2,A,-,09,21804,A,N,D,C,A,A,H,-,A,D,0,NA,NA,Y,NA,Y,NA,A,01,0,0,1,0,0,0,0,0,1,-,-,33.919189453125,-116.44059753417967,RIVERSIDE,UNINCORPORATED,-116.44057464599608,33.91922378540039
94384151,2024,2024-09-06,9840,2024-08-31,1639,019527,NA,6,2,6,3315,0,1,3,NA,2,031,SR-91 E/B,MCKINLEY ST,1750,W,N,A,-,Y,RIV,NA,91,NA,NA,8.85,H,NA,R,N,4,0,2,2,A,-,03,22350,NA,N,C,C,A,A,H,-,A,D,0,NA,NA,NA,NA,Y,NA,A,07,0,0,2,0,0,0,0,0,0,-,-,33.884239196777344,-117.52311706542967,RIVERSIDE,CORONA,-117.52313995361328,33.88429260253906