CASE_ID,ACCIDENT_YEAR,PROC_DATE,JURIS,COLLISION_DATE,COLLISION_TIME,OFFICER_ID,REPORTING_DISTRICT,DAY_OF_WEEK,CHP_SHIFT,POPULATION,CNTY_CITY_LOC,SPECIAL_COND,BEAT_TYPE,CHP_BEAT_TYPE,CITY_DIVISION_LAPD,CHP_BEAT_CLASS,BEAT_NUMBER,PRIMARY_RD,SECONDARY_RD,DISTANCE,DIRECTION,INTERSECTION,WEATHER_1,WEATHER_2,STATE_HWY_IND,CALTRANS_COUNTY,CALTRANS_DISTRICT,STATE_ROUTE,ROUTE_SUFFIX,POSTMILE_PREFIX,POSTMILE,LOCATION_TYPE,RAMP_INTERSECTION,SIDE_OF_HWY,TOW_AWAY,COLLISION_SEVERITY,NUMBER_KILLED,NUMBER_INJURED,PARTY_COUNT,PRIMARY_COLL_FACTOR,PCF_CODE_OF_VIOL,PCF_VIOL_CATEGORY,PCF_VIOLATION,PCF_VIOL_SUBSECTION,HIT_AND_RUN,TYPE_OF_COLLISION,MVIW,PED_ACTION,ROAD_SURFACE,ROAD_COND_1,ROAD_COND_2,LIGHTING,CONTROL_DEVICE,CHP_ROAD_TYPE,PEDESTRIAN_ACCIDENT,BICYCLE_ACCIDENT,MOTORCYCLE_ACCIDENT,TRUCK_ACCIDENT,NOT_PRIVATE_PROPERTY,ALCOHOL_INVOLVED,STWD_VEHTYPE_AT_FAULT,CHP_VEHTYPE_AT_FAULT,COUNT_SEVERE_INJ,COUNT_VISIBLE_INJ,COUNT_COMPLAINT_PAIN,COUNT_PED_KILLED,COUNT_PED_INJURED,COUNT_BICYCLIST_KILLED,COUNT_BICYCLIST_INJURED,COUNT_MC_KILLED,COUNT_MC_INJURED,PRIMARY_RAMP,SECONDARY_RAMP,LATITUDE,LONGITUDE,COUNTY,CITY,POINT_X,POINT_Y
6902988,2015,2015-05-11,3313,2015-04-25,1433,1680,C,6,5,7,3313,0,0,0,NA,0,B313,VAN BUREN BL,RUDICILL ST,300,S,N,B,-,N,NA,NA,NA,NA,NA,NA,NA,NA,NA,Y,4,0,2,2,A,-,09,21801,A,N,D,C,A,A,H,-,A,D,0,NA,NA,NA,NA,Y,NA,A,01,0,0,2,0,0,0,0,0,0,-,-,NA,NA,RIVERSIDE,RIVERSIDE,-117.43966554,33.91181491
6903181,2015,2015-05-27,3300,2015-04-27,1144,N3546,910U,1,5,5,3335,0,0,0,NA,0,070,BUTTERFIELD STAGE RD,WOLF STORE RD,64,W,N,A,-,N,NA,NA,NA,NA,NA,NA,NA,NA,NA,Y,4,0,1,2,A,-,12,21453,A,N,D,-,A,A,H,-,A,A,0,NA,NA,NA,NA,Y,NA,D,22,0,0,1,0,0,0,0,0,0,-,-,NA,NA,RIVERSIDE,TEMECULA,-117.07773229,33.48480116
6905838,2015,2015-05-20,9840,2015-03-23,2202,18708,NA,1,3,7,3313,0,1,3,NA,2,020,RT 91,TYLER ST,490,E,N,A,-,Y,RIV,8,91,-,-,13.15,H,-,E,Y,1,1,1,2,A,-,11,21954,A,N,G,B,D,A,H,-,C,D,1,Y,NA,NA,NA,Y,Y,N,60,0,1,0,1,0,0,0,0,0,-,-,33.54245,-117.27184,RIVERSIDE,RIVERSIDE,-117.45530902,33.90713165
6906908,2015,2015-05-11,3300,2015-04-27,1550,2403,920H,1,5,4,3314,0,0,0,NA,0,074,SAN JACINTO AV,SHAVER ST,107,S,N,A,-,N,NA,NA,NA,NA,NA,NA,NA,NA,NA,N,4,0,1,2,A,-,03,22350,NA,N,C,C,A,A,H,-,A,D,0,NA,NA,NA,NA,Y,NA,A,01,0,0,1,0,0,0,0,0,0,-,-,NA,NA,RIVERSIDE,SAN JACINTO,-116.95883869,33.77744699
6907135,2015,2015-05-26,9840,2015-04-17,1813,19165,NA,5,2,7,3313,0,3,5,NA,2,004,ALEXANDER ST,NANDINA AV,0,NA,Y,A,-,N,NA,NA,NA,NA,NA,NA,NA,NA,NA,Y,3,0,2,2,A,-,09,21802,A,N,D,C,A,A,H,-,A,A,0,NA,NA,NA,NA,Y,NA,A,01,0,2,0,0,0,0,0,0,0,-,-,33.86584,-117.30478,RIVERSIDE,RIVERSIDE,-117.30508013,33.86578002
6907138,2015,2016-11-19,9840,2015-04-23,0128,018708,NA,4,3,6,3315,0,1,3,NA,2,031,RT 91,MCKINLEY ST,2640,W,N,B,-,Y,RIV,8,91,-,-,8.68,H,-,E,Y,4,0,1,1,A,-,08,22107,NA,N,E,I,A,A,H,-,C,D,1,NA,NA,NA,NA,Y,NA,A,01,0,0,1,0,0,0,0,0,0,-,-,33.88359,-117.52991,RIVERSIDE,CORONA,-117.52614153,33.88389303
6907187,2015,2016-12-09,9840,2015-04-20,0640,12608,NA,1,1,6,3345,0,1,3,NA,2,010,RT 60,RUBIDOUX BL,10,W,N,B,-,Y,RIV,8,60,-,-,9.56,H,-,W,N,4,0,1,3,A,-,03,22350,NA,N,B,C,A,A,H,-,C,D,1,NA,NA,NA,NA,Y,NA,A,01,0,0,1,0,0,0,0,0,0,-,-,34.0044,-117.40257,RIVERSIDE,JURUPA VALLEY,-117.40023792,34.00469703
6908845,2015,2015-05-19,3300,2015-04-19,1506,4996,604A5,7,5,6,3394,0,0,0,NA,0,MV42,LASSELLE ST,CACTUS AV,32,S,N,A,-,N,NA,NA,NA,NA,NA,NA,NA,NA,NA,N,4,0,1,2,A,-,05,21650,1,N,A,G,A,A,H,-,A,A,0,NA,Y,NA,NA,Y,NA,L,04,0,0,1,0,0,0,1,0,0,-,-,NA,NA,RIVERSIDE,MORENO VALLEY,-117.20897817,33.91001236
6911207,2015,2016-11-22,9655,2015-05-01,1420,017106,NA,5,2,4,3301,0,1,1,NA,2,204,RT 10,HIGHLAND SPRINGS AV,2640,E,N,A,-,Y,RIV,8,10,-,-,9.82,H,-,E,N,4,0,1,2,A,-,04,21703,NA,N,C,C,A,A,H,-,A,D,1,NA,NA,NA,Y,Y,NA,E,22,0,0,1,0,0,0,0,0,0,-,-,33.92647,-116.93579,RIVERSIDE,BANNING,-116.93810071,33.9264417
6913781,2015,2015-05-29,3300,2015-04-20,1219,4839,002Y,1,5,6,3345,0,0,0,NA,0,026,LIMONITE AV,WINEVILLE AV,46,W,N,A,-,N,NA,NA,NA,NA,NA,NA,NA,NA,NA,N,4,0,1,2,A,-,03,22350,NA,N,C,C,A,A,H,-,A,A,0,NA,NA,NA,NA,Y,NA,A,01,0,0,1,0,0,0,0,0,0,-,-,NA,NA,RIVERSIDE,JURUPA VALLEY,-117.54079127,33.97524735
6914297,2015,2015-05-29,3309,2015-05-08,0920,443,3309,5,5,4,3309,0,0,0,NA,0,004,CLINTON ST,FUCHSIA AV,142,S,N,A,-,N,NA,NA,NA,NA,NA,NA,NA,NA,NA,Y,4,0,2,2,A,-,09,21804,A,N,D,C,A,A,H,-,A,A,0,NA,NA,NA,NA,Y,NA,D,22,0,0,2,0,0,0,0,0,0,-,-,NA,NA,RIVERSIDE,INDIO,-116.24265,33.71104151
6915434,2015,2015-05-26,3308,2015-04-06,0245,10492,504,1,5,5,3308,0,0,0,NA,0,NORTH,SANDERSON AV,MENLO AV,0,NA,Y,A,-,N,NA,NA,NA,NA,NA,NA,NA,NA,NA,Y,4,0,3,2,A,-,12,21453,A,N,D,C,A,A,H,-,C,A,0,NA,NA,NA,NA,Y,NA,A,01,0,0,3,0,0,0,0,0,0,-,-,NA,NA,RIVERSIDE,HEMET,-117.00660012,33.75822006
6917049,2015,2015-06-02,3300,2015-04-24,1755,N3373,910R2,5,5,5,3335,0,0,0,NA,0,062,WINCHESTER RD,YNEZ RD,0,NA,Y,A,-,N,NA,NA,NA,NA,NA,NA,NA,NA,NA,Y,4,0,1,3,A,-,12,21453,A,N,D,C,A,A,H,-,A,A,0,NA,NA,NA,NA,Y,NA,D,22,0,0,1,0,0,0,0,0,0,-,-,NA,NA,RIVERSIDE,TEMECULA,-117.16036007,33.5246601
6917935,2015,2016-11-22,9655,2015-04-25,2245,018320,NA,6,3,4,3301,0,1,1,NA,2,204,RT 10,SAN GORGONIO AV,528,E,N,B,-,Y,RIV,8,10,-,-,13.46,H,-,E,Y,3,0,1,2,A,-,08,22107,NA,N,B,C,A,B,H,-,D,D,1,NA,NA,NA,NA,Y,NA,A,01,0,1,0,0,0,0,0,0,0,-,-,33.92421,-116.87531,RIVERSIDE,BANNING,-116.87501519,33.92416309
6919053,2015,2015-09-17,9840,2015-08-06,0015,17817,NA,4,3,9,3300,0,3,5,NA,2,004,MENIFEE RD,NUEVO RD,0,NA,Y,A,-,N,NA,NA,NA,NA,NA,NA,NA,NA,NA,Y,3,0,1,2,A,-,01,23152,A,N,E,I,A,A,H,-,C,D,0,NA,NA,NA,Y,Y,Y,A,01,0,1,0,0,0,0,0,0,0,-,-,NA,NA,RIVERSIDE,UNINCORPORATED,-117.15635002,33.80124008
6919289,2015,2015-10-08,3300,2015-09-02,1450,4050,001G1,3,5,6,3345,0,0,0,NA,0,014,MISSION BL,OPAL ST,105,E,N,A,-,N,NA,NA,NA,NA,NA,NA,NA,NA,NA,N,4,0,1,2,A,-,03,22350,NA,N,C,C,A,A,H,-,A,A,0,NA,NA,NA,NA,Y,NA,A,01,0,0,1,0,0,0,0,0,0,-,-,NA,NA,RIVERSIDE,JURUPA VALLEY,-117.42460357,34.00572227
6919826,2015,2015-06-16,9840,2015-05-06,1938,19242,NA,3,2,9,3300,0,3,5,NA,2,003,TEMESCAL CANYON RD,JOLORA AV,0,NA,Y,A,-,N,NA,NA,NA,NA,NA,NA,NA,NA,NA,Y,4,0,1,2,A,-,09,21802,A,N,D,C,A,A,H,-,D,D,0,NA,NA,NA,NA,Y,NA,A,01,0,0,1,0,0,0,0,0,0,-,-,33.83245,-117.51861,RIVERSIDE,UNINCORPORATED,-117.51899004,33.83299007
6921553,2015,2015-06-01,3300,2015-05-01,1155,4071,602B6,5,5,6,3394,0,0,0,NA,0,MV24,SUNNYMEAD BL,FREDERICK ST,0,NA,Y,A,-,N,NA,NA,NA,NA,NA,NA,NA,NA,NA,N,4,0,1,2,A,-,07,21658,A,N,B,G,A,A,H,-,A,A,0,NA,Y,NA,NA,Y,NA,L,04,0,0,1,0,0,0,1,0,0,-,-,NA,NA,RIVERSIDE,MORENO VALLEY,-117.26146009,33.93970011
6922294,2015,2017-01-28,9655,2015-05-02,1500,014583,NA,6,2,4,3301,0,1,1,NA,2,204,RT 10,22ND ST,2112,E,N,A,-,Y,RIV,8,10,-,R,12.38,H,-,W,Y,4,0,1,2,C,-,18,NA,NA,N,B,C,A,A,H,-,A,D,1,NA,NA,NA,NA,Y,NA,-,-,0,0,1,0,0,0,0,0,0,-,-,33.92436,-116.89319,RIVERSIDE,BANNING,-116.89374095,33.92437592
6922314,2015,2015-06-01,3313,2015-05-12,1348,1686,W,2,5,7,3313,0,0,0,NA,0,T58,COLLETT AV,TORREY PINES DR,6,E,N,A,-,N,NA,NA,NA,NA,NA,NA,NA,NA,NA,Y,4,0,1,2,A,-,03,22350,NA,N,C,C,A,A,H,-,A,D,0,NA,NA,NA,NA,Y,NA,A,07,0,0,1,0,0,0,0,0,0,-,-,NA,NA,RIVERSIDE,RIVERSIDE,-117.48089331,33.91295875
6922345,2015,2015-06-15,3313,2015-05-11,0951,1686,N,1,5,7,3313,0,0,0,NA,0,T58,SPRUCE ST,KANSAS AV,76,E,N,A,-,N,NA,NA,NA,NA,NA,NA,NA,NA,NA,Y,4,0,1,1,A,-,01,23152,C,N,E,I,A,A,H,-,A,D,0,NA,NA,NA,NA,Y,NA,A,01,0,0,1,0,0,0,0,0,0,-,-,NA,NA,RIVERSIDE,RIVERSIDE,-117.35696003,33.99024
6922947,2015,2015-05-21,3309,2015-03-16,0802,282,3309,1,5,4,3309,0,0,0,NA,0,005,AVE 42,JEFFERSON ST,883,E,N,A,-,N,NA,NA,NA,NA,NA,NA,NA,NA,NA,Y,3,0,1,1,A,-,01,23152,B,N,E,J,A,A,H,-,A,D,0,NA,NA,NA,NA,Y,Y,A,07,0,1,0,0,0,0,0,0,0,-,-,NA,NA,RIVERSIDE,INDIO,-116.26251335,33.73957031
6923222,2015,2015-10-03,3300,2015-08-07,1415,4071,602D4,5,5,6,3394,0,0,0,NA,0,MV26,PERRIS BL,ALESSANDRO BL,0,NA,Y,A,-,N,NA,NA,NA,NA,NA,NA,NA,NA,NA,N,4,0,1,2,A,-,04,21703,NA,M,C,C,A,A,H,-,A,A,0,NA,NA,NA,NA,Y,NA,A,01,0,0,1,0,0,0,0,0,0,-,-,NA,NA,RIVERSIDE,MORENO VALLEY,-117.22634,33.91736002
6926836,2015,2016-11-19,3300,2015-05-05,0912,5106,84D4,2,5,3,3305,0,0,0,NA,0,080,RT 86,AVE 50,0,NA,Y,A,-,Y,RIV,8,86,-,R,20.431,I,5,S,Y,2,0,2,2,A,-,12,21453,A,N,A,C,A,A,H,-,A,A,0,NA,NA,NA,Y,Y,NA,D,22,1,0,1,0,0,0,0,0,0,-,-,NA,NA,RIVERSIDE,COACHELLA,-116.1641299,33.68725217
6928002,2015,2016-12-07,9840,2015-05-18,0854,12608,NA,1,1,6,3315,0,1,3,NA,2,031,RT 91,MAIN ST,720,W,N,A,-,Y,RIV,8,91,-,-,6.387,R,3,E,N,4,0,1,2,A,-,08,22107,NA,N,B,C,A,A,D,-,A,D,1,NA,NA,NA,NA,Y,NA,A,07,0,0,1,0,0,0,0,0,0,TO,-,33.88022,-117.5683,RIVERSIDE,CORONA,-117.56520292,33.87991814
6928070,2015,2016-11-19,9840,2015-04-27,1505,16727,NA,1,2,6,3315,0,1,3,NA,2,030,RT 91,GREEN RIVER RD,400,E,N,A,-,Y,RIV,8,91,-,R,1.11,H,-,E,NA,4,0,1,4,A,-,03,22350,NA,N,C,C,A,A,D,-,A,D,1,NA,NA,NA,NA,Y,NA,D,22,0,0,1,0,0,0,0,0,0,-,-,33.87908,-117.6566,RIVERSIDE,CORONA,-117.65652164,33.87915177
6928503,2015,2015-06-12,3313,2015-05-14,2043,1222,W,4,5,7,3313,0,0,0,NA,0,T41,LA SIERRA AV,VISTA TERRACE,0,NA,Y,B,-,N,NA,NA,NA,NA,NA,NA,NA,NA,NA,N,2,0,1,2,A,-,09,21804,B,N,D,G,A,A,H,-,C,A,0,NA,Y,NA,NA,Y,NA,A,01,1,0,0,0,0,0,1,0,0,-,-,NA,NA,RIVERSIDE,RIVERSIDE,-117.46986013,33.89560002
6928820,2015,2015-06-11,3313,2015-05-12,1712,1082,C,2,5,7,3313,0,0,0,NA,0,M24,ARLINGTON AV,MORNINGSIDE AV,0,NA,Y,A,-,N,NA,NA,NA,NA,NA,NA,NA,NA,NA,N,3,0,1,2,A,-,11,21955,NA,N,-,B,E,A,H,-,A,D,0,Y,NA,NA,NA,Y,NA,N,60,0,1,0,0,1,0,0,0,0,-,-,NA,NA,RIVERSIDE,RIVERSIDE,-117.43361005,33.94595002
6929746,2015,2015-05-28,9630,2015-04-29,1250,018811,NA,3,1,9,3300,0,1,1,NA,2,021,MONTEREY AV,VARNER RD,200,S,N,A,-,N,NA,NA,10,NA,NA,NA,NA,NA,NA,N,3,0,1,1,A,-,03,22350,NA,N,F,A,A,A,H,-,A,D,0,NA,NA,Y,NA,Y,NA,C,02,0,1,0,0,0,0,0,0,1,-,-,33.8068,-116.38799,RIVERSIDE,UNINCORPORATED,-116.38810802,33.80648468
6932411,2015,2015-06-08,3313,2015-05-08,0828,1523,E,5,5,7,3313,0,0,0,NA,0,M22,ARLINGTON AV,MC MAHON ST,359,E,N,B,-,N,NA,NA,NA,NA,NA,NA,NA,NA,NA,Y,4,0,2,2,A,-,12,21453,A,N,D,C,A,B,H,-,A,A,0,NA,NA,NA,NA,Y,NA,A,01,0,0,2,0,0,0,0,0,0,-,-,NA,NA,RIVERSIDE,RIVERSIDE,-117.38228002,33.94638017
6932548,2015,2015-05-28,3300,2015-04-16,0549,4223,905L,4,5,4,3307,0,0,0,NA,0,093,GRAND AV,RIVERSIDE DR,800,N,N,A,-,N,NA,NA,NA,NA,NA,NA,NA,NA,NA,N,4,0,1,2,A,-,08,22107,NA,N,B,C,A,A,H,-,B,D,0,NA,NA,NA,NA,Y,NA,A,01,0,0,1,0,0,0,0,0,0,-,-,NA,NA,RIVERSIDE,LAKE ELSINORE,-117.38419,33.6641
6934356,2015,2015-06-11,3309,2015-05-15,1103,443,3309,5,5,4,3309,0,0,0,NA,0,004,MADISON ST,AVE 46,0,NA,Y,C,-,N,NA,NA,NA,NA,NA,NA,NA,NA,NA,Y,4,0,3,2,A,-,09,21801,A,N,D,C,A,B,H,-,A,A,0,NA,NA,NA,NA,Y,NA,A,08,0,0,3,0,0,0,0,0,0,-,-,NA,NA,RIVERSIDE,INDIO,-116.25145001,33.71469005
6935605,2015,2016-11-22,9660,2015-05-09,0605,020615,NA,6,1,3,3303,0,1,1,NA,2,032,RT 10,INTAKE BL,3696,E,N,A,-,Y,RIV,8,10,-,R,154.94,H,-,W,Y,4,0,1,1,A,-,08,22107,NA,N,F,J,A,A,H,-,B,D,1,NA,NA,NA,NA,Y,NA,D,22,0,0,1,0,0,0,0,0,0,-,-,33.60785,-114.5571,RIVERSIDE,BLYTHE,-114.55739037,33.60779011
6937290,2015,2016-12-08,9685,2015-05-22,2340,13148,NA,5,3,5,3335,0,1,1,NA,2,030,RT 15,RANCHO CALIFORNIA RD,30,N,N,B,-,Y,RIV,8,15,-,-,4.99,H,-,S,N,4,0,2,2,A,-,07,21658,A,N,B,C,A,A,H,-,C,D,1,NA,NA,NA,Y,Y,NA,G,25,0,0,2,0,0,0,0,0,0,-,-,33.50605,-117.15416,RIVERSIDE,TEMECULA,-117.1516134,33.50088706
6937936,2014,2015-09-15,3300,2014-03-11,1804,4326,901,2,5,4,3310,0,0,0,NA,0,051,4TH ST,VALLEY VIEW AV,358,E,N,A,-,N,NA,NA,NA,NA,NA,NA,NA,NA,NA,N,3,0,1,2,A,-,11,21956,A,N,G,B,E,A,H,-,A,D,0,Y,NA,NA,NA,Y,NA,N,60,0,1,0,0,1,0,0,0,0,-,-,NA,NA,RIVERSIDE,NORCO,-117.54865314,33.92426273
6938714,2015,2015-06-04,3300,2015-05-08,1555,N2988,602D3,5,5,6,3394,0,0,0,NA,0,026,INDIAN ST,ALESSANDRO BL,484,N,N,A,-,N,NA,NA,NA,NA,NA,NA,NA,NA,NA,Y,4,0,2,2,A,-,09,21804,A,N,D,C,A,A,H,-,A,D,0,NA,NA,Y,NA,Y,NA,C,06,0,0,2,0,0,0,0,0,0,-,-,NA,NA,RIVERSIDE,MORENO VALLEY,-117.23499942,33.91868577
6940022,2015,2016-12-02,9840,2015-05-17,1256,020220,NA,7,1,6,3315,0,1,3,NA,2,030,RT 91 WB,GREEN RIVER RD,6600,W,N,A,-,Y,RIV,8,91,-,R,18.67,H,-,W,N,4,0,1,2,A,-,03,22350,NA,N,C,C,A,A,H,-,A,D,1,NA,NA,Y,NA,Y,NA,C,02,0,0,1,0,0,0,0,0,1,-,-,34.52125,-117.48141,RIVERSIDE,CORONA,-117.38350849,33.95400572
6940025,2015,2016-12-17,9840,2015-05-19,1640,14571,NA,2,2,7,3313,0,1,3,NA,2,021,RT 91 EB,MISSION INN AV,1332,E,N,A,-,Y,RIV,8,91,-,-,20.3,H,-,E,N,3,0,1,1,A,-,03,22350,NA,N,F,A,A,A,H,-,A,D,1,NA,NA,Y,NA,Y,NA,C,02,0,1,0,0,0,0,0,0,1,-,-,33.98457,-117.36556,RIVERSIDE,RIVERSIDE,-117.37139735,33.97783534
6942561,2015,2015-06-24,3300,2015-05-04,0849,3717,002V,1,5,6,3345,0,0,0,NA,0,026,ETIWANDA AV,58TH ST,336,N,N,A,-,N,NA,NA,NA,NA,NA,NA,NA,NA,NA,Y,3,0,1,2,A,-,03,22350,NA,N,C,C,A,A,H,-,A,A,0,NA,NA,NA,NA,Y,NA,-,NA,0,1,0,0,0,0,0,0,0,-,-,NA,NA,RIVERSIDE,JURUPA VALLEY,-117.52341054,33.98364074
6943116,2015,2016-11-28,9840,2015-05-01,1700,17459,NA,5,2,6,3315,0,1,3,NA,2,030,RT 91,GREEN RIVER RD,2500,E,N,A,-,Y,RIV,8,91,-,R,1.51,H,-,E,Y,3,0,1,3,A,-,07,21658,A,N,B,C,A,A,D,-,A,D,1,NA,NA,Y,NA,Y,NA,A,01,0,1,0,0,0,0,0,0,1,-,-,33.21692,-117.70432,RIVERSIDE,CORONA,-117.65015102,33.8811114
6943188,2015,2016-12-05,9840,2015-05-23,1240,19527,NA,6,1,7,3313,0,1,1,NA,2,022,RT 215,CENTRAL ST,1200,S,N,A,-,Y,RIV,8,215,-,-,44.78,H,-,S,Y,4,0,1,2,A,-,03,22350,NA,N,C,C,A,A,D,-,A,D,1,NA,NA,NA,NA,Y,NA,A,01,0,0,1,0,0,0,0,0,0,-,-,34.01044,-117.34615,RIVERSIDE,RIVERSIDE,-117.34460877,34.01255094
6943210,2015,2015-06-19,9840,2015-05-20,1630,013950,NA,3,2,9,3300,0,3,5,NA,2,003,PASEO GRANDE,VIA DEL RIO,283,N,N,A,-,N,NA,NA,NA,NA,NA,NA,NA,NA,NA,Y,3,0,1,2,C,-,18,NA,NA,N,B,E,A,A,H,-,A,D,0,NA,NA,NA,NA,Y,NA,-,-,0,1,0,0,0,0,0,0,0,-,-,NA,NA,RIVERSIDE,UNINCORPORATED,-117.60377169,33.87487658
6943274,2015,2016-11-28,9840,2015-05-21,0935,017169,NA,4,1,6,3315,0,1,3,NA,2,031,RT 91,GRAND AV,50,W,N,A,B,Y,RIV,8,91,-,-,6.01,H,-,E,Y,4,0,2,2,A,-,03,22350,NA,N,C,C,A,A,D,H,A,D,1,NA,NA,NA,NA,Y,NA,A,01,0,0,2,0,0,0,0,0,0,-,-,33.88096,-117.57568,RIVERSIDE,CORONA,-117.57174895,33.88063019
6943657,2015,2015-06-29,3313,2015-05-18,1530,1813,NORTH,1,5,7,3313,0,0,0,NA,0,C110,BROCKTON AV,9TH ST,0,NA,Y,A,-,N,NA,NA,NA,NA,NA,NA,NA,NA,NA,Y,4,0,3,3,A,-,03,22350,NA,N,C,C,A,A,H,-,A,A,0,NA,NA,NA,NA,Y,NA,-,NA,0,0,3,0,0,0,0,0,0,-,-,NA,NA,RIVERSIDE,RIVERSIDE,-117.37984,33.98310006
6943794,2015,2015-06-26,3300,2015-05-24,2140,N2646,602E2,7,5,6,3394,0,0,0,NA,0,028,KITCHING ST,EUCALYPTUS AV,0,NA,Y,A,-,N,NA,NA,NA,NA,NA,NA,NA,NA,NA,N,4,0,1,2,A,-,12,22450,A,F,D,C,A,A,H,-,C,A,0,NA,NA,NA,NA,Y,NA,A,01,0,0,1,0,0,0,0,0,0,-,-,NA,NA,RIVERSIDE,MORENO VALLEY,-117.2176601,33.93182007
6946352,2015,2015-07-11,3313,2015-06-02,1759,1384,N,2,5,7,3313,0,0,0,NA,0,M17,ARLINGTON AV,BROCKTON AV,130,W,N,A,-,N,NA,NA,NA,NA,NA,NA,NA,NA,NA,N,4,0,2,2,A,-,03,22350,NA,N,C,C,A,A,H,-,A,A,0,NA,NA,NA,NA,Y,NA,A,07,0,0,2,0,0,0,0,0,0,-,-,NA,NA,RIVERSIDE,RIVERSIDE,-117.39718739,33.94625
6946419,2015,2015-07-16,3313,2015-06-08,1605,1384,N,1,5,7,3313,0,0,0,NA,0,M17,LIME ST,3RD ST,3,S,N,A,-,N,NA,NA,NA,NA,NA,NA,NA,NA,NA,N,3,0,1,2,A,-,05,21650,1,N,H,G,A,A,H,-,A,A,0,NA,Y,NA,NA,Y,NA,L,04,0,1,0,0,0,0,1,0,0,-,-,NA,NA,RIVERSIDE,RIVERSIDE,-117.36789,33.98525
6947393,2015,2015-06-25,3300,2015-05-10,1025,4569,905L,7,5,4,3307,0,0,0,NA,0,093,GRAND AV,JAMIESON ST,0,NA,Y,A,-,N,NA,NA,NA,NA,NA,NA,NA,NA,NA,Y,4,0,2,2,A,-,09,21801,A,N,B,C,A,A,H,-,A,A,0,NA,NA,NA,NA,Y,NA,A,01,0,0,2,0,0,0,0,0,0,-,-,NA,NA,RIVERSIDE,LAKE ELSINORE,-117.38254007,33.66246008
6947421,2015,2016-12-07,9655,2015-05-31,1040,15795,NA,7,1,9,3300,0,1,3,NA,1,312,RT 74,TRUELSON AV,110,E,N,A,-,Y,RIV,8,74,-,-,34.57,H,-,W,Y,3,0,4,2,A,-,09,21801,A,N,D,C,A,A,H,-,A,D,0,NA,NA,NA,NA,Y,NA,A,01,0,2,2,0,0,0,0,0,0,-,-,33.73938,-117.07252,RIVERSIDE,UNINCORPORATED,-117.07233279,33.7393471
6947547,2015,2015-06-19,3300,2015-05-12,1204,N3558,916D,2,5,4,3312,0,0,0,NA,0,393,SAN JACINTO AV,D ST,0,NA,Y,A,-,N,NA,NA,NA,NA,NA,NA,NA,NA,NA,Y,4,0,1,2,A,-,09,21802,A,N,D,C,A,A,D,-,A,A,0,NA,NA,NA,NA,Y,NA,A,01,0,0,1,0,0,0,0,0,0,-,-,NA,NA,RIVERSIDE,PERRIS,-117.22821001,33.78656002
6947845,2015,2015-06-25,3300,2015-05-18,1443,5102,910E,1,5,5,3335,0,0,0,NA,0,061,JEFFERSON AV,SANBORN AV,0,NA,Y,A,-,N,NA,NA,NA,NA,NA,NA,NA,NA,NA,N,3,0,1,2,D,-,00,NA,NA,N,D,C,A,A,H,-,A,A,0,NA,NA,Y,NA,Y,NA,-,-,0,1,0,0,0,0,0,0,1,-,-,NA,NA,RIVERSIDE,TEMECULA,-117.16827009,33.52411005
6948134,2015,2015-06-17,3313,2015-05-17,1013,1789,C,7,5,7,3313,0,0,0,NA,0,B339,GARFIELD ST,VAN BUREN,0,NA,Y,A,-,N,NA,NA,NA,NA,NA,NA,NA,NA,NA,N,4,0,1,3,A,-,12,21453,A,N,D,C,A,A,H,-,A,A,0,NA,NA,NA,NA,Y,NA,A,01,0,0,1,0,0,0,0,0,0,-,-,NA,NA,RIVERSIDE,RIVERSIDE,-117.44916005,33.92350001
6951560,2015,2015-06-30,3300,2015-03-17,1921,3690,805B,2,5,3,3343,0,0,0,NA,0,085,GRAND AV,TRANQUIL LN,0,NA,Y,A,-,N,NA,NA,NA,NA,NA,NA,NA,NA,NA,N,4,0,1,2,A,-,11,21954,A,N,-,B,D,A,-,-,D,D,0,Y,NA,NA,NA,Y,NA,N,60,0,0,1,0,1,0,0,0,0,-,-,NA,NA,RIVERSIDE,WILDOMAR,-117.30047002,33.61162005
6951780,2015,2015-07-10,9685,2015-06-08,1600,13925,NA,1,2,9,3300,0,3,5,NA,2,003,RANCHO CALIFORNIA RD,AVENIDA DEL ORO,2500,N,N,A,-,N,NA,NA,NA,NA,NA,NA,NA,NA,NA,Y,3,0,1,1,A,-,08,22107,NA,N,E,I,A,A,D,-,A,D,0,NA,NA,NA,NA,Y,NA,D,22,0,1,0,0,0,0,0,0,0,-,-,NA,NA,RIVERSIDE,UNINCORPORATED,-117.18863187,33.50375345
6954693,2015,2015-07-03,3300,2015-03-12,1500,3574,012E,4,5,4,3344,0,0,0,NA,0,064,FAIRCHILD DR,ARCHIBALD AV,0,NA,Y,A,-,N,NA,NA,NA,NA,NA,NA,NA,NA,NA,N,3,0,1,2,A,-,05,21650,1,N,D,G,A,A,H,-,A,D,0,NA,Y,NA,NA,Y,NA,L,04,0,1,0,0,0,0,1,0,0,-,-,NA,NA,RIVERSIDE,EASTVALE,-117.59318013,33.9505801
6956900,2015,2015-06-24,3308,2015-05-01,1856,10530,600,5,5,5,3308,0,0,0,NA,0,NORTH,MOUNTAIN AV,SOBOBA ST,13,E,N,B,-,N,NA,NA,NA,NA,NA,NA,NA,NA,NA,Y,4,0,1,2,A,-,03,22350,NA,F,C,C,A,A,H,-,A,A,0,NA,NA,NA,NA,Y,NA,D,22,0,0,1,0,0,0,0,0,0,-,-,NA,NA,RIVERSIDE,HEMET,-116.91919129,33.76247511
6960703,2015,2015-07-01,3313,2015-06-09,0946,1523,C,2,5,7,3313,0,0,0,NA,0,M22,INDIANA AV,VAN BUREN BL,4,E,N,A,-,N,NA,NA,NA,NA,NA,NA,NA,NA,NA,N,4,0,1,2,A,-,03,22350,NA,N,C,C,A,A,H,-,A,A,0,NA,NA,NA,NA,Y,NA,D,22,0,0,1,0,0,0,0,0,0,-,-,NA,NA,RIVERSIDE,RIVERSIDE,-117.44148973,33.91406684
6961299,2015,2015-06-24,3300,2015-05-19,1836,3873,910L,2,5,5,3335,0,0,0,NA,0,064,PAUBA RD,VIA RAMI,35,E,N,A,-,N,NA,NA,NA,NA,NA,NA,NA,NA,NA,N,4,0,1,3,A,-,21,22106,NA,N,C,C,A,A,H,-,A,A,0,NA,NA,NA,NA,Y,NA,A,01,0,0,1,0,0,0,0,0,0,-,-,NA,NA,RIVERSIDE,TEMECULA,-117.10680368,33.50123544