CASE_ID,ACCIDENT_YEAR,PROC_DATE,JURIS,COLLISION_DATE,COLLISION_TIME,OFFICER_ID,REPORTING_DISTRICT,DAY_OF_WEEK,CHP_SHIFT,POPULATION,CNTY_CITY_LOC,SPECIAL_COND,BEAT_TYPE,CHP_BEAT_TYPE,CITY_DIVISION_LAPD,CHP_BEAT_CLASS,BEAT_NUMBER,PRIMARY_RD,SECONDARY_RD,DISTANCE,DIRECTION,INTERSECTION,WEATHER_1,WEATHER_2,STATE_HWY_IND,CALTRANS_COUNTY,CALTRANS_DISTRICT,STATE_ROUTE,ROUTE_SUFFIX,POSTMILE_PREFIX,POSTMILE,LOCATION_TYPE,RAMP_INTERSECTION,SIDE_OF_HWY,TOW_AWAY,COLLISION_SEVERITY,NUMBER_KILLED,NUMBER_INJURED,PARTY_COUNT,PRIMARY_COLL_FACTOR,PCF_CODE_OF_VIOL,PCF_VIOL_CATEGORY,PCF_VIOLATION,PCF_VIOL_SUBSECTION,HIT_AND_RUN,TYPE_OF_COLLISION,MVIW,PED_ACTION,ROAD_SURFACE,ROAD_COND_1,ROAD_COND_2,LIGHTING,CONTROL_DEVICE,CHP_ROAD_TYPE,PEDESTRIAN_ACCIDENT,BICYCLE_ACCIDENT,MOTORCYCLE_ACCIDENT,TRUCK_ACCIDENT,NOT_PRIVATE_PROPERTY,ALCOHOL_INVOLVED,STWD_VEHTYPE_AT_FAULT,CHP_VEHTYPE_AT_FAULT,COUNT_SEVERE_INJ,COUNT_VISIBLE_INJ,COUNT_COMPLAINT_PAIN,COUNT_PED_KILLED,COUNT_PED_INJURED,COUNT_BICYCLIST_KILLED,COUNT_BICYCLIST_INJURED,COUNT_MC_KILLED,COUNT_MC_INJURED,PRIMARY_RAMP,SECONDARY_RAMP,LATITUDE,LONGITUDE,COUNTY,CITY,POINT_X,POINT_Y
7005420,2015,2017-01-14,9840,2015-07-11,1850,19874,NA,6,2,7,3313,0,1,3,NA,2,021,RT 91,ARLINGTON AV,855,N,N,A,-,Y,RIV,8,91,-,-,17.637,R,2,E,Y,2,0,1,1,A,-,08,22107,NA,N,F,A,A,A,H,-,A,A,1,NA,NA,Y,NA,Y,NA,C,02,1,0,0,0,0,0,0,0,1,TO,-,33.94419,-117.39045,RIVERSIDE,RIVERSIDE,-117.39127851,33.94441305
7006366,2015,2017-04-03,9840,2015-01-18,0413,20124,NA,7,3,6,3315,0,1,3,NA,2,030,RT 91,GREEN RIVER RD,52,E,N,A,-,Y,RIV,8,91,-,R,1.04,H,-,E,Y,1,1,3,2,A,-,01,23152,A,N,C,C,A,A,H,-,C,D,1,NA,NA,NA,NA,Y,Y,A,07,1,0,2,0,0,0,0,0,0,-,-,33.87857,-117.65717,RIVERSIDE,CORONA,-117.65750939,33.87856289
7006488,2015,2015-12-28,9685,2015-06-14,0542,17013,NA,7,3,3,3343,0,1,1,NA,2,010,RT 15,BAXTER RD,642,N,N,A,-,Y,RIV,8,15,-,-,15.23,R,2,N,Y,1,1,0,1,A,-,01,23152,A,N,F,A,A,A,H,-,B,D,1,NA,NA,NA,NA,Y,NA,D,22,0,0,0,0,0,0,0,0,0,NO,-,33.61408,-117.26136,RIVERSIDE,WILDOMAR,-117.26142237,33.6141478
7009633,2015,2015-08-29,9655,2015-07-24,0605,21008,NA,5,1,9,3300,0,3,5,NA,2,003,DOMENIGONI PKWY,LEON RD,4224,E,N,A,-,N,NA,NA,NA,NA,NA,NA,NA,NA,NA,Y,4,0,2,1,A,-,08,22107,NA,N,E,I,A,A,H,-,A,D,0,NA,NA,NA,NA,Y,NA,A,01,0,0,2,0,0,0,0,0,0,-,-,33.69235,-117.10529,RIVERSIDE,UNINCORPORATED,-117.10575081,33.69255137
7010308,2015,2015-08-27,3300,2015-07-22,1315,N2988,602C1,3,5,6,3394,0,0,0,NA,0,024,HEACOCK ST,COTTONWOOD AV,30,N,N,A,-,N,NA,NA,NA,NA,NA,NA,NA,NA,NA,Y,4,0,2,2,A,-,12,21453,A,N,D,C,A,A,H,-,A,D,0,NA,NA,NA,NA,Y,NA,-,-,0,0,2,0,0,0,0,0,0,-,-,NA,NA,RIVERSIDE,MORENO VALLEY,-117.24376,33.92463218
7010602,2015,2015-09-21,9840,2015-07-16,1724,17903,NA,4,2,9,3300,0,2,4,NA,2,045,CAJALCO RD,LAKE MATHEWS DR,1,W,N,A,-,N,NA,NA,NA,NA,NA,NA,NA,NA,NA,Y,4,0,2,1,A,-,08,22107,NA,N,F,A,A,A,H,-,A,A,0,NA,NA,Y,NA,Y,NA,C,02,0,0,2,0,0,0,0,0,2,-,-,33.81778,-117.42866,RIVERSIDE,UNINCORPORATED,-117.41506297,33.82517883
7010605,2015,2015-09-21,9840,2015-07-21,1550,12191,NA,2,2,9,3300,0,3,5,NA,2,004,MOORE ST,BROWN ST,36,W,N,A,-,N,NA,NA,NA,NA,NA,NA,NA,NA,NA,Y,4,0,1,2,A,-,09,21801,A,N,E,I,A,A,H,-,A,D,0,NA,NA,NA,NA,Y,NA,A,01,0,0,1,0,0,0,0,0,0,-,-,NA,NA,RIVERSIDE,UNINCORPORATED,-117.29648817,33.8395481
7010832,2015,2015-08-05,3300,2015-06-19,1556,4675,800A,5,5,3,3343,0,0,0,NA,0,080,LOST RD,CRAB HOLLOW CIR,2112,E,N,A,-,N,NA,NA,NA,NA,NA,NA,NA,NA,NA,Y,3,0,1,1,A,-,03,22350,NA,N,F,A,A,A,G,-,A,A,0,NA,NA,NA,NA,Y,NA,A,07,0,1,0,0,0,0,0,0,0,-,-,NA,NA,RIVERSIDE,WILDOMAR,-117.26164822,33.64485179
7010901,2015,2016-12-09,9840,2015-06-30,1855,15744,NA,2,2,6,3345,0,1,3,NA,2,010,RT 60,PYRITE ST,1000,E,N,A,-,Y,RIV,8,60,-,R,5.8,H,-,E,Y,3,0,2,1,A,-,03,22350,NA,N,E,I,A,A,H,-,A,D,1,NA,NA,NA,NA,Y,NA,A,01,0,1,1,0,0,0,0,0,0,-,-,34.01517,-117.45632,RIVERSIDE,JURUPA VALLEY,-117.45893362,34.01555234
7011031,2015,2016-07-25,3313,2015-07-24,1917,1779,E,5,5,7,3313,0,0,0,NA,0,T49,MARTIN LUTHER KING BL,CANYON CREST DR,0,NA,Y,A,-,N,NA,NA,NA,NA,NA,NA,NA,NA,NA,Y,4,0,1,2,A,-,12,21453,A,N,D,C,A,-,H,-,A,A,0,NA,NA,NA,NA,Y,NA,A,01,0,0,1,0,0,0,0,0,0,-,-,NA,NA,RIVERSIDE,RIVERSIDE,-117.33114003,33.96818008
7012084,2015,2015-08-07,3313,2015-07-27,1343,1686,C,1,5,7,3313,0,0,0,NA,0,T58,MADISON ST,INDIANA AV,28,S,N,A,-,N,NA,NA,NA,NA,NA,NA,NA,NA,NA,N,3,0,2,2,A,-,03,22350,NA,N,C,C,A,A,H,-,A,D,0,NA,NA,Y,NA,Y,NA,C,02,0,2,0,0,0,0,0,0,2,-,-,NA,NA,RIVERSIDE,RIVERSIDE,-117.40431533,33.93513828
7012269,2015,2017-01-25,9840,2015-07-17,1700,12903,NA,5,2,7,3313,0,1,1,NA,2,040,RT 215,ALLESANDRO BL,50,S,N,A,-,Y,RIV,8,215,-,R,36.474,R,2,S,N,3,0,1,1,A,-,08,22107,NA,N,F,A,A,A,H,-,A,D,1,NA,NA,Y,NA,Y,NA,C,02,0,1,0,0,0,0,0,0,1,FR,-,33.9163,-117.24882,RIVERSIDE,RIVERSIDE,-117.28795763,33.91752379
7012721,2015,2015-08-12,3300,2015-07-24,1500,4939,910B,5,5,5,3335,0,0,0,NA,0,061,MARGARITA RD,VERDES LN,0,NA,Y,A,-,N,NA,NA,NA,NA,NA,NA,NA,NA,NA,Y,4,0,2,2,A,-,12,21453,A,N,D,C,A,A,H,-,A,A,0,NA,NA,NA,NA,Y,NA,A,01,0,0,2,0,0,0,0,0,0,-,-,NA,NA,RIVERSIDE,TEMECULA,-117.149161,33.527824
7013957,2015,2016-12-07,3300,2015-05-29,1306,3212,905A,5,5,4,3307,0,0,0,NA,0,095,RT 74,RIVERSIDE ST,0,NA,Y,A,-,Y,RIV,8,74,-,-,19.307,I,5,E,Y,4,0,2,2,A,-,12,21453,A,N,A,C,A,-,H,-,A,A,0,NA,NA,NA,NA,Y,NA,A,01,0,0,2,0,0,0,0,0,0,-,-,NA,NA,RIVERSIDE,LAKE ELSINORE,-117.31243759,33.71103098
7014050,2015,2015-11-12,3300,2015-06-15,0150,2664,916D,1,5,4,3312,0,0,0,NA,0,035,GOETZ RD,MAPES RD,896,S,N,A,-,N,NA,NA,NA,NA,NA,NA,NA,NA,NA,Y,2,0,1,1,A,-,03,22350,NA,N,E,I,A,A,H,-,D,D,0,NA,NA,NA,NA,Y,NA,A,01,1,0,0,0,0,0,0,0,0,-,-,NA,NA,RIVERSIDE,PERRIS,-117.22363019,33.75505557
7014460,2015,2015-08-26,3300,2015-07-22,1313,N1051,34H5,3,5,4,3318,0,0,0,NA,0,J304,FRED WARING DR,WASHINGTON ST,270,W,N,A,-,N,NA,NA,NA,NA,NA,NA,NA,NA,NA,N,3,0,1,2,A,-,05,21202,A,N,D,G,A,A,H,-,A,D,0,NA,Y,NA,NA,Y,NA,L,04,0,1,0,0,0,0,1,0,0,-,-,NA,NA,RIVERSIDE,PALM DESERT,-116.30486414,33.72899
7014588,2015,2017-01-14,9660,2015-07-30,1821,020863,NA,4,2,9,3300,0,1,1,NA,2,030,RT 10,CORN SPRINGS RD,1584,E,N,C,-,Y,RIV,8,10,-,R,114.71,H,-,E,Y,2,0,2,1,A,-,08,22107,NA,N,F,A,A,B,F,-,B,D,1,NA,NA,NA,NA,Y,NA,D,22,1,1,0,0,0,0,0,0,0,-,-,33.68067,-115.23725,RIVERSIDE,UNINCORPORATED,-115.23855404,33.68073444
7014762,2015,2015-08-19,3300,2015-07-28,0851,N6000,916A,2,5,4,3312,0,0,0,NA,0,031,RIDER ST,AVALON PKWY,0,NA,Y,A,-,N,NA,NA,NA,NA,NA,NA,NA,NA,NA,Y,3,0,1,2,A,-,12,22450,A,N,A,I,A,A,H,-,A,A,0,NA,NA,NA,Y,Y,NA,F,55,0,1,0,0,0,0,0,0,0,-,-,NA,NA,RIVERSIDE,PERRIS,-117.18690011,33.83028001
7020279,2015,2015-08-31,3300,2015-07-27,1516,4996,NA,1,5,6,3394,0,0,0,NA,0,NA,PERRIS,GENTIAN AV,115,N,N,A,-,N,NA,NA,NA,NA,NA,NA,NA,NA,NA,N,4,0,3,3,A,-,03,22350,NA,N,C,C,A,A,H,-,A,A,0,NA,NA,NA,NA,Y,NA,A,01,0,0,3,0,0,0,0,0,0,-,-,NA,NA,RIVERSIDE,MORENO VALLEY,-117.22625618,33.89586499
7021645,2015,2017-01-19,9685,2015-07-29,1440,12752,NA,3,2,4,3342,0,1,1,NA,2,030,RT 15,MURRIETA HOT SPRINGS RD,335,N,N,A,-,Y,RIV,8,15,-,-,9.735,R,1,S,Y,4,0,3,4,A,-,03,22350,NA,N,C,C,A,A,H,-,A,A,1,NA,NA,NA,NA,Y,NA,A,01,0,0,3,0,0,0,0,0,0,TO,-,NA,NA,RIVERSIDE,MURRIETA,-117.1960787,33.5569758
7021649,2015,2017-01-17,9685,2015-07-31,1220,012775,NA,5,1,9,3300,0,1,3,NA,2,011,RT 74,S MAIN DIVIDE RD,14256,E,N,A,-,Y,RIV,8,74,-,-,7.12,H,-,W,Y,3,0,1,1,A,-,03,22350,NA,N,F,A,A,A,H,-,A,D,0,NA,NA,Y,NA,Y,NA,C,02,0,1,0,0,0,0,0,0,1,-,-,33.65471,-117.40267,RIVERSIDE,UNINCORPORATED,-117.40250036,33.65480922
7022058,2015,2017-01-10,9840,2015-07-17,0010,19017,NA,5,3,6,3315,0,1,3,NA,2,031,RT 91,RT 15,50,E,N,A,-,Y,RIV,8,15,-,-,41.054,R,2,S,Y,4,0,1,1,A,-,01,23152,A,N,E,I,A,A,H,-,C,D,1,NA,NA,NA,NA,Y,Y,A,01,0,0,1,0,0,0,0,0,0,-,-,33.88237,-117.54682,RIVERSIDE,CORONA,-117.54576732,33.87563393
7022995,2015,2015-08-25,9655,2015-07-05,1610,021008,NA,7,2,9,3300,0,3,5,NA,2,003,STANFORD ST,ACACIA AV,0,NA,Y,A,-,N,NA,NA,NA,NA,NA,NA,NA,NA,NA,Y,3,0,2,2,A,-,03,22350,NA,N,D,C,A,A,H,-,A,A,0,NA,NA,NA,NA,Y,NA,A,07,0,1,1,0,0,0,0,0,0,-,-,33.74419,-116.93277,RIVERSIDE,UNINCORPORATED,-116.93254012,33.74407011
7023327,2015,2015-08-15,3300,2015-06-24,0743,3365,020A5,3,5,4,3344,0,0,0,NA,0,065,SCHOLAR WY,ORANGE ST,0,NA,Y,A,-,N,NA,NA,NA,NA,NA,NA,NA,NA,NA,N,4,0,1,2,A,-,10,21950,A,N,A,G,A,A,H,-,A,A,0,NA,Y,NA,NA,Y,NA,A,01,0,0,1,0,0,0,1,0,0,-,-,NA,NA,RIVERSIDE,EASTVALE,-117.56708003,33.95901001
7024333,2015,2015-08-20,3311,2015-08-05,0034,15824,3311,3,5,4,3311,0,0,0,NA,0,002,AVENIDA CABALLEROS,COTTONWOOD RD,73,N,N,A,-,N,NA,NA,NA,NA,NA,NA,NA,NA,NA,Y,3,0,1,4,A,-,01,23152,A,N,B,E,A,A,H,-,C,D,0,NA,NA,NA,NA,Y,Y,A,01,0,1,0,0,0,0,0,0,0,-,-,NA,NA,RIVERSIDE,PALM SPRINGS,-116.53688266,33.84430978
7024943,2015,2015-09-16,3313,2015-07-05,1036,1547,W,7,5,7,3313,0,0,0,NA,0,B431,TYLER ST,CALIFORNIA AV,0,NA,Y,A,-,N,NA,NA,NA,NA,NA,NA,NA,NA,NA,Y,4,0,1,2,A,-,12,21453,NA,N,D,C,A,A,H,-,A,A,0,NA,NA,NA,NA,Y,NA,A,01,0,0,1,0,0,0,0,0,0,-,-,NA,NA,RIVERSIDE,RIVERSIDE,-117.46843002,33.92049004
7027841,2015,2017-01-14,9660,2015-08-06,1535,020724,NA,4,2,9,3300,0,1,1,NA,2,030,RT 10,FORD DRY LAKE RD,3696,W,N,C,-,Y,RIV,8,10,-,R,129.24,H,-,W,Y,3,0,1,1,C,-,18,NA,NA,N,F,A,A,A,B,-,C,D,1,NA,NA,NA,Y,Y,NA,-,-,0,1,0,0,0,0,0,0,0,-,-,33.61045,-114.99947,RIVERSIDE,UNINCORPORATED,-115.00129791,33.61094757
7029700,2015,2015-08-29,3313,2015-07-31,2102,1738,N,5,5,7,3313,0,0,0,NA,0,C110,PALM AV,TEQUESQUITE AV,0,NA,Y,A,-,N,NA,NA,NA,NA,NA,NA,NA,NA,NA,N,4,0,1,2,A,-,12,22450,A,N,D,C,A,A,H,-,B,A,0,NA,NA,NA,NA,Y,NA,A,01,0,0,1,0,0,0,0,0,0,-,-,NA,NA,RIVERSIDE,RIVERSIDE,-117.39024013,33.9774901
7032023,2015,2015-09-16,9685,2015-08-26,0745,16347,NA,3,1,9,3300,0,3,5,NA,2,002,HOLLAND RD,BRIGGS RD,0,NA,Y,A,-,N,NA,NA,NA,NA,NA,NA,NA,NA,NA,Y,4,0,1,2,A,-,09,21802,A,N,D,C,A,A,H,-,A,A,0,NA,NA,NA,NA,Y,NA,A,01,0,0,1,0,0,0,0,0,0,-,-,33.67049,-117.13661,RIVERSIDE,UNINCORPORATED,-117.13665001,33.67047004
7032559,2015,2015-08-19,3300,2015-06-18,1715,4904,002M,4,5,6,3345,0,0,0,NA,0,026,LIMONITE AV,DODD ST,100,E,N,A,-,N,NA,NA,NA,NA,NA,NA,NA,NA,NA,Y,4,0,1,3,A,-,03,22350,NA,N,C,C,A,A,H,-,A,A,0,NA,NA,NA,NA,Y,NA,A,01,0,0,1,0,0,0,0,0,0,-,-,NA,NA,RIVERSIDE,JURUPA VALLEY,-117.50878108,33.97535
7033070,2015,2017-01-14,9840,2015-08-05,0755,018383,NA,3,1,9,3300,0,1,3,NA,2,030,RT 91,GREEN RIVER RD,988,W,N,A,-,Y,RIV,8,91,-,R,0.84,H,-,W,Y,3,0,2,3,A,-,03,22350,NA,F,C,C,A,A,H,-,C,D,1,NA,NA,NA,NA,Y,NA,A,01,0,1,1,0,0,0,0,0,0,-,-,33.87469,-117.66251,RIVERSIDE,UNINCORPORATED,-117.66029843,33.87664438
7037201,2015,2017-01-11,9630,2015-07-25,1155,13022,NA,6,1,9,3300,0,1,1,NA,2,302,RT 10,BOX CANYON RD,528,E,N,A,-,Y,RIV,8,10,-,R,81.65,H,-,E,Y,3,0,1,1,A,-,08,22107,NA,N,E,I,A,A,H,-,A,D,1,NA,NA,NA,NA,Y,NA,A,01,0,1,0,0,0,0,0,0,0,-,-,33.65986,-115.80052,RIVERSIDE,UNINCORPORATED,-115.80041687,33.660007040000004
7037210,2015,2017-01-14,9630,2015-07-29,0126,15876,NA,3,3,9,3300,0,1,1,NA,2,021,RT 10,COOK ST,3696,W,N,A,-,Y,RIV,8,10,-,-,46.19,H,-,E,Y,4,0,2,2,A,-,03,22350,NA,N,C,C,A,A,H,-,D,D,1,NA,NA,NA,NA,Y,NA,A,01,0,0,2,0,0,0,0,0,0,-,-,33.79219,-116.36541,RIVERSIDE,UNINCORPORATED,-116.36419385,33.7915296
7038931,2015,2017-01-14,9840,2015-08-15,1450,18611,NA,6,2,6,3315,0,1,3,NA,2,030,RT 91,GREEN RIVER RD,1200,E,N,A,-,Y,RIV,8,91,-,R,1.26,H,-,E,Y,4,0,1,2,A,-,03,22350,NA,N,C,C,A,A,D,-,A,D,1,NA,NA,NA,NA,Y,NA,A,08,0,0,1,0,0,0,0,0,0,-,-,33.88096,-117.65,RIVERSIDE,CORONA,-117.65422969,33.8800761
7038956,2015,2015-09-03,9840,2015-08-12,1440,17903,NA,3,2,9,3300,0,3,5,NA,2,003,DEXTER AV,11TH ST,300,S,N,A,-,N,NA,NA,NA,NA,NA,NA,NA,NA,NA,N,4,0,2,2,A,-,03,22350,NA,N,C,C,A,A,H,-,A,A,0,NA,NA,NA,NA,Y,NA,D,22,0,0,2,0,0,0,0,0,0,-,-,33.69678,-117.34183,RIVERSIDE,UNINCORPORATED,-117.3424143,33.69717634
7038960,2015,2017-01-23,9840,2015-07-19,1956,20124,NA,7,2,6,3315,0,1,1,NA,2,037,RT 15,HORSETHIEF CANYON RD,430,N,N,B,C,Y,RIV,8,15,-,-,28.97,H,-,N,Y,4,0,3,2,A,-,01,23153,A,N,C,E,A,B,D,-,B,D,1,NA,NA,NA,NA,Y,Y,D,22,0,0,3,0,0,0,0,0,0,-,-,33.74028,-117.42943,RIVERSIDE,CORONA,-117.42984496,33.74038703
7039464,2015,2015-09-10,9840,2015-08-17,2050,15802,RIVER,1,2,9,3300,0,3,5,NA,2,004,ARCHER RD,CAJALCO RD,1439,S,N,A,-,N,NA,NA,NA,NA,NA,NA,NA,NA,NA,Y,4,0,1,1,A,-,08,22107,NA,N,E,I,A,A,H,-,D,D,0,NA,NA,NA,NA,Y,NA,A,01,0,0,1,0,0,0,0,0,0,-,-,33.82899,-117.3886,RIVERSIDE,UNINCORPORATED,-117.3885281,33.8290803
7039476,2015,2015-09-10,9840,2015-08-20,1500,13500,NA,4,2,9,3300,0,3,5,NA,2,004,LA SIERRA AV,CAJALCO RD,1584,N,N,A,-,N,NA,NA,NA,NA,NA,NA,NA,NA,NA,Y,3,0,1,1,A,-,08,22107,NA,N,E,I,A,A,H,-,A,D,0,NA,NA,NA,NA,Y,NA,A,01,0,1,0,0,0,0,0,0,0,-,-,33.8511,-117.46111,RIVERSIDE,UNINCORPORATED,-117.46124825,33.8334266
7039939,2015,2015-09-03,3313,2015-07-27,1552,1732,E,1,5,7,3313,0,0,0,NA,0,C212,ALESSANDRO BL,EL PORTAL,285,S,N,A,-,N,NA,NA,NA,NA,NA,NA,NA,NA,NA,Y,4,0,3,4,A,-,07,21658,A,N,B,C,A,A,H,-,A,A,0,NA,NA,NA,NA,Y,NA,A,01,0,0,3,0,0,0,0,0,0,-,-,NA,NA,RIVERSIDE,RIVERSIDE,-117.34983886,33.93372068
7041356,2015,2015-09-10,3313,2015-08-05,1544,1779,N,3,5,7,3313,0,0,0,NA,0,T49,MARKET ST,5TH ST,0,NA,Y,A,-,N,NA,NA,NA,NA,NA,NA,NA,NA,NA,Y,3,0,1,2,A,-,09,21801,A,N,D,C,A,A,H,-,A,A,0,NA,NA,NA,NA,Y,NA,A,07,0,1,0,0,0,0,0,0,0,-,-,NA,NA,RIVERSIDE,RIVERSIDE,-117.37374012,33.98546011
7041822,2015,2015-09-08,3308,2015-07-29,1749,8344,544,3,5,5,3308,0,0,0,NA,0,SOUTH,STETSON AV,CAWSTON AV,0,NA,Y,A,-,N,NA,NA,NA,NA,NA,NA,NA,NA,NA,Y,3,0,2,2,A,-,12,21453,NA,N,D,C,A,A,H,-,A,A,0,NA,NA,NA,NA,Y,NA,A,01,0,2,0,0,0,0,0,0,0,-,-,NA,NA,RIVERSIDE,HEMET,-117.01533002,33.72932002
7041833,2015,2015-09-04,3300,2015-07-19,1521,4771,500A,7,5,5,3341,0,0,0,NA,0,050,NORMANDY RD,LA LADERA RD,0,NA,Y,B,C,N,NA,NA,NA,NA,NA,NA,NA,NA,NA,Y,3,0,1,3,A,-,03,22350,NA,N,C,C,A,B,H,-,A,A,0,NA,NA,NA,NA,Y,NA,A,01,0,1,0,0,0,0,0,0,0,-,-,NA,NA,RIVERSIDE,MENIFEE,-117.22329001,33.68503003
7043472,2015,2015-12-28,3300,2015-08-14,1843,4680,509D,5,5,5,3341,0,0,0,NA,0,059,HOLLAND RD,PALOMAR RD,4,E,N,A,-,N,NA,NA,NA,NA,NA,NA,NA,NA,NA,N,4,0,1,2,A,-,04,21703,NA,N,C,C,A,A,H,-,A,D,0,NA,NA,NA,NA,Y,NA,-,NA,0,0,1,0,0,0,0,0,0,-,-,NA,NA,RIVERSIDE,MENIFEE,-117.1625569,33.67046
7044756,2015,2015-09-17,3300,2015-07-22,1153,4491,806A,3,5,3,3343,0,0,0,NA,0,086,INLAND VALLEY DR,CLINTON KEITH RD,100,S,N,A,-,N,NA,NA,NA,NA,NA,NA,NA,NA,NA,N,4,0,1,2,A,-,03,22350,NA,N,C,C,A,A,H,-,A,A,0,NA,NA,NA,NA,Y,NA,D,22,0,0,1,0,0,0,0,0,0,-,-,NA,NA,RIVERSIDE,WILDOMAR,-117.2367906,33.59748621
7045430,2015,2015-09-08,3311,2015-08-22,2147,15824,3311,6,5,4,3311,0,0,0,NA,0,003,E ALEJO RD,NORTH CALLE ENCILIA,84,E,N,A,-,N,NA,NA,NA,NA,NA,NA,NA,NA,NA,Y,3,0,1,1,A,-,01,23152,A,N,E,I,A,A,H,-,C,D,0,NA,NA,NA,NA,Y,Y,A,01,0,1,0,0,0,0,0,0,0,-,-,NA,NA,RIVERSIDE,PALM SPRINGS,-116.54354459,33.83027545
7047295,2015,2015-09-14,3300,2015-06-12,1445,5061,916A,5,5,4,3312,0,0,0,NA,0,031,PERRIS BL,AVOCADO AV,183,S,N,A,-,N,NA,NA,NA,NA,NA,NA,NA,NA,NA,N,3,0,1,2,A,-,08,22107,NA,F,D,G,A,A,H,-,A,D,0,NA,Y,NA,NA,Y,NA,A,01,0,1,0,0,0,0,1,0,0,-,-,NA,NA,RIVERSIDE,PERRIS,-117.22609377,33.8097087
7048104,2015,2016-08-01,3300,2015-08-10,1956,4133,87E1,1,5,2,3316,0,0,0,NA,0,087,RT 111,EL DORADO DR,22,W,N,A,-,N,NA,NA,NA,NA,NA,NA,NA,NA,NA,N,4,0,1,2,A,-,03,22350,NA,N,C,C,A,A,H,-,B,A,0,NA,NA,NA,NA,Y,NA,A,01,0,0,1,0,0,0,0,0,0,-,-,NA,NA,RIVERSIDE,INDIAN WELLS,-116.33906203,33.72153942
7048643,2015,2015-09-14,3313,2015-08-21,0205,1373,N,5,5,7,3313,0,0,0,NA,0,A229,COLUMBIA AV,IOWA AV,5,E,N,A,-,N,NA,NA,NA,NA,NA,NA,NA,NA,NA,N,4,0,2,2,A,-,08,22107,NA,N,D,C,A,A,H,-,C,A,0,NA,NA,NA,NA,Y,NA,A,01,0,0,2,0,0,0,0,0,0,-,-,NA,NA,RIVERSIDE,RIVERSIDE,-117.33979355,34.00115984
7048691,2015,2015-09-14,3313,2015-08-23,0919,1607,N,7,5,7,3313,0,0,0,NA,0,B125,MARKET ST,UNIVERSITY AV,5,N,N,A,-,N,NA,NA,NA,NA,NA,NA,NA,NA,NA,N,3,0,1,2,A,-,05,21202,A,N,H,G,A,A,H,-,A,A,0,NA,Y,NA,NA,Y,NA,L,04,0,1,0,0,0,0,1,0,0,-,-,NA,NA,RIVERSIDE,RIVERSIDE,-117.37572174,33.98250185
7049261,2015,2017-01-03,9685,2015-08-27,0655,12190,NA,4,1,5,3335,0,1,1,NA,2,030,RT 15,SANTIAGO RD,2112,N,N,A,-,Y,RIV,8,15,-,-,4.53,H,-,S,Y,2,0,1,2,A,-,03,22350,NA,N,C,C,A,A,H,-,A,D,1,NA,NA,Y,NA,Y,NA,C,02,1,0,0,0,0,0,0,0,1,-,-,NA,NA,RIVERSIDE,TEMECULA,-117.14747197,33.49555478
7049773,2015,2015-09-18,3300,2015-07-31,0950,4071,601E4,5,5,6,3394,0,0,0,NA,0,MV16,PERRIS BL,ELDER AV,0,NA,Y,A,-,N,NA,NA,NA,NA,NA,NA,NA,NA,NA,N,4,0,2,2,A,-,07,21658,A,N,C,C,A,-,H,-,-,A,0,NA,NA,NA,NA,Y,NA,A,01,0,0,2,0,0,0,0,0,0,-,-,NA,NA,RIVERSIDE,MORENO VALLEY,-117.22639007,33.94095003
7050245,2015,2017-01-03,9685,2015-08-30,1124,17285,NA,7,1,5,3335,0,1,1,NA,2,030,RT 15,TEMECULA PKWY,2000,N,N,A,-,Y,RIV,8,15,-,-,3.84,H,-,S,Y,4,0,1,1,A,-,03,22350,NA,N,F,A,A,A,H,-,A,D,1,NA,NA,Y,NA,Y,NA,C,02,0,0,1,0,0,0,0,0,1,-,-,NA,NA,RIVERSIDE,TEMECULA,-117.1430347,33.48655646
7054276,2015,2015-09-25,3313,2015-09-08,1410,1821,N,2,5,7,3313,0,0,0,NA,0,T40,UNIVERSITY AV,CEDAR ST,0,NA,Y,A,-,N,NA,NA,NA,NA,NA,NA,NA,NA,NA,Y,4,0,1,2,A,-,09,21802,A,N,D,C,A,A,H,-,A,D,0,NA,NA,NA,NA,Y,NA,A,01,0,0,1,0,0,0,0,0,0,-,-,NA,NA,RIVERSIDE,RIVERSIDE,-117.38150013,33.98517005
7054799,2015,2015-09-26,9840,2015-08-28,2045,20262,NA,5,2,9,3300,0,3,5,NA,2,004,CLARK AV,KUDER AV,100,S,N,A,-,N,NA,NA,NA,NA,NA,NA,NA,NA,NA,N,2,0,1,1,A,-,01,23152,E,N,F,J,A,A,H,-,C,D,0,NA,NA,NA,NA,Y,NA,A,07,1,0,0,0,0,0,0,0,0,-,-,33.86198,-117.28761,RIVERSIDE,UNINCORPORATED,-117.28757,33.86198604
7055100,2015,2015-09-29,3313,2015-09-11,0809,1222,E,5,5,7,3313,0,0,0,NA,0,T41,CANYON CREST DR,MISSION GROVE PKWY,276,N,N,A,-,N,NA,NA,NA,NA,NA,NA,NA,NA,NA,N,3,0,1,2,D,-,00,NA,NA,N,H,G,A,A,H,-,A,A,0,NA,Y,NA,NA,Y,NA,-,-,0,1,0,0,0,0,1,0,0,-,-,NA,NA,RIVERSIDE,RIVERSIDE,-117.33592934,33.93116452
7055881,2015,2015-09-15,9655,2015-08-25,2135,15892,NA,2,2,9,3300,0,3,5,NA,2,001,PINE RIDGE RD,NESTWA TRL,430,W,N,A,-,N,NA,NA,NA,NA,NA,NA,NA,NA,NA,Y,4,0,1,1,A,-,08,22107,NA,N,E,I,A,A,H,-,D,D,0,NA,NA,NA,NA,Y,NA,A,07,0,0,1,0,0,0,0,0,0,-,-,33.7551,-116.74628,RIVERSIDE,UNINCORPORATED,-116.74634761,33.75502448
7056014,2015,2017-01-14,3308,2015-09-10,0346,10550,514,4,5,5,3308,0,0,0,NA,0,NORTH,FLORIDA AV,SANDERSON AV,349,E,N,A,-,Y,RIV,8,74,-,-,38.58,H,-,E,Y,4,0,1,2,A,-,09,21801,A,N,D,C,A,A,H,-,C,D,0,NA,NA,NA,NA,Y,NA,A,01,0,0,1,0,0,0,0,0,0,-,-,NA,NA,RIVERSIDE,HEMET,-117.00489058,33.74731992