CASE_ID,ACCIDENT_YEAR,PROC_DATE,JURIS,COLLISION_DATE,COLLISION_TIME,OFFICER_ID,REPORTING_DISTRICT,DAY_OF_WEEK,CHP_SHIFT,POPULATION,CNTY_CITY_LOC,SPECIAL_COND,BEAT_TYPE,CHP_BEAT_TYPE,CITY_DIVISION_LAPD,CHP_BEAT_CLASS,BEAT_NUMBER,PRIMARY_RD,SECONDARY_RD,DISTANCE,DIRECTION,INTERSECTION,WEATHER_1,WEATHER_2,STATE_HWY_IND,CALTRANS_COUNTY,CALTRANS_DISTRICT,STATE_ROUTE,ROUTE_SUFFIX,POSTMILE_PREFIX,POSTMILE,LOCATION_TYPE,RAMP_INTERSECTION,SIDE_OF_HWY,TOW_AWAY,COLLISION_SEVERITY,NUMBER_KILLED,NUMBER_INJURED,PARTY_COUNT,PRIMARY_COLL_FACTOR,PCF_CODE_OF_VIOL,PCF_VIOL_CATEGORY,PCF_VIOLATION,PCF_VIOL_SUBSECTION,HIT_AND_RUN,TYPE_OF_COLLISION,MVIW,PED_ACTION,ROAD_SURFACE,ROAD_COND_1,ROAD_COND_2,LIGHTING,CONTROL_DEVICE,CHP_ROAD_TYPE,PEDESTRIAN_ACCIDENT,BICYCLE_ACCIDENT,MOTORCYCLE_ACCIDENT,TRUCK_ACCIDENT,NOT_PRIVATE_PROPERTY,ALCOHOL_INVOLVED,STWD_VEHTYPE_AT_FAULT,CHP_VEHTYPE_AT_FAULT,COUNT_SEVERE_INJ,COUNT_VISIBLE_INJ,COUNT_COMPLAINT_PAIN,COUNT_PED_KILLED,COUNT_PED_INJURED,COUNT_BICYCLIST_KILLED,COUNT_BICYCLIST_INJURED,COUNT_MC_KILLED,COUNT_MC_INJURED,PRIMARY_RAMP,SECONDARY_RAMP,LATITUDE,LONGITUDE,COUNTY,CITY,POINT_X,POINT_Y
7115754,2015,2015-12-11,3300,2015-11-23,1245,N2146,507D,1,5,5,3341,0,0,0,NA,0,057,NEWPORT RD,ANTELOPE RD,300,W,N,A,-,N,NA,NA,NA,NA,NA,NA,NA,NA,NA,N,4,0,2,4,A,-,03,22350,NA,M,C,C,A,A,H,-,A,A,0,NA,NA,NA,NA,Y,NA,D,22,0,0,2,0,0,0,0,0,0,-,-,NA,NA,RIVERSIDE,MENIFEE,-117.1682129,33.68510016
7116245,2015,2015-12-09,3300,2015-11-05,1550,N5073,38B1,4,5,4,3318,0,0,0,NA,0,T390,DINAH SHORE,LELANI AV,0,NA,Y,A,-,N,NA,NA,NA,NA,NA,NA,NA,NA,NA,Y,4,0,2,2,A,-,09,21804,NA,N,D,C,A,A,H,-,A,D,0,NA,NA,NA,NA,Y,NA,A,07,0,0,2,0,0,0,0,0,0,-,-,NA,NA,RIVERSIDE,PALM DESERT,-116.38115008,33.79886011
7116643,2015,2017-02-04,3302,2015-10-26,1250,655,NA,1,5,3,3302,0,0,0,NA,0,NA,BEACHWOOD AV,E 1ST,420,N,N,A,-,Y,RIV,8,79,-,-,40.16,H,-,S,Y,4,0,3,2,A,-,05,21651,B,N,D,D,A,A,H,-,A,D,0,NA,NA,NA,NA,Y,NA,D,22,0,0,3,0,0,0,0,0,0,-,-,NA,NA,RIVERSIDE,BEAUMONT,-116.97713921,33.92279065
7117270,2015,2015-11-18,3313,2015-10-28,2303,1096,NA,3,5,7,3313,0,0,0,NA,0,NA,MONROE ST,MARLENE ST,0,NA,Y,A,-,N,NA,NA,NA,NA,NA,NA,NA,NA,NA,N,4,0,1,2,A,-,12,22450,A,N,H,G,A,A,H,-,C,A,0,NA,Y,NA,NA,Y,NA,L,04,0,0,1,0,0,0,1,0,0,-,-,NA,NA,RIVERSIDE,RIVERSIDE,-117.42513007,33.92068008
7118010,2015,2015-11-16,3313,2015-10-25,1308,1821,C,7,5,7,3313,0,0,0,NA,0,B325,VAN BUREN BL,MAGNOLIA AV,0,NA,Y,A,-,N,NA,NA,NA,NA,NA,NA,NA,NA,NA,N,3,0,1,2,A,-,17,21454,C,N,D,C,A,A,H,-,A,A,0,NA,NA,Y,NA,Y,NA,A,07,0,1,0,0,0,0,0,0,1,-,-,33.92038,-117.44669,RIVERSIDE,RIVERSIDE,-117.44661008,33.92039003
7119068,2015,2015-12-04,3300,2015-10-22,1635,4211,36Q2,4,5,4,3318,0,0,0,NA,0,T36,MONTEREY AV,SAN GORGONIO WY,0,NA,Y,A,-,N,NA,NA,NA,NA,NA,NA,NA,NA,NA,Y,2,0,2,2,A,-,12,21453,A,N,D,C,A,A,H,-,A,A,0,NA,NA,NA,NA,Y,NA,A,01,1,0,1,0,0,0,0,0,0,-,-,NA,NA,RIVERSIDE,PALM DESERT,-116.39125,33.72313006
7121509,2015,2015-12-02,3300,2015-10-13,2327,4571,602A7,2,5,6,3394,0,0,0,NA,0,022,ALESSANDRO BL,ALESSANDRO  PL,20,E,N,A,-,N,NA,NA,NA,NA,NA,NA,NA,NA,NA,N,4,0,1,2,A,-,07,21658,A,N,B,C,A,A,H,-,C,D,0,NA,NA,NA,NA,Y,Y,A,07,0,0,1,0,0,0,0,0,0,-,-,33.91728,-117.24807,RIVERSIDE,MORENO VALLEY,-117.28306428,33.91689
7122666,2015,2015-11-24,3300,2015-11-11,1159,4323,910C,3,5,5,3335,0,0,0,NA,0,062,YNEZ RD,TOWN CENTER DR,164,N,N,A,-,N,NA,NA,NA,NA,NA,NA,NA,NA,NA,Y,4,0,1,2,A,-,03,22350,NA,N,C,C,A,A,H,-,A,D,0,NA,NA,NA,NA,Y,NA,A,01,0,0,1,0,0,0,0,0,0,-,-,NA,NA,RIVERSIDE,TEMECULA,NA,NA
7123118,2015,2015-11-25,3300,2015-09-24,1829,4525,809D,4,5,3,3343,0,0,0,NA,0,NA,CLINTON KEITH RD,PALOMAR ST,0,NA,Y,A,-,N,NA,NA,NA,NA,NA,NA,NA,NA,NA,N,4,0,1,2,A,-,12,21453,A,N,A,G,A,A,H,-,A,A,0,NA,Y,NA,NA,Y,NA,L,04,0,0,1,0,0,0,1,0,0,-,-,NA,NA,RIVERSIDE,WILDOMAR,-117.25209011,33.58931008
7123923,2015,2015-12-02,3300,2015-10-23,1600,4303,910,5,5,5,3335,0,0,0,NA,0,088,YNEZ RD,TOWER PLZ S,0,NA,Y,A,-,N,NA,NA,NA,NA,NA,NA,NA,NA,NA,N,4,0,1,2,D,-,00,NA,NA,N,G,B,F,A,H,-,A,D,0,Y,NA,NA,NA,Y,NA,-,-,0,0,1,0,1,0,0,0,0,-,-,NA,NA,RIVERSIDE,TEMECULA,-117.14955009,33.50427003
7124327,2015,2015-12-09,3300,2015-11-07,1715,N4925,908,6,5,4,3318,0,0,0,NA,0,039,COOK ST,GERALD FORD DR,150,N,N,A,-,N,NA,NA,NA,NA,NA,NA,NA,NA,NA,Y,4,0,1,2,A,-,08,22107,NA,N,D,C,A,A,H,-,D,D,0,NA,NA,NA,NA,Y,NA,A,01,0,0,1,0,0,0,0,0,0,-,-,NA,NA,RIVERSIDE,PALM DESERT,-116.35578046,33.78202036
7126068,2015,2015-12-02,3300,2015-09-15,1432,4050,002J,2,5,6,3345,0,0,0,NA,0,022,WABASH DR,SAN SEVAINE WY,319,N,N,B,C,N,NA,NA,NA,NA,NA,NA,NA,NA,NA,N,4,0,1,2,A,-,09,21801,A,N,D,C,A,B,H,-,A,D,0,NA,NA,NA,NA,Y,NA,A,01,0,0,1,0,0,0,0,0,0,-,-,NA,NA,RIVERSIDE,JURUPA VALLEY,-117.51056899,34.01518602
7126080,2015,2015-12-02,3300,2015-09-27,1322,4439,002R,7,5,6,3345,0,0,0,NA,0,024,BEACH ST,JURUPA RD,21,S,N,A,-,N,NA,NA,NA,NA,NA,NA,NA,NA,NA,N,4,0,1,2,A,-,03,22350,NA,N,C,C,A,A,H,-,A,A,0,NA,NA,NA,NA,Y,NA,A,01,0,0,1,0,0,0,0,0,0,-,-,NA,NA,RIVERSIDE,JURUPA VALLEY,-117.4949301,33.99474305
7126401,2015,2015-12-09,3300,2015-11-18,2119,N3373,910M,3,5,5,3335,0,0,0,NA,0,067,TEMECULA PKWY,BEDFORD CT,50,E,N,A,-,N,NA,NA,NA,NA,NA,NA,NA,NA,NA,N,4,0,2,2,A,-,03,22350,NA,N,C,C,A,A,H,-,C,A,0,NA,NA,NA,NA,Y,NA,A,01,0,0,2,0,0,0,0,0,0,-,-,33.47934,-117.13769,RIVERSIDE,TEMECULA,-117.13755816,33.47916935
7126643,2015,2015-12-14,3313,2015-11-11,1316,1686,E,3,5,7,3313,0,0,0,NA,0,T58,CHICAGO AV,PRINCE ALBERT DR,565,N,N,A,-,N,NA,NA,NA,NA,NA,NA,NA,NA,NA,N,4,0,1,2,A,-,03,22350,NA,N,C,A,A,A,H,-,A,D,0,NA,NA,NA,NA,Y,NA,A,01,0,0,1,0,0,0,0,0,0,-,-,33.96201,-117.34855,RIVERSIDE,RIVERSIDE,-117.34848,33.96364756
7126994,2015,2017-01-14,3301,2015-11-05,1319,U444,43,4,5,4,3301,0,0,0,NA,0,002,S HIGHLAND SPRINGS,RT 10,135,S,N,A,-,Y,RIV,8,10,-,-,9.539,R,4,E,N,4,0,1,2,A,-,09,21801,NA,N,A,C,A,A,H,-,A,A,0,NA,NA,NA,NA,Y,NA,A,01,0,0,1,0,0,0,0,0,0,-,EO,33.92358,-116.94599,RIVERSIDE,BANNING,-116.94298609,33.92665065
7127022,2015,2015-12-22,3300,2015-11-26,1553,4681,920H,4,5,4,3314,0,0,0,NA,0,074,HEWITT ST,WASHINGTON AV,0,NA,Y,B,-,N,NA,NA,NA,NA,NA,NA,NA,NA,NA,Y,3,0,1,1,A,-,01,23152,A,N,F,A,A,A,H,-,A,D,0,NA,NA,NA,NA,Y,Y,A,07,0,1,0,0,0,0,0,0,0,-,-,33.76518,-116.95087,RIVERSIDE,SAN JACINTO,-116.95088007,33.76521011
7127496,2015,2015-12-29,3311,2015-12-10,0750,15648,NA,4,5,4,3311,0,0,0,NA,0,006,RAMON RD,SAN LUIS REY DR,169,W,N,A,-,N,NA,NA,NA,NA,NA,NA,NA,NA,NA,N,4,0,1,2,A,-,03,22350,NA,N,C,C,A,A,H,-,A,D,0,NA,NA,NA,NA,Y,NA,A,01,0,0,1,0,0,0,0,0,0,-,-,NA,NA,RIVERSIDE,PALM SPRINGS,-116.48906409,33.81590636
7129883,2015,2015-12-10,3313,2015-11-23,1746,1499,W,1,5,7,3313,0,0,0,NA,0,T42,ARLINGTON AV,JONES AV,515,W,N,A,-,N,NA,NA,NA,NA,NA,NA,NA,NA,NA,Y,4,0,1,2,A,-,01,23152,A,N,D,C,A,A,H,-,C,D,0,NA,NA,NA,NA,Y,Y,D,22,0,0,1,0,0,0,0,0,0,-,-,33.94654,-117.48052,RIVERSIDE,RIVERSIDE,-117.48237693,33.94659663
7130138,2015,2015-12-22,3313,2015-11-13,1429,1762,C,5,5,7,3313,0,0,0,NA,0,T44,INDIANA AV,WASHINGTON ST,0,NA,Y,A,-,N,NA,NA,NA,NA,NA,NA,NA,NA,NA,Y,4,0,2,2,A,-,12,21453,A,N,D,C,A,A,H,-,A,A,0,NA,NA,NA,NA,Y,NA,-,-,0,0,2,0,0,0,0,0,0,-,-,33.93954,-117.39697,RIVERSIDE,RIVERSIDE,-117.39696001,33.93942001
7130444,2015,2015-12-08,3306,2015-09-11,2015,113,3306,5,5,3,3306,0,0,0,NA,0,NA,OCOTILLO RD,SAN DIEGO DR,0,NA,Y,A,-,N,NA,NA,NA,NA,NA,NA,NA,NA,NA,Y,4,0,1,2,A,-,12,22450,A,N,D,C,A,A,H,-,C,A,0,NA,NA,NA,NA,Y,NA,A,01,0,0,1,0,0,0,0,0,0,-,-,NA,NA,RIVERSIDE,DESERT HOT SPRINGS,-116.49979008,33.97147007
7130831,2015,2015-12-10,3313,2015-11-11,0850,0282,C,3,5,7,3313,0,0,0,NA,0,T48,ADAMS ST,BRIARWOOD DR,0,S,N,A,-,N,NA,NA,NA,NA,NA,NA,NA,NA,NA,N,4,0,1,2,A,-,08,22107,NA,M,D,C,A,A,H,-,A,D,0,NA,NA,NA,NA,Y,NA,A,01,0,0,1,0,0,0,0,0,0,-,-,NA,NA,RIVERSIDE,RIVERSIDE,-117.42137012,33.92941011
7131862,2015,2015-12-21,3325,2015-04-06,1111,9207,3080,1,5,4,3325,0,0,0,NA,0,003,RAMON RD,LANDAU BL,119,E,N,A,-,N,NA,NA,NA,NA,NA,NA,NA,NA,NA,N,3,0,1,2,A,-,08,22107,NA,N,B,C,A,A,H,-,A,D,0,NA,NA,NA,Y,Y,NA,A,01,0,1,0,0,0,0,0,0,0,-,-,NA,NA,RIVERSIDE,CATHEDRAL CITY,-116.47520353,33.81583
7132407,2015,2015-12-15,3300,2015-11-07,1620,4722,602D2,6,5,6,3394,0,0,0,NA,0,024,HEACOCK ST,FIR AV,0,NA,Y,A,-,N,NA,NA,NA,NA,NA,NA,NA,NA,NA,N,4,0,1,2,A,-,09,21801,A,N,E,G,A,A,H,-,B,A,0,NA,Y,NA,NA,Y,NA,A,01,0,0,1,0,0,0,1,0,0,-,-,33.93545,-117.24375,RIVERSIDE,MORENO VALLEY,-117.24379008,33.93539002
7132460,2015,2015-12-14,3300,2015-11-12,1830,N2646,602C1,4,5,6,3394,0,0,0,NA,0,024,HEACOCK ST,EUCALYPTUS AV,31,N,N,A,-,N,NA,NA,NA,NA,NA,NA,NA,NA,NA,N,4,0,1,2,A,-,21,22106,NA,F,C,C,A,A,H,-,C,A,0,NA,NA,NA,NA,Y,NA,A,01,0,0,1,0,0,0,0,0,0,-,-,33.93182,-117.24379,RIVERSIDE,MORENO VALLEY,-117.2438,33.93185492
7133136,2015,2015-12-14,3309,2015-11-18,1706,443,3309,3,5,4,3309,0,0,0,NA,0,004,DOCTOR CARREON BL,MONROE ST,280,W,N,A,-,N,NA,NA,NA,NA,NA,NA,NA,NA,NA,N,4,0,2,2,A,-,04,21703,NA,N,C,C,A,A,H,-,A,A,0,NA,NA,NA,NA,Y,NA,A,01,0,0,2,0,0,0,0,0,0,-,-,NA,NA,RIVERSIDE,INDIO,-116.23478656,33.70740001
7133153,2015,2015-12-14,3309,2015-10-23,1728,443,3309,5,5,4,3309,0,0,0,NA,0,002,AVE 42,SHADOW RANCH DR,0,NA,Y,A,-,N,NA,NA,NA,NA,NA,NA,NA,NA,NA,Y,3,0,1,2,A,-,01,23152,NA,N,C,C,A,A,H,-,A,A,0,NA,NA,Y,NA,Y,Y,C,02,0,1,0,0,0,0,0,0,1,-,-,NA,NA,RIVERSIDE,INDIO,-116.21022002,33.74404004
7133251,2015,2015-12-23,3300,2015-11-12,0750,4071,604D2,4,5,6,3394,0,0,0,NA,0,MV46,MORENO BEACH DR,ALESSANDRO BL,350,N,N,A,-,N,NA,NA,NA,NA,NA,NA,NA,NA,NA,Y,4,0,1,3,A,-,03,22350,NA,N,C,C,A,A,H,-,A,A,0,NA,NA,NA,NA,Y,NA,A,01,0,0,1,0,0,0,0,0,0,-,-,33.917230000000004,-117.17413,RIVERSIDE,MORENO VALLEY,-117.17418,33.91839867
7133275,2015,2015-12-16,3300,2015-11-06,1305,4071,602D4,5,5,6,3394,0,0,0,NA,0,MV26,PERRIS BL,ALESSANDRO BL,0,NA,Y,A,-,N,NA,NA,NA,NA,NA,NA,NA,NA,NA,N,4,0,1,2,A,-,09,21801,A,N,D,G,A,A,H,-,A,D,0,NA,Y,NA,NA,Y,NA,A,07,0,0,1,0,0,0,1,0,0,-,-,33.94719,-117.2264,RIVERSIDE,MORENO VALLEY,-117.22634,33.91736002
7133801,2015,2015-12-17,3313,2015-11-20,1614,1762,W,5,5,7,3313,0,0,0,NA,0,T44,BUCHANAN ST,COLLETT AV,0,NA,Y,A,-,N,NA,NA,NA,NA,NA,NA,NA,NA,NA,Y,4,0,1,2,D,-,00,NA,NA,N,D,C,A,A,H,-,A,A,0,NA,NA,NA,NA,Y,NA,-,-,0,0,1,0,0,0,0,0,0,-,-,33.90049,-117.50621,RIVERSIDE,RIVERSIDE,-117.50630013,33.90033011
7137522,2015,2016-01-11,3300,2015-11-11,0921,3769,002,3,5,6,3345,0,0,0,NA,0,0921,RUBIDOUX BL,26TH ST,0,NA,Y,A,-,N,NA,NA,NA,NA,NA,NA,NA,NA,NA,Y,4,0,1,2,A,-,03,22350,NA,N,D,C,A,A,H,-,A,D,0,NA,NA,NA,NA,Y,NA,-,NA,0,0,1,0,0,0,0,0,0,-,-,NA,NA,RIVERSIDE,JURUPA VALLEY,-117.39338003,34.01237009
7137634,2015,2015-12-18,3300,2015-11-03,0729,3717,020A2,2,5,4,3344,0,0,0,NA,0,065,ORANGE ST,SCHOLAR WY,25,W,N,A,-,N,NA,NA,NA,NA,NA,NA,NA,NA,NA,N,4,0,1,2,A,-,06,21750,NA,N,D,G,A,A,H,-,A,A,0,NA,Y,NA,NA,Y,NA,L,04,0,0,1,0,0,0,1,0,0,-,-,NA,NA,RIVERSIDE,EASTVALE,-117.56716222,33.95901
7137760,2015,2015-12-21,3325,2015-07-14,1423,556,3325,2,5,4,3325,0,0,0,NA,0,002,DATE PALM DR,CATHEDRAL VILLAGE SOUTH,197,N,N,A,-,N,NA,NA,NA,NA,NA,NA,NA,NA,NA,Y,4,0,2,2,A,-,03,22350,NA,N,C,C,A,A,H,-,A,A,0,NA,NA,NA,NA,Y,NA,A,01,0,0,2,0,0,0,0,0,0,-,-,NA,NA,RIVERSIDE,CATHEDRAL CITY,-116.45814503,33.81448087
7138014,2015,2015-12-21,3300,2015-12-04,2119,N2646,603A4,5,5,6,3394,0,0,0,NA,0,032,JOHNNY F KENNEDY DR,WINTERGREEN ST,192,W,N,A,-,N,NA,NA,NA,NA,NA,NA,NA,NA,NA,N,3,0,3,1,A,-,08,22107,NA,N,E,I,A,A,H,-,C,D,0,NA,NA,NA,NA,Y,NA,A,01,0,2,1,0,0,0,0,0,0,-,-,33.9027,-117.23233,RIVERSIDE,MORENO VALLEY,-117.23297077,33.90275241
7138068,2015,2015-12-21,3300,2015-11-30,2115,4571,602C3,1,5,6,3394,0,0,0,NA,0,024,FREDERICK ST,DRACAEA AV,37,S,N,A,-,N,NA,NA,NA,NA,NA,NA,NA,NA,NA,N,4,0,1,2,A,-,11,21954,A,N,G,B,B,A,H,-,A,A,0,Y,NA,NA,NA,Y,NA,A,01,0,0,1,0,1,0,0,0,0,-,-,33.92783,-117.26121,RIVERSIDE,MORENO VALLEY,-117.26117,33.92778864
7140594,2015,2015-12-21,3300,2015-11-04,1456,4778,81B6,3,5,3,3305,0,0,0,NA,0,841,HARRISON ST,AVENUE 51,0,NA,Y,A,-,N,NA,NA,NA,NA,NA,NA,NA,NA,NA,N,4,0,1,3,A,-,-,NA,NA,N,C,C,A,A,H,-,A,A,0,NA,NA,NA,NA,Y,NA,A,01,0,0,1,0,0,0,0,0,0,-,-,NA,NA,RIVERSIDE,COACHELLA,-116.18166007,33.67820005
7141026,2015,2015-12-22,3309,2015-11-13,1744,W256,3309,5,5,4,3309,0,0,0,NA,0,003,AVE 50,POLE 1155560,38,W,N,A,-,N,NA,NA,NA,NA,NA,NA,NA,NA,NA,Y,2,0,3,2,A,-,01,23152,NA,N,A,C,A,A,H,-,C,D,0,NA,NA,NA,NA,Y,Y,A,01,1,2,0,0,0,0,0,0,0,-,-,NA,NA,RIVERSIDE,INDIO,NA,NA
7141270,2015,2015-12-29,3313,2015-12-05,1436,0581,C,6,5,7,3313,0,0,0,NA,0,B325,MAGNOLIA AV,ROOSEVELT ST,83,W,N,A,-,N,NA,NA,NA,NA,NA,NA,NA,NA,NA,N,4,0,2,3,A,-,03,22350,NA,N,C,C,A,A,H,-,A,D,0,NA,NA,NA,NA,Y,NA,A,01,0,0,2,0,0,0,0,0,0,-,-,NA,NA,RIVERSIDE,RIVERSIDE,-117.44865447,33.91923076
7141612,2015,2017-01-28,3308,2015-10-24,1630,8344,517,6,5,5,3308,0,0,0,NA,0,SOUTH,RT 74,SAN JACINTO ST,80,E,N,A,-,Y,RIV,8,74,-,-,41.36,H,-,E,N,4,0,1,2,A,-,03,22350,NA,N,C,C,A,A,-,-,A,D,0,NA,NA,NA,NA,Y,NA,D,22,0,0,1,0,0,0,0,0,0,-,-,NA,NA,RIVERSIDE,HEMET,-116.95826924,33.74762168
7141726,2015,2016-01-05,3302,2015-12-19,1207,716,NA,6,5,3,3302,0,0,0,NA,0,NA,LILIES WY,BIRD OF PARADISE CT,0,NA,Y,A,-,N,NA,NA,NA,NA,NA,NA,NA,NA,NA,Y,3,0,1,2,A,-,07,21658,A,N,B,E,A,A,H,-,A,-,0,NA,NA,NA,NA,Y,NA,A,01,0,1,0,0,0,0,0,0,0,-,-,NA,NA,RIVERSIDE,BEAUMONT,-116.96126008,33.93706003
7141950,2015,2016-01-04,3306,2015-10-14,1529,115,NA,3,5,3,3306,0,0,0,NA,0,NA,TWO BUNCH PALMS TRL,CALIENTE DR,0,NA,Y,A,-,N,NA,NA,NA,NA,NA,NA,NA,NA,NA,Y,3,0,1,2,A,-,11,21954,A,N,G,B,D,A,H,-,A,A,0,Y,NA,NA,NA,Y,NA,N,60,0,1,0,0,1,0,0,0,0,-,-,NA,NA,RIVERSIDE,DESERT HOT SPRINGS,-116.50264013,33.94674003
7143692,2015,2017-02-04,3308,2015-12-08,0858,4189,529,2,5,5,3308,0,0,0,NA,0,NORTH,FLORIDA AV,STANFORD ST,35,W,N,A,-,Y,RIV,8,74,-,-,42.83,H,-,W,Y,4,0,2,2,A,-,07,21658,A,N,B,C,A,A,H,-,A,A,0,NA,NA,NA,NA,Y,NA,A,07,0,0,2,0,0,0,0,0,0,-,-,NA,NA,RIVERSIDE,HEMET,-116.93267263,33.74772841
7143696,2015,2015-12-28,3313,2015-12-02,1936,1499,C,3,5,7,3313,0,0,0,NA,0,T42,JURUPA AV,COLONIAL DR,168,E,N,A,-,N,NA,NA,NA,NA,NA,NA,NA,NA,NA,Y,4,0,2,1,A,-,08,22107,NA,N,E,I,A,A,H,-,C,D,0,NA,NA,NA,NA,Y,NA,A,01,0,0,2,0,0,0,0,0,0,-,-,33.9609,-117.38612,RIVERSIDE,RIVERSIDE,-117.38543808,33.96097013
7143767,2015,2016-01-04,3313,2015-10-15,1500,1230,EAST,4,5,7,3313,0,0,0,NA,0,0FC,CHICAGO AV,COUNTRY CLUB DR,0,NA,Y,A,-,N,NA,NA,NA,NA,NA,NA,NA,NA,NA,N,4,0,1,2,D,-,00,NA,NA,N,C,C,A,-,H,-,A,A,0,NA,NA,NA,NA,Y,NA,-,-,0,0,1,0,0,0,0,0,0,-,-,33.95006,-117.3466,RIVERSIDE,RIVERSIDE,-117.34632001,33.95018002
7144870,2015,2016-01-07,3300,2015-12-08,0557,4223,905C,2,5,4,3307,0,0,0,NA,0,090,CANYON HILLS RD,HILLSIDE DR,0,NA,Y,A,-,N,NA,NA,NA,NA,NA,NA,NA,NA,NA,N,4,0,1,2,A,-,10,21950,A,N,G,B,B,A,H,-,C,A,0,Y,NA,NA,NA,Y,NA,D,22,0,0,1,0,1,0,0,0,0,-,-,33.66123,-117.24218,RIVERSIDE,LAKE ELSINORE,-117.24240003,33.66120008
7145424,2015,2016-01-04,3300,2015-12-17,0748,4339,602D2,4,5,6,3394,0,0,0,NA,0,026,EUCALYPTUS AV,LIBERTY LN,657,E,N,A,-,N,NA,NA,NA,NA,NA,NA,NA,NA,NA,N,4,0,1,2,A,-,05,21460,A,N,B,C,A,A,H,-,A,D,0,NA,NA,NA,NA,Y,NA,A,01,0,0,1,0,0,0,0,0,0,-,-,33.93183,-117.2399,RIVERSIDE,MORENO VALLEY,NA,NA
7146175,2015,2016-01-07,3300,2015-12-04,2304,2079,9201,5,5,4,3314,0,0,0,NA,0,072,RAMONA EXPWY,E MAIN ST,528,S,N,A,-,N,NA,NA,NA,NA,NA,NA,NA,NA,NA,N,3,0,1,1,A,-,08,22107,NA,N,E,I,A,A,H,-,C,D,0,NA,NA,NA,NA,Y,NA,A,01,0,1,0,0,0,0,0,0,0,-,-,NA,NA,RIVERSIDE,SAN JACINTO,-116.93664638,33.78299677
7146187,2015,2016-01-07,3300,2015-12-13,1841,N4809,920F,7,5,4,3314,0,0,0,NA,0,072,MAIN ST,HEWITT ST,30,W,N,A,-,N,NA,NA,NA,NA,NA,NA,NA,NA,NA,N,4,0,3,2,A,-,03,22350,NA,N,C,C,A,A,H,-,C,A,0,NA,NA,NA,NA,Y,NA,A,01,0,0,3,0,0,0,0,0,0,-,-,NA,NA,RIVERSIDE,SAN JACINTO,-116.95119839,33.78393
7149797,2015,2016-01-08,3308,2015-11-30,1627,10492,527,1,5,5,3308,0,0,0,NA,0,SOUTH,STATE ST,CENTRAL AV,0,NA,Y,A,-,N,NA,NA,NA,NA,NA,NA,NA,NA,NA,Y,3,0,1,2,A,-,09,21800,A,N,D,C,A,A,H,-,B,A,0,NA,NA,NA,NA,Y,NA,A,01,0,1,0,0,0,0,0,0,0,-,-,NA,NA,RIVERSIDE,HEMET,-116.97163014,33.74208001
7150002,2015,2016-02-19,3300,2015-12-13,1945,4515,602A3,7,5,6,3394,0,0,0,NA,0,022,EUCALYPTUS AV,FREDERICK ST,18,N,N,C,-,N,NA,NA,NA,NA,NA,NA,NA,NA,NA,Y,4,0,1,2,A,-,03,22350,NA,M,C,C,A,B,H,-,C,A,0,NA,NA,NA,NA,Y,NA,D,22,0,0,1,0,0,0,0,0,0,-,-,NA,NA,RIVERSIDE,MORENO VALLEY,-117.26135089,33.93150192
7151304,2015,2016-01-19,3300,2015-11-13,1519,N3373,910O,5,5,5,3335,0,0,0,NA,0,064,TEMECULA PKWY,MEADOWS PKWY,45,W,N,A,-,N,NA,NA,NA,NA,NA,NA,NA,NA,NA,Y,2,0,3,3,A,-,09,21453,C,N,D,C,A,A,H,-,A,A,0,NA,NA,Y,NA,Y,NA,D,22,1,0,2,0,0,0,0,0,1,-,-,33.48245,-117.09369,RIVERSIDE,TEMECULA,NA,NA
7152222,2015,2017-01-28,3309,2015-12-12,0828,468,3309,6,5,4,3309,0,0,0,NA,0,002,MONROE ST,RT 10,0,NA,Y,A,-,Y,RIV,8,10,-,-,54.933,R,4,W,N,4,0,1,2,A,-,03,22350,NA,N,C,C,A,A,H,-,A,A,0,NA,NA,NA,NA,Y,NA,A,01,0,0,1,0,0,0,0,0,0,-,-,NA,NA,RIVERSIDE,INDIO,-116.23135639,33.73950784
7152312,2015,2016-08-12,3309,2015-10-15,1615,468,3309,4,5,4,3309,0,0,0,NA,0,001,RT 111,DEGLET NOOR ST,0,NA,Y,B,-,N,NA,NA,NA,NA,NA,NA,NA,NA,NA,Y,3,0,1,2,A,-,-,NA,NA,N,D,C,A,A,D,-,A,A,0,NA,NA,Y,NA,Y,NA,A,01,0,1,0,0,0,0,0,0,1,-,-,NA,NA,RIVERSIDE,INDIO,-116.22341,33.71492
7152832,2015,2016-01-14,3300,2015-12-14,1745,5345,22H4,1,5,3,3317,0,0,0,NA,0,S22,100TH AV,COUNTRY CLUB DR,0,NA,Y,A,-,N,NA,NA,NA,NA,NA,NA,NA,NA,NA,N,2,0,3,2,A,-,12,21453,A,N,D,C,A,A,H,-,A,A,0,NA,NA,NA,NA,Y,NA,A,01,1,0,2,0,0,0,0,0,0,-,-,NA,NA,RIVERSIDE,RANCHO MIRAGE,NA,NA
7154414,2015,2016-01-21,3300,2015-11-18,1019,4071,603A3,3,5,6,3394,0,0,0,NA,0,MV32,CACTUS AV,GRAHAM ST,0,NA,Y,A,-,N,NA,NA,NA,NA,NA,NA,NA,NA,NA,Y,2,0,2,2,A,-,12,21453,A,N,D,C,A,A,H,-,A,A,0,NA,NA,NA,Y,Y,NA,A,01,1,0,1,0,0,0,0,0,0,-,-,33.91012,-117.2525,RIVERSIDE,MORENO VALLEY,-117.25235009,33.91026002
7155307,2015,2016-01-15,3301,2015-12-03,0906,U444,3,4,5,4,3301,0,0,0,NA,0,003,N SUNSET,W RAMSEY,0,NA,Y,A,-,N,NA,NA,NA,NA,NA,NA,NA,NA,NA,Y,4,0,2,3,A,-,10,21950,NA,N,G,B,B,A,H,-,A,B,0,Y,NA,NA,NA,Y,NA,A,01,0,0,2,0,2,0,0,0,0,-,-,33.92562,-116.91178,RIVERSIDE,BANNING,-116.91179011,33.92577009
7155323,2015,2016-01-15,3311,2015-12-22,1932,15757,NA,2,5,4,3311,0,0,0,NA,0,003,INDIAN CANYON DR N,ALEJO RD,0,NA,Y,A,-,N,NA,NA,NA,NA,NA,NA,NA,NA,NA,Y,4,0,1,2,A,-,09,21801,A,F,D,C,A,A,H,-,C,A,0,NA,NA,NA,NA,Y,NA,A,01,0,0,1,0,0,0,0,0,0,-,-,NA,NA,RIVERSIDE,PALM SPRINGS,-116.5456101,33.83031005