CASE_ID,ACCIDENT_YEAR,PROC_DATE,JURIS,COLLISION_DATE,COLLISION_TIME,OFFICER_ID,REPORTING_DISTRICT,DAY_OF_WEEK,CHP_SHIFT,POPULATION,CNTY_CITY_LOC,SPECIAL_COND,BEAT_TYPE,CHP_BEAT_TYPE,CITY_DIVISION_LAPD,CHP_BEAT_CLASS,BEAT_NUMBER,PRIMARY_RD,SECONDARY_RD,DISTANCE,DIRECTION,INTERSECTION,WEATHER_1,WEATHER_2,STATE_HWY_IND,CALTRANS_COUNTY,CALTRANS_DISTRICT,STATE_ROUTE,ROUTE_SUFFIX,POSTMILE_PREFIX,POSTMILE,LOCATION_TYPE,RAMP_INTERSECTION,SIDE_OF_HWY,TOW_AWAY,COLLISION_SEVERITY,NUMBER_KILLED,NUMBER_INJURED,PARTY_COUNT,PRIMARY_COLL_FACTOR,PCF_CODE_OF_VIOL,PCF_VIOL_CATEGORY,PCF_VIOLATION,PCF_VIOL_SUBSECTION,HIT_AND_RUN,TYPE_OF_COLLISION,MVIW,PED_ACTION,ROAD_SURFACE,ROAD_COND_1,ROAD_COND_2,LIGHTING,CONTROL_DEVICE,CHP_ROAD_TYPE,PEDESTRIAN_ACCIDENT,BICYCLE_ACCIDENT,MOTORCYCLE_ACCIDENT,TRUCK_ACCIDENT,NOT_PRIVATE_PROPERTY,ALCOHOL_INVOLVED,STWD_VEHTYPE_AT_FAULT,CHP_VEHTYPE_AT_FAULT,COUNT_SEVERE_INJ,COUNT_VISIBLE_INJ,COUNT_COMPLAINT_PAIN,COUNT_PED_KILLED,COUNT_PED_INJURED,COUNT_BICYCLIST_KILLED,COUNT_BICYCLIST_INJURED,COUNT_MC_KILLED,COUNT_MC_INJURED,PRIMARY_RAMP,SECONDARY_RAMP,LATITUDE,LONGITUDE,COUNTY,CITY,POINT_X,POINT_Y
81433712,2021,2021-03-24,3300,2021-03-12,1059,4702,916A,5,5,4,3312,0,0,0,NA,0,031,W. MARKHAM STREET,INDIAN AVE.,0,NA,Y,A,-,N,NA,NA,NA,NA,NA,NA,NA,NA,NA,Y,4,0,1,2,A,-,12,21453,A,N,D,C,A,A,H,-,A,A,0,NA,NA,NA,Y,Y,NA,F,25,0,0,1,0,0,0,0,0,0,-,-,NA,NA,RIVERSIDE,PERRIS,-117.23484802246094,33.851844787597656
81433813,2021,2021-03-24,3300,2021-03-07,0153,5730,920F,7,5,4,3314,0,0,0,NA,0,072,7TH ST,SAN JACINTO AVE,0,NA,Y,A,-,N,NA,NA,NA,NA,NA,NA,NA,NA,NA,Y,4,0,1,2,A,-,01,23152,A,N,B,C,A,A,H,-,C,A,0,NA,NA,NA,NA,Y,Y,A,01,0,0,1,0,0,0,0,0,0,-,-,33.78020095825195,-116.95880126953124,RIVERSIDE,SAN JACINTO,-116.9588623046875,33.78025817871094
81436587,2021,2021-03-26,3300,2021-03-19,1600,3775,602 C,5,5,6,3394,0,0,0,NA,0,MV24,GRAHAM ST,ALESSANDRO BLVD,385,S,N,A,-,N,NA,NA,NA,NA,NA,NA,NA,NA,NA,N,4,0,1,2,A,-,08,22107,NA,N,D,C,A,A,H,-,A,D,0,NA,NA,NA,NA,Y,NA,-,31,0,0,1,0,0,0,0,0,0,-,-,33.917240142822266,-117.25244140625,RIVERSIDE,MORENO VALLEY,-117.25244903564452,33.916114807128906
81437686,2021,2021-03-29,3306,2021-02-12,2003,756,NA,5,5,3,3306,0,0,0,NA,0,3306,SUSAN WAY,MESQUITE AVE,0,NA,Y,A,-,N,NA,NA,NA,NA,NA,NA,NA,NA,NA,N,3,0,1,2,A,-,10,21954,B,N,G,B,B,A,H,-,C,D,0,Y,NA,NA,NA,Y,NA,A,01,0,1,0,0,1,0,0,0,0,-,-,33.94757843017578,-116.499267578125,RIVERSIDE,DESERT HOT SPRINGS,-116.49925231933594,33.947532653808594
81441394,2021,2021-04-02,3300,2021-03-30,1438,3491,910B,2,5,5,3335,0,0,0,NA,0,TE-93,WINCHESTER RD,NICOLAS RD,1890,N,N,A,-,N,NA,NA,NA,NA,NA,NA,NA,NA,NA,Y,4,0,3,2,A,-,03,22350,NA,N,C,C,A,A,H,-,A,D,0,NA,NA,NA,NA,Y,NA,A,07,0,0,3,0,0,0,0,0,0,-,-,33.539371490478516,-117.14469146728516,RIVERSIDE,TEMECULA,-117.14331817626952,33.54434585571289
81441408,2021,2021-04-02,3300,2021-03-31,1822,5579,NA,3,5,6,3394,0,0,0,NA,0,NA,FIR AVE,DIANA LN,574,W,N,A,-,N,NA,NA,NA,NA,NA,NA,NA,NA,NA,Y,4,0,1,2,A,-,03,22350,NA,N,C,C,A,A,H,-,A,D,0,NA,NA,NA,NA,Y,NA,A,01,0,0,1,0,0,0,0,0,0,-,-,33.935428619384766,-117.23583221435548,RIVERSIDE,MORENO VALLEY,-117.23775482177734,33.93540954589844
81444762,2021,2021-04-07,3315,2021-03-09,1543,003021,15C,2,5,6,3315,0,0,0,NA,0,003,RIMPAU AV,VALENCIA RD,0,NA,Y,A,-,N,NA,NA,NA,NA,NA,NA,NA,NA,NA,Y,4,0,1,2,A,-,09,21800,A,N,D,C,A,A,H,-,A,D,0,NA,NA,NA,NA,Y,NA,-,-,0,0,1,0,0,0,0,0,0,-,-,33.832000732421875,-117.55155181884766,RIVERSIDE,CORONA,-117.55168151855467,33.83195495605469
8144555,2016,2016-12-14,3315,2016-11-10,0736,001073,1D,4,5,6,3315,0,0,0,NA,0,NA,COTA ST,RIVER RD,125,N,N,A,-,N,NA,NA,NA,NA,NA,NA,NA,NA,NA,Y,4,0,1,2,A,-,06,21750,NA,N,B,C,A,A,H,-,A,D,0,NA,NA,NA,NA,Y,NA,A,01,0,0,1,0,0,0,0,0,0,-,-,33.89252,-117.56844,RIVERSIDE,CORONA,-117.56831974,33.8926227
81448841,2021,2021-04-13,3300,2021-04-04,2227,5468,012F,7,5,4,3344,0,0,0,NA,0,064,RIVER RD,HELLMAN AVE,100,E,N,A,-,N,NA,NA,NA,NA,NA,NA,NA,NA,NA,Y,2,0,1,1,A,-,03,22350,NA,N,E,I,A,A,H,-,C,A,0,NA,NA,NA,NA,Y,Y,A,01,1,0,0,0,0,0,0,0,0,-,-,NA,NA,RIVERSIDE,EASTVALE,-117.61066436767578,33.931793212890625
81454792,2021,2021-04-21,3349,2021-02-18,1813,336,NA,4,5,5,3341,0,0,0,NA,0,004,MCCALL BLVD,SUN CITY BLVD,0,NA,Y,A,-,N,NA,NA,NA,NA,NA,NA,NA,NA,NA,N,4,0,1,2,A,-,12,21453,A,N,D,C,A,A,H,-,C,A,0,NA,NA,NA,Y,Y,NA,F,21,0,0,1,0,0,0,0,0,0,-,-,33.715248107910156,-117.1940689086914,RIVERSIDE,MENIFEE,-117.19406127929688,33.715179443359375
81456652,2021,2021-04-23,3300,2021-01-01,1914,5447,NA,5,5,6,3345,0,0,0,NA,0,NA,RUBIDOUX BL,26TH ST,0,NA,Y,A,-,N,NA,NA,NA,NA,NA,NA,NA,NA,NA,Y,1,1,2,2,A,-,01,23152,F,N,D,C,A,A,H,-,C,A,0,NA,NA,NA,NA,Y,NA,A,01,0,1,1,0,0,0,0,0,0,-,-,34.012210845947266,-117.39337158203124,RIVERSIDE,JURUPA VALLEY,-117.39337921142578,34.012367248535156
81456661,2021,2021-04-23,3300,2021-03-16,1335,4449,002U,2,5,6,3345,0,0,0,NA,0,024,LIMONITE AV,ARCHER ST,0,NA,Y,A,-,N,NA,NA,NA,NA,NA,NA,NA,NA,NA,Y,4,0,2,2,A,-,08,22107,NA,N,D,D,A,A,H,-,A,D,0,NA,NA,NA,NA,Y,NA,A,01,0,0,2,0,0,0,0,0,0,-,-,33.97581100463867,-117.47879028320313,RIVERSIDE,JURUPA VALLEY,-117.47874450683594,33.97554016113281
81456694,2021,2021-04-23,3300,2021-04-20,1942,5397,905K,2,5,4,3307,0,0,0,NA,0,094,MACHADO ST,WOODCREST DR,86,N,N,A,-,N,NA,NA,NA,NA,NA,NA,NA,NA,NA,N,3,0,1,1,A,-,08,22107,NA,N,E,I,A,A,H,-,C,D,0,NA,NA,Y,NA,Y,NA,C,02,0,1,0,0,0,0,0,0,1,-,-,33.68833923339844,-117.37558746337892,RIVERSIDE,LAKE ELSINORE,-117.37599182128906,33.68642807006836
81456835,2021,2021-04-23,3315,2021-04-15,1319,004274,3H,4,5,6,3315,0,0,0,NA,0,002,SIXTH ST,EL SOBRANTE RD,403,E,N,A,-,N,NA,NA,NA,NA,NA,NA,NA,NA,NA,Y,3,0,2,2,A,-,07,21658,A,N,B,C,A,A,H,-,A,D,0,NA,NA,NA,NA,Y,NA,D,22,0,2,0,0,0,0,0,0,0,-,-,33.87419891357422,-117.54606628417967,RIVERSIDE,CORONA,-117.5447998046875,33.87422561645508
8145688,2016,2016-10-18,3315,2016-10-05,1919,002661,5A,3,5,6,3315,0,0,0,NA,0,001,6TH ST,SMITH AV,75,W,N,A,-,N,NA,NA,NA,NA,NA,NA,NA,NA,NA,N,4,0,1,2,A,-,03,22350,NA,N,C,C,A,A,H,-,C,D,0,NA,NA,NA,NA,Y,NA,-,NA,0,0,1,0,0,0,0,0,0,-,-,33.87845,-117.59447,RIVERSIDE,CORONA,-117.59465463,33.87841482
81458863,2021,2021-04-27,3300,2021-04-16,2209,5059,603 B,5,5,6,3394,0,0,0,NA,0,MV34,PERRIS BLVD,MODULAR WAY,75,S,N,A,-,N,NA,NA,NA,NA,NA,NA,NA,NA,NA,Y,3,0,1,1,A,-,08,22107,NA,N,E,I,A,A,H,-,C,D,0,NA,NA,NA,NA,Y,Y,A,01,0,1,0,0,0,0,0,0,0,-,-,33.86915969848633,-117.22601318359376,RIVERSIDE,MORENO VALLEY,-117.2260513305664,33.868953704833984
8145928,2016,2016-10-18,3300,2016-08-26,0648,4254,905K,5,5,4,3307,0,0,0,NA,0,094,LAKE SHORE DR,WILSON ST,0,NA,Y,A,-,N,NA,NA,NA,NA,NA,NA,NA,NA,NA,Y,2,0,2,2,A,-,09,21802,A,N,D,-,A,A,H,-,A,A,0,NA,NA,Y,NA,Y,NA,A,01,1,1,0,0,0,0,0,0,1,-,-,NA,NA,RIVERSIDE,LAKE ELSINORE,-117.37450005,33.68946004
81459848,2021,2021-04-28,3300,2021-03-27,1046,5725,916D,6,5,4,3312,0,0,0,NA,0,034,4TH ST,PARK AVE,30,E,N,A,-,Y,NA,NA,NA,NA,NA,NA,NA,NA,NA,Y,4,0,3,4,A,-,03,22350,NA,N,C,C,A,A,H,-,A,D,0,NA,NA,NA,Y,Y,NA,F,26,0,0,3,0,0,0,0,0,0,-,-,NA,NA,RIVERSIDE,PERRIS,-117.23683166503906,33.78234100341797
81465722,2021,2021-05-05,3300,2021-04-22,1646,5698,012C,4,5,4,3344,0,0,0,NA,0,065,CITRUS ST,GRANJA VISTA DEL RIO,575,E,N,A,-,N,NA,NA,NA,NA,NA,NA,NA,NA,NA,Y,4,0,2,2,A,-,03,22350,NA,N,C,C,A,A,H,-,A,A,0,NA,NA,NA,NA,Y,NA,A,01,0,0,2,0,0,0,0,0,0,-,-,33.951499938964844,-117.57080841064452,RIVERSIDE,EASTVALE,-117.56907653808594,33.9517936706543
81468339,2021,2021-05-10,3300,2021-05-06,1632,N4187,916C,4,5,4,3312,0,0,0,NA,0,034,SH-74,PARK AVE,0,NA,Y,A,-,N,NA,NA,NA,NA,NA,NA,NA,NA,NA,N,4,0,1,2,A,-,09,21802,A,N,D,C,A,A,H,-,A,A,0,NA,NA,NA,NA,Y,NA,D,22,0,0,1,0,0,0,0,0,0,-,-,33.782371520996094,-117.23693084716795,RIVERSIDE,PERRIS,-117.23693,33.78234
81468505,2021,2021-05-10,3315,2021-04-30,1542,004204,13D,5,5,6,3315,0,0,0,NA,0,003,ONTARIO AV,CALIFORNIA AV,61,W,N,A,-,N,NA,NA,NA,NA,NA,NA,NA,NA,NA,Y,4,0,1,3,A,-,08,22107,NA,N,C,C,A,A,H,-,A,A,0,NA,NA,NA,NA,Y,NA,A,01,0,0,1,0,0,0,0,0,0,-,-,33.84645080566406,-117.53919219970705,RIVERSIDE,CORONA,-117.53934478759766,33.846439361572266
81469657,2021,2021-05-11,3300,2021-02-15,1745,5029,602 D,1,5,6,3394,0,0,0,NA,0,MV24,SUNNYMEAD BLVD,PERRIS BLVD,397,E,N,A,-,N,NA,NA,NA,NA,NA,NA,NA,NA,NA,N,4,0,1,2,A,-,11,21954,A,N,G,B,D,A,H,-,A,A,0,Y,NA,NA,Y,Y,Y,N,60,0,0,1,0,1,0,0,0,0,-,-,33.93893814086914,-117.22612762451172,RIVERSIDE,MORENO VALLEY,-117.2251434326172,33.938819885253906
81470653,2021,2021-05-12,3300,2021-05-09,1329,4940,602 A,7,5,6,3394,0,0,0,NA,0,MV24,FREDERICK ST,SUNNYMEAD BLVD,237,S,N,A,-,N,NA,NA,NA,NA,NA,NA,NA,NA,NA,Y,3,0,1,2,A,-,01,23152,B,N,C,C,A,A,H,-,A,D,0,NA,NA,NA,NA,Y,Y,A,01,0,1,0,0,0,0,0,0,0,-,-,33.93973159790039,-117.26141357421876,RIVERSIDE,MORENO VALLEY,-117.26153564453124,33.939056396484375
8147091,2016,2016-10-14,3300,2016-09-29,1310,N4815,506C,4,5,5,3341,0,0,0,NA,0,056,NEWPORT RD,AVENIDA DE CORTEZ,0,NA,Y,A,-,N,NA,NA,NA,NA,NA,NA,NA,NA,NA,Y,3,0,1,2,A,-,03,22350,NA,N,C,C,A,A,H,-,A,A,0,NA,NA,Y,NA,Y,NA,C,02,0,1,0,0,0,0,0,0,1,-,-,33.68525,-117.17974,RIVERSIDE,MENIFEE,-117.17974005,33.68503005
81471156,2020,2021-05-12,3342,2020-10-20,1143,1212,525,2,5,4,3342,0,0,0,NA,0,005,LOS ALAMOS RD,I-215 FREEWAY,0,NA,Y,A,-,N,NA,NA,NA,NA,NA,NA,NA,NA,NA,Y,4,0,2,3,A,-,03,22350,NA,N,C,C,A,A,D,-,A,A,0,NA,NA,NA,Y,Y,NA,F,26,0,0,2,0,0,0,0,0,0,-,-,NA,NA,RIVERSIDE,MURRIETA,-117.18099975585938,33.57284927368164
81471200,2020,2021-05-12,3342,2020-11-04,1030,898,381,3,5,4,3342,0,0,0,NA,0,006,MAX GILLISS BLVD,WINCHESTER RD,90,W,N,A,-,N,NA,NA,NA,NA,NA,NA,NA,NA,NA,N,4,0,2,2,A,-,03,22350,NA,N,C,C,A,A,H,-,A,A,0,NA,NA,NA,Y,Y,NA,F,26,0,0,2,0,0,0,0,0,0,-,-,33.59687042236328,-117.11820220947266,RIVERSIDE,MURRIETA,-117.1186981201172,33.59817886352539
81471217,2020,2021-05-12,3342,2020-11-13,1947,1146,218,5,5,4,3342,0,0,0,NA,0,002,JACKSON AVE,NUTMEG ST,0,NA,Y,A,-,N,NA,NA,NA,NA,NA,NA,NA,NA,NA,Y,3,0,3,3,A,-,12,21457,A,N,D,C,A,A,H,-,C,A,0,NA,NA,NA,NA,Y,NA,A,01,0,1,2,0,0,0,0,0,0,-,-,33.584808349609375,-117.21839904785156,RIVERSIDE,MURRIETA,-117.21851348876952,33.584808349609375
81471224,2020,2021-05-12,3342,2020-11-15,1245,867,417,7,5,4,3342,0,0,0,NA,0,004,MADISON AVE,LOS ALAMOS RD,40,N,N,A,-,N,NA,NA,NA,NA,NA,NA,NA,NA,NA,N,4,0,1,2,A,-,03,22350,NA,N,C,C,A,A,H,-,A,A,0,NA,NA,NA,NA,Y,NA,A,01,0,0,1,0,0,0,0,0,0,-,-,33.55781936645508,-117.20173645019533,RIVERSIDE,MURRIETA,-117.20166015625,33.55847930908203
81471238,2020,2021-05-12,3342,2020-11-20,1337,1089,500,5,5,4,3342,0,0,0,NA,0,005,LONGBRANCH AVE,RANCH HOUSE ST,0,NA,Y,A,-,N,NA,NA,NA,NA,NA,NA,NA,NA,NA,N,3,0,1,2,A,-,12,22450,A,N,D,C,A,A,H,-,A,A,0,NA,NA,NA,NA,Y,NA,A,01,0,1,0,0,0,0,0,0,0,-,-,33.587730407714844,-117.17620849609376,RIVERSIDE,MURRIETA,-117.17608642578124,33.587730407714844
81471264,2020,2021-05-12,3342,2020-12-06,1317,1214,173,7,5,4,3342,0,0,0,NA,0,001,MADISON AVE,KALMIA ST,310,S,N,A,-,N,NA,NA,NA,NA,NA,NA,NA,NA,NA,N,3,0,1,2,A,-,09,21801,A,N,D,C,A,A,H,-,A,D,0,NA,NA,Y,NA,Y,NA,A,07,0,1,0,0,0,0,0,0,1,-,-,33.563819885253906,-117.2081298828125,RIVERSIDE,MURRIETA,-117.20722198486328,33.56344985961914
81471268,2020,2021-05-12,3342,2020-12-10,1448,481,439,4,5,4,3342,0,0,0,NA,0,004,MADISON AVE,MURRIETA SPRS PLAZA,389,S,N,A,-,N,NA,NA,NA,NA,NA,NA,NA,NA,NA,Y,3,0,1,2,A,-,09,21801,A,N,D,C,A,A,H,-,A,A,0,NA,NA,NA,NA,Y,NA,A,01,0,1,0,0,0,0,0,0,0,-,-,33.55514144897461,-117.197998046875,RIVERSIDE,MURRIETA,NA,NA
81471309,2020,2021-05-12,3342,2020-12-31,1420,1089,193,4,5,4,3342,0,0,0,NA,0,001,JEFFERSON AVE,JUNIPER ST,0,NA,Y,A,-,N,NA,NA,NA,NA,NA,NA,NA,NA,NA,Y,3,0,2,2,A,-,09,21453,C,N,D,C,A,A,H,-,A,A,0,NA,NA,NA,NA,Y,NA,A,01,0,1,1,0,0,0,0,0,0,-,-,33.558719635009766,-117.20761108398438,RIVERSIDE,MURRIETA,-117.20768737792967,33.55862045288086
81471345,2021,2021-05-12,3342,2021-01-15,1850,1089,417,5,5,4,3342,0,0,0,NA,0,001,LOS ALAMOS RD,MADISON AVE,0,NA,Y,A,-,N,NA,NA,NA,NA,NA,NA,NA,NA,NA,Y,3,0,2,2,A,-,12,21453,A,N,A,C,A,A,H,-,C,A,0,NA,NA,NA,NA,Y,NA,A,01,0,1,1,0,0,0,0,0,0,-,-,33.55839157104492,-117.20146942138672,RIVERSIDE,MURRIETA,-117.20156860351563,33.55839920043945
81471438,2021,2021-05-12,3342,2021-02-28,2128,1118,315,7,5,4,3342,0,0,0,NA,0,003,MEADOWLARK LN,WHITEWOOD RD,170,N,N,A,-,N,NA,NA,NA,NA,NA,NA,NA,NA,NA,Y,3,0,1,1,A,-,03,22350,NA,N,E,I,A,A,H,-,C,D,0,NA,NA,NA,NA,Y,NA,A,01,0,1,0,0,0,0,0,0,0,-,-,33.621681213378906,-117.1617431640625,RIVERSIDE,MURRIETA,-117.16244506835938,33.6220817565918
81471440,2021,2021-05-12,3342,2021-03-02,0555,1240,364,2,5,4,3342,0,0,0,NA,0,003,CLINTON KEITH RD,WARM SPRINGS PKWY,0,NA,Y,B,-,N,NA,NA,NA,NA,NA,NA,NA,NA,NA,Y,3,0,2,2,A,-,12,21453,A,N,D,C,A,A,H,-,B,A,0,NA,NA,NA,NA,Y,NA,A,01,0,2,0,0,0,0,0,0,0,-,-,33.5979118347168,-117.16132354736328,RIVERSIDE,MURRIETA,-117.16913,33.59795
81471535,2021,2021-05-12,3342,2021-04-14,0829,1024,557,3,5,4,3342,0,0,0,NA,0,005,MURRIETA HOT SPRINGS RD,WHITEWOOD RD (W),0,NA,Y,A,-,N,NA,NA,NA,NA,NA,NA,NA,NA,NA,N,4,0,2,2,A,-,03,22350,NA,N,C,C,A,A,H,-,A,A,0,NA,NA,NA,NA,Y,NA,A,01,0,0,2,0,0,0,0,0,0,-,-,33.55366897583008,-117.16837310791016,RIVERSIDE,MURRIETA,-117.16815185546876,33.55451965332031
81471554,2021,2021-05-12,3342,2021-04-20,1440,481,351,2,5,4,3342,0,0,0,NA,0,003,CLINTON KEITH RD,RT 215 NB OFFRAMP,0,NA,Y,A,-,N,NA,NA,NA,NA,NA,NA,NA,NA,NA,Y,3,0,1,2,A,-,07,21658,A,N,B,C,A,A,H,-,A,A,0,NA,NA,NA,Y,Y,NA,A,07,0,1,0,0,0,0,0,0,0,-,-,33.59838104248047,-117.17337036132813,RIVERSIDE,MURRIETA,-117.17440032958984,33.59845733642578
81473168,2021,2021-05-14,3300,2021-05-10,1721,5228,910F,1,5,5,3335,0,0,0,NA,0,062,PROMENADE MALL NORTH,YNEZ RD,0,NA,Y,A,-,N,NA,NA,NA,NA,NA,NA,NA,NA,NA,N,4,0,1,2,A,-,03,22350,NA,N,C,C,A,A,H,-,A,A,0,NA,NA,NA,NA,Y,NA,A,01,0,0,1,0,0,0,0,0,0,-,-,33.52302932739258,-117.15834045410156,RIVERSIDE,TEMECULA,-117.15834808349608,33.52305603027344
81473173,2021,2021-05-14,3300,2021-05-12,1217,4713,910R,3,5,5,3335,0,0,0,NA,0,062,RING ROAD,VERDES LANE,249,N,N,A,-,N,NA,NA,NA,NA,NA,NA,NA,NA,NA,Y,4,0,1,2,A,-,09,21801,A,N,D,C,A,A,H,-,A,A,0,NA,NA,NA,NA,Y,NA,A,01,0,0,1,0,0,0,0,0,0,-,-,NA,NA,RIVERSIDE,TEMECULA,-117.15203857421876,33.52729034423828
81475103,2021,2021-05-18,3300,2021-03-29,0203,4867,602 A,1,5,6,3394,0,0,0,NA,0,MV22,BAY AVE,ELSWORTH ST,35,W,N,A,-,N,NA,NA,NA,NA,NA,NA,NA,NA,NA,Y,2,0,2,1,A,-,03,22350,NA,N,E,I,A,A,H,-,C,A,0,NA,NA,NA,NA,Y,NA,A,01,2,0,0,0,0,0,0,0,0,-,-,33.92063903808594,-117.2700424194336,RIVERSIDE,MORENO VALLEY,-117.27009582519533,33.920677185058594
81475118,2021,2021-05-18,3300,2021-05-14,1453,6033,602 Z,5,5,6,3394,0,0,0,NA,0,MV22,DAY ST,CAMPUS PKWY,0,NA,Y,A,-,N,NA,NA,NA,NA,NA,NA,NA,NA,NA,Y,3,0,3,2,A,-,09,21453,C,N,A,C,A,A,H,-,A,A,0,NA,NA,NA,NA,Y,NA,A,01,0,1,2,0,0,0,0,0,0,-,-,33.93769073486328,-117.27889251708984,RIVERSIDE,MORENO VALLEY,-117.27873229980467,33.937496185302734
81477183,2021,2021-05-20,3300,2021-05-13,1109,3491,910H,4,5,5,3335,0,0,0,NA,0,TE-93,30690 RANCHO CALIFORNIA ROAD,MARGARITA ROAD,196,W,N,A,-,N,NA,NA,NA,NA,NA,NA,NA,NA,NA,Y,3,0,2,2,A,-,08,22107,NA,N,A,C,A,A,H,-,A,D,0,NA,NA,NA,NA,Y,NA,A,01,0,2,0,0,0,0,0,0,0,-,-,NA,NA,RIVERSIDE,TEMECULA,-117.1252212524414,33.508182525634766
81477619,2021,2021-05-20,3315,2021-05-13,1049,004357,13A,4,5,6,3315,0,0,0,NA,0,003,ONTARIO AV,MAIN ST,0,NA,Y,A,-,N,NA,NA,NA,NA,NA,NA,NA,NA,NA,Y,4,0,3,2,A,-,09,21453,C,N,D,C,A,A,H,-,A,A,0,NA,NA,NA,NA,Y,NA,A,01,0,0,3,0,0,0,0,0,0,-,-,33.856258392333984,-117.56932830810548,RIVERSIDE,CORONA,-117.5693588256836,33.85628128051758
81477620,2021,2021-05-20,3315,2021-05-14,0741,004357,9A,5,5,6,3315,0,0,0,NA,0,002,HIDDEN VALLEY PY,VILLAGE LOOP DR,30,N,N,A,-,N,NA,NA,NA,NA,NA,NA,NA,NA,NA,Y,4,0,1,2,A,-,09,21800,A,N,D,C,A,A,H,-,A,D,0,NA,NA,NA,NA,Y,NA,A,01,0,0,1,0,0,0,0,0,0,-,-,33.897281646728516,-117.5399169921875,RIVERSIDE,CORONA,-117.53990173339844,33.8974723815918
81478465,2021,2021-05-21,3300,2021-05-18,2109,3552,916B,2,5,4,3312,0,0,0,NA,0,032,PERRIS BLVD,METZ RD,0,NA,Y,A,-,N,NA,NA,NA,NA,NA,NA,NA,NA,NA,Y,3,0,3,2,A,-,08,22107,NA,N,D,C,A,A,H,-,C,A,0,NA,NA,NA,NA,Y,NA,D,22,0,1,2,0,0,0,0,0,0,-,-,33.79386901855469,-117.22622680664063,RIVERSIDE,PERRIS,-117.2261199951172,33.79380416870117
8148102,2016,2016-10-19,3300,2016-09-24,1920,N4880,30J2,6,5,4,3318,0,0,0,NA,0,T305,DEEP CANYON DR,ALESSANDRO DR,8,S,N,A,-,N,NA,NA,NA,NA,NA,NA,NA,NA,NA,N,3,0,1,2,A,-,10,21950,A,N,G,B,B,A,H,-,D,A,0,Y,NA,NA,NA,Y,NA,A,01,0,1,0,0,1,0,0,0,0,-,-,NA,NA,RIVERSIDE,PALM DESERT,-116.36498046,33.72201811
81481500,2021,2021-05-26,3300,2021-05-24,1435,N4187,916C,1,5,4,3312,0,0,0,NA,0,034,NAVAJO RD,SHAWNEE RD,141,W,N,A,-,N,NA,NA,NA,NA,NA,NA,NA,NA,NA,N,4,0,1,2,A,-,08,22107,NA,N,B,C,A,A,H,-,A,A,0,NA,NA,NA,NA,Y,NA,A,01,0,0,1,0,0,0,0,0,0,-,-,33.784339904785156,-117.2515869140625,RIVERSIDE,PERRIS,-117.25187683105467,33.78447341918945
81485530,2021,2021-05-31,3349,2021-03-02,1541,356,NA,2,5,5,3341,0,0,0,NA,0,001,MCCALL BLVD,ENCANTO DR,366,W,N,A,-,N,NA,NA,NA,NA,NA,NA,NA,NA,NA,N,4,0,1,2,A,-,03,22350,NA,N,C,C,A,A,H,-,A,A,0,NA,NA,NA,NA,Y,NA,A,01,0,0,1,0,0,0,0,0,0,-,-,33.71500015258789,-117.18601989746094,RIVERSIDE,MENIFEE,-117.18717956542967,33.715126037597656
81485892,2021,2021-06-01,3300,2021-04-19,1648,4867,602 C,1,5,6,3394,0,0,0,NA,0,MV24,ADELINE AVE,MELINDA CT,0,NA,Y,A,-,N,NA,NA,NA,NA,NA,NA,NA,NA,NA,Y,3,0,1,1,A,-,08,22107,NA,M,E,I,A,A,H,-,A,D,0,NA,NA,NA,NA,Y,NA,A,01,0,1,0,0,0,0,0,0,0,-,-,33.93033981323242,-117.25887298583984,RIVERSIDE,MORENO VALLEY,-117.25879669189452,33.93032455444336
8148822,2016,2016-10-24,3313,2016-09-17,0829,1830,C,6,5,7,3313,0,0,0,NA,0,B317,MARGUERITA AV,MARY ST,0,NA,Y,A,-,N,NA,NA,NA,NA,NA,NA,NA,NA,NA,N,4,0,1,2,A,-,12,22450,A,N,D,C,A,A,H,-,A,A,0,NA,NA,NA,NA,Y,NA,D,22,0,0,1,0,0,0,0,0,0,-,-,33.93859,-117.39082,RIVERSIDE,RIVERSIDE,-117.39075009,33.93848004
8148834,2016,2016-10-24,3315,2016-09-13,1219,002089,2A,2,5,6,3315,0,0,0,NA,0,002,PARKRIDGE AV,HARRISON ST,0,NA,Y,A,-,N,NA,NA,NA,NA,NA,NA,NA,NA,NA,Y,3,0,3,2,A,-,09,21802,A,N,D,C,A,A,H,-,B,A,0,NA,NA,NA,Y,Y,NA,F,25,0,1,2,0,0,0,0,0,0,-,-,NA,NA,RIVERSIDE,CORONA,-117.55330012,33.88456006
81494581,2021,2021-06-11,3300,2021-06-09,1836,5228,910J,3,5,5,3335,0,0,0,NA,0,068,OLD TOWN FRONT ST,MORENO RD (N),0,NA,Y,A,-,N,NA,NA,NA,NA,NA,NA,NA,NA,NA,Y,4,0,1,2,A,-,09,21804,A,N,D,C,A,A,H,-,A,D,0,NA,NA,Y,NA,Y,NA,A,01,0,0,1,0,0,0,0,0,1,-,-,33.4984016418457,-117.15373229980467,RIVERSIDE,TEMECULA,-117.15354919433594,33.4984130859375