CASE_ID,ACCIDENT_YEAR,PROC_DATE,JURIS,COLLISION_DATE,COLLISION_TIME,OFFICER_ID,REPORTING_DISTRICT,DAY_OF_WEEK,CHP_SHIFT,POPULATION,CNTY_CITY_LOC,SPECIAL_COND,BEAT_TYPE,CHP_BEAT_TYPE,CITY_DIVISION_LAPD,CHP_BEAT_CLASS,BEAT_NUMBER,PRIMARY_RD,SECONDARY_RD,DISTANCE,DIRECTION,INTERSECTION,WEATHER_1,WEATHER_2,STATE_HWY_IND,CALTRANS_COUNTY,CALTRANS_DISTRICT,STATE_ROUTE,ROUTE_SUFFIX,POSTMILE_PREFIX,POSTMILE,LOCATION_TYPE,RAMP_INTERSECTION,SIDE_OF_HWY,TOW_AWAY,COLLISION_SEVERITY,NUMBER_KILLED,NUMBER_INJURED,PARTY_COUNT,PRIMARY_COLL_FACTOR,PCF_CODE_OF_VIOL,PCF_VIOL_CATEGORY,PCF_VIOLATION,PCF_VIOL_SUBSECTION,HIT_AND_RUN,TYPE_OF_COLLISION,MVIW,PED_ACTION,ROAD_SURFACE,ROAD_COND_1,ROAD_COND_2,LIGHTING,CONTROL_DEVICE,CHP_ROAD_TYPE,PEDESTRIAN_ACCIDENT,BICYCLE_ACCIDENT,MOTORCYCLE_ACCIDENT,TRUCK_ACCIDENT,NOT_PRIVATE_PROPERTY,ALCOHOL_INVOLVED,STWD_VEHTYPE_AT_FAULT,CHP_VEHTYPE_AT_FAULT,COUNT_SEVERE_INJ,COUNT_VISIBLE_INJ,COUNT_COMPLAINT_PAIN,COUNT_PED_KILLED,COUNT_PED_INJURED,COUNT_BICYCLIST_KILLED,COUNT_BICYCLIST_INJURED,COUNT_MC_KILLED,COUNT_MC_INJURED,PRIMARY_RAMP,SECONDARY_RAMP,LATITUDE,LONGITUDE,COUNTY,CITY,POINT_X,POINT_Y
8203302,2016,2017-01-09,3300,2016-12-09,1810,4865,012E,5,5,4,3344,0,0,0,NA,0,064,SCHLEISMAN RD,MOON FLOWER RD,5,W,N,A,-,N,NA,NA,NA,NA,NA,NA,NA,NA,NA,Y,4,0,1,2,A,-,03,22350,NA,N,C,C,A,A,H,-,C,A,0,NA,NA,NA,NA,Y,NA,A,01,0,0,1,0,0,0,0,0,0,-,-,NA,NA,RIVERSIDE,EASTVALE,-117.58879645,33.96093
82034366,2023,2023-03-31,3313,2023-02-15,1848,1499,2,3,5,7,3313,0,0,0,NA,0,M34,BLAINE ST,I 215 NB OFF/R (E),37,E,N,A,-,Y,RIV,NA,215,NA,NA,42.02,H,NA,L,Y,4,0,2,2,A,-,12,21453,A,N,A,C,A,A,H,-,C,A,0,NA,NA,NA,NA,Y,NA,A,01,0,0,2,0,0,0,0,0,0,-,-,33.98139953613281,-117.34127807617188,RIVERSIDE,RIVERSIDE,-117.34133911132813,33.98135757446289
8203447,2016,2017-02-27,3315,2016-12-01,2050,11119,13F,4,5,6,3315,0,0,0,NA,0,NA,FOOTHILL PKWY,BEDFORD CANYON RD,0,NA,Y,A,-,N,NA,NA,NA,NA,NA,NA,NA,NA,NA,Y,4,0,1,2,A,-,12,21453,A,N,D,C,A,A,H,-,C,A,0,NA,NA,NA,NA,Y,NA,A,01,0,0,1,0,0,0,0,0,0,-,-,33.83134,-117.53116,RIVERSIDE,CORONA,-117.53116,33.83134
8203510,2016,2017-01-06,3315,2016-12-26,1359,001110,NA,1,5,6,3315,0,0,0,NA,0,001,MAIN ST,PARKRIDGE AV,459,S,N,A,-,N,NA,NA,NA,NA,NA,NA,NA,NA,NA,Y,3,0,2,3,A,-,08,22107,NA,N,A,C,A,A,H,-,A,D,0,NA,NA,NA,NA,Y,NA,-,NA,0,1,1,0,0,0,0,0,0,-,-,NA,NA,RIVERSIDE,CORONA,-117.56393933,33.8918491
82035230,2022,2023-04-03,3313,2022-08-11,0223,1962,5,4,5,7,3313,0,0,0,NA,0,1R43,CALIFORNIA AV,ACACIA ST,0,NA,Y,A,-,N,NA,NA,NA,NA,NA,NA,NA,NA,NA,N,4,0,1,1,A,-,08,22107,NA,F,E,I,A,A,H,-,C,D,0,NA,NA,NA,NA,Y,NA,A,01,0,0,1,0,0,0,0,0,0,-,-,33.92612075805664,-117.45274353027344,RIVERSIDE,RIVERSIDE,-117.4526824951172,33.926048278808594
82037972,2023,2023-04-06,3300,2023-03-21,510,4449,001J,2,5,6,3345,0,0,0,NA,0,014,MISSION BL,SUNNYHILL DR (E),67,W,N,C,-,N,NA,NA,NA,NA,NA,NA,NA,NA,NA,N,2,0,1,2,A,-,11,21956,A,N,G,B,C,B,H,-,D,D,0,Y,NA,NA,NA,Y,NA,N,60,1,0,0,0,1,0,0,0,0,-,-,34.011688232421875,-117.45149993896484,RIVERSIDE,JURUPA VALLEY,-117.45497894287108,34.01176452636719
82041504,2023,2023-04-11,3300,2023-04-06,805,N4544,603 C,4,5,6,3394,0,0,0,NA,0,MV36,LASSELLE ST,DELPHINIUM AVE,18,N,N,A,-,N,NA,NA,NA,NA,NA,NA,NA,NA,NA,Y,3,0,4,2,A,-,09,21802,A,N,D,C,A,A,H,-,A,A,0,NA,NA,NA,NA,Y,NA,A,01,0,4,0,0,0,0,0,0,0,-,-,33.90650939941406,-117.20899963378906,RIVERSIDE,MORENO VALLEY,-117.2089614868164,33.90646743774414
82044797,2023,2023-04-14,3313,2023-03-26,713,1860,1,7,5,7,3313,0,0,0,NA,0,2R13,ARLINGTON AVE,MAGNOLIA AVE,0,NA,Y,A,-,N,NA,NA,NA,NA,NA,NA,NA,NA,NA,N,4,0,1,2,A,-,03,22350,NA,N,C,C,A,A,H,-,A,A,0,NA,NA,NA,NA,Y,NA,A,01,0,0,1,0,0,0,0,0,0,-,-,33.946380615234375,-117.40103912353516,RIVERSIDE,RIVERSIDE,-117.4011001586914,33.94622802734375
82045715,2023,2023-04-17,3342,2023-03-18,1452,1147,NA,6,5,4,3342,0,0,0,NA,0,005,MURRIETA HOT SPRINGS RD,WHITEWOOD RD (E),0,NA,Y,A,-,N,NA,NA,NA,NA,NA,NA,NA,NA,NA,N,4,0,1,2,A,-,08,22107,NA,N,B,C,A,A,H,-,A,A,0,NA,NA,NA,NA,Y,NA,A,01,0,0,1,0,0,0,0,0,0,-,-,33.553611755371094,-117.16815948486328,RIVERSIDE,MURRIETA,-117.16815185546876,33.55451965332031
82045725,2023,2023-04-17,3342,2023-04-10,1611,1388,337,1,5,4,3342,0,0,0,NA,0,003,CLINTON KEITH RD,VIA MADRID,530,W,N,A,-,N,NA,NA,NA,NA,NA,NA,NA,NA,NA,Y,3,0,1,3,A,-,03,22350,NA,N,C,C,A,A,H,-,A,D,0,NA,NA,NA,NA,Y,NA,A,01,0,1,0,0,0,0,0,0,0,-,-,33.59545135498047,-117.18930053710938,RIVERSIDE,MURRIETA,-117.19126129150392,33.596031188964844
82045748,2023,2023-04-17,3313,2023-03-30,1600,1830,1,4,5,7,3313,0,0,0,NA,0,T41,VAN BUREN BLVD,PHILBIN AVE,0,NA,Y,A,-,N,NA,NA,NA,NA,NA,NA,NA,NA,NA,N,4,0,1,2,A,-,10,21950,A,N,G,B,B,A,H,-,A,A,0,Y,NA,NA,NA,Y,NA,A,01,0,0,1,0,1,0,0,0,0,-,-,33.93907165527344,-117.45387268066406,RIVERSIDE,RIVERSIDE,-117.45409393310548,33.93897247314453
82045912,2023,2023-04-17,3300,2023-04-15,1052,4713,910Q,6,5,5,3335,0,0,0,NA,0,069,TEMECULA PKY,JEDEDIAH SMITH RD,0,NA,Y,A,-,N,NA,NA,NA,NA,NA,NA,NA,NA,NA,N,4,0,2,3,A,-,12,21453,A,N,D,C,A,A,H,-,A,A,0,NA,NA,NA,NA,Y,NA,A,07,0,0,2,0,0,0,0,0,0,-,-,33.47584915161133,-117.12303924560548,RIVERSIDE,TEMECULA,-117.12267303466795,33.4761848449707
82047114,2023,2023-04-18,3300,2023-04-11,1704,N7633,34C1,2,5,4,3318,0,0,0,NA,0,1T394,TAMARISK ROW DR,TUDOR LN,371,N,N,A,-,N,NA,NA,NA,NA,NA,NA,NA,NA,NA,N,4,0,1,1,A,-,01,23152,A,N,E,I,A,A,H,-,A,D,0,NA,NA,NA,NA,Y,Y,A,01,0,0,1,0,0,0,0,0,0,-,-,33.760009765625,-116.32135009765624,RIVERSIDE,PALM DESERT,-116.32122802734376,33.761146545410156
82049036,2023,2023-04-20,3306,2023-03-29,1112,2923,NA,3,5,3,3306,0,0,0,NA,0,NA,DESERT VIEW AVE,MESQUITE AVE,0,NA,Y,B,-,N,NA,NA,NA,NA,NA,NA,NA,NA,NA,N,4,0,1,2,A,-,12,22450,A,N,B,C,A,A,H,-,A,A,0,NA,NA,NA,NA,Y,NA,A,07,0,0,1,0,0,0,0,0,0,-,-,33.95780944824219,-116.4969482421875,RIVERSIDE,DESERT HOT SPRINGS,-116.49695587158205,33.95775604248047
82056150,2023,2023-04-28,3300,2023-04-12,539,5771,002W,3,5,6,3345,0,0,0,NA,0,026,ETIWANDA AV,MILKY WAY DR,0,NA,Y,A,-,N,NA,NA,NA,NA,NA,NA,NA,NA,NA,N,3,0,1,2,A,-,06,21751,NA,N,D,C,A,A,H,-,D,D,0,NA,NA,Y,Y,Y,NA,C,02,0,1,0,0,0,0,0,0,1,-,-,33.978981018066406,-117.52340698242188,RIVERSIDE,JURUPA VALLEY,-117.52340698242188,33.97886276245117
82056153,2023,2023-04-28,3300,2023-04-22,1155,N6838,002C,6,5,6,3345,0,0,0,NA,0,020,VAN BUREN BL,BELLEGRAVE AV,36,S,N,A,-,N,NA,NA,NA,NA,NA,NA,NA,NA,NA,N,4,0,1,2,A,-,03,22350,NA,F,C,C,A,A,H,-,A,A,0,NA,NA,NA,NA,Y,NA,-,99,0,0,1,0,0,0,0,0,0,-,-,34.00614929199219,-117.50273895263672,RIVERSIDE,JURUPA VALLEY,-117.50277709960938,34.00605773925781
82057267,2023,2023-05-01,3313,2023-04-12,600,2128,4,3,5,7,3313,0,0,0,NA,0,T73,VAN BUREN BLVD,91 FWY,0,NA,Y,A,-,N,NA,NA,NA,NA,NA,NA,NA,NA,NA,N,4,0,2,2,A,-,09,21802,A,N,D,C,A,A,H,-,B,A,0,NA,NA,NA,NA,Y,NA,D,22,0,0,2,0,0,0,0,0,0,-,-,NA,NA,RIVERSIDE,RIVERSIDE,NA,NA
82057722,2023,2023-05-01,3315,2023-04-14,1656,004243,3H,5,5,6,3315,0,0,0,NA,0,002,SIXTH ST,RIMPAU AVENUE,756,W,N,A,-,N,NA,NA,NA,NA,NA,NA,NA,NA,NA,N,3,0,1,2,A,-,03,22350,NA,N,C,D,A,A,H,-,A,D,0,NA,NA,NA,NA,Y,NA,A,01,0,1,0,0,0,0,0,0,0,-,-,NA,NA,RIVERSIDE,CORONA,-117.55511474609376,33.87456130981445
82059644,2023,2023-05-03,3300,2023-04-26,1509,N6297,910H,3,5,5,3335,0,0,0,NA,0,063,RANCHO CALIFORNIA RD,MARGARITA RD,526,W,N,A,-,N,NA,NA,NA,NA,NA,NA,NA,NA,NA,N,4,0,2,2,A,-,06,21755,NA,N,D,C,A,A,H,-,A,D,0,NA,NA,NA,NA,Y,NA,A,01,0,0,2,0,0,0,0,0,0,-,-,33.50783157348633,-117.12451171875,RIVERSIDE,TEMECULA,-117.12627410888672,33.508358001708984
82060702,2023,2023-05-04,3300,2023-04-28,1617,5347,916B,5,5,4,3312,0,0,0,NA,0,032,DUNLAP DR,ORANGE AVE,25,S,N,A,-,N,NA,NA,NA,NA,NA,NA,NA,NA,NA,Y,4,0,1,2,A,-,03,22350,NA,N,B,C,A,A,H,-,A,D,0,NA,NA,NA,NA,Y,NA,A,01,0,0,1,0,0,0,0,0,0,-,-,33.808101654052734,-117.19090270996094,RIVERSIDE,PERRIS,-117.1911849975586,33.81560134887695
82062876,2023,2023-05-08,3313,2023-04-21,1558,1911,5,5,5,7,3313,0,0,0,NA,0,M21,TYLER ST,MAGNOLIA AVE,300,S,N,A,-,N,NA,NA,NA,NA,NA,NA,NA,NA,NA,Y,4,0,1,2,A,-,12,21453,A,N,D,C,A,A,H,-,A,A,0,NA,NA,NA,NA,Y,NA,A,07,0,0,1,0,0,0,0,0,0,-,-,33.91143035888672,-117.46199798583984,RIVERSIDE,RIVERSIDE,-117.46099090576172,33.91127014160156
82063263,2023,2023-05-08,3313,2023-04-19,901,581,5,3,5,7,3313,0,0,0,NA,0,M25,TYLER ST,HOLE AVE,0,NA,Y,A,-,N,NA,NA,NA,NA,NA,NA,NA,NA,NA,N,3,0,1,2,A,-,12,21453,A,N,D,C,A,A,H,-,A,A,0,NA,NA,NA,NA,Y,NA,-,-,0,1,0,0,0,0,0,0,0,-,-,33.91539001464844,-117.46427154541016,RIVERSIDE,RIVERSIDE,-117.46408081054688,33.91521453857422
82065415,2023,2023-05-10,3300,2023-05-02,1853,5680,602 A,2,5,6,3394,0,0,0,NA,0,MV22,SHERMAN AVE,GRANT ST,0,NA,Y,A,-,N,NA,NA,NA,NA,NA,NA,NA,NA,NA,Y,3,0,2,2,A,-,09,21802,A,N,D,C,A,A,H,-,B,A,0,NA,NA,NA,NA,Y,NA,A,01,0,1,1,0,0,0,0,0,0,-,-,33.91891860961914,-117.27439880371094,RIVERSIDE,MORENO VALLEY,-117.27436065673828,33.918922424316406
82067275,2023,2023-05-12,3300,2023-05-07,707,5755,22C3,7,5,3,3317,0,0,0,NA,0,S22,DA VALL DR,FRANK SINATRA DR,250,N,N,A,-,N,NA,NA,NA,NA,NA,NA,NA,NA,NA,Y,3,0,1,1,A,-,08,22107,NA,N,E,I,A,A,H,-,A,D,0,NA,NA,NA,NA,Y,NA,A,01,0,1,0,0,0,0,0,0,0,-,-,33.7724609375,-116.4408721923828,RIVERSIDE,RANCHO MIRAGE,-116.44093322753906,33.773162841796875
8206905,2016,2017-01-19,3300,2016-12-15,1915,4776,001,4,5,6,3345,0,0,0,NA,0,010,RUBIDOUX BL,PRODUCTION CIR,528,N,N,C,-,N,NA,NA,NA,NA,NA,NA,NA,NA,NA,Y,3,0,2,1,A,-,08,22107,NA,N,E,J,A,B,H,-,D,D,0,NA,NA,NA,NA,Y,Y,A,07,0,1,1,0,0,0,0,0,0,-,-,34.02362,-117.38984,RIVERSIDE,JURUPA VALLEY,-117.3900264,34.02523254
82069475,2023,2023-05-16,3308,2023-04-25,1757,10914,544,2,5,5,3308,0,0,0,NA,0,SOUTH,SANDERSON AVE,STETSON AVE,0,NA,Y,A,-,N,NA,NA,NA,NA,NA,NA,NA,NA,NA,N,4,0,1,2,A,-,11,21453,D,N,G,B,B,A,H,-,A,A,0,Y,NA,NA,NA,Y,NA,N,60,0,0,1,0,1,0,0,0,0,-,-,33.72748947143555,-117.00334167480467,RIVERSIDE,HEMET,-117.00666809082033,33.7293701171875
82069477,2023,2023-05-16,3308,2023-04-26,1622,10610,NA,3,5,5,3308,0,0,0,NA,0,NORTH,ESPLANADE AVE,KIRBY ST,1370,W,N,A,-,N,NA,NA,NA,NA,NA,NA,NA,NA,NA,Y,3,0,1,2,A,-,03,22350,NA,N,C,C,A,A,H,-,D,A,0,NA,NA,NA,NA,Y,NA,A,01,0,1,0,0,0,0,0,0,0,-,-,33.77294921875,-116.9978485107422,RIVERSIDE,HEMET,-117.00250244140624,33.77279281616211
82069587,2023,2023-05-16,3313,2023-04-27,1006,1641,4,4,5,7,3313,0,0,0,NA,0,T55,DIANA AVE,BANBURY DR,0,NA,Y,A,-,N,NA,NA,NA,NA,NA,NA,NA,NA,NA,Y,3,0,1,2,A,-,09,21801,A,N,C,C,A,A,H,-,A,D,0,NA,NA,NA,NA,Y,NA,A,01,0,1,0,0,0,0,0,0,0,-,-,33.90470886230469,-117.46070861816406,RIVERSIDE,RIVERSIDE,-117.4608154296875,33.9044303894043
82070589,2023,2023-05-17,3300,2023-05-04,1553,N7725,85B1,4,5,3,3305,0,0,0,NA,0,Y85,CA-86,AVE 50,2505,W,N,A,-,Y,NA,NA,NA,NA,NA,NA,NA,NA,NA,Y,3,0,2,3,A,-,03,22350,NA,N,C,C,A,A,H,-,A,D,0,NA,NA,NA,NA,Y,NA,A,01,0,1,1,0,0,0,0,0,0,-,-,NA,NA,RIVERSIDE,COACHELLA,NA,NA
82071549,2023,2023-05-18,3311,2023-04-19,2114,16486,NA,3,5,4,3311,0,0,0,NA,0,004,GENE AUTRY TRAIL,VIA ESCUELA,908,N,N,A,G,N,NA,NA,NA,NA,NA,NA,NA,NA,NA,N,4,0,1,2,A,-,03,22350,NA,N,C,C,A,A,D,-,D,D,0,NA,NA,NA,NA,Y,NA,A,07,0,0,1,0,0,0,0,0,0,-,-,33.848358154296875,-116.50579071044922,RIVERSIDE,PALM SPRINGS,-116.50585174560548,33.85099411010742
82071550,2023,2023-05-18,3311,2023-04-21,855,16414,NA,5,5,4,3311,0,0,0,NA,0,005,BOGERT TRAIL,REDFORD ROAD,0,NA,Y,A,-,N,NA,NA,NA,NA,NA,NA,NA,NA,NA,N,3,0,1,2,A,-,21,22106,NA,N,G,B,E,A,H,-,A,D,0,Y,NA,NA,NA,Y,NA,A,01,0,1,0,0,1,0,0,0,0,-,-,33.766380310058594,-116.53048706054688,RIVERSIDE,PALM SPRINGS,-116.52989196777344,33.7667121887207
82073368,2023,2023-05-22,3300,2023-04-21,2138,6216,602 B,5,5,6,3394,0,0,0,NA,0,MV22,CENTERPOINT DR,TOWN CIR,250,E,N,A,-,N,NA,NA,NA,NA,NA,NA,NA,NA,NA,N,3,0,1,2,A,-,03,22350,NA,N,G,B,D,A,H,-,C,A,0,Y,NA,NA,NA,Y,NA,A,01,0,1,0,0,1,0,0,0,0,-,-,33.93939971923828,-117.26644897460938,RIVERSIDE,MORENO VALLEY,-117.26569366455078,33.93948745727539
82073672,2023,2023-05-22,3313,2023-05-09,1630,1222,5,2,5,7,3313,0,0,0,NA,0,M36,INDIANA AVE,VAN BUREN BLVD,524,W,N,B,-,Y,NA,NA,NA,NA,NA,NA,NA,NA,NA,Y,3,0,1,2,A,-,03,22350,NA,N,C,C,A,A,H,-,A,A,0,NA,NA,NA,NA,Y,NA,A,01,0,1,0,0,0,0,0,0,0,-,-,NA,NA,RIVERSIDE,RIVERSIDE,-117.44293212890624,33.913265228271484
82076819,2023,2023-05-25,3300,2023-05-05,1640,5347,916D,5,5,4,3312,0,0,0,NA,0,035,ETHANAC RD,MURRIETA RD,597,E,N,A,-,N,NA,NA,NA,NA,NA,NA,NA,NA,NA,Y,4,0,4,2,A,-,03,22350,NA,N,B,C,A,A,H,-,A,A,0,NA,NA,NA,NA,Y,Y,A,01,0,0,4,0,0,0,0,0,0,-,-,33.7429084777832,-117.20635986328124,RIVERSIDE,PERRIS,-117.20436096191406,33.74305725097656
82078885,2022,2023-05-26,3311,2022-10-23,0136,16343,DESER,7,5,4,3311,0,0,0,NA,0,004,VISTA CHINO,SUNRISE WAY,615,E,N,A,-,N,NA,NA,NA,NA,NA,NA,NA,NA,NA,Y,2,0,2,2,A,-,09,21801,A,N,D,C,A,A,H,-,C,D,0,NA,NA,NA,NA,Y,Y,A,01,1,1,0,0,0,0,0,0,0,-,-,33.84477996826172,-116.52590942382813,RIVERSIDE,PALM SPRINGS,-116.52590942382813,33.84487533569336
8207960,2016,2017-01-18,3300,2016-11-28,1827,4024,905L,1,5,4,3307,0,0,0,NA,0,093,RIVERSIDE DR,JOY ST,250,W,N,A,-,N,NA,NA,74,NA,NA,NA,NA,NA,NA,N,3,0,1,2,A,-,08,22107,NA,F,G,-,E,A,H,-,C,D,0,Y,NA,NA,NA,Y,NA,D,22,0,1,0,0,1,0,0,0,0,-,-,33.67995,-117.37074,RIVERSIDE,LAKE ELSINORE,-117.37075608,33.67996422
82080806,2023,2023-05-30,3300,2023-05-11,1525,6152,Y80,4,5,3,3305,0,0,0,NA,0,Y80,CESAR CHAVEZ ST,PARK LANE,68,S,N,A,-,N,NA,NA,NA,NA,NA,NA,NA,NA,NA,N,4,0,1,2,A,-,09,21804,A,N,D,C,A,A,H,-,A,D,0,NA,NA,NA,NA,Y,NA,D,22,0,0,1,0,0,0,0,0,0,-,-,NA,NA,RIVERSIDE,COACHELLA,-116.18179321289063,33.6880989074707
82080840,2023,2023-05-30,3342,2023-05-22,1500,898,608,1,5,4,3342,0,0,0,NA,0,006,VIA MIRA MOSA,ARIEL ST,201,N,N,A,-,N,NA,NA,NA,NA,NA,NA,NA,NA,NA,Y,4,0,1,2,A,-,08,22107,NA,N,D,C,A,A,H,-,A,D,0,NA,NA,NA,NA,Y,NA,A,01,0,0,1,0,0,0,0,0,0,-,-,33.57638931274414,-117.14682769775392,RIVERSIDE,MURRIETA,-117.14679718017578,33.57697296142578
82081828,2023,2023-05-31,3300,2023-05-20,1058,N7028,602 C,6,5,6,3394,0,0,0,NA,0,MV24,HEACOCK ST,IRONWOOD AVE,214,N,N,A,-,N,NA,NA,NA,NA,NA,NA,NA,NA,NA,N,4,0,2,2,A,-,09,21804,A,F,D,C,A,A,D,-,A,A,0,NA,NA,NA,NA,Y,NA,A,01,0,0,2,0,0,0,0,0,0,-,-,33.94660949707031,-117.24365234375,RIVERSIDE,MORENO VALLEY,-117.24395751953124,33.94721221923828
82082004,2023,2023-05-31,3342,2023-05-26,1456,1098,364,5,5,4,3342,0,0,0,NA,0,003,CLINTON KEITH RD,BRONCO WAY,0,NA,Y,A,-,N,NA,NA,NA,NA,NA,NA,NA,NA,NA,Y,4,0,1,2,A,-,12,21453,A,N,D,C,A,A,H,-,A,A,0,NA,NA,NA,NA,Y,NA,A,01,0,0,1,0,0,0,0,0,0,-,-,33.5979118347168,-117.16132354736328,RIVERSIDE,MURRIETA,-117.16747283935548,33.59771728515625
82084122,2023,2023-06-02,3308,2023-05-14,919,10379,556,7,5,5,3308,0,0,0,NA,0,SOUTH,STATE ST,THORNTON AVE,42,S,N,A,-,N,NA,NA,NA,NA,NA,NA,NA,NA,NA,Y,3,0,1,2,A,-,03,22350,NA,N,C,C,A,A,H,-,A,A,0,NA,NA,NA,NA,Y,NA,A,01,0,1,0,0,0,0,0,0,0,-,-,33.725730895996094,-116.97158813476563,RIVERSIDE,HEMET,-116.97152709960938,33.72563552856445
82085036,2023,2023-06-05,3311,2023-05-16,456,15919,NA,2,5,4,3311,0,0,0,NA,0,001,INDIAN CANYON DRIVE N,ROCHELLE ROAD,26,S,N,A,-,N,NA,NA,NA,NA,NA,NA,NA,NA,NA,Y,4,0,1,2,A,-,08,22107,NA,N,D,E,A,A,H,-,D,D,0,NA,NA,NA,NA,Y,NA,D,22,0,0,1,0,0,0,0,0,0,-,-,33.851009368896484,-116.54573822021484,RIVERSIDE,PALM SPRINGS,-116.54557037353516,33.8512077331543
82085139,2023,2023-06-05,3313,2023-05-18,1829,1384,2,4,5,7,3313,0,0,0,NA,0,M17,MARTIN LUTHER KING BLVD,IOWA AVE,1124,E,N,A,-,N,NA,NA,NA,NA,NA,NA,NA,NA,NA,Y,4,0,1,4,A,-,03,22350,NA,N,C,C,A,A,H,-,A,A,0,NA,NA,NA,NA,Y,NA,D,22,0,0,1,0,0,0,0,0,0,-,-,33.9665412902832,-117.33969116210938,RIVERSIDE,RIVERSIDE,-117.3362274169922,33.968170166015625
82086481,2023,2023-06-06,3300,2023-05-11,1159,N5791,001F,4,5,6,3345,0,0,0,NA,0,012,SIERRA AV,20TH ST,0,NA,Y,A,-,N,NA,NA,NA,NA,NA,NA,NA,NA,NA,Y,4,0,1,2,A,-,03,22350,NA,N,C,C,A,A,H,-,A,A,0,NA,NA,NA,NA,Y,NA,A,01,0,0,1,0,0,0,0,0,0,-,-,NA,NA,RIVERSIDE,JURUPA VALLEY,NA,NA
82086511,2023,2023-06-06,3306,2023-05-08,1724,2929,3306,1,5,3,3306,0,0,0,NA,0,NA,POMELO DR,FOXDALE ROAD,391,N,N,A,-,N,NA,NA,NA,NA,NA,NA,NA,NA,NA,N,2,0,1,2,A,-,06,21755,NA,N,D,C,A,A,H,-,A,D,0,NA,NA,Y,NA,Y,NA,C,02,1,0,0,0,0,0,0,0,1,-,-,NA,NA,RIVERSIDE,DESERT HOT SPRINGS,-116.49054718017578,33.96326446533203
82087952,2023,2023-06-07,3349,2023-02-25,1614,575,NA,6,5,5,3341,0,0,0,NA,0,003,NEWPORT RD,WESTLINK DR,0,NA,Y,C,-,Y,NA,NA,NA,NA,NA,NA,NA,NA,NA,Y,4,0,1,2,A,-,03,22350,NA,N,C,C,A,B,H,-,B,A,0,NA,NA,NA,NA,Y,Y,A,01,0,0,1,0,0,0,0,0,0,-,-,33.68513107299805,-117.1628875732422,RIVERSIDE,MENIFEE,-117.1628875732422,33.68510055541992
82088927,2023,2023-06-08,3315,2023-05-20,402,10840,6D,6,5,6,3315,0,0,0,NA,0,001,SIXTH ST,GRAND BL N (W),0,NA,Y,-,-,N,NA,NA,NA,NA,NA,NA,NA,NA,NA,Y,4,0,2,2,A,-,01,23153,A,N,D,C,A,A,H,-,C,A,0,NA,NA,Y,NA,Y,Y,C,03,0,0,2,0,0,0,0,0,1,-,-,NA,NA,RIVERSIDE,CORONA,-117.57400512695313,33.87620544433594
82089751,2023,2023-06-09,3300,2023-06-03,729,N6224,603 D,6,5,6,3394,0,0,0,NA,0,MV38,KRAMERIA AVE,SADDLEBROOK LN,40,W,N,A,-,N,NA,NA,NA,NA,NA,NA,NA,NA,NA,Y,3,0,1,2,A,-,08,22107,NA,M,B,C,A,A,H,-,A,A,0,NA,NA,NA,NA,Y,NA,-,-,0,1,0,0,0,0,0,0,0,-,-,33.88111114501953,-117.2223663330078,RIVERSIDE,MORENO VALLEY,-117.22196197509766,33.88103103637695
82089754,2023,2023-06-09,3300,2023-06-06,2053,5680,604 C,2,5,6,3394,0,0,0,NA,0,MV44,IRIS AVE,VIA DEL LAGO,0,NA,Y,A,-,N,NA,NA,NA,NA,NA,NA,NA,NA,NA,N,4,0,2,2,A,-,12,21453,A,N,A,C,A,A,H,-,C,A,0,NA,NA,NA,NA,Y,NA,A,01,0,0,2,0,0,0,0,0,0,-,-,33.895111083984375,-117.17916870117188,RIVERSIDE,MORENO VALLEY,-117.17903137207033,33.8951416015625
82090650,2023,2023-06-12,3300,2023-06-06,2013,5404,Y81,2,5,3,3305,0,0,0,NA,0,Y81,AVE 51,CHIAPAS DRIVE,47,W,N,A,-,N,NA,NA,NA,NA,NA,NA,NA,NA,NA,N,1,1,2,4,A,-,01,23152,A,N,C,C,A,A,H,-,C,D,0,NA,NA,NA,NA,Y,Y,A,01,1,1,0,0,0,0,0,0,0,-,-,NA,NA,RIVERSIDE,COACHELLA,-116.19275665283205,33.67818069458008
82090677,2023,2023-06-12,3313,2023-05-27,1315,1830,4,6,5,7,3313,0,0,0,NA,0,T41,CENTRAL AVE,WILDERNESS AVE,0,NA,Y,A,-,N,NA,NA,NA,NA,NA,NA,NA,NA,NA,Y,4,0,5,2,A,-,09,21802,A,N,D,C,A,A,H,-,A,D,0,NA,NA,NA,NA,Y,NA,A,01,0,0,5,0,0,0,0,0,0,-,-,33.956321716308594,-117.44703674316406,RIVERSIDE,RIVERSIDE,-117.44702911376952,33.95634460449219
82092196,2023,2023-06-13,3300,2023-04-25,2118,5978,81A1,2,5,3,3305,0,0,0,NA,0,Y81,CALHOUN ST,50TH AV,0,NA,Y,A,-,N,NA,NA,NA,NA,NA,NA,NA,NA,NA,N,3,0,1,2,A,-,12,21453,A,F,D,C,A,A,H,-,C,A,0,NA,NA,NA,NA,Y,NA,D,22,0,1,0,0,0,0,0,0,0,-,-,33.68544006347656,-116.20777893066406,RIVERSIDE,COACHELLA,-116.2077865600586,33.68547058105469