CASE_ID,ACCIDENT_YEAR,PROC_DATE,JURIS,COLLISION_DATE,COLLISION_TIME,OFFICER_ID,REPORTING_DISTRICT,DAY_OF_WEEK,CHP_SHIFT,POPULATION,CNTY_CITY_LOC,SPECIAL_COND,BEAT_TYPE,CHP_BEAT_TYPE,CITY_DIVISION_LAPD,CHP_BEAT_CLASS,BEAT_NUMBER,PRIMARY_RD,SECONDARY_RD,DISTANCE,DIRECTION,INTERSECTION,WEATHER_1,WEATHER_2,STATE_HWY_IND,CALTRANS_COUNTY,CALTRANS_DISTRICT,STATE_ROUTE,ROUTE_SUFFIX,POSTMILE_PREFIX,POSTMILE,LOCATION_TYPE,RAMP_INTERSECTION,SIDE_OF_HWY,TOW_AWAY,COLLISION_SEVERITY,NUMBER_KILLED,NUMBER_INJURED,PARTY_COUNT,PRIMARY_COLL_FACTOR,PCF_CODE_OF_VIOL,PCF_VIOL_CATEGORY,PCF_VIOLATION,PCF_VIOL_SUBSECTION,HIT_AND_RUN,TYPE_OF_COLLISION,MVIW,PED_ACTION,ROAD_SURFACE,ROAD_COND_1,ROAD_COND_2,LIGHTING,CONTROL_DEVICE,CHP_ROAD_TYPE,PEDESTRIAN_ACCIDENT,BICYCLE_ACCIDENT,MOTORCYCLE_ACCIDENT,TRUCK_ACCIDENT,NOT_PRIVATE_PROPERTY,ALCOHOL_INVOLVED,STWD_VEHTYPE_AT_FAULT,CHP_VEHTYPE_AT_FAULT,COUNT_SEVERE_INJ,COUNT_VISIBLE_INJ,COUNT_COMPLAINT_PAIN,COUNT_PED_KILLED,COUNT_PED_INJURED,COUNT_BICYCLIST_KILLED,COUNT_BICYCLIST_INJURED,COUNT_MC_KILLED,COUNT_MC_INJURED,PRIMARY_RAMP,SECONDARY_RAMP,LATITUDE,LONGITUDE,COUNTY,CITY,POINT_X,POINT_Y
82346936,2024,2024-03-26,3300,2024-03-01,402,6289,NA,5,5,3,3305,0,0,0,NA,0,Y81,AVE 52,DATE AVE,63,W,N,A,-,N,NA,NA,NA,NA,NA,NA,NA,NA,NA,Y,4,0,1,2,A,-,08,22107,NA,N,C,E,A,A,H,-,C,D,0,NA,NA,NA,NA,Y,NA,A,07,0,0,1,0,0,0,0,0,0,-,-,NA,NA,RIVERSIDE,COACHELLA,-116.17755889892578,33.67097091674805
82346985,2024,2024-03-26,3313,2024-03-11,1432,1499,NA,1,5,7,3313,0,0,0,NA,0,M34,TYLER ST,CYPRESS AVE,35,N,N,A,-,N,NA,NA,NA,NA,NA,NA,NA,NA,NA,N,4,0,1,2,A,-,03,22350,NA,N,C,C,A,A,H,-,A,A,0,NA,NA,NA,NA,Y,NA,D,22,0,0,1,0,0,0,0,0,0,-,-,33.94276809692383,-117.47821044921876,RIVERSIDE,RIVERSIDE,-117.47824096679688,33.942955017089844
82351888,2024,2024-04-02,3300,2024-02-27,1,5585,NA,2,5,6,3345,0,0,0,NA,0,020,CAMINO REAL,LIMONITE AV,99,S,N,C,-,N,NA,NA,NA,NA,NA,NA,NA,NA,NA,N,3,0,1,1,A,-,01,23152,A,N,E,I,A,B,H,-,C,D,0,NA,NA,NA,NA,Y,Y,A,07,0,1,0,0,0,0,0,0,0,-,-,33.97697067260742,-117.45110321044922,RIVERSIDE,JURUPA VALLEY,-117.4516143798828,33.978389739990234
82351890,2024,2024-04-02,3300,2024-03-11,2027,N6635,002V,1,5,6,3345,0,0,0,NA,0,026,ETIWANDA AV,JURUPA RD,0,NA,Y,A,-,N,NA,NA,NA,NA,NA,NA,NA,NA,NA,N,3,0,2,2,A,-,17,21457,B,N,A,C,A,A,H,-,C,A,0,NA,NA,NA,NA,Y,NA,D,22,0,1,1,0,0,0,0,0,0,-,-,33.99251174926758,-117.52339935302734,RIVERSIDE,JURUPA VALLEY,-117.52342987060548,33.99270248413086
82352159,2024,2024-04-02,3315,2024-03-26,1648,002263,10D,2,5,6,3315,0,0,0,NA,0,002,MAGNOLIA AV,ALL AMERICAN WY,40,W,N,A,-,N,NA,NA,NA,NA,NA,NA,NA,NA,NA,N,4,0,1,2,A,-,03,22350,NA,N,C,C,A,A,H,-,A,A,0,NA,NA,NA,NA,Y,NA,A,01,0,0,1,0,0,0,0,0,0,-,-,33.8698616027832,-117.53521728515624,RIVERSIDE,CORONA,-117.53540802001952,33.869789123535156
82353337,2024,2024-04-03,3311,2024-03-04,302,16436,NA,1,5,4,3311,0,0,0,NA,0,NA,PALM CANYON DRIVE E,FARRELL DRIVE,0,NA,Y,A,-,N,NA,NA,NA,NA,NA,NA,NA,NA,NA,Y,3,0,1,2,A,-,08,22107,NA,F,D,C,A,A,H,-,C,A,0,NA,NA,NA,NA,Y,Y,-,99,0,1,0,0,0,0,0,0,0,-,-,33.80146026611328,-116.51938629150392,RIVERSIDE,PALM SPRINGS,-116.51939392089844,33.80136489868164
82355438,2024,2024-04-04,3300,2024-03-27,817,N6635,012E,3,5,4,3344,0,0,0,NA,0,064,MAPLE GLEN DR,ORANGEVALE AV,0,NA,Y,A,-,N,NA,NA,NA,NA,NA,NA,NA,NA,NA,N,4,0,1,2,A,-,09,21804,A,N,D,G,A,A,H,-,A,A,0,NA,Y,NA,NA,Y,NA,M,91,0,0,1,0,0,0,1,0,0,-,-,33.959190368652344,-117.587890625,RIVERSIDE,EASTVALE,-117.58782196044922,33.95921325683594
82355446,2024,2024-04-04,3300,2024-03-21,1045,5569,901B,4,5,4,3310,0,0,0,NA,0,050,5TH ST,SIERRA AV,0,NA,Y,E,-,N,NA,NA,NA,NA,NA,NA,NA,NA,NA,Y,4,0,2,2,A,-,03,22350,NA,N,C,C,A,A,H,-,A,D,0,NA,NA,NA,NA,Y,NA,A,01,0,0,2,0,0,0,0,0,0,-,-,33.93117141723633,-117.55410003662108,RIVERSIDE,NORCO,-117.55421447753906,33.93113327026367
82355486,2024,2024-04-04,3300,2024-04-03,1302,N6519,602 A,3,5,6,3394,0,0,0,NA,0,MV22,DRACAEA AVE,ALEXIS DR,20,W,N,A,-,N,NA,NA,NA,NA,NA,NA,NA,NA,NA,N,4,0,1,2,A,-,03,22350,NA,N,C,C,A,A,H,-,A,D,0,NA,NA,NA,NA,Y,NA,A,01,0,0,1,0,0,0,0,0,0,-,-,33.928138732910156,-117.25621795654295,RIVERSIDE,MORENO VALLEY,-117.2563934326172,33.9281005859375
82355668,2024,2024-04-04,3313,2024-03-18,251,2130,1,1,5,7,3313,0,0,0,NA,0,1R15,MAGNOLIA AVE,15TH STREET,650,S,N,A,-,N,NA,NA,NA,NA,NA,NA,NA,NA,NA,N,4,0,1,2,A,-,08,22107,NA,N,C,C,A,A,H,-,C,D,0,NA,NA,NA,NA,Y,NA,J,43,0,0,1,0,0,0,0,0,0,-,-,NA,NA,RIVERSIDE,RIVERSIDE,-117.38237762451172,33.97386169433594
82357817,2024,2024-04-08,3342,2024-03-24,1617,P294,NA,7,5,4,3342,0,0,0,NA,0,005,MURRIETA HOT SPRINGS RD,I-215 FREEWAY S/B OFF RAMP,0,NA,Y,B,-,N,NA,NA,NA,NA,NA,NA,NA,NA,NA,N,4,0,1,2,A,-,12,21453,A,N,D,C,A,A,H,-,A,A,0,NA,NA,NA,NA,Y,NA,A,01,0,0,1,0,0,0,0,0,0,-,-,NA,NA,RIVERSIDE,MURRIETA,-117.18096923828124,33.55621337890625
82358013,2024,2024-04-08,3300,2024-03-23,1246,N4654,NA,6,5,5,3335,0,0,0,NA,0,062,YNEZ RD,YNEZ CT (N),63,S,N,C,-,N,NA,NA,NA,NA,NA,NA,NA,NA,NA,Y,4,0,1,2,A,-,08,22107,NA,N,B,C,A,B,H,-,A,D,0,NA,NA,NA,NA,Y,NA,A,01,0,0,1,0,0,0,0,0,0,-,-,33.51148986816406,-117.15164947509766,RIVERSIDE,TEMECULA,-117.15142822265624,33.51144027709961
82358267,2024,2024-04-08,3300,2024-03-08,2145,6324,NA,5,5,3,3305,0,0,0,NA,0,Y83,CESAR CHAVEZ ST,CAIRO ST,38,N,N,A,-,N,NA,NA,NA,NA,NA,NA,NA,NA,NA,Y,3,0,2,2,A,-,01,23152,A,N,C,C,A,A,H,-,C,D,0,NA,NA,NA,NA,Y,Y,D,22,0,2,0,0,0,0,0,0,0,-,-,33.67277145385742,-116.18161010742188,RIVERSIDE,COACHELLA,-116.18167877197266,33.672855377197266
82358294,2024,2024-04-08,3313,2024-03-22,1420,2157,NA,5,5,7,3313,0,0,0,NA,0,3R20,CENTRAL AVE,CENTRAL AVENUE,50,S,N,A,-,N,NA,NA,NA,NA,NA,NA,NA,NA,NA,Y,3,0,1,2,A,-,08,22107,NA,N,D,C,A,A,H,-,A,D,0,NA,NA,NA,NA,Y,NA,A,07,0,1,0,0,0,0,0,0,0,-,-,NA,NA,RIVERSIDE,RIVERSIDE,-122.08615112304688,38.01446914672851
82358295,2024,2024-04-08,3313,2024-03-23,1439,2084,NA,6,5,7,3313,0,0,0,NA,0,3R28,CHICAGO AVE,UNIVERSITY AVE,5,E,N,A,-,N,NA,NA,NA,NA,NA,NA,NA,NA,NA,N,3,0,1,2,A,-,10,21950,A,N,G,B,B,A,H,-,A,A,0,Y,NA,NA,NA,Y,NA,A,01,0,1,0,0,1,0,0,0,0,-,-,33.97414016723633,-117.34819793701172,RIVERSIDE,RIVERSIDE,-117.34850311279295,33.975589752197266
82359278,2024,2024-04-09,3300,2024-04-07,1039,6345,NA,7,5,6,3394,0,0,0,NA,0,NA,HEACOCK ST,GREGORY LN,0,NA,Y,A,-,N,NA,NA,NA,NA,NA,NA,NA,NA,NA,Y,3,0,5,2,A,-,12,21453,A,N,D,D,A,A,H,-,A,A,0,NA,NA,NA,NA,Y,NA,A,01,0,5,0,0,0,0,0,0,0,-,-,33.95206832885742,-117.24356079101563,RIVERSIDE,MORENO VALLEY,-117.24395751953124,33.95206832885742
82361521,2024,2024-04-11,3300,2024-03-17,130,3319,NA,7,5,6,3345,0,0,0,NA,0,024,SERENDIPITY RD,60TH ST,0,NA,Y,A,-,N,NA,NA,NA,NA,NA,NA,NA,NA,NA,Y,2,0,1,1,A,-,01,23152,A,N,E,I,A,A,H,-,D,D,0,NA,NA,Y,NA,Y,Y,C,02,1,0,0,0,0,0,0,0,1,-,-,33.97903823852539,-117.50504302978516,RIVERSIDE,JURUPA VALLEY,-117.5049285888672,33.979129791259766
82362623,2024,2024-04-12,3300,2024-04-07,1453,6186,905D,7,5,4,3307,0,0,0,NA,0,091,DIAMOND DR,LAKESHORE DR,0,NA,Y,A,-,N,NA,NA,NA,NA,NA,NA,NA,NA,NA,Y,3,0,1,1,A,-,08,22107,NA,N,E,I,A,A,H,-,A,A,0,NA,NA,Y,NA,Y,NA,C,02,0,1,0,0,0,0,0,0,1,-,-,33.65998840332031,-117.30032348632813,RIVERSIDE,LAKE ELSINORE,NA,NA
82362656,2024,2024-04-12,3300,2024-04-04,1846,N7633,38B1,4,5,4,3318,0,0,0,NA,0,T38,MONTEREY AVE,DINAH SHORE DR,406,S,N,A,-,N,NA,NA,NA,NA,NA,NA,NA,NA,NA,N,4,0,1,3,A,-,07,21658,A,N,B,C,A,A,H,-,A,A,0,NA,NA,NA,NA,Y,NA,A,01,0,0,1,0,0,0,0,0,0,-,-,NA,NA,RIVERSIDE,PALM DESERT,-116.38826751708984,33.800697326660156
82362680,2024,2024-04-12,3308,2024-01-05,1744,10515,NA,5,5,5,3308,0,0,0,NA,0,SOUTH,FLORIDA AVE,SANDERSON AVE,0,NA,Y,A,-,Y,RIV,NA,74,NA,NA,38.485,H,NA,R,N,3,0,1,2,A,-,11,21461,5,N,G,B,B,A,H,-,C,A,0,Y,NA,NA,NA,Y,NA,N,60,0,1,0,0,1,0,0,0,0,-,-,33.74739074707031,-117.00652313232422,RIVERSIDE,HEMET,-117.00652313232422,33.747371673583984
82362684,2024,2024-04-15,3308,2024-03-08,1435,10746,565,5,5,5,3308,0,0,0,NA,0,SOUTH,DOMENIGONI PKWY,SEARL PKWY,670,E,N,A,-,N,NA,NA,NA,NA,NA,NA,NA,NA,NA,N,3,0,1,2,A,-,05,21202,NA,N,D,G,A,A,H,-,A,D,0,NA,Y,NA,NA,Y,NA,L,04,0,1,0,0,0,0,1,0,0,-,-,33.70738983154297,-116.98867034912108,RIVERSIDE,HEMET,-116.98982238769533,33.70861053466797
82364904,2024,2024-04-16,3300,2024-04-04,1538,5162,NA,4,5,6,3345,0,0,0,NA,0,012,34TH ST,ARMSTRONG RD,0,NA,Y,B,-,N,NA,NA,NA,NA,NA,NA,NA,NA,NA,N,4,0,2,2,A,-,17,21451,A,N,A,C,A,A,H,-,A,A,0,NA,NA,NA,NA,Y,NA,A,07,0,0,2,0,0,0,0,0,0,-,-,34.013710021972656,-117.427001953125,RIVERSIDE,JURUPA VALLEY,-117.42813873291016,34.015419006347656
82368315,2024,2024-04-19,3300,2024-04-17,1038,4323,910K,3,5,5,3335,0,0,0,NA,0,063,RANCHO CALIFORNIA RD,RT 15 NB OFFRAMP,0,NA,Y,A,-,N,NA,NA,NA,NA,NA,NA,NA,NA,NA,Y,3,0,2,2,A,-,12,21453,A,N,D,C,A,A,H,-,A,A,0,NA,NA,NA,NA,Y,NA,A,07,0,1,1,0,0,0,0,0,0,-,-,33.50141143798828,-117.1505889892578,RIVERSIDE,TEMECULA,-117.15119934082033,33.50093460083008
82368373,2024,2024-04-19,3306,2024-03-16,138,2923,NA,6,5,3,3306,0,0,0,NA,0,NA,PALM DR,CAMINO CAMPESINO,724,S,N,B,-,N,NA,NA,NA,NA,NA,NA,NA,NA,NA,N,4,0,1,1,A,-,03,22350,NA,N,E,I,A,A,H,-,C,D,0,NA,NA,NA,NA,Y,NA,A,01,0,0,1,0,0,0,0,0,0,-,-,33.93587875366211,-116.50161743164063,RIVERSIDE,DESERT HOT SPRINGS,-116.5016632080078,33.93389892578125
82368500,2024,2024-04-19,3342,2024-04-06,1501,P1164,561,6,5,4,3342,0,0,0,NA,0,005,MURRIETA HOT SPRINGS RD,ALTA MURRIETA DR,0,NA,Y,A,-,N,NA,NA,NA,NA,NA,NA,NA,NA,NA,Y,3,0,1,2,A,-,12,21453,A,N,D,C,A,A,H,-,A,A,0,NA,NA,NA,NA,Y,NA,A,01,0,1,0,0,0,0,0,0,0,-,-,33.55570983886719,-117.17774963378906,RIVERSIDE,MURRIETA,-117.177490234375,33.55643844604492
82368533,2024,2024-04-19,3313,2024-03-15,555,2117,5,5,5,7,3313,0,0,0,NA,0,1R59,WELLS AVE,TYLER ST,0,NA,Y,B,-,N,NA,NA,NA,NA,NA,NA,NA,NA,NA,N,3,0,1,2,A,-,10,21950,A,N,G,B,B,A,H,-,B,A,0,Y,NA,NA,NA,Y,NA,D,22,0,1,0,0,1,0,0,0,0,-,-,33.92768859863281,-117.47457885742188,RIVERSIDE,RIVERSIDE,-117.47422027587892,33.92808151245117
82369214,2024,2024-04-22,3300,2024-04-06,345,6211,NA,6,5,6,3394,0,0,0,NA,0,MV14,PIGEON PASS RD,SEABROOK LN,9,W,N,A,-,N,NA,NA,NA,NA,NA,NA,NA,NA,NA,Y,3,0,2,2,A,-,01,23152,A,N,A,C,A,A,H,-,C,A,0,NA,NA,NA,NA,Y,Y,A,01,0,2,0,0,0,0,0,0,0,-,-,33.948219299316406,-117.26113891601563,RIVERSIDE,MORENO VALLEY,-117.26148986816406,33.948028564453125
82369921,2024,2024-04-22,3313,2024-03-30,1316,1830,3,6,5,7,3313,0,0,0,NA,0,T41,CANYON CREST DR,VIA ZAPATA,0,NA,Y,C,-,N,NA,NA,NA,NA,NA,NA,NA,NA,NA,Y,4,0,2,2,A,-,09,21801,A,N,D,C,A,B,H,-,A,D,0,NA,NA,NA,NA,Y,NA,A,07,0,0,2,0,0,0,0,0,0,-,-,33.950401306152344,-117.32955932617188,RIVERSIDE,RIVERSIDE,-117.32975769042967,33.95217514038086
82369946,2024,2024-04-22,3313,2024-04-09,1433,1882,1,2,5,7,3313,0,0,0,NA,0,M20,FAIRMOUNT BLVD,MISSION INN AVE,200,N,N,A,-,N,NA,NA,NA,NA,NA,NA,NA,NA,NA,Y,4,0,1,2,A,-,21,22106,NA,N,D,C,A,A,H,-,A,D,0,NA,NA,NA,Y,Y,NA,G,27,0,0,1,0,0,0,0,0,0,-,-,NA,NA,RIVERSIDE,RIVERSIDE,-117.37590026855467,33.984527587890625
82372512,2024,2024-04-23,3300,2024-04-04,1432,4765,36Q3,4,5,4,3318,0,0,0,NA,0,T36,MONTEREY AVE,FRED WARING DR,0,NA,Y,A,-,N,NA,NA,NA,NA,NA,NA,NA,NA,NA,N,4,0,2,2,A,-,09,21453,C,N,D,C,A,A,H,-,A,A,0,NA,NA,NA,NA,Y,NA,A,01,0,0,2,0,0,0,0,0,0,-,-,33.72871017456055,-116.39141845703124,RIVERSIDE,PALM DESERT,-116.39125061035156,33.728633880615234
82374587,2024,2024-04-25,3300,2024-04-22,625,N7982,NA,1,5,6,3394,0,0,0,NA,0,MV12,HIDDEN SPRINGS DR,PIGEON PASS RD (N),109,W,N,A,-,N,NA,NA,NA,NA,NA,NA,NA,NA,NA,Y,2,0,1,1,A,-,03,22350,NA,N,F,A,A,A,H,-,A,A,0,NA,NA,Y,NA,Y,NA,C,02,1,0,0,0,0,0,0,0,1,-,-,33.983360290527344,-117.26328277587892,RIVERSIDE,MORENO VALLEY,-117.26382446289063,33.98299789428711
82374632,2024,2024-04-25,3300,2024-02-09,1630,N4809,NA,5,5,4,3314,0,0,0,NA,0,074,COMMONWEALTH AVE,SAN JACINTO AVE,263,E,N,A,B,N,NA,NA,NA,NA,NA,NA,NA,NA,NA,N,4,0,1,2,A,-,09,21804,A,F,D,C,A,A,H,-,A,D,0,NA,NA,NA,NA,Y,NA,-,-,0,0,1,0,0,0,0,0,0,-,-,NA,NA,RIVERSIDE,SAN JACINTO,-116.95791625976563,33.76919937133789
82375492,2024,2024-04-26,3300,2024-04-13,1140,5952,NA,6,5,4,3310,0,0,0,NA,0,051,HAMNER AVE.,SECOND ST.,0,NA,Y,A,-,N,NA,NA,NA,NA,NA,NA,NA,NA,NA,Y,4,0,1,2,A,-,12,21453,A,N,D,C,A,A,H,-,A,A,0,NA,NA,NA,NA,Y,NA,A,01,0,0,1,0,0,0,0,0,0,-,-,NA,NA,RIVERSIDE,NORCO,-117.56114959716795,33.909488677978516
82376717,2024,2024-04-29,3342,2024-04-24,818,P1240,156,3,5,4,3342,0,0,0,NA,0,001,NIGHTHAWK WAY,WASHINGTON AVE,740,W,N,A,-,N,NA,NA,NA,NA,NA,NA,NA,NA,NA,N,4,0,1,2,A,-,11,21950,B,N,D,G,A,A,H,-,A,D,0,NA,Y,NA,NA,Y,NA,L,04,0,0,1,0,0,0,1,0,0,-,-,33.56724166870117,-117.22882080078124,RIVERSIDE,MURRIETA,-117.23061370849608,33.5657844543457
82379167,2024,2024-05-01,3349,2024-04-08,1726,493,ME100,1,5,5,3341,0,0,0,NA,0,005,MCCALL BLVD,MURRIETA RD,0,NA,Y,A,-,Y,NA,NA,NA,NA,NA,NA,NA,NA,NA,Y,4,0,1,2,A,-,12,21453,A,N,D,C,A,A,A,-,A,A,0,NA,NA,NA,NA,Y,NA,A,07,0,0,1,0,0,0,0,0,0,-,-,NA,NA,RIVERSIDE,MENIFEE,-117.20626831054688,33.71443176269531
82379901,2024,2024-05-02,3300,2024-04-03,1418,4121,NA,3,5,4,3312,0,0,0,NA,0,031,PERRIS BL,RAMONA EXPRESSWAY,0,NA,Y,A,-,N,NA,NA,NA,NA,NA,NA,NA,NA,NA,Y,3,0,1,5,A,-,01,23152,F,N,B,C,A,A,H,-,A,A,0,NA,NA,NA,NA,Y,NA,A,01,0,1,0,0,0,0,0,0,0,-,-,33.84449005126953,-117.22599792480467,RIVERSIDE,PERRIS,-117.22620391845705,33.844482421875
82381624,2024,2024-05-06,3300,2024-04-23,552,5771,012F,2,5,4,3344,0,0,0,NA,0,060,HELLMAN AVE,SHOREHAM ST,39,S,N,A,-,N,NA,NA,NA,NA,NA,NA,NA,NA,NA,Y,4,0,1,1,C,-,18,NA,NA,N,H,A,A,A,B,-,B,D,0,NA,NA,NA,NA,Y,NA,-,-,0,0,1,0,0,0,0,0,0,-,-,NA,NA,RIVERSIDE,EASTVALE,-117.61101531982422,33.94320297241211
82381787,2024,2024-05-06,3313,2024-04-20,1309,1860,NA,6,5,7,3313,0,0,0,NA,0,2R13,MAIN ST,BARTLETT AVE,0,NA,Y,A,-,N,NA,NA,NA,NA,NA,NA,NA,NA,NA,N,4,0,1,1,A,-,08,22107,NA,N,E,I,A,A,H,-,A,D,0,NA,NA,NA,NA,Y,NA,A,01,0,0,1,0,0,0,0,0,0,-,-,34.01715087890625,-117.3627471923828,RIVERSIDE,RIVERSIDE,-117.36275482177734,34.01702117919922
82383173,2024,2024-05-07,3300,2024-05-02,2014,6164,NA,4,5,6,3345,0,0,0,NA,0,024,LIMONITE AV,HUDSON ST,14,E,N,A,-,N,NA,NA,NA,NA,NA,NA,NA,NA,NA,N,4,0,5,3,A,-,03,22350,NA,N,C,C,A,A,H,-,C,D,0,NA,NA,NA,NA,Y,NA,A,01,0,0,5,0,0,0,0,0,0,-,-,33.97431945800781,-117.47927856445313,RIVERSIDE,JURUPA VALLEY,-117.4796905517578,33.97554016113281
82386357,2024,2024-05-10,3300,2024-05-03,1908,6161,NA,5,5,5,3335,0,0,0,NA,0,070,REDHAWK PKY,TEMECULA PKY,200,S,N,A,-,N,NA,NA,NA,NA,NA,NA,NA,NA,NA,N,3,0,1,2,A,-,05,21202,A,N,D,C,A,A,H,-,A,D,0,NA,Y,NA,NA,Y,NA,L,04,0,1,0,0,0,0,1,0,0,-,-,33.48017120361328,-117.10147094726563,RIVERSIDE,TEMECULA,-117.10133361816406,33.479698181152344
82386362,2024,2024-05-10,3300,2024-04-30,1329,N7114,NA,2,5,6,3345,0,0,0,NA,0,026,LIMONITE AV,TROTH ST,0,NA,Y,A,-,N,NA,NA,NA,NA,NA,NA,NA,NA,NA,Y,4,0,1,2,A,-,08,22107,NA,N,D,C,A,A,H,-,A,D,0,NA,NA,NA,NA,Y,Y,A,01,0,0,1,0,0,0,0,0,0,-,-,33.975528717041016,-117.51686096191406,RIVERSIDE,JURUPA VALLEY,-117.51673126220705,33.975467681884766
82387855,2024,2024-05-16,3313,2024-04-23,1054,1026,NA,2,5,7,3313,0,0,0,NA,0,T52,JEFFERSON ST,ORCHARD ST,30,S,N,A,-,N,NA,NA,NA,NA,NA,NA,NA,NA,NA,N,4,0,1,2,A,-,03,22350,NA,F,C,C,A,A,H,-,A,A,0,NA,NA,NA,NA,Y,NA,D,22,0,0,1,0,0,0,0,0,0,-,-,33.932708740234375,-117.4142608642578,RIVERSIDE,RIVERSIDE,-117.41390228271484,33.93359375
82387868,2024,2024-05-13,3313,2024-04-30,1043,1026,NA,2,5,7,3313,0,0,0,NA,0,T52,SPRUCE ST,RUSTIN AVE,0,NA,Y,A,-,N,NA,NA,NA,NA,NA,NA,NA,NA,NA,Y,3,0,2,2,A,-,12,22450,A,N,D,C,A,A,H,-,A,A,0,NA,NA,NA,NA,Y,NA,D,22,0,2,0,0,0,0,0,0,0,-,-,33.990230560302734,-117.33556365966795,RIVERSIDE,RIVERSIDE,-117.33551025390624,33.99017333984375
82388831,2024,2024-05-14,3300,2024-05-02,1825,N4187,NA,4,5,4,3312,0,0,0,NA,0,031,RIDER ST,INDIAN AV,0,NA,Y,A,-,N,NA,NA,NA,NA,NA,NA,NA,NA,NA,N,3,0,3,4,A,-,12,21453,A,N,D,C,A,A,H,-,B,A,0,NA,NA,NA,NA,Y,NA,A,01,0,3,0,0,0,0,0,0,0,-,-,33.830318450927734,-117.23423004150392,RIVERSIDE,PERRIS,-117.23477172851563,33.83024215698242
82393334,2024,2024-05-20,3300,2024-05-10,1651,N8437,NA,5,5,4,3310,0,0,0,NA,0,051,RIVER RD,CORYDON AV,433,S,N,A,-,N,NA,NA,NA,NA,NA,NA,NA,NA,NA,Y,3,0,1,2,A,-,08,22107,NA,N,D,C,A,A,H,-,A,D,0,NA,NA,Y,NA,Y,NA,A,07,0,1,0,0,0,0,0,0,1,-,-,33.91463851928711,-117.58834838867188,RIVERSIDE,NORCO,-117.58740997314452,33.91360855102539
82393674,2024,2024-05-20,3313,2024-05-03,1816,2227,NA,5,5,7,3313,0,0,0,NA,0,T71,JEFFERSON ST,NCL OF INDIANA AVE,0,NA,Y,A,-,N,NA,NA,NA,NA,NA,NA,NA,NA,NA,Y,4,0,2,2,A,-,12,21453,A,N,D,C,A,A,H,-,A,A,0,NA,NA,NA,NA,Y,NA,-,-,0,0,2,0,0,0,0,0,0,-,-,33.93001174926758,-117.412109375,RIVERSIDE,RIVERSIDE,-117.41178894042967,33.93098068237305
82394522,2024,2024-05-21,3300,2024-04-14,1922,5959,NA,7,5,6,3394,0,0,0,NA,0,MV36,PERRIS BLVD,CACTUS AVE,0,NA,Y,C,-,N,NA,NA,NA,NA,NA,NA,NA,NA,NA,N,4,0,2,3,A,-,08,22107,NA,N,E,I,A,B,H,-,B,A,0,NA,NA,NA,NA,Y,NA,A,01,0,0,2,0,0,0,0,0,0,-,-,33.9399299621582,-117.22644805908205,RIVERSIDE,MORENO VALLEY,-117.22633361816406,33.9100456237793
82394669,2024,2024-05-21,3300,2024-05-02,529,6365,NA,4,5,3,3392,0,0,0,NA,0,LA45,MONROE ST,60TH AV,0,NA,Y,A,-,N,NA,NA,NA,NA,NA,NA,NA,NA,NA,Y,4,0,1,2,A,-,12,22450,A,N,D,C,A,A,H,-,A,D,0,NA,NA,NA,NA,Y,NA,A,01,0,0,1,0,0,0,0,0,0,-,-,33.612850189208984,-116.23338317871094,RIVERSIDE,LA QUINTA,-116.23339080810548,33.612850189208984
82399405,2024,2024-05-28,3300,2024-05-23,2057,6164,NA,4,5,6,3345,0,0,0,NA,0,020,PEDLEY RD,GALENA ST,0,NA,Y,A,-,N,NA,NA,NA,NA,NA,NA,NA,NA,NA,Y,3,0,1,2,A,-,12,22450,A,N,D,C,A,A,H,-,C,D,0,NA,NA,NA,NA,Y,NA,A,01,0,1,0,0,0,0,0,0,0,-,-,34.004581451416016,-117.47537231445313,RIVERSIDE,JURUPA VALLEY,-117.47544860839844,34.004539489746094
82399413,2024,2024-05-28,3300,2024-04-07,19,4771,NA,7,5,6,3394,0,0,0,NA,0,MV34,PERRIS BLVD,IRIS AVE,219,N,N,A,-,N,NA,NA,NA,NA,NA,NA,NA,NA,NA,Y,3,0,2,2,A,-,03,22350,NA,F,C,C,A,A,H,-,C,D,0,NA,NA,NA,NA,Y,Y,A,07,0,2,0,0,0,0,0,0,0,-,-,33.88833999633789,-117.22621917724608,RIVERSIDE,MORENO VALLEY,-117.226318359375,33.88901138305664
82399551,2024,2024-05-28,3342,2024-05-12,1849,P1461,NA,7,5,4,3342,0,0,0,NA,0,005,MURRIETA HOT SPRINGS RD,RT 215 NB OFFRAMP,0,NA,Y,A,-,N,NA,NA,NA,NA,NA,NA,NA,NA,NA,Y,3,0,1,1,A,-,01,23152,A,N,E,I,A,A,H,-,A,A,0,NA,NA,Y,NA,Y,Y,C,02,0,1,0,0,0,0,0,0,1,-,-,33.55632019042969,-117.17913055419922,RIVERSIDE,MURRIETA,-117.18073272705078,33.55622100830078