CASE_ID,ACCIDENT_YEAR,PROC_DATE,JURIS,COLLISION_DATE,COLLISION_TIME,OFFICER_ID,REPORTING_DISTRICT,DAY_OF_WEEK,CHP_SHIFT,POPULATION,CNTY_CITY_LOC,SPECIAL_COND,BEAT_TYPE,CHP_BEAT_TYPE,CITY_DIVISION_LAPD,CHP_BEAT_CLASS,BEAT_NUMBER,PRIMARY_RD,SECONDARY_RD,DISTANCE,DIRECTION,INTERSECTION,WEATHER_1,WEATHER_2,STATE_HWY_IND,CALTRANS_COUNTY,CALTRANS_DISTRICT,STATE_ROUTE,ROUTE_SUFFIX,POSTMILE_PREFIX,POSTMILE,LOCATION_TYPE,RAMP_INTERSECTION,SIDE_OF_HWY,TOW_AWAY,COLLISION_SEVERITY,NUMBER_KILLED,NUMBER_INJURED,PARTY_COUNT,PRIMARY_COLL_FACTOR,PCF_CODE_OF_VIOL,PCF_VIOL_CATEGORY,PCF_VIOLATION,PCF_VIOL_SUBSECTION,HIT_AND_RUN,TYPE_OF_COLLISION,MVIW,PED_ACTION,ROAD_SURFACE,ROAD_COND_1,ROAD_COND_2,LIGHTING,CONTROL_DEVICE,CHP_ROAD_TYPE,PEDESTRIAN_ACCIDENT,BICYCLE_ACCIDENT,MOTORCYCLE_ACCIDENT,TRUCK_ACCIDENT,NOT_PRIVATE_PROPERTY,ALCOHOL_INVOLVED,STWD_VEHTYPE_AT_FAULT,CHP_VEHTYPE_AT_FAULT,COUNT_SEVERE_INJ,COUNT_VISIBLE_INJ,COUNT_COMPLAINT_PAIN,COUNT_PED_KILLED,COUNT_PED_INJURED,COUNT_BICYCLIST_KILLED,COUNT_BICYCLIST_INJURED,COUNT_MC_KILLED,COUNT_MC_INJURED,PRIMARY_RAMP,SECONDARY_RAMP,LATITUDE,LONGITUDE,COUNTY,CITY,POINT_X,POINT_Y
84479612,2024,2024-11-22,3315,2024-11-14,1512,004274,NA,4,5,6,3315,0,0,0,NA,0,001,MAIN ST,ELEVENTH ST,0,NA,Y,A,-,N,NA,NA,NA,NA,NA,NA,NA,NA,NA,N,4,0,1,2,A,-,09,21801,A,N,D,C,A,A,H,-,A,A,0,NA,NA,NA,NA,Y,NA,A,01,0,0,1,0,0,0,0,0,0,-,-,NA,NA,RIVERSIDE,CORONA,-117.56719970703124,33.87021255493164
84480926,2024,2024-11-25,3300,2024-10-21,1617,N7114,NA,1,5,6,3345,0,0,0,NA,0,024,EL PALOMINO DR,CAMPERO DR,194,W,N,A,-,N,NA,NA,NA,NA,NA,NA,NA,NA,NA,Y,4,0,1,2,A,-,08,22107,NA,N,C,E,A,A,H,-,A,D,0,NA,NA,NA,NA,Y,NA,A,01,0,0,1,0,0,0,0,0,0,-,-,33.98102951049805,-117.45648193359376,RIVERSIDE,JURUPA VALLEY,-117.4570083618164,33.980628967285156
84483365,2024,2024-11-26,3300,2024-11-22,1118,6489,NA,5,5,6,3394,0,0,0,NA,0,NA,HEACOCK ST,IRONWOOD AVE,216,N,N,A,-,N,NA,NA,NA,NA,NA,NA,NA,NA,NA,N,4,0,1,2,A,-,09,21804,A,N,D,C,A,A,H,-,A,D,0,NA,NA,NA,NA,Y,NA,A,07,0,0,1,0,0,0,0,0,0,-,-,33.94662094116211,-117.24388122558594,RIVERSIDE,MORENO VALLEY,-117.24395751953124,33.94721984863281
84487704,2024,2024-12-02,3300,2024-11-23,1757,6164,NA,6,5,6,3345,0,0,0,NA,0,026,JURUPA RD,RIGEL WY,0,NA,Y,B,-,N,NA,NA,NA,NA,NA,NA,NA,NA,NA,Y,4,0,1,2,A,-,09,21801,A,N,D,C,A,A,H,-,C,D,0,NA,NA,NA,NA,Y,NA,A,01,0,0,1,0,0,0,0,0,0,-,-,33.99327087402344,-117.52941131591795,RIVERSIDE,JURUPA VALLEY,-117.52937316894533,33.993370056152344
84489896,2024,2024-12-03,3349,2024-11-05,1013,492,NA,2,5,5,3341,0,0,0,NA,0,003,MENIFEE RD,ROCKPORT RD,10,N,N,A,-,N,NA,NA,NA,NA,NA,NA,NA,NA,NA,N,4,0,1,2,A,-,05,21650,1,N,H,G,A,A,H,-,A,A,0,NA,Y,NA,NA,Y,NA,M,91,0,0,1,0,0,0,1,0,0,-,-,33.683250427246094,-117.15386199951172,RIVERSIDE,MENIFEE,-117.15383911132813,33.68327713012695
84492967,2024,2024-12-05,3342,2024-12-01,1548,P1389,NA,7,5,4,3342,0,0,0,NA,0,002,CLINTON KEITH RD,NUTMEG ST,0,NA,Y,A,-,N,NA,NA,NA,NA,NA,NA,NA,NA,NA,Y,2,0,3,2,A,-,09,21801,A,N,D,C,A,A,A,H,A,A,0,NA,NA,NA,NA,Y,NA,A,01,1,2,0,0,0,0,0,0,0,-,-,33.59587860107422,-117.20401763916016,RIVERSIDE,MURRIETA,-117.20398712158205,33.595909118652344
84494182,2024,2024-12-09,3300,2024-10-23,1313,4867,NA,3,5,6,3394,0,0,0,NA,0,MV42,DELPHINIUM AVE,WILLOW LEAF RD,147,W,N,A,-,N,NA,NA,NA,NA,NA,NA,NA,NA,NA,Y,2,0,1,2,A,-,01,23152,A,N,A,E,A,A,H,-,A,D,0,NA,NA,NA,NA,Y,Y,A,01,1,0,0,0,0,0,0,0,0,-,-,33.907569885253906,-117.18356323242188,RIVERSIDE,MORENO VALLEY,-117.18380737304688,33.907562255859375
84495378,2024,2024-12-09,3300,2024-12-04,1312,N8467,NA,3,5,6,3394,0,0,0,NA,0,NA,COTTONWOOD AVE,NASON ST,0,NA,Y,A,-,N,NA,NA,NA,NA,NA,NA,NA,NA,NA,Y,3,0,1,2,A,-,03,22350,NA,N,C,C,A,A,H,-,A,A,0,NA,NA,NA,Y,Y,NA,F,21,0,1,0,0,0,0,0,0,0,-,-,33.924560546875,-117.19140625,RIVERSIDE,MORENO VALLEY,-117.19165802001952,33.924617767333984
84495673,2024,2024-12-09,3313,2024-11-08,917,1686,NA,5,5,7,3313,0,0,0,NA,0,T58,ARLINGTON AVE,MC MAHON ST,0,NA,Y,A,-,N,NA,NA,NA,NA,NA,NA,NA,NA,NA,N,4,0,2,2,A,-,09,21801,A,N,D,C,A,A,H,-,A,D,0,NA,NA,NA,NA,Y,NA,A,01,0,0,2,0,0,0,0,0,0,-,-,33.94511032104492,-117.3835906982422,RIVERSIDE,RIVERSIDE,-117.38346099853516,33.94636154174805
84495693,2024,2024-12-09,3313,2024-11-12,1250,2219,NA,2,5,7,3313,0,0,0,NA,0,T75,MISSION INN AVE,ORANGE ST,80,W,N,A,-,N,NA,NA,NA,NA,NA,NA,NA,NA,NA,N,3,0,1,2,A,-,21,22106,NA,N,D,G,A,A,H,-,A,D,0,NA,Y,NA,NA,Y,NA,A,01,0,1,0,0,0,0,1,0,0,-,-,33.98236083984375,-117.37271881103516,RIVERSIDE,RIVERSIDE,-117.37283325195313,33.982486724853516
84499513,2024,2025-01-24,3300,2024-11-23,359,6255,NA,6,5,3,3305,0,0,0,NA,0,Y81,CESAR CHAVEZ ST,PARK LN,0,NA,Y,A,-,N,NA,NA,NA,NA,NA,NA,NA,NA,NA,Y,1,1,0,1,A,-,01,23152,A,N,E,I,A,A,H,-,C,A,0,NA,NA,NA,NA,Y,Y,A,01,0,0,0,0,0,0,0,0,0,-,-,33.68955993652344,-116.1822509765625,RIVERSIDE,COACHELLA,-116.1818389892578,33.68827819824219
84502537,2024,2024-12-13,3300,2024-12-04,1600,6161,NA,3,5,5,3335,0,0,0,NA,0,068,MERCEDES ST,2ND ST,108,N,N,A,-,N,NA,NA,NA,NA,NA,NA,NA,NA,NA,N,4,0,1,2,A,-,11,21950,B,N,G,B,D,A,H,-,A,D,0,Y,NA,NA,NA,Y,NA,N,60,0,0,1,0,1,0,0,0,0,-,-,NA,NA,RIVERSIDE,TEMECULA,-117.146240234375,33.49311828613281
84502549,2024,2024-12-13,3300,2024-10-02,1418,4024,NA,3,5,4,3307,0,0,0,NA,0,093,RIVERSIDE DR,WALNUT DR,50,W,N,A,-,Y,RIV,NA,74,NA,NA,13.983,H,NA,R,Y,3,0,2,2,A,-,03,22350,NA,N,C,C,A,A,H,-,A,D,0,NA,NA,NA,NA,Y,NA,A,01,0,1,1,0,0,0,0,0,0,-,-,33.68212890625,-117.36875152587892,RIVERSIDE,LAKE ELSINORE,-117.36874389648438,33.682125091552734
84503920,2024,2024-12-16,3300,2024-11-11,1810,N4544,NA,1,5,6,3345,0,0,0,NA,0,022,ETIWANDA AV,VAN BUREN BL,29,N,N,A,-,N,NA,NA,NA,NA,NA,NA,NA,NA,NA,Y,3,0,1,3,A,-,01,23152,A,N,A,C,A,A,H,-,C,A,0,NA,NA,NA,Y,Y,Y,A,01,0,1,0,0,0,0,0,0,0,-,-,34.01551818847656,-117.52333831787108,RIVERSIDE,JURUPA VALLEY,-117.52451324462892,34.01654052734375
84510971,2024,2024-12-20,3300,2024-12-13,1850,6164,NA,5,5,6,3345,0,0,0,NA,0,014,RIVERVIEW DR,MISSION BL,10,S,N,A,-,N,NA,NA,NA,NA,NA,NA,NA,NA,NA,N,3,0,1,2,A,-,10,21950,A,N,G,B,B,A,H,-,C,A,0,Y,NA,NA,NA,Y,NA,D,22,0,1,0,0,1,0,0,0,0,-,-,33.99787139892578,-117.41143798828124,RIVERSIDE,JURUPA VALLEY,-117.4125518798828,33.99964904785156
84511130,2024,2024-12-20,3300,2024-12-15,925,N3605,NA,7,5,3,3392,0,0,0,NA,0,LA43,EISENHOWER DR,CALLE TEMECULA,213,N,N,A,-,N,NA,NA,NA,NA,NA,NA,NA,NA,NA,Y,3,0,1,2,A,-,21,22106,NA,N,C,C,A,A,H,-,A,D,0,NA,NA,NA,NA,Y,NA,A,01,0,1,0,0,0,0,0,0,0,-,-,33.65251922607422,-116.3081512451172,RIVERSIDE,LA QUINTA,-116.30809783935548,33.65310287475586
8451128,2017,2017-10-28,3315,2017-09-27,0044,002628,10C,3,5,6,3315,0,0,0,NA,0,002,MCKINLEY ST,SAMPSON AV,116,S,N,A,-,N,NA,NA,NA,NA,NA,NA,NA,NA,NA,Y,4,0,1,2,A,-,-,NA,NA,N,C,E,A,-,D,-,C,D,0,NA,NA,NA,NA,Y,Y,-,NA,0,0,1,0,0,0,0,0,0,-,-,NA,NA,RIVERSIDE,CORONA,-117.51595578,33.88399709
84512366,2024,2024-12-23,3300,2024-11-20,1726,6201,NA,3,5,6,3394,0,0,0,NA,0,MV22,DRACAEA AVE,ELSWORTH ST,21,W,N,A,-,N,NA,NA,NA,NA,NA,NA,NA,NA,NA,Y,4,0,2,2,A,-,12,22450,A,N,D,C,A,A,H,-,C,A,0,NA,NA,NA,NA,Y,NA,A,01,0,0,2,0,0,0,0,0,0,-,-,33.92784881591797,-117.27001953125,RIVERSIDE,MORENO VALLEY,-117.27014923095705,33.92787170410156
84512446,2024,2024-12-23,3342,2024-12-11,650,P1288,NA,3,5,4,3342,0,0,0,NA,0,003,CLINTON KEITH RD,RT 215 NB OFFRAMP,0,NA,Y,A,-,N,NA,NA,NA,NA,NA,NA,NA,NA,NA,N,3,0,2,2,A,-,12,21453,A,N,D,C,A,A,H,-,A,A,0,NA,NA,NA,NA,Y,NA,A,01,0,1,1,0,0,0,0,0,0,-,-,33.597469329833984,-117.17301177978516,RIVERSIDE,MURRIETA,-117.17440032958984,33.59845733642578
84512447,2024,2024-12-23,3342,2024-12-11,1300,P1288,NA,3,5,4,3342,0,0,0,NA,0,003,CLINTON KEITH RD,TOULON DR,77,W,N,A,-,N,NA,NA,NA,NA,NA,NA,NA,NA,NA,N,4,0,1,2,A,-,03,22350,NA,N,C,C,A,A,H,-,A,A,0,NA,NA,NA,NA,Y,NA,A,01,0,0,1,0,0,0,0,0,0,-,-,33.5961799621582,-117.18952941894533,RIVERSIDE,MURRIETA,-117.18978881835938,33.59619140625
84512882,2024,2024-12-23,3313,2024-12-07,1634,1881,NA,6,5,7,3313,0,0,0,NA,0,3R18,MARKET ST,FIRST ST,0,NA,Y,A,-,N,NA,NA,NA,NA,NA,NA,NA,NA,NA,N,3,0,2,2,A,-,08,22107,NA,N,A,C,A,A,H,-,C,A,0,NA,NA,NA,NA,Y,NA,A,07,0,1,1,0,0,0,0,0,0,-,-,NA,NA,RIVERSIDE,RIVERSIDE,-117.37120056152344,33.98928451538086
84514347,2024,2024-12-24,3300,2024-12-23,1034,4323,NA,1,5,5,3335,0,0,0,NA,0,063,RANCHO VISTA RD,MARGARITA RD,200,E,N,B,-,N,NA,NA,NA,NA,NA,NA,NA,NA,NA,N,3,0,1,1,A,-,03,22350,NA,N,E,I,A,A,H,-,A,D,0,NA,Y,NA,NA,Y,NA,L,04,0,1,0,0,0,0,1,0,0,-,-,33.501609802246094,-117.12027740478516,RIVERSIDE,TEMECULA,-117.1198959350586,33.502197265625
84514405,2024,2024-12-24,3308,2024-10-08,1651,11046,NA,2,5,5,3308,0,0,0,NA,0,NORTH,GILBERT ST,LATHAM AVE,0,NA,Y,A,-,N,NA,NA,NA,NA,NA,NA,NA,NA,NA,Y,3,0,2,2,A,-,09,21800,D,N,D,C,A,A,H,-,A,A,0,NA,NA,NA,NA,Y,NA,A,01,0,2,0,0,0,0,0,0,0,-,-,NA,NA,RIVERSIDE,HEMET,-116.97604370117188,33.749332427978516
84515883,2024,2025-06-25,3300,2024-12-23,1405,N1673,NA,1,5,4,3318,0,0,0,NA,0,T36,PORTOLA AVE,SILVER SANDS PKWY,55,S,N,A,-,N,NA,NA,NA,NA,NA,NA,NA,NA,NA,Y,4,0,1,3,A,-,21,22106,NA,N,C,C,A,A,H,-,A,A,0,NA,NA,NA,NA,Y,Y,E,22,0,0,1,0,0,0,0,0,0,-,-,33.7524299621582,-116.37386322021484,RIVERSIDE,PALM DESERT,-116.3737335205078,33.752349853515625
84517383,2024,2024-12-27,3300,2024-11-15,1438,N8437,NA,5,5,4,3310,0,0,0,NA,0,050,DETROIT ST,HAMNER AV,227,E,N,A,-,N,NA,NA,NA,NA,NA,NA,NA,NA,NA,N,4,0,1,2,A,-,08,22107,NA,N,D,C,A,A,H,-,A,D,0,NA,NA,NA,NA,Y,NA,A,07,0,0,1,0,0,0,0,0,0,-,-,33.942100524902344,-117.55799865722656,RIVERSIDE,NORCO,-117.55747985839844,33.94203186035156
84517426,2024,2024-12-27,3300,2024-12-21,1823,N7633,NA,6,5,4,3318,0,0,0,NA,0,T36,FRED WARING DR,MONTEREY AVE,265,E,N,A,-,N,NA,NA,NA,NA,NA,NA,NA,NA,NA,N,4,0,1,2,A,-,03,22350,NA,N,C,C,A,A,A,H,A,A,0,NA,NA,NA,NA,Y,NA,A,01,0,0,1,0,0,0,0,0,0,-,-,33.728721618652344,-116.39122009277344,RIVERSIDE,PALM DESERT,-116.390380859375,33.7286491394043
84518671,2024,2024-12-30,3300,2024-09-28,2218,3319,NA,6,5,6,3345,0,0,0,NA,0,020,MISSION BL,PYRITE ST,0,NA,Y,A,-,N,NA,NA,NA,NA,NA,NA,NA,NA,NA,Y,3,0,2,2,A,-,01,23152,A,F,A,C,A,A,H,-,C,A,0,NA,NA,NA,NA,Y,Y,A,01,0,2,0,0,0,0,0,0,0,-,-,34.01041030883789,-117.46128845214844,RIVERSIDE,JURUPA VALLEY,-117.46236419677734,34.011802673339844
84520804,2024,2024-12-31,3300,2024-10-11,232,3319,NA,5,5,6,3345,0,0,0,NA,0,026,ETIWANDA AV,BELLEGRAVE AV,0,NA,Y,A,-,N,NA,NA,NA,NA,NA,NA,NA,NA,NA,Y,2,0,1,2,A,-,01,23152,A,N,D,C,A,A,H,-,C,A,0,NA,NA,NA,NA,Y,Y,A,01,1,0,0,0,0,0,0,0,0,-,-,33.99864959716797,-117.52306365966795,RIVERSIDE,JURUPA VALLEY,-117.5239715576172,33.999427795410156
84522328,2024,2025-02-24,3300,2024-08-27,401,6417,NA,2,5,6,3394,0,0,0,NA,0,MV22,FREDERICK ST,EUCALYPTUS AVE,0,NA,Y,A,-,N,NA,NA,NA,NA,NA,NA,NA,NA,NA,N,4,0,1,2,A,-,12,21453,A,N,A,C,A,A,H,-,C,A,0,NA,NA,NA,NA,Y,NA,A,07,0,0,1,0,0,0,0,0,0,-,-,33.93156051635742,-117.26145935058594,RIVERSIDE,MORENO VALLEY,-117.26140594482422,33.93150329589844
84522700,2024,2025-01-02,3300,2024-12-29,2147,5978,NA,7,5,3,3392,0,0,0,NA,0,LA41,WASHINGTON ST,HWY 111,0,NA,Y,A,-,N,NA,NA,NA,NA,NA,NA,NA,NA,NA,N,2,0,1,2,A,-,10,21950,A,N,G,B,B,A,H,-,C,A,0,Y,NA,NA,NA,Y,NA,A,07,1,0,0,0,1,0,0,0,0,-,-,33.71514892578125,-116.29502868652344,RIVERSIDE,LA QUINTA,-116.29499053955078,33.71527862548828
84527656,2025,2025-01-07,3300,2025-01-03,1130,4867,NA,5,5,6,3394,0,0,0,NA,0,MV22,EDGEMONT ST,COTTONWOOD AVE,0,NA,Y,B,-,N,NA,NA,NA,NA,NA,NA,NA,NA,NA,Y,3,0,1,2,A,-,09,21802,A,N,D,C,A,A,H,-,A,A,0,NA,NA,NA,NA,Y,NA,D,22,0,1,0,0,0,0,0,0,0,-,-,33.92416000366211,-117.28341674804688,RIVERSIDE,MORENO VALLEY,-117.28337097167967,33.92411422729492
84529123,2024,2025-01-08,3300,2024-09-20,1259,6420,NA,5,5,3,3337,0,0,0,NA,0,NA,RAILROAD CANYON RD,TOWN CENTER WEST,30,W,N,A,-,N,NA,NA,NA,NA,NA,NA,NA,NA,NA,N,4,0,1,2,A,-,07,21658,A,N,B,C,A,A,H,-,A,D,0,NA,NA,NA,NA,Y,NA,A,01,0,0,1,0,0,0,0,0,0,-,-,NA,NA,RIVERSIDE,CANYON LAKE,-117.25448608398438,33.673404693603516
84529244,2024,2025-01-08,3300,2024-12-21,1257,3618,NA,6,5,4,3314,0,0,0,NA,0,070,SANDERSON AVE,RAMONA EXPY (W),85,N,N,A,-,Y,NA,NA,NA,NA,NA,NA,NA,NA,NA,N,4,0,1,2,A,-,04,21703,NA,N,C,C,A,A,H,-,A,A,0,NA,NA,NA,NA,Y,NA,D,22,0,0,1,0,0,0,0,0,0,-,-,NA,NA,RIVERSIDE,SAN JACINTO,-117.00359344482422,33.82378387451172
84532561,2024,2025-01-10,3313,2024-09-12,812,2112,NA,4,5,7,3313,0,0,0,NA,0,1R37,VAN BUREN BLVD,CA-91 WEST OFF RAMP,20,E,N,A,-,N,NA,NA,NA,NA,NA,NA,NA,NA,NA,N,3,0,2,2,A,-,08,22107,NA,F,B,C,A,A,H,-,C,A,0,NA,NA,NA,NA,Y,NA,A,01,0,2,0,0,0,0,0,0,0,-,-,NA,NA,RIVERSIDE,RIVERSIDE,-117.44200134277344,33.9148063659668
8453289,2017,2017-09-26,3300,2017-09-05,2025,3613,506E,2,5,5,3341,0,0,0,NA,0,056,NEWPORT RD,BRADLEY RD,25,E,N,A,-,N,NA,NA,NA,NA,NA,NA,NA,NA,NA,N,4,0,1,2,A,-,03,22350,NA,M,C,C,A,A,H,-,C,A,0,NA,NA,NA,NA,Y,NA,A,01,0,0,1,0,0,0,0,0,0,-,-,33.68488,-117.18837,RIVERSIDE,MENIFEE,-117.18851808,33.68502
84534475,2024,2025-01-13,3313,2024-12-13,110,2117,NA,5,5,7,3313,0,0,0,NA,0,1R21,LIME ST,MISSION INN AVE,0,NA,Y,A,-,N,NA,NA,NA,NA,NA,NA,NA,NA,NA,Y,3,0,1,2,A,-,01,23152,B,N,A,C,A,A,H,-,C,A,0,NA,NA,NA,NA,Y,Y,A,01,0,1,0,0,0,0,0,0,0,-,-,33.98128128051758,-117.37045288085938,RIVERSIDE,RIVERSIDE,-117.37035369873048,33.981292724609375
84536515,2024,2025-01-14,3313,2024-01-02,1727,2231,NA,2,5,7,3313,0,0,0,NA,0,T78,INDIANA AVE,JACKSON ST,144,E,N,A,-,N,NA,NA,NA,NA,NA,NA,NA,NA,NA,N,4,0,1,2,A,-,11,21954,A,M,G,B,D,A,H,-,A,A,0,Y,NA,NA,NA,Y,NA,N,60,0,0,1,0,1,0,0,0,0,-,-,33.91756820678711,-117.4345474243164,RIVERSIDE,RIVERSIDE,-117.4336395263672,33.918556213378906
8453855,2017,2017-10-16,3313,2017-08-31,1502,1876,4,4,5,7,3313,0,0,0,NA,0,T71,HARRISON ST,BUNGALOW WY,235,S,N,B,G,N,NA,NA,NA,NA,NA,NA,NA,NA,NA,N,4,0,2,2,A,-,09,21801,A,N,D,C,A,A,H,-,A,A,0,NA,NA,NA,NA,Y,NA,A,07,0,0,2,0,0,0,0,0,0,-,-,33.91339,-117.45189,RIVERSIDE,RIVERSIDE,-117.45124394,33.91278853
8453875,2017,2018-05-18,3313,2017-08-23,0919,1641,5,3,5,7,3313,0,0,0,NA,0,T55,PIERCE ST,RT 91,222,N,N,A,-,N,NA,NA,NA,NA,NA,NA,NA,NA,NA,N,3,0,1,2,A,-,11,21954,A,N,G,B,D,A,H,-,A,A,0,Y,NA,NA,NA,Y,NA,N,60,0,1,0,0,1,0,0,0,0,-,WO,33.897710000000004,-117.49319,RIVERSIDE,RIVERSIDE,-117.49297072,33.89781748
8454007,2017,2018-05-22,3300,2017-09-19,1327,4323,910J,2,5,5,3335,0,0,0,NA,0,068,RANCHO CALIFORNIA RD,RT 15,215,W,N,A,-,Y,RIV,8,15,-,-,5.112,R,4,S,Y,4,0,1,3,A,-,03,22350,NA,N,C,C,A,A,H,-,A,A,0,NA,NA,NA,NA,Y,NA,A,01,0,0,1,0,0,0,0,0,0,-,-,NA,NA,RIVERSIDE,TEMECULA,-117.15240388,33.50254183
84542614,2024,2025-01-27,3300,2024-12-24,1415,4145,NA,2,5,6,3394,0,0,0,NA,0,MV26,ALESSANDRO BLVD,COVEY QUAIL LN,137,E,N,A,-,N,NA,NA,NA,NA,NA,NA,NA,NA,NA,N,4,0,1,2,A,-,07,21658,A,N,C,C,A,A,H,-,A,A,0,NA,NA,NA,NA,Y,NA,A,01,0,0,1,0,0,0,0,0,0,-,-,33.94721984863281,-117.231201171875,RIVERSIDE,MORENO VALLEY,-117.2306671142578,33.917198181152344
84542641,2024,2025-01-20,3308,2024-09-13,1743,11022,NA,5,5,5,3308,0,0,0,NA,0,SOUTH,LYON AVE,ACACIA AVE,210,N,N,A,-,N,NA,NA,NA,NA,NA,NA,NA,NA,NA,Y,4,0,1,2,A,-,09,21804,A,N,D,C,A,A,H,-,A,D,0,NA,NA,NA,NA,Y,Y,A,01,0,0,1,0,0,0,0,0,0,-,-,33.7418212890625,-116.98567199707033,RIVERSIDE,HEMET,-116.98909759521484,33.744354248046875
84542868,2024,2025-01-20,3308,2024-10-09,1212,11022,NA,3,5,5,3308,0,0,0,NA,0,NORTH,DEVONSHIRE AVE,SAN JACINTO ST,22,W,N,A,-,N,NA,NA,NA,NA,NA,NA,NA,NA,NA,Y,3,0,1,2,A,-,08,22107,NA,M,A,C,A,A,H,-,A,A,0,NA,NA,NA,NA,Y,Y,-,99,0,1,0,0,0,0,0,0,0,-,-,NA,NA,RIVERSIDE,HEMET,-116.95873260498048,33.751220703125
8454373,2017,2017-10-03,3315,2017-09-17,2045,003589,5A,7,5,6,3315,0,0,0,NA,0,004,VIA DE LUNA,SMITH ST,12,S,N,A,-,N,NA,NA,NA,NA,NA,NA,NA,NA,NA,Y,4,0,1,2,A,-,01,23152,A,M,C,C,A,A,H,-,C,A,0,NA,NA,NA,NA,Y,Y,-,NA,0,0,1,0,0,0,0,0,0,-,-,NA,NA,RIVERSIDE,CORONA,-117.59360375,33.87707375
84546876,2024,2025-01-27,3313,2024-12-01,1705,2178,NA,7,5,7,3313,0,0,0,NA,0,3R50,MAGNOLIA AVE,MYERS ST,0,NA,Y,A,-,N,NA,NA,NA,NA,NA,NA,NA,NA,NA,Y,1,1,0,3,A,-,09,21801,A,N,D,C,A,A,H,-,C,D,0,NA,NA,Y,NA,Y,NA,A,07,0,0,0,0,0,0,0,1,0,-,-,NA,NA,RIVERSIDE,RIVERSIDE,-117.45022583007813,33.91832733154297
84546889,2024,2025-01-23,3313,2024-12-17,1500,2236,NA,2,5,7,3313,0,0,0,NA,0,T76,LA SIERRA AVE,ARLINGTON AVE,25,S,N,A,-,N,NA,NA,NA,NA,NA,NA,NA,NA,NA,N,3,0,1,2,A,-,10,21950,A,F,G,B,B,A,H,-,A,A,0,Y,NA,NA,NA,Y,NA,A,01,0,1,0,0,1,0,0,0,0,-,-,33.94472885131836,-117.50176239013672,RIVERSIDE,RIVERSIDE,-117.50173950195313,33.944664001464844
84546899,2024,2025-01-23,3313,2024-12-28,1633,2074,NA,6,5,7,3313,0,0,0,NA,0,3R28,MISSION INN AVE,VINE ST,0,NA,Y,A,-,N,NA,NA,NA,NA,NA,NA,NA,NA,NA,N,4,0,1,2,A,-,12,22450,A,N,D,C,A,A,H,-,A,A,0,NA,NA,NA,NA,Y,NA,A,07,0,0,1,0,0,0,0,0,0,-,-,33.97888946533203,-117.36766052246094,RIVERSIDE,RIVERSIDE,-117.36804962158205,33.980281829833984
84546906,2025,2025-01-23,3313,2025-01-02,1358,2123,NA,4,5,7,3313,0,0,0,NA,0,T40,JURUPA AVE,GREENFIELD AVE,165,E,N,A,-,N,NA,NA,NA,NA,NA,NA,NA,NA,NA,Y,4,0,1,2,A,-,09,21804,A,N,D,C,A,A,H,-,A,D,0,NA,NA,NA,NA,Y,NA,A,01,0,0,1,0,0,0,0,0,0,-,-,33.96039962768555,-117.40757751464844,RIVERSIDE,RIVERSIDE,-117.40706634521484,33.96138381958008
84546918,2025,2025-01-23,3313,2025-01-06,1848,2236,NA,1,5,7,3313,0,0,0,NA,0,3R52,INDIANA AVE,ADAMS ST,150,E,N,A,-,N,NA,NA,NA,NA,NA,NA,NA,NA,NA,N,3,0,2,2,A,-,08,22107,NA,N,D,C,A,A,H,-,C,A,0,NA,NA,NA,NA,Y,NA,A,01,0,2,0,0,0,0,0,0,0,-,-,33.92586135864258,-117.41959381103516,RIVERSIDE,RIVERSIDE,-117.41880798339844,33.927001953125
84548325,2025,2025-01-31,3313,2025-01-06,2237,2231,NA,1,5,7,3313,0,0,0,NA,0,1R29,THIRD ST,KANSAS AVE,779,E,N,A,-,N,NA,NA,NA,NA,NA,NA,NA,NA,NA,N,4,0,1,2,A,-,09,21804,A,N,D,C,A,A,H,-,D,D,0,NA,NA,NA,NA,Y,NA,A,01,0,0,1,0,0,0,0,0,0,-,-,33.9829216003418,-117.35700988769533,RIVERSIDE,RIVERSIDE,-117.35467529296876,33.98297882080078
84549389,2024,2025-01-27,3308,2024-09-08,4,10727,NA,7,5,5,3308,0,0,0,NA,0,SOUTH,STATE ST,DOMENIGONI PKWY,0,NA,Y,F,-,N,NA,NA,NA,NA,NA,NA,NA,NA,NA,Y,3,0,2,3,A,-,01,23152,A,N,D,C,A,A,H,-,C,A,0,NA,NA,NA,NA,Y,Y,A,01,0,2,0,0,0,0,0,0,0,-,-,33.702980041503906,-116.97161865234376,RIVERSIDE,HEMET,-116.97138214111328,33.70301055908203
84549491,2024,2025-01-28,3313,2024-12-25,359,1860,NA,3,5,7,3313,0,0,0,NA,0,1R57,LA SIERRA AVE,CYPRESS AVE (N),88,S,N,A,-,N,NA,NA,NA,NA,NA,NA,NA,NA,NA,N,3,0,1,1,A,-,08,22107,NA,N,E,I,A,A,G,-,C,D,0,NA,NA,NA,NA,Y,NA,D,22,0,1,0,0,0,0,0,0,0,-,-,33.938541412353516,-117.49730682373048,RIVERSIDE,RIVERSIDE,-117.49732208251952,33.93817138671875