CASE_ID,ACCIDENT_YEAR,PROC_DATE,JURIS,COLLISION_DATE,COLLISION_TIME,OFFICER_ID,REPORTING_DISTRICT,DAY_OF_WEEK,CHP_SHIFT,POPULATION,CNTY_CITY_LOC,SPECIAL_COND,BEAT_TYPE,CHP_BEAT_TYPE,CITY_DIVISION_LAPD,CHP_BEAT_CLASS,BEAT_NUMBER,PRIMARY_RD,SECONDARY_RD,DISTANCE,DIRECTION,INTERSECTION,WEATHER_1,WEATHER_2,STATE_HWY_IND,CALTRANS_COUNTY,CALTRANS_DISTRICT,STATE_ROUTE,ROUTE_SUFFIX,POSTMILE_PREFIX,POSTMILE,LOCATION_TYPE,RAMP_INTERSECTION,SIDE_OF_HWY,TOW_AWAY,COLLISION_SEVERITY,NUMBER_KILLED,NUMBER_INJURED,PARTY_COUNT,PRIMARY_COLL_FACTOR,PCF_CODE_OF_VIOL,PCF_VIOL_CATEGORY,PCF_VIOLATION,PCF_VIOL_SUBSECTION,HIT_AND_RUN,TYPE_OF_COLLISION,MVIW,PED_ACTION,ROAD_SURFACE,ROAD_COND_1,ROAD_COND_2,LIGHTING,CONTROL_DEVICE,CHP_ROAD_TYPE,PEDESTRIAN_ACCIDENT,BICYCLE_ACCIDENT,MOTORCYCLE_ACCIDENT,TRUCK_ACCIDENT,NOT_PRIVATE_PROPERTY,ALCOHOL_INVOLVED,STWD_VEHTYPE_AT_FAULT,CHP_VEHTYPE_AT_FAULT,COUNT_SEVERE_INJ,COUNT_VISIBLE_INJ,COUNT_COMPLAINT_PAIN,COUNT_PED_KILLED,COUNT_PED_INJURED,COUNT_BICYCLIST_KILLED,COUNT_BICYCLIST_INJURED,COUNT_MC_KILLED,COUNT_MC_INJURED,PRIMARY_RAMP,SECONDARY_RAMP,LATITUDE,LONGITUDE,COUNTY,CITY,POINT_X,POINT_Y
90054401,2015,2015-11-19,9630,2015-11-13,2125,020061,NA,5,2,9,3300,0,1,1,NA,2,020,I-10 W/B,BOB HOPE DR,150,W,N,A,-,Y,NA,NA,10,NA,NA,NA,NA,NA,W,Y,4,0,1,1,A,-,08,22107,NA,N,F,A,A,A,H,-,D,D,0,NA,NA,NA,NA,Y,NA,D,22,0,0,1,0,0,0,0,0,0,-,-,33.82081,-116.40971,RIVERSIDE,UNINCORPORATED,-116.40976443,33.82072369
90057216,2015,2015-11-23,9840,2015-11-06,1834,018708,NA,5,2,6,3345,0,1,3,NA,2,010,SR-60 E/B,HALL AVE,2397,E,N,A,-,Y,NA,NA,60,NA,NA,NA,NA,NA,E,N,4,0,1,2,A,-,03,22350,NA,N,C,C,A,A,H,-,D,D,0,NA,NA,Y,NA,Y,NA,C,02,0,0,1,0,0,0,0,0,1,-,-,34.00401,-117.38387,RIVERSIDE,JURUPA VALLEY,-117.38384954,34.00408927
90059421,2015,2015-11-25,9655,2015-11-23,0355,018336,NA,1,3,9,3300,0,1,3,NA,2,212,SR-60 W/B,GILMAN SPRINGS RD,4752,E,N,A,-,Y,NA,NA,60,NA,NA,NA,NA,NA,W,Y,3,0,2,1,A,-,08,22107,NA,N,E,I,A,A,H,-,D,D,0,NA,NA,NA,NA,Y,NA,A,01,0,2,0,0,0,0,0,0,0,-,-,33.93547,-117.11224,RIVERSIDE,UNINCORPORATED,-117.11224316,33.93546188
90061351,2015,2015-11-30,9840,2015-11-09,0713,017481,NA,1,1,6,3315,0,1,3,NA,2,031,SR-91 W/B (RIVERSIDE FREEWAY),S. PROMENADE AVENUE,350,W,N,B,-,Y,NA,NA,91,NA,NA,NA,NA,NA,W,Y,4,0,4,4,A,-,03,22350,NA,N,C,C,A,A,H,-,A,D,0,NA,NA,NA,NA,Y,NA,A,01,0,0,4,0,0,0,0,0,0,-,-,33.88348,-117.53787,RIVERSIDE,CORONA,-117.53787082,33.88349742
90061841,2015,2015-11-30,9685,2015-11-22,1220,016347,NA,7,1,4,3312,0,1,1,NA,2,020,I-215 NORTHBOUND,SR-74,4224,N,N,A,-,Y,NA,NA,215,NA,NA,NA,NA,NA,N,Y,4,0,1,1,A,-,03,22350,NA,N,E,I,A,A,H,-,A,D,0,NA,NA,NA,NA,Y,NA,A,07,0,0,1,0,0,0,0,0,0,-,-,33.76505,-117.18931,RIVERSIDE,PERRIS,-117.18936271,33.76503227
90061913,2015,2015-11-30,9685,2015-11-27,2135,013165,NA,5,2,4,3312,0,1,1,NA,2,020,INTERSTATE 215 S/B TO ETHANAC ROAD,ETHANAC ROAD,200,N,N,A,-,Y,NA,NA,215,NA,NA,NA,R,NA,S,N,4,0,1,2,A,-,03,22350,NA,N,C,C,A,A,H,-,D,D,0,NA,NA,NA,NA,Y,NA,A,01,0,0,1,0,0,0,0,0,0,-,-,33.74404,-117.19029,RIVERSIDE,PERRIS,-117.19029,33.74404
90063153,2015,2015-12-01,9655,2015-11-22,1455,015892,NA,7,2,9,3300,0,3,5,NA,2,002,GRAPP LANE,RAMSEY ROAD,1584,S,N,A,-,N,NA,NA,NA,NA,NA,NA,NA,NA,NA,Y,3,0,1,1,A,-,01,23152,A,N,E,I,A,A,H,-,A,D,0,NA,NA,NA,NA,Y,Y,D,22,0,1,0,0,0,0,0,0,0,-,-,33.48357,-116.64138,RIVERSIDE,UNINCORPORATED,-116.64053749,33.48111159
90063372,2015,2015-12-02,9840,2015-11-17,1856,015663,NA,2,2,9,3300,0,1,1,NA,2,024,I-215 S/B TO ALESSANDRO BLVD.,ALESSANDRO BLVD.,0,NA,Y,A,-,Y,NA,NA,215,NA,NA,NA,R,NA,S,Y,3,0,2,1,A,-,03,22350,NA,N,E,I,A,A,H,-,C,A,0,NA,NA,NA,NA,Y,NA,A,01,0,1,1,0,0,0,0,0,0,-,-,33.91658,-117.28961,RIVERSIDE,UNINCORPORATED,-117.28961,33.91658
90063483,2015,2015-12-02,9840,2015-11-03,0620,011368,NA,2,1,9,3300,0,3,5,NA,2,004,MAPES ROAD,ANTELOPE ROAD,0,NA,Y,B,-,N,NA,NA,NA,NA,NA,NA,NA,NA,NA,Y,4,0,4,3,A,-,09,21802,A,N,D,C,A,A,H,-,A,A,0,NA,NA,NA,NA,Y,NA,A,01,0,0,4,0,0,0,0,0,0,-,-,33.75767,-117.17171,RIVERSIDE,UNINCORPORATED,-117.17173005,33.75761011
90063903,2015,2015-12-02,9655,2015-11-24,0756,014583,NA,2,1,9,3300,0,1,3,NA,2,213,SR-79 S/B,GILMAN SPRINGS RD.,5280,N,N,A,-,Y,NA,NA,79,NA,NA,NA,NA,NA,S,Y,4,0,1,1,A,-,08,22107,NA,N,E,J,A,A,H,-,A,D,0,NA,NA,NA,NA,Y,NA,A,01,0,0,1,0,0,0,0,0,0,-,-,33.86042,-117.00907,RIVERSIDE,UNINCORPORATED,-117.00896592,33.86035857
90066372,2015,2015-12-07,9840,2015-12-02,1816,015663,NA,3,2,6,3345,0,1,3,NA,2,010,SR-60 E/B,RUBIDOUX BLVD.,900,W,N,A,-,Y,NA,NA,NA,NA,NA,NA,NA,NA,NA,N,4,0,1,2,A,-,03,22350,NA,N,C,C,A,A,H,-,D,D,0,NA,NA,NA,NA,Y,NA,A,01,0,0,1,0,0,0,0,0,0,-,-,33.00409,-117.40001,RIVERSIDE,JURUPA VALLEY,-117.40340557,34.00425964
90066775,2015,2015-12-07,9840,2015-11-14,1330,017459,NA,6,1,6,3345,0,1,1,NA,2,011,"I-15, N/B",RIVERSIDE DRIVE,116,S,N,A,-,Y,NA,NA,NA,NA,NA,NA,NA,NA,NA,Y,4,0,4,3,A,-,03,22350,NA,N,C,C,A,A,H,-,A,A,0,NA,NA,NA,NA,Y,NA,A,01,0,0,4,0,0,0,0,0,0,-,-,33.98443,-117.45563,RIVERSIDE,JURUPA VALLEY,-117.55009,34.01848212
90068198,2015,2015-12-08,9630,2015-11-29,1105,018451,NA,7,1,9,3300,0,1,3,NA,1,074,SR-74,MESQUITE HILL,15312,S,N,A,-,Y,NA,NA,74,NA,NA,NA,NA,NA,NA,N,2,0,1,1,A,-,03,22350,NA,N,F,A,A,A,H,-,A,D,0,NA,NA,Y,NA,Y,NA,C,02,1,0,0,0,0,0,0,0,1,-,-,33.65552,-116.40111,RIVERSIDE,UNINCORPORATED,-116.40112421,33.65548027
90068440,2015,2015-12-09,9685,2015-12-05,0600,015750,NA,6,1,5,3335,0,1,1,NA,2,030,I-15,WINCHESTER ROAD,100,S,N,A,-,Y,NA,NA,NA,NA,NA,NA,NA,NA,NA,N,4,0,1,2,A,-,03,22350,NA,N,C,C,A,A,H,-,B,D,0,NA,NA,NA,NA,Y,NA,A,01,0,0,1,0,0,0,0,0,0,-,-,33.31193,-117.94487,RIVERSIDE,TEMECULA,-117.16295745,33.52212233
90068518,2015,2015-12-09,9840,2015-11-16,1820,014335,NA,1,2,6,3315,0,1,1,NA,2,034,I-15 SOUTHBOUND,SR-91,1000,N,N,A,-,Y,NA,NA,NA,NA,NA,NA,NA,NA,NA,Y,4,0,2,4,A,-,03,22350,NA,N,C,C,A,A,D,-,C,D,0,NA,NA,NA,NA,Y,NA,A,01,0,0,2,0,0,0,0,0,0,-,-,NA,NA,RIVERSIDE,CORONA,-117.5476848,33.8822178
90068916,2015,2015-12-09,9655,2015-12-06,1140,013641,NA,7,1,9,3300,0,1,3,NA,1,116,SR-74,STRAWBERRY CREEK BRIDGE,528,E,N,A,-,Y,NA,NA,NA,NA,NA,NA,NA,NA,NA,Y,4,0,2,2,A,-,05,21460,A,N,A,C,A,A,H,-,A,D,0,NA,NA,Y,NA,Y,NA,C,02,0,0,2,0,0,0,0,0,1,-,-,33.71214,-116.76999,RIVERSIDE,UNINCORPORATED,NA,NA
90069010,2015,2015-12-09,9840,2015-10-30,0800,013348,NA,5,1,6,3315,0,1,S,NA,2,822,SR-91 W/B,W SIXTH STREET,1500,E,N,A,-,Y,NA,NA,NA,NA,NA,NA,NA,NA,NA,N,4,0,1,3,A,-,08,22107,NA,N,B,C,A,A,D,E,A,D,0,NA,NA,Y,NA,Y,NA,-,-,0,0,1,0,0,0,0,0,1,-,-,NA,NA,RIVERSIDE,CORONA,-117.59874307,33.88101973
9007348,2019,2020-02-24,3313,2019-11-02,0545,1862,5,6,5,7,3313,0,0,0,NA,0,1R55,TYLER ST,WELLS AV,0,NA,Y,-,-,N,NA,NA,NA,NA,NA,NA,NA,NA,NA,Y,4,0,1,2,A,-,12,21453,A,N,D,C,A,A,H,-,B,A,0,NA,NA,NA,NA,Y,NA,-,-,0,0,1,0,0,0,0,0,0,-,-,33.92789840698242,-117.47435760498048,RIVERSIDE,RIVERSIDE,-117.47422027587892,33.92808151245117
90075115,2015,2015-12-16,9655,2015-12-11,1535,017106,NA,5,2,9,3300,0,3,5,NA,2,002,OAK GLEN RD,CHERRY OAK RD,0,NA,Y,C,-,N,NA,NA,NA,NA,NA,NA,NA,NA,NA,Y,4,0,1,2,A,-,08,22107,NA,N,D,C,A,B,H,-,A,D,0,NA,NA,NA,NA,Y,NA,A,07,0,0,1,0,0,0,0,0,0,-,-,33.98358,-116.97199,RIVERSIDE,UNINCORPORATED,-116.97159006,33.98380007
90078303,2015,2015-12-18,9685,2015-12-15,1025,016347,NA,2,1,9,3300,0,3,5,NA,2,001,SR-371,BARBARA TRAIL,1056,S,N,A,-,Y,NA,NA,371,NA,NA,NA,NA,NA,NA,Y,3,0,1,1,A,-,03,22350,NA,N,F,I,A,A,H,-,A,D,0,NA,NA,NA,NA,Y,Y,A,01,0,1,0,0,0,0,0,0,0,-,-,33.49885,-116.80991,RIVERSIDE,UNINCORPORATED,-116.8097706,33.49865491
90078346,2015,2015-12-18,9840,2015-12-04,1705,019219,NA,5,2,7,3313,0,1,3,NA,2,021,SR-91 EASTBOUND,I-215,350,W,N,A,-,Y,NA,NA,91,NA,NA,NA,NA,NA,E,Y,4,0,3,3,A,-,03,22350,NA,N,C,C,A,A,H,-,C,D,0,NA,NA,NA,NA,Y,NA,D,22,0,0,3,0,0,0,0,0,0,-,-,33.99222,-117.35781,RIVERSIDE,RIVERSIDE,-117.35789018,33.9922718
90079521,2015,2015-12-21,9685,2015-12-17,1230,015750,NA,4,1,9,3300,0,3,5,NA,2,003,LOS ALAMOS ROAD,LIBERTY ROAD,1056,E,N,A,-,N,NA,NA,NA,NA,NA,NA,NA,NA,NA,N,4,0,1,3,A,-,03,22350,NA,N,C,C,A,A,H,-,A,D,0,NA,NA,NA,NA,Y,NA,A,01,0,0,1,0,0,0,0,0,0,-,-,NA,NA,RIVERSIDE,UNINCORPORATED,-117.13345534,33.59859211
90080742,2015,2015-12-23,9655,2015-12-14,2245,017582,NA,1,3,2,3336,0,1,1,NA,2,202,I-10 W/B,SINGLETON ROAD,1584,W,N,A,-,Y,NA,NA,10,NA,NA,NA,NA,NA,W,Y,3,0,1,1,A,-,08,22107,NA,N,F,I,A,A,H,-,D,D,0,NA,NA,NA,NA,Y,NA,A,07,0,1,0,0,0,0,0,0,0,-,-,33.98368,-117.05195,RIVERSIDE,CALIMESA,-117.05224032,33.98353899
90081950,2015,2015-12-24,9685,2015-12-17,0405,14338,NA,4,3,5,3335,0,1,1,NA,2,030,I-15 NORTHBOUND,WINCHESTER ROAD,5280,N,N,A,-,Y,NA,NA,15,NA,NA,NA,NA,NA,N,Y,4,0,1,2,D,-,00,NA,NA,N,C,C,A,A,H,-,D,D,0,NA,NA,NA,NA,Y,NA,-,-,0,0,1,0,0,0,0,0,0,-,-,33.5324,-117.1693,RIVERSIDE,TEMECULA,-117.16932832,33.53238145
90082897,2015,2015-12-28,9655,2015-12-20,2015,021008,NA,7,2,9,3300,0,3,5,NA,2,002,SEMINOLE DRIVE,MILLARD PASS,270,E,N,A,-,N,NA,NA,NA,NA,NA,NA,NA,NA,NA,Y,4,0,3,4,A,-,03,22350,NA,N,C,C,A,A,H,-,C,D,0,NA,NA,NA,NA,Y,NA,A,01,0,0,3,0,0,0,0,0,0,-,-,33.92498,-116.81145,RIVERSIDE,UNINCORPORATED,-116.81138721,33.92494889
90083061,2015,2015-12-28,9655,2015-12-21,1728,015795,NA,1,2,4,3301,0,1,1,NA,2,204,I-10 E/B,HARGRAVE STREET,5280,E,N,A,-,Y,NA,NA,10,NA,NA,NA,NA,NA,E,Y,4,0,1,3,A,-,03,22350,NA,N,C,C,A,A,H,-,D,D,0,NA,NA,NA,Y,Y,NA,A,01,0,0,1,0,0,0,0,0,0,-,-,33.92686,-116.85099,RIVERSIDE,BANNING,-116.85100696,33.92693759
9008487,2019,2019-12-26,3311,2019-11-25,1407,15951,NA,1,5,4,3311,0,0,0,NA,0,004,RAMON RD,SUNRISE WY,0,NA,Y,A,-,N,NA,NA,NA,NA,NA,NA,NA,NA,NA,Y,2,0,2,3,A,-,12,21453,A,N,D,C,A,A,H,-,A,A,0,NA,NA,NA,NA,Y,NA,A,01,1,0,1,0,0,0,0,0,0,-,-,33.816001892089844,-116.52816009521484,RIVERSIDE,PALM SPRINGS,-116.52821350097656,33.8159294128418
90085728,2015,2016-01-07,9685,2015-12-23,1750,012752,NA,3,2,9,3300,0,1,1,NA,2,030,I-15 NORTHBOUND,RIVERSIDE COUNTY LINE,5808,N,N,B,-,Y,NA,NA,NA,NA,NA,NA,NA,NA,NA,Y,4,0,1,3,A,-,03,22350,NA,N,C,C,A,A,H,-,D,D,0,NA,NA,NA,NA,Y,NA,A,07,0,0,1,0,0,0,0,0,0,-,-,NA,NA,RIVERSIDE,UNINCORPORATED,NA,NA
90086235,2015,2015-12-31,9840,2015-12-17,1725,020305,NA,4,2,7,3313,0,1,1,NA,2,022,INTERSTATE 215 S/B,CENTER ST,650,S,N,A,-,Y,NA,NA,NA,NA,NA,NA,NA,NA,NA,N,4,0,1,3,A,-,07,21658,A,N,C,C,A,A,H,-,C,D,0,NA,NA,NA,NA,Y,NA,A,01,0,0,1,0,0,0,0,0,0,-,-,34.00996,-117.35061,RIVERSIDE,RIVERSIDE,NA,NA
90087114,2015,2016-01-04,9630,2015-12-28,0212,020263,NA,1,3,9,3300,0,2,4,NA,2,056,AIRPORT BLVD,POLK ST,15,W,N,A,-,N,NA,NA,NA,NA,NA,NA,NA,NA,NA,Y,3,0,1,2,A,-,03,22350,NA,N,C,C,A,A,H,-,D,D,0,NA,NA,NA,NA,Y,NA,A,01,0,1,0,0,0,0,0,0,0,-,-,33.64202,-116.14651,RIVERSIDE,UNINCORPORATED,-116.14655906,33.64205961
90087129,2015,2016-01-04,9840,2015-11-23,0535,020262,NA,1,3,7,3313,0,1,3,NA,2,021,SR-91 E/B,LA SIERRA AVE,2550,W,N,A,-,Y,NA,NA,91,NA,NA,NA,NA,NA,E,Y,4,0,1,1,A,-,08,22107,NA,N,E,I,A,A,H,-,B,D,0,NA,NA,NA,NA,Y,NA,A,01,0,0,1,0,0,0,0,0,0,-,-,33.89688,-117.48119,RIVERSIDE,RIVERSIDE,-117.48118588,33.89685691
90087315,2015,2016-01-04,9655,2015-12-30,1100,015892,NA,3,1,9,3300,0,1,3,NA,1,110,STATE ROUTE 243,POPPET FLATS ROAD,6336,S,N,A,-,Y,NA,NA,243,NA,NA,NA,NA,NA,NA,Y,4,0,2,1,A,-,08,22107,NA,N,F,A,A,C,H,-,A,D,0,NA,NA,NA,NA,Y,NA,D,22,0,0,2,0,0,0,0,0,0,-,-,33.85028,-116.82423,RIVERSIDE,UNINCORPORATED,-116.82422415,33.85023362
90088688,2015,2016-01-05,9840,2015-12-15,1900,018498,NA,2,2,6,3394,0,1,3,NA,2,025,SR-60 E/B,PERRIS BLVD,1800,W,N,A,-,Y,NA,NA,60,NA,NA,NA,NA,NA,E,Y,2,0,1,1,A,-,01,23152,A,N,E,I,A,A,H,-,D,D,0,NA,NA,NA,NA,Y,Y,A,01,1,0,0,0,0,0,0,0,0,-,-,33.94095,-117.23232,RIVERSIDE,MORENO VALLEY,-117.23233432,33.94087102
90089006,2015,2016-01-06,9840,2015-12-19,0100,019893,NA,6,3,9,3300,0,1,1,NA,2,040,I-215 N/B,VAN BUREN BLVD,800,S,N,A,-,Y,NA,NA,215,NA,NA,NA,NA,NA,N,Y,2,0,1,2,A,-,01,23152,A,N,C,C,A,A,H,-,D,D,0,NA,NA,NA,Y,Y,Y,A,01,1,0,0,0,0,0,0,0,0,-,-,33.87413,-117.26446,RIVERSIDE,UNINCORPORATED,-117.26454161,33.87409471
90091842,2015,2016-01-11,9655,2015-12-05,1025,018677,NA,6,1,9,3300,0,1,3,NA,2,212,SR-60 W/B,GILMAN SPRINGS RD,14784,E,N,A,-,Y,NA,NA,60,NA,NA,NA,NA,NA,W,Y,4,0,5,7,A,-,03,22350,NA,N,C,C,A,A,H,-,A,D,0,NA,NA,NA,NA,Y,NA,A,01,0,0,5,0,0,0,0,0,0,-,-,33.9429,-117.0862,RIVERSIDE,UNINCORPORATED,-117.08620157,33.94290488
90092820,2015,2016-01-11,9840,2015-11-05,0810,017162,NA,4,1,9,3300,0,3,5,NA,2,003,HARVILL LANE,HARLOW AVE.,300,N,N,A,-,N,NA,NA,NA,NA,NA,NA,NA,NA,NA,N,3,0,1,2,A,-,09,21801,A,N,B,G,A,A,H,-,A,D,0,NA,Y,NA,NA,Y,NA,A,01,0,1,0,0,0,0,1,0,0,-,-,33.27236,-117.27363,RIVERSIDE,UNINCORPORATED,-117.50710716,33.88460236
90092852,2015,2016-01-11,9685,2015-10-08,1830,012979,NA,4,2,9,3300,0,1,3,NA,1,012,STATE ROUTE 74,BETTY ROAD,891,E,N,A,-,Y,NA,NA,74,NA,NA,NA,NA,NA,NA,Y,1,1,2,2,A,-,08,22107,NA,N,A,C,A,A,H,-,A,D,0,NA,NA,NA,NA,Y,NA,A,01,1,1,0,0,0,0,0,0,0,-,-,33.76062,-117.26775,RIVERSIDE,UNINCORPORATED,-117.26776128,33.76063977
90093309,2015,2016-01-12,9840,2015-12-08,0845,019361,NA,2,1,6,3394,0,1,1,NA,2,023,I-215 N/B,MARTIN LUTHER KING BLVD,1584,S,N,A,-,Y,NA,NA,NA,NA,NA,NA,NA,NA,NA,N,4,0,1,3,A,-,03,22350,NA,F,C,C,A,A,H,-,A,D,0,NA,NA,NA,NA,Y,NA,A,01,0,0,1,0,0,0,0,0,0,-,-,33.96224,-117.32093,RIVERSIDE,MORENO VALLEY,NA,NA
90096562,2016,2016-01-15,9630,2016-01-10,0915,019943,NA,7,1,9,3300,0,3,5,NA,2,002,COUNTRY CLUB DRIVE (79800 BLOCK),ADAMS STREET,4224,E,N,A,-,N,NA,NA,NA,NA,NA,NA,NA,NA,NA,Y,4,0,1,2,A,-,09,21801,A,N,D,C,A,A,H,-,A,D,0,NA,NA,NA,NA,Y,NA,A,01,0,0,1,0,0,0,0,0,0,-,-,33.7485,-116.2723,RIVERSIDE,UNINCORPORATED,-116.27391903,33.74927622
90096903,2016,2016-01-18,9655,2016-01-08,0913,019796,NA,5,1,9,3300,0,3,5,NA,2,003,MINTO WAY,SAGE ROAD,4224,E,N,A,-,N,NA,NA,NA,NA,NA,NA,NA,NA,NA,Y,4,0,1,1,A,-,08,22107,NA,N,E,I,A,A,H,-,A,D,0,NA,NA,NA,Y,Y,NA,F,26,0,0,1,0,0,0,0,0,0,-,-,33.6437,-116.93167,RIVERSIDE,UNINCORPORATED,-116.93217814,33.6437461
90100807,2016,2016-01-22,9685,2016-01-21,1757,015857,NA,4,2,4,3342,0,1,1,NA,2,034,I-215 NORTHBOUND,LINNEL LN,100,N,N,A,-,Y,NA,NA,215,NA,NA,NA,NA,NA,N,Y,4,0,1,2,A,-,03,22350,NA,N,C,C,A,A,H,-,C,D,0,NA,NA,NA,NA,Y,NA,D,22,0,0,1,0,0,0,0,0,0,-,-,33.6058,-117.17134,RIVERSIDE,MURRIETA,-117.17141104,33.60580332
90102386,2015,2016-01-26,9840,2015-10-29,1000,017162,NA,4,1,6,3315,0,1,3,NA,2,030,SR-91 W/B,GREEN RIVER RD,1000,W,N,A,-,Y,NA,NA,91,NA,NA,NA,NA,NA,W,Y,4,0,1,2,A,-,07,21658,A,N,B,C,A,A,H,-,A,D,0,NA,NA,Y,NA,Y,NA,A,01,0,0,1,0,0,0,0,0,1,-,-,33.88116,-117.65038,RIVERSIDE,CORONA,-117.65041696,33.8813132
90102431,2015,2016-01-26,9840,2015-12-20,0001,020018,NA,7,3,6,3315,0,1,1,NA,2,034,INTERSTATE 15 N/B,WEIRICK RD,2000,N,N,A,-,Y,NA,NA,15,NA,NA,NA,NA,NA,N,Y,4,0,1,2,A,-,03,22350,NA,N,C,C,A,B,H,-,D,D,0,NA,NA,NA,NA,Y,NA,A,01,0,0,1,0,0,0,0,0,0,-,-,33.8129,-117.51044,RIVERSIDE,CORONA,-117.51032235,33.81296415
90102535,2016,2016-01-26,9630,2016-01-16,0850,020061,NA,6,1,9,3300,0,1,3,NA,1,074,SR-74 E/B,PALOWET DR,8976,W,N,A,-,Y,NA,NA,74,NA,NA,NA,NA,NA,E,Y,2,0,2,3,A,-,05,21460,A,N,A,C,A,A,H,-,A,D,0,NA,NA,NA,NA,Y,NA,A,01,1,0,1,0,0,0,0,0,0,-,-,33.65954,-116.39778,RIVERSIDE,UNINCORPORATED,-116.39739688,33.65958371
90103429,2016,2016-01-27,9685,2016-01-14,0533,009983,NA,4,3,9,3300,0,3,5,NA,2,002,LEON ROAD,GARBANI ROAD,528,N,N,E,-,N,NA,NA,NA,NA,NA,NA,NA,NA,NA,Y,3,0,1,1,C,-,18,NA,NA,N,H,H,A,A,H,-,D,D,0,NA,NA,Y,NA,Y,NA,-,-,0,1,0,0,0,0,0,0,1,-,-,33.6622,-117.11937,RIVERSIDE,UNINCORPORATED,-117.11942165,33.65740987
9010482,2019,2019-12-27,3342,2019-09-17,0655,294,335,2,5,4,3342,0,0,0,NA,0,003,CLINTON KEITH RD,SPINNING WHEEL DR,40,W,N,A,-,N,NA,NA,NA,NA,NA,NA,NA,NA,NA,Y,4,0,1,2,A,-,03,22350,NA,N,C,C,A,A,H,-,A,A,0,NA,NA,NA,NA,Y,NA,A,01,0,0,1,0,0,0,0,0,0,-,-,NA,NA,RIVERSIDE,MURRIETA,-117.21192932128906,33.5977897644043
90104982,2016,2016-01-28,9840,2016-01-08,1525,017817,NA,5,2,7,3313,0,1,1,NA,2,023,I-215 N/B,"MARTIN LUTHER KING, JR. BLVD.",1500,S,N,A,-,Y,NA,NA,215,NA,NA,NA,NA,NA,N,N,4,0,1,2,A,-,03,22350,NA,N,C,C,A,A,H,-,A,D,0,NA,NA,NA,NA,Y,NA,D,22,0,0,1,0,0,0,0,0,0,-,-,33.9656,-117.3263,RIVERSIDE,RIVERSIDE,-117.32648956,33.9654675
90105460,2016,2016-01-29,9685,2016-01-22,1745,012752,NA,5,2,5,3335,0,1,1,NA,2,030,I-15 S/B,RANCHO CALIFORNIA ROAD,4224,N,N,B,-,Y,NA,NA,NA,NA,NA,NA,NA,NA,NA,Y,3,0,3,2,A,-,03,22350,NA,N,C,C,A,A,H,-,D,D,0,NA,NA,NA,NA,Y,NA,A,01,0,1,2,0,0,0,0,0,0,-,-,33.30262,-117.91462,RIVERSIDE,TEMECULA,-117.15649458,33.51150249
90106228,2015,2016-02-01,9840,2015-12-25,1835,020220,NA,5,2,7,3313,0,1,1,NA,2,022,I-215 S/B,COLUMBIA AVE,1000,N,N,A,-,Y,NA,NA,NA,NA,NA,NA,NA,NA,NA,Y,4,0,2,2,A,-,07,21658,A,N,B,C,A,A,H,-,C,D,0,NA,NA,NA,NA,Y,NA,A,01,0,0,2,0,0,0,0,0,0,-,-,33.00554,-117.34935,RIVERSIDE,RIVERSIDE,-117.35044962,34.0037488
90106277,2016,2016-02-01,9685,2016-01-24,2030,015757,NA,7,2,5,3335,0,1,1,NA,2,030,I-15 S/B (TEMECULA VALLEY FWY),TEMECULA PARKWAY,2640,N,N,A,-,Y,NA,NA,15,NA,NA,NA,NA,NA,S,Y,4,0,1,2,A,-,07,21658,A,F,E,I,A,A,H,-,C,D,0,NA,NA,NA,NA,Y,NA,D,22,0,0,1,0,0,0,0,0,0,-,-,33.4879,-117.1433,RIVERSIDE,TEMECULA,-117.14350336,33.48782486
90106346,2016,2016-02-01,9630,2016-01-24,2256,020845,NA,7,3,3,3305,0,1,1,NA,2,022,I-10 W/B,DILLON RD.,2640,W,N,A,-,Y,NA,NA,NA,NA,NA,NA,NA,NA,NA,Y,3,0,1,1,A,-,08,22107,NA,N,F,A,A,A,H,-,D,D,0,NA,NA,NA,NA,Y,NA,A,01,0,1,0,0,0,0,0,0,0,-,-,33.7155,-116.18606,RIVERSIDE,COACHELLA,-116.18119188,33.71521943
90106603,2016,2016-02-01,9685,2016-01-27,1310,012190,NA,3,1,5,3335,0,1,1,NA,2,030,I-15 S/B,SANTIAGO RD,1056,N,N,B,-,Y,NA,NA,NA,NA,NA,NA,NA,NA,NA,Y,4,0,1,2,A,-,03,22350,NA,N,C,C,A,A,H,-,A,D,0,NA,NA,NA,NA,Y,NA,A,07,0,0,1,0,0,0,0,0,0,-,-,33.29383,-117.8466,RIVERSIDE,TEMECULA,-117.14552971,33.4930855
90106856,2016,2016-02-01,9840,2016-01-20,1730,013950,NA,3,2,6,3315,0,1,1,NA,2,034,I-15 N/B,MAGNOLIA AVE,522,N,N,B,-,Y,NA,NA,NA,NA,NA,NA,NA,NA,NA,Y,4,0,2,3,A,-,03,22350,NA,N,C,C,A,A,D,-,D,D,0,NA,NA,NA,NA,Y,NA,A,01,0,0,2,0,0,0,0,0,0,-,-,NA,NA,RIVERSIDE,CORONA,-117.54300859,33.86719788
90106902,2015,2016-03-18,9840,2015-11-12,1915,020373,NA,4,2,6,3315,0,1,1,NA,2,034,I-15 S/B,ONTARIO AVE,200,N,N,A,-,Y,NA,NA,15,NA,NA,NA,NA,NA,S,N,4,0,2,2,A,-,03,22350,NA,N,C,C,A,A,H,-,D,D,0,NA,NA,NA,NA,Y,NA,-,28,0,0,2,0,0,0,0,0,0,-,-,33.84482,-117.53507,RIVERSIDE,CORONA,-117.53509729,33.84482305
90106916,2015,2016-02-01,9840,2015-11-10,0715,016285,9840,2,1,9,3300,0,3,5,NA,2,004,SOUDER STREET,ALEXANDER STREET,0,NA,Y,A,-,N,NA,NA,NA,NA,NA,NA,NA,NA,NA,Y,3,0,1,3,A,-,09,21802,A,N,D,C,A,A,H,-,A,A,0,NA,NA,NA,NA,Y,NA,A,01,0,1,0,0,0,0,0,0,0,-,-,NA,NA,RIVERSIDE,UNINCORPORATED,-117.30510003,33.83582002