CASE_ID,ACCIDENT_YEAR,PROC_DATE,JURIS,COLLISION_DATE,COLLISION_TIME,OFFICER_ID,REPORTING_DISTRICT,DAY_OF_WEEK,CHP_SHIFT,POPULATION,CNTY_CITY_LOC,SPECIAL_COND,BEAT_TYPE,CHP_BEAT_TYPE,CITY_DIVISION_LAPD,CHP_BEAT_CLASS,BEAT_NUMBER,PRIMARY_RD,SECONDARY_RD,DISTANCE,DIRECTION,INTERSECTION,WEATHER_1,WEATHER_2,STATE_HWY_IND,CALTRANS_COUNTY,CALTRANS_DISTRICT,STATE_ROUTE,ROUTE_SUFFIX,POSTMILE_PREFIX,POSTMILE,LOCATION_TYPE,RAMP_INTERSECTION,SIDE_OF_HWY,TOW_AWAY,COLLISION_SEVERITY,NUMBER_KILLED,NUMBER_INJURED,PARTY_COUNT,PRIMARY_COLL_FACTOR,PCF_CODE_OF_VIOL,PCF_VIOL_CATEGORY,PCF_VIOLATION,PCF_VIOL_SUBSECTION,HIT_AND_RUN,TYPE_OF_COLLISION,MVIW,PED_ACTION,ROAD_SURFACE,ROAD_COND_1,ROAD_COND_2,LIGHTING,CONTROL_DEVICE,CHP_ROAD_TYPE,PEDESTRIAN_ACCIDENT,BICYCLE_ACCIDENT,MOTORCYCLE_ACCIDENT,TRUCK_ACCIDENT,NOT_PRIVATE_PROPERTY,ALCOHOL_INVOLVED,STWD_VEHTYPE_AT_FAULT,CHP_VEHTYPE_AT_FAULT,COUNT_SEVERE_INJ,COUNT_VISIBLE_INJ,COUNT_COMPLAINT_PAIN,COUNT_PED_KILLED,COUNT_PED_INJURED,COUNT_BICYCLIST_KILLED,COUNT_BICYCLIST_INJURED,COUNT_MC_KILLED,COUNT_MC_INJURED,PRIMARY_RAMP,SECONDARY_RAMP,LATITUDE,LONGITUDE,COUNTY,CITY,POINT_X,POINT_Y
90260141,2016,2016-09-02,9840,2016-08-27,1217,018248,NA,6,1,6,3315,0,1,1,NA,2,034,I-15 N/B,SR-91,500,S,N,A,-,Y,NA,NA,15,NA,NA,NA,NA,NA,N,Y,4,0,1,3,A,-,03,22350,NA,N,C,C,A,A,D,-,A,D,0,NA,NA,NA,NA,Y,NA,A,01,0,0,1,0,0,0,0,0,0,-,-,33.87285,-117.54473,RIVERSIDE,CORONA,-117.54472674,33.87285083
90261323,2016,2016-09-06,9840,2016-08-27,2325,020455,NA,6,3,9,3300,0,3,5,NA,2,002,SYCAMORE CANYON BLVD,MINNESOTA WAY,15,W,N,A,-,N,NA,NA,NA,NA,NA,NA,NA,NA,NA,Y,3,0,2,1,A,-,08,22107,NA,N,E,I,A,A,H,-,D,D,0,NA,NA,NA,NA,Y,NA,A,01,0,2,0,0,0,0,0,0,0,-,-,33.95623,-117.30681,RIVERSIDE,UNINCORPORATED,-117.30684994,33.95629266
90262711,2016,2016-09-07,9660,2016-09-03,1110,20555,NA,6,1,9,3300,0,1,1,NA,2,030,I-10 E/B,CORN SPRINGS ROAD,26400,E,N,A,-,Y,NA,NA,10,NA,NA,NA,NA,NA,E,Y,4,0,1,2,A,-,05,21651,A,N,C,C,A,A,H,-,A,D,0,NA,NA,NA,NA,Y,NA,A,01,0,0,1,0,0,0,0,0,0,-,-,33.6602,-115.16922,RIVERSIDE,UNINCORPORATED,-115.16919989,33.66026932
90264217,2016,2016-09-08,9655,2016-08-27,0800,021008,NA,6,1,9,3300,0,1,1,NA,2,206,INTERSTATE 10 EASTBOUND,STATE HIGHWAY 62,3696,W,N,A,-,Y,NA,NA,10,NA,NA,NA,NA,NA,E,Y,2,0,2,2,A,-,08,22107,NA,N,B,C,A,A,H,-,A,D,0,NA,NA,NA,Y,Y,NA,A,07,1,1,0,0,0,0,0,0,0,-,-,33.91669,-116.61554,RIVERSIDE,UNINCORPORATED,-116.61555853,33.91659871
90264524,2016,2016-09-09,9840,2016-09-01,2117,020453,NA,4,2,6,3315,0,1,3,NA,1,038,SR-71 S/B TO SR-91 W/B,SR-91 W/B,0,NA,N,A,-,Y,NA,NA,71,NA,NA,NA,R,NA,S,N,4,0,1,2,A,-,03,22350,NA,N,C,C,A,A,H,-,C,D,0,NA,NA,NA,NA,Y,NA,A,01,0,0,1,0,0,0,0,0,0,-,-,33.88293,-117.64386,RIVERSIDE,CORONA,-117.64386,33.88293
90264737,2016,2016-09-09,9660,2016-06-16,0530,021237,NA,4,3,9,3300,0,1,1,NA,2,030,I-10 W/B,FORD DRY LAKE,7128,W,N,A,-,Y,NA,NA,10,NA,NA,NA,NA,NA,W,Y,1,2,0,2,A,-,01,23152,A,N,A,C,A,A,H,-,B,D,0,NA,NA,NA,Y,Y,Y,A,01,0,0,0,0,0,0,0,0,0,-,-,33.61426,-115.01221,RIVERSIDE,UNINCORPORATED,-115.01223413,33.61417963
90264898,2016,2016-09-09,9685,2016-07-25,2322,016150,NA,1,3,9,3300,0,3,5,NA,2,002,RIVER ROAD,THEDA STREET,272,E,N,A,-,Y,NA,NA,NA,NA,NA,NA,NA,NA,NA,Y,1,1,1,1,A,-,01,23152,A,N,E,J,A,A,H,-,D,D,0,NA,NA,NA,NA,Y,Y,A,01,0,1,0,0,0,0,0,0,0,-,-,33.72535,-117.27422,RIVERSIDE,UNINCORPORATED,-117.27427845,33.72536048
90266240,2016,2016-09-15,9840,2016-09-03,1015,017903,NA,6,1,9,3300,0,2,4,NA,2,042,VAN BUREN BLVD,I-215 S/B,10,E,N,B,-,N,NA,NA,NA,NA,NA,NA,NA,NA,NA,Y,4,0,2,2,A,-,12,21453,A,N,D,C,A,A,H,-,A,A,0,NA,NA,NA,Y,Y,NA,A,07,0,0,2,0,0,0,0,0,0,-,-,33.88774,-117.27065,RIVERSIDE,UNINCORPORATED,-117.270598,33.887707
90266310,2016,2016-09-13,9840,2016-09-02,1705,016754,NA,5,2,6,3315,0,1,3,NA,2,031,SR-91 W/B,EAST GRAND AVENUE,1000,E,N,A,-,Y,NA,NA,91,NA,NA,NA,NA,NA,W,Y,4,0,1,2,A,-,07,21658,A,N,B,C,A,A,D,-,A,D,0,NA,NA,NA,NA,Y,NA,A,01,0,0,1,0,0,0,0,0,0,-,-,33.87964,-117.55716,RIVERSIDE,CORONA,-117.55714744,33.87943192
90269320,2016,2016-09-16,9840,2016-08-20,1455,018383,NA,6,2,7,3313,0,1,3,NA,2,020,SR-91 W/B,MAGNOLIA AVE.,1100,E,N,A,-,Y,NA,NA,91,NA,NA,NA,NA,NA,W,Y,4,0,1,4,A,-,08,22107,NA,F,B,C,A,A,H,-,A,D,0,NA,NA,NA,NA,Y,NA,-,99,0,0,1,0,0,0,0,0,0,-,-,33.89681,-117.48341,RIVERSIDE,RIVERSIDE,-117.48340905,33.89677608
90269388,2016,2016-09-16,9840,2016-08-26,1830,018383,NA,5,2,6,3315,0,1,1,NA,2,034,I-15 S/B,SR-91,675,S,N,A,-,Y,NA,NA,15,NA,NA,NA,NA,NA,S,Y,4,0,1,2,A,-,03,22350,NA,N,C,C,A,A,D,-,A,D,0,NA,NA,NA,NA,Y,NA,A,01,0,0,1,0,0,0,0,0,0,-,-,33.87981,-117.54681,RIVERSIDE,CORONA,-117.54669034,33.87984692
90269554,2016,2016-09-19,9655,2016-09-07,1915,019462,NA,3,2,9,3300,0,1,3,NA,1,314,STANFORD STREET,VAN LINDEN CT,43,S,N,A,-,N,NA,NA,NA,NA,NA,NA,NA,NA,NA,N,3,0,1,2,A,-,03,22350,NA,N,G,B,D,A,H,-,C,D,0,Y,NA,NA,NA,Y,NA,A,07,0,1,0,0,1,0,0,0,0,-,-,33.74194,-116.93213,RIVERSIDE,UNINCORPORATED,-116.93253,33.74180225
90269958,2016,2016-09-19,9630,2016-09-09,1500,019228,NA,5,2,9,3300,0,3,5,NA,2,005,"55190 RUE MONTIGNY, THERMAL",ELLA AVE,63,S,N,A,-,N,NA,NA,NA,NA,NA,NA,NA,NA,NA,N,3,0,1,1,A,-,08,22107,NA,N,E,I,A,A,H,-,A,D,0,NA,NA,Y,NA,Y,NA,C,06,0,1,0,0,0,0,0,0,1,-,-,33.64779,-116.21415,RIVERSIDE,UNINCORPORATED,-116.21442,33.647672
90270125,2016,2016-09-19,9685,2016-08-28,0410,015958,NA,7,3,9,3300,0,3,5,NA,2,003,N. GENERAL KEARNEY ROAD,FINBROOK ROAD,100,S,N,A,-,N,NA,NA,NA,NA,NA,NA,NA,NA,NA,Y,4,0,1,2,A,-,01,23152,A,M,A,E,A,A,H,-,C,D,0,NA,NA,NA,NA,Y,Y,D,22,0,0,1,0,0,0,0,0,0,-,-,33.54226,-117.12714,RIVERSIDE,UNINCORPORATED,-117.12578878,33.54269549
90270821,2016,2016-09-19,9630,2016-09-10,0650,013022,NA,6,1,9,3300,0,1,1,NA,2,302,I-10 E/B,EAGLE MOUNTAIN RD,2112,E,N,A,-,Y,NA,NA,10,NA,NA,NA,NA,NA,E,Y,3,0,1,1,A,-,08,22107,NA,N,F,A,A,A,H,-,A,D,0,NA,NA,NA,NA,Y,NA,A,07,0,1,0,0,0,0,0,0,0,-,-,33.7038,-115.44461,RIVERSIDE,UNINCORPORATED,-115.44457045,33.70362244
90274295,2016,2016-09-23,9840,2016-09-21,2225,019017,NA,3,3,6,3315,0,1,3,NA,2,031,SR-91 W/B,PROMENADE AVE,525,W,N,B,-,Y,NA,NA,91,NA,NA,NA,NA,NA,W,N,4,0,1,2,A,-,01,23152,A,N,C,C,A,A,D,-,D,D,0,NA,NA,NA,NA,Y,Y,D,22,0,0,1,0,0,0,0,0,0,-,-,33.8835,-117.53869,RIVERSIDE,CORONA,-117.53868807,33.88345892
90274828,2016,2016-09-23,9685,2016-09-14,1230,013006,NA,3,1,4,3342,0,1,1,NA,2,030,I-15 NORTHBOUND,MURRIETA HOT SPRINGS,685,S,N,A,-,Y,NA,NA,NA,NA,NA,NA,NA,NA,NA,Y,3,0,1,1,A,-,08,22107,NA,N,E,I,A,A,H,-,A,D,0,NA,NA,NA,NA,Y,NA,A,01,0,1,0,0,0,0,0,0,0,-,-,33.33145,-117.11263,RIVERSIDE,MURRIETA,-117.19166,33.55477
90275037,2016,2016-09-26,9655,2016-09-19,0725,015892,NA,1,1,9,3300,0,1,3,NA,1,116,STATE ROUTE 74,MCCALL PARK ROAD,3168,W,N,A,-,Y,NA,NA,74,NA,NA,NA,NA,NA,NA,Y,4,0,3,1,A,-,08,22107,NA,N,E,I,A,A,H,-,A,D,0,NA,NA,NA,NA,Y,NA,A,01,0,0,3,0,0,0,0,0,0,-,-,33.70351,-116.73899,RIVERSIDE,UNINCORPORATED,-116.73898031,33.70346168
90277520,2016,2016-09-28,9655,2016-09-20,0242,017720,NA,2,3,9,3300,0,1,1,NA,2,204,I-10 EASTBOUND,MORONGO TRAIL,1119,E,N,B,-,Y,NA,NA,10,NA,NA,NA,NA,NA,E,Y,3,0,2,3,A,-,03,22350,NA,N,C,C,E,A,H,-,D,D,0,Y,NA,NA,Y,Y,NA,G,25,0,2,0,0,1,0,0,0,0,-,-,33.91862,-116.79709,RIVERSIDE,UNINCORPORATED,-116.79708986,33.91862447
90277850,2016,2016-09-28,9655,2016-09-25,0748,014743,NA,7,1,9,3300,0,1,3,NA,2,213,SR-79 S/B,GILMAN SPRINGS ROAD,5808,N,N,A,-,Y,NA,NA,79,NA,NA,NA,NA,NA,S,Y,4,0,1,1,A,-,08,22107,NA,N,E,I,A,A,H,-,A,D,0,NA,NA,NA,NA,Y,NA,A,07,0,0,1,0,0,0,0,0,0,-,-,33.86171,-117.00825,RIVERSIDE,UNINCORPORATED,-117.00821045000001,33.86168735
90278404,2016,2016-09-28,9685,2016-09-22,0520,016765,NA,4,3,4,3342,0,1,1,NA,2,034,I-215 S/B,LOS ALAMOS RD,1500,S,N,B,-,Y,NA,NA,215,NA,NA,NA,NA,NA,S,N,4,0,1,2,A,-,03,22350,NA,M,C,C,A,A,H,-,B,D,0,NA,NA,NA,NA,Y,NA,-,99,0,0,1,0,0,0,0,0,0,-,-,33.56864,-117.18099,RIVERSIDE,MURRIETA,-117.18099304,33.56863998
90280706,2016,2016-09-30,9840,2016-09-23,1253,017568,NA,5,1,6,3345,0,1,1,NA,2,011,I-15 N/B,CANTU GALLEANO RANCH ROAD,1000,N,N,A,-,Y,NA,NA,15,NA,NA,NA,NA,NA,N,Y,3,0,1,3,A,-,07,21658,A,N,B,C,A,A,H,-,A,D,0,NA,NA,Y,NA,Y,NA,A,01,0,1,0,0,0,0,0,0,1,-,-,34.01052,-117.55017,RIVERSIDE,JURUPA VALLEY,-117.55007945,34.01051928
90280762,2016,2016-09-30,9840,2016-09-18,0629,019242,NA,7,1,7,3313,0,3,5,NA,2,002,CENTRAL AVENUE,I-215 O/C,36,E,N,A,-,N,NA,NA,NA,NA,NA,NA,NA,NA,NA,Y,3,0,3,1,A,-,08,22107,NA,N,E,I,A,A,H,-,B,A,0,NA,NA,NA,NA,Y,NA,A,01,0,3,0,0,0,0,0,0,0,-,-,33.95856,-117.3096,RIVERSIDE,RIVERSIDE,NA,NA
90281698,2016,2016-10-03,9655,2016-10-01,0124,018677,NA,6,3,4,3301,0,1,1,NA,2,204,I-10 E/B,SAN GORGONIO AVENUE,150,W,N,A,-,Y,NA,NA,10,NA,NA,NA,NA,NA,E,Y,3,0,2,1,A,-,01,23152,A,F,E,I,A,A,H,-,C,D,0,NA,NA,NA,NA,Y,Y,A,01,0,2,0,0,0,0,0,0,0,-,-,33.92425,-116.87696,RIVERSIDE,BANNING,-116.87695972,33.92416125
90282422,2016,2016-10-03,9840,2016-09-29,1320,016356,NA,4,1,6,3315,0,1,3,NA,2,030,SR-91 E/B,LINCOLN AVE,100,W,N,A,-,Y,NA,NA,91,NA,NA,NA,NA,NA,E,Y,4,0,1,2,A,-,03,22350,NA,N,C,C,A,A,D,-,A,D,0,NA,NA,NA,NA,Y,NA,A,01,0,0,1,0,0,0,0,0,0,-,-,33.88085,-117.61512,RIVERSIDE,CORONA,-117.61511493,33.88088901
90285049,2016,2016-10-06,9840,2016-10-04,1951,018072,NA,2,2,7,3313,0,1,1,NA,2,023,I-215 S/B,SR-91,300,S,N,A,-,Y,NA,NA,215,NA,NA,NA,NA,NA,S,N,4,0,1,2,A,-,03,22350,NA,N,C,C,A,A,H,-,D,D,0,NA,NA,NA,NA,Y,NA,A,01,0,0,1,0,0,0,0,0,0,-,-,33.993,-117.35679,RIVERSIDE,RIVERSIDE,-117.35598986,33.99331851
90285396,2016,2016-10-06,9685,2016-10-01,1845,013376,NA,6,2,4,3342,0,1,1,NA,2,034,I-215 NORTHBOUND,MURRIETA HOT SPRINGS ROAD,1000,N,N,A,-,Y,NA,NA,215,NA,NA,NA,NA,NA,N,Y,3,0,1,2,A,-,03,22350,NA,F,C,C,A,A,H,-,C,D,0,NA,NA,Y,NA,Y,NA,C,02,0,1,0,0,0,0,0,0,1,-,-,33.56222,-117.18074,RIVERSIDE,MURRIETA,-117.18074428,33.56221999
90287325,2016,2016-10-10,9840,2016-10-01,1710,017481,NA,6,2,6,3315,0,1,1,NA,2,034,I-15 S/B,ONTARIO AVENUE,350,N,N,A,-,Y,NA,NA,15,NA,NA,NA,NA,NA,S,N,4,0,2,2,A,-,03,22350,NA,N,C,C,A,A,D,-,A,D,0,NA,NA,NA,NA,Y,NA,D,22,0,0,2,0,0,0,0,0,0,-,-,33.84597,-117.53495,RIVERSIDE,CORONA,-117.53495696,33.84597103
90288782,2016,2016-10-11,9840,2016-09-16,2310,020453,NA,5,3,9,3300,0,2,4,NA,2,043,RAMONA EXPRESSWAY,MARTIN ST.,450,W,N,A,-,N,NA,NA,NA,NA,NA,NA,NA,NA,NA,Y,4,0,2,2,A,-,08,22107,NA,N,C,C,A,A,H,-,D,D,0,NA,NA,NA,NA,Y,Y,A,01,0,0,2,0,0,0,0,0,0,-,-,33.84121,-117.14424,RIVERSIDE,UNINCORPORATED,-117.14440154,33.84113111
90289044,2016,2016-10-11,9685,2016-10-06,0705,012775,NA,4,1,9,3300,0,1,3,NA,2,011,SR-74 E/B (ORTEGA HWY),DECKER CANYON ROAD,5280,W,N,A,-,Y,NA,NA,74,NA,NA,NA,NA,NA,E,N,3,0,1,1,A,-,03,22350,NA,N,E,I,A,A,H,-,A,D,0,NA,NA,Y,NA,Y,NA,C,02,0,1,0,0,0,0,0,0,1,-,-,33.62039,-117.42606,RIVERSIDE,UNINCORPORATED,-117.42602654,33.62037283
90292285,2016,2016-10-14,9840,2016-10-13,0425,015802,NA,4,3,9,3300,0,1,1,NA,2,041,I-215 N/B,NUEVO RD,5187,N,N,A,-,Y,NA,NA,215,NA,NA,NA,NA,NA,N,N,4,0,1,1,A,-,08,22107,NA,N,E,I,A,A,H,-,D,D,0,NA,NA,NA,NA,Y,NA,A,01,0,0,1,0,0,0,0,0,0,-,-,33.81498,-117.23881,RIVERSIDE,UNINCORPORATED,-117.23874734,33.81500713
90292668,2016,2016-10-17,9655,2016-10-15,1147,014421,NA,6,1,2,3336,0,1,1,NA,2,202,I-10 WESTBOUND,COUNTY LINE LN,348,E,N,A,-,Y,NA,NA,10,NA,NA,NA,NA,NA,W,Y,3,0,1,1,A,-,08,22107,NA,N,E,I,A,A,H,-,A,D,0,NA,NA,NA,NA,Y,NA,D,22,0,1,0,0,0,0,0,0,0,-,-,34.00249,-117.06424,RIVERSIDE,CALIMESA,-117.06410255,34.00256835
90293591,2016,2016-10-17,9840,2016-10-11,0805,016619,NA,2,1,6,3394,0,1,3,NA,2,025,SR-60 W/B,PIGEON PASS RD,1584,E,N,A,-,Y,NA,NA,60,NA,NA,NA,NA,NA,W,Y,4,0,1,3,A,-,03,22350,NA,N,C,C,A,A,H,-,A,D,0,NA,NA,Y,NA,Y,NA,C,02,0,0,1,0,0,0,0,0,1,-,-,33.94108,-117.25495,RIVERSIDE,MORENO VALLEY,-117.25494862,33.94102145
90295832,2016,2016-10-19,9685,2016-10-09,0240,017304,NA,7,3,9,3300,0,3,5,NA,2,003,VIA DE ORO ROAD,DEPORTOLA ROAD,1056,E,N,A,-,N,NA,NA,NA,NA,NA,NA,NA,NA,NA,Y,4,0,1,1,A,-,01,23152,A,M,E,I,A,A,H,-,C,D,0,NA,NA,NA,NA,Y,Y,D,22,0,0,1,0,0,0,0,0,0,-,-,33.3239,-116.593,RIVERSIDE,UNINCORPORATED,-117.01242,33.53667
90296268,2016,2016-10-19,9630,2016-10-10,2341,021194,NA,1,3,9,3300,0,1,1,NA,2,021,I-10 E/B,MONTEREY AVE,500,E,N,A,-,Y,NA,NA,10,NA,NA,NA,NA,NA,E,Y,3,0,1,2,A,-,01,23152,E,N,D,C,A,A,H,-,D,D,0,NA,NA,NA,Y,Y,NA,A,01,0,1,0,0,0,0,0,0,0,-,-,33.80287,-116.38286,RIVERSIDE,UNINCORPORATED,-116.38292663,33.80278674
90297240,2016,2016-10-20,9840,2016-10-05,1400,021335,NA,3,2,6,3315,0,1,1,NA,2,034,I-15 N/B TO CAJALCO RD,CAJALCO RD,250,S,N,A,-,Y,NA,NA,15,NA,NA,NA,R,NA,N,Y,2,0,1,1,A,-,03,22350,NA,N,F,A,A,A,H,-,A,D,0,NA,NA,Y,NA,Y,NA,C,02,1,0,0,0,0,0,0,0,1,-,-,33.82052,-117.51662,RIVERSIDE,CORONA,-117.51662,33.82052
90298797,2016,2016-10-24,9840,2016-10-21,0500,020221,NA,5,3,9,3300,0,3,5,NA,2,004,ALESSANDRO BLVD,I-215 N/B,0,NA,Y,A,-,N,NA,NA,NA,NA,NA,NA,NA,NA,NA,Y,3,0,2,3,A,-,09,21453,NA,N,D,C,A,A,H,-,C,A,0,NA,NA,NA,NA,Y,NA,A,01,0,1,1,0,0,0,0,0,0,-,-,33.91676,-117.28685,RIVERSIDE,UNINCORPORATED,-117.28687,33.916676
90301155,2016,2016-10-25,9840,2016-10-25,0733,012208,NA,2,1,4,3312,0,1,1,NA,2,041,I-215 N/B,RAMONA EXPRESSWAY,1840,S,N,B,-,Y,NA,NA,NA,NA,NA,NA,NA,NA,NA,N,4,0,1,2,A,-,07,21658,NA,N,C,C,A,A,H,-,A,D,0,NA,NA,NA,NA,Y,NA,A,07,0,0,1,0,0,0,0,0,0,-,-,32.8388,-117.24928,RIVERSIDE,PERRIS,-117.24924627,33.83898568
90301830,2016,2016-10-26,9685,2016-10-10,1330,013006,NA,1,1,9,3300,0,1,1,NA,2,030,I-15 N/B,SAN DIEGO/RIVERSIDE CO LINE,1026,N,N,A,-,Y,NA,NA,NA,NA,NA,NA,NA,NA,NA,Y,3,0,1,3,A,-,07,21658,A,N,B,A,A,A,H,-,A,D,0,NA,NA,NA,NA,Y,NA,D,22,0,1,0,0,0,0,0,0,0,-,-,33.26195,-117.082,RIVERSIDE,UNINCORPORATED,NA,NA
90302372,2016,2016-10-27,9630,2016-10-14,1559,021416,NA,5,2,9,3300,0,1,1,NA,2,020,I-10 E/B,BOB HOPE DR,1584,W,N,A,-,Y,NA,NA,10,NA,NA,NA,NA,NA,E,Y,4,0,1,2,A,-,03,22350,NA,N,C,C,A,A,H,-,A,D,0,NA,NA,NA,NA,Y,NA,A,01,0,0,1,0,0,0,0,0,0,-,-,33.8204,-116.40978,RIVERSIDE,UNINCORPORATED,-116.40981415,33.8203442
90302783,2016,2016-10-27,9840,2016-10-02,1030,017441,NA,7,1,9,3300,0,3,5,NA,2,004,JUNIPER FLATS RD.,CONTOUR AVE.,900,S,N,A,-,N,NA,NA,NA,NA,NA,NA,NA,NA,NA,N,4,0,1,1,A,-,08,22107,NA,N,F,A,A,A,H,-,A,D,0,NA,NA,Y,NA,Y,NA,C,02,0,0,1,0,0,0,0,0,1,-,-,33.80708,-117.09431,RIVERSIDE,UNINCORPORATED,-117.09455961,33.80715705
90303179,2016,2016-10-27,9840,2016-10-21,1350,016356,NA,5,1,6,3315,0,1,3,NA,2,031,SR-91 E/B,MCKINLEY ST,1000,W,N,A,-,Y,NA,NA,NA,NA,NA,NA,NA,NA,NA,Y,4,0,1,2,A,-,03,22350,NA,N,C,C,A,A,D,-,A,D,0,NA,NA,NA,NA,Y,NA,A,01,0,0,1,0,0,0,0,0,0,-,-,33.533,-117.3125,RIVERSIDE,CORONA,-117.52076347,33.88493876
9030480,2019,2020-06-24,3313,2019-11-10,1747,1827,5,7,5,7,3313,0,0,0,NA,0,T43,GRAMERCY PL,JONES AV,0,NA,Y,A,-,N,NA,NA,NA,NA,NA,NA,NA,NA,NA,N,4,0,1,2,A,-,12,22450,A,N,D,C,A,A,H,-,C,A,0,NA,NA,NA,NA,Y,NA,A,07,0,0,1,0,0,0,0,0,0,-,-,33.930721282958984,-117.47969818115234,RIVERSIDE,RIVERSIDE,-117.4795379638672,33.93082046508789
90305556,2016,2016-10-28,9840,2016-10-14,1700,017459,NA,5,2,7,3313,0,1,3,NA,2,020,"SR-91, W/B",TYLER STREET,2500,E,N,A,-,Y,NA,NA,NA,NA,NA,NA,NA,NA,NA,Y,3,0,2,1,A,-,08,22107,NA,F,F,A,A,A,H,-,A,D,0,NA,NA,NA,NA,Y,NA,A,01,0,2,0,0,0,0,0,0,0,-,-,33.77543,-117.87641,RIVERSIDE,RIVERSIDE,-117.45010107,33.91025982
9030694,2019,2020-01-22,3313,2019-11-26,1052,1686,4,2,5,7,3313,0,0,0,NA,0,T58,VAN BUREN BL,CHALLEN AV,37,S,N,A,-,N,NA,NA,NA,NA,NA,NA,NA,NA,NA,Y,4,0,3,4,A,-,03,22350,NA,N,C,C,A,A,H,-,A,A,0,NA,NA,NA,NA,Y,NA,D,22,0,0,3,0,0,0,0,0,0,-,-,33.92829895019531,-117.45394897460938,RIVERSIDE,RIVERSIDE,-117.45358276367188,33.928794860839844
9030790,2019,2020-01-30,3300,2019-10-24,0437,5233,002S,4,5,6,3345,0,0,0,NA,0,024,BAIN ST,60TH ST,0,NA,Y,G,-,N,NA,NA,NA,NA,NA,NA,NA,NA,NA,Y,4,0,1,2,A,-,09,21802,A,N,D,C,A,A,H,-,C,A,0,NA,NA,NA,NA,Y,NA,A,01,0,0,1,0,0,0,0,0,0,-,-,33.9781494140625,-117.50528717041016,RIVERSIDE,JURUPA VALLEY,-117.5058364868164,33.979129791259766
90311203,2016,2016-11-04,9840,2016-10-29,1128,017568,NA,6,1,6,3315,0,1,1,NA,2,034,I-15 N/B,DOS LAGOS DR,800,S,N,A,-,Y,NA,NA,NA,NA,NA,NA,NA,NA,NA,Y,4,0,2,2,A,-,03,22350,NA,N,C,C,A,A,H,-,A,D,0,NA,NA,NA,NA,Y,NA,D,22,0,0,2,0,0,0,0,0,0,-,-,33.80241,-117.50501,RIVERSIDE,CORONA,-117.50622138,33.80506011
90311215,2016,2016-11-04,9840,2016-10-16,1255,021404,NA,7,1,7,3313,0,1,3,NA,2,020,SR-91 W/B,LA SIERRA AVE,126,W,N,A,-,Y,NA,NA,91,NA,NA,NA,NA,NA,W,Y,3,0,3,1,A,-,08,22107,NA,N,E,I,A,A,H,-,A,D,0,NA,NA,NA,NA,Y,NA,D,22,0,1,2,0,0,0,0,0,0,-,-,33.89976,-117.47472,RIVERSIDE,RIVERSIDE,-117.47465016,33.89961154
90313698,2016,2016-11-08,9840,2016-10-27,1910,018949,NA,4,2,6,3315,0,1,3,NA,2,031,SR-91 W/B TO I-15 S/B,PROMENADE AVE,5280,W,N,B,-,Y,NA,NA,NA,NA,NA,NA,NA,NA,NA,Y,4,0,1,2,A,-,03,22350,NA,N,C,C,A,A,D,-,C,D,0,NA,NA,NA,NA,Y,NA,E,22,0,0,1,0,0,0,0,0,0,-,-,33.87503,-117.54579,RIVERSIDE,CORONA,-117.55297506,33.87976464
90316681,2016,2016-11-10,9685,2016-11-03,0650,014349,NA,4,1,5,3335,0,1,1,NA,2,030,INTERSTATE 15 S/B,WINCHESTER ROAD,1695,N,N,A,-,Y,NA,NA,15,NA,NA,NA,NA,NA,S,Y,4,0,2,3,A,-,03,22350,NA,N,C,C,A,A,H,-,B,D,0,NA,NA,NA,NA,Y,NA,A,07,0,0,2,0,0,0,0,0,0,-,-,33.5284,-117.16698,RIVERSIDE,TEMECULA,-117.16708921,33.52832703
90320005,2016,2016-11-15,9630,2016-11-05,1608,020061,NA,6,2,9,3300,0,1,1,NA,2,021,I-10 E/B,COOK STREET,997,E,N,A,-,Y,NA,NA,10,NA,NA,NA,NA,NA,E,Y,2,0,5,1,A,-,01,23152,A,N,E,I,A,A,H,-,A,D,0,NA,NA,NA,NA,Y,Y,A,01,3,1,1,0,0,0,0,0,0,-,-,33.78435,-116.35186,RIVERSIDE,UNINCORPORATED,-116.35192405,33.78424145
90320168,2016,2016-11-15,9840,2016-11-04,0840,012191,NA,5,1,6,3345,0,1,3,NA,2,010,SR-60 W/B,MILLIKEN AVENUE,150,E,N,A,-,Y,NA,NA,NA,NA,NA,NA,NA,NA,NA,N,4,0,1,2,A,-,08,22107,NA,N,B,C,A,A,H,-,A,D,0,NA,NA,NA,NA,Y,NA,A,01,0,0,1,0,0,0,0,0,0,-,-,34.02294,-117.55439,RIVERSIDE,JURUPA VALLEY,-117.55780216,34.02400874
90321067,2016,2016-11-16,9840,2016-11-10,1735,015444,NA,4,2,7,3313,0,1,3,NA,2,021,SR-91 E/B,SPRUCE STREET,500,W,N,A,-,Y,NA,NA,91,NA,NA,NA,NA,NA,E,Y,4,0,1,4,A,-,03,22350,NA,F,C,C,A,A,H,-,A,D,0,NA,NA,NA,NA,Y,NA,D,22,0,0,1,0,0,0,0,0,0,-,-,33.98703,-117.36378,RIVERSIDE,RIVERSIDE,-117.36371432,33.98697133
90321138,2016,2016-11-16,9685,2016-11-07,1134,17285,NA,1,1,5,3335,0,1,1,NA,2,030,I-15 NORTHBOUND,TEMECULA PARKWAY,1500,N,N,A,-,Y,NA,NA,15,NA,NA,NA,NA,NA,N,Y,4,0,1,1,A,-,08,22107,NA,N,E,I,A,A,H,-,A,D,0,NA,NA,NA,NA,Y,NA,A,01,0,0,1,0,0,0,0,0,0,-,-,33.48425,-117.14201,RIVERSIDE,TEMECULA,-117.141853,33.48430605
90321240,2016,2016-11-16,9655,2016-11-12,1535,017106,NA,6,2,9,3300,0,3,5,NA,2,002,BROADWAY STREET,CARMEN AVENUE,500,S,N,A,-,N,NA,NA,NA,NA,NA,NA,NA,NA,NA,Y,4,0,1,2,A,-,03,22350,NA,N,C,C,A,A,H,-,A,D,0,NA,NA,NA,NA,Y,NA,A,08,0,0,1,0,0,0,0,0,0,-,-,33.91059,-116.78333,RIVERSIDE,UNINCORPORATED,-116.7828486,33.90928152