CASE_ID,ACCIDENT_YEAR,PROC_DATE,JURIS,COLLISION_DATE,COLLISION_TIME,OFFICER_ID,REPORTING_DISTRICT,DAY_OF_WEEK,CHP_SHIFT,POPULATION,CNTY_CITY_LOC,SPECIAL_COND,BEAT_TYPE,CHP_BEAT_TYPE,CITY_DIVISION_LAPD,CHP_BEAT_CLASS,BEAT_NUMBER,PRIMARY_RD,SECONDARY_RD,DISTANCE,DIRECTION,INTERSECTION,WEATHER_1,WEATHER_2,STATE_HWY_IND,CALTRANS_COUNTY,CALTRANS_DISTRICT,STATE_ROUTE,ROUTE_SUFFIX,POSTMILE_PREFIX,POSTMILE,LOCATION_TYPE,RAMP_INTERSECTION,SIDE_OF_HWY,TOW_AWAY,COLLISION_SEVERITY,NUMBER_KILLED,NUMBER_INJURED,PARTY_COUNT,PRIMARY_COLL_FACTOR,PCF_CODE_OF_VIOL,PCF_VIOL_CATEGORY,PCF_VIOLATION,PCF_VIOL_SUBSECTION,HIT_AND_RUN,TYPE_OF_COLLISION,MVIW,PED_ACTION,ROAD_SURFACE,ROAD_COND_1,ROAD_COND_2,LIGHTING,CONTROL_DEVICE,CHP_ROAD_TYPE,PEDESTRIAN_ACCIDENT,BICYCLE_ACCIDENT,MOTORCYCLE_ACCIDENT,TRUCK_ACCIDENT,NOT_PRIVATE_PROPERTY,ALCOHOL_INVOLVED,STWD_VEHTYPE_AT_FAULT,CHP_VEHTYPE_AT_FAULT,COUNT_SEVERE_INJ,COUNT_VISIBLE_INJ,COUNT_COMPLAINT_PAIN,COUNT_PED_KILLED,COUNT_PED_INJURED,COUNT_BICYCLIST_KILLED,COUNT_BICYCLIST_INJURED,COUNT_MC_KILLED,COUNT_MC_INJURED,PRIMARY_RAMP,SECONDARY_RAMP,LATITUDE,LONGITUDE,COUNTY,CITY,POINT_X,POINT_Y
91011177,2019,2019-06-17,9840,2019-06-08,1558,021194,NA,6,2,6,3315,0,1,3,NA,2,030,SR-91 E/B,GREEN RIVER ROAD,2112,W,N,A,-,Y,NA,NA,91,NA,NA,NA,NA,NA,E,Y,4,0,1,2,A,-,03,22350,NA,N,C,C,A,A,H,-,A,D,0,NA,NA,NA,NA,Y,NA,A,01,0,0,1,0,0,0,0,0,0,-,-,33.87445831298828,-117.66242980957033,RIVERSIDE,CORONA,-117.66246032714844,33.874488830566406
91012136,2019,2019-06-18,9840,2019-06-10,1443,020455,NA,1,2,6,3315,0,1,3,NA,2,031,SR-91 E/B TO I-15,E GRAND BLVD,550,E,N,A,-,Y,NA,NA,91,NA,NA,NA,R,NA,E,Y,3,0,1,3,A,-,08,22107,NA,N,B,E,A,A,H,-,A,D,0,NA,NA,NA,Y,Y,NA,A,07,0,1,0,0,0,0,0,0,0,-,-,33.8786506652832,-117.55803680419922,RIVERSIDE,CORONA,-117.55803680419922,33.8786506652832
91012182,2019,2019-06-18,9840,2019-06-11,0630,014497,NA,2,1,9,3300,0,1,1,NA,2,041,I-215 N/B,NUEVO ROAD,528,S,N,A,-,Y,NA,NA,215,NA,NA,NA,NA,NA,N,Y,4,0,1,3,A,-,03,22350,NA,N,C,C,A,A,H,-,A,D,0,NA,NA,NA,NA,Y,NA,A,01,0,0,1,0,0,0,0,0,0,-,-,33.80073928833008,-117.23227691650392,RIVERSIDE,UNINCORPORATED,-117.23225402832033,33.800743103027344
91012689,2019,2019-06-18,9630,2019-06-09,0945,021513,NA,7,1,9,3300,0,3,5,NA,2,001,BUBBLING WELLS RD,CAMINO IDILIO,0,NA,Y,A,-,N,NA,NA,NA,NA,NA,NA,NA,NA,NA,Y,3,0,2,2,A,-,09,21802,A,N,D,C,A,A,H,-,A,A,0,NA,NA,NA,NA,Y,NA,A,01,0,1,1,0,0,0,0,0,0,-,-,33.92856979370117,-116.40432739257813,RIVERSIDE,UNINCORPORATED,-116.48446655273438,33.928550720214844
91014442,2019,2019-06-20,9840,2019-05-27,1730,019576,NA,1,2,9,3300,0,3,5,NA,2,004,OLD ELSINORE RD,ALOHA RD,3920,N,N,A,-,Y,NA,NA,NA,NA,NA,NA,NA,NA,NA,Y,4,0,1,1,A,-,01,23152,A,N,E,I,A,A,H,-,A,D,0,NA,NA,NA,NA,Y,Y,A,01,0,0,1,0,0,0,0,0,0,-,-,33.80350112915039,-117.27480316162108,RIVERSIDE,UNINCORPORATED,-117.27468872070313,33.80354690551758
91014498,2019,2019-06-20,9685,2019-06-10,1140,015757,NA,1,1,4,3342,0,1,1,NA,2,030,I-15 N/B (TEMECULA VALLEY FWY),I-215 O/C,3960,S,N,A,-,Y,NA,NA,15,NA,NA,NA,NA,NA,N,Y,4,0,1,2,A,-,07,21658,A,N,B,C,A,A,H,-,A,D,0,NA,NA,NA,Y,Y,NA,A,01,0,0,1,0,0,0,0,0,0,-,-,33.540260314941406,-117.17453002929688,RIVERSIDE,MURRIETA,-117.1745376586914,33.540252685546875
91015953,2019,2019-06-24,9840,2019-06-10,1600,020659,NA,1,2,7,3313,0,1,3,NA,2,020,SR-91 W/B,TYLER ST,1500,W,N,A,-,Y,NA,NA,91,NA,NA,NA,NA,NA,W,Y,4,0,2,3,A,-,03,22350,NA,N,C,C,A,A,H,-,A,D,0,NA,NA,NA,NA,Y,NA,D,22,0,0,2,0,0,0,0,0,0,-,-,33.904319763183594,-117.4607162475586,RIVERSIDE,RIVERSIDE,-117.46068572998048,33.90425491333008
91017471,2019,2019-06-25,9685,2019-06-18,2155,015958,NA,2,2,9,3300,0,2,4,NA,2,016,GRAND AVENUE,ETHLENE DRIVE,160,S,N,B,-,N,NA,NA,NA,NA,NA,NA,NA,NA,NA,Y,2,0,2,2,A,-,01,23152,A,N,D,C,A,A,H,-,C,D,0,NA,NA,NA,NA,Y,Y,A,01,1,1,0,0,0,0,0,0,0,-,-,33.65414047241211,-117.36904907226563,RIVERSIDE,UNINCORPORATED,-117.36935424804688,33.6542854309082
91019059,2019,2019-06-27,9685,2019-06-18,2145,015360,NA,2,2,5,3335,0,1,1,NA,2,030,I-15 NORTHBOUND,RANCHO CALIFORNIA RD.,1056,S,N,A,-,Y,NA,NA,NA,NA,NA,NA,NA,NA,NA,Y,4,0,1,2,A,-,03,22350,NA,N,C,C,A,A,H,-,D,D,0,NA,NA,NA,NA,Y,NA,A,01,0,0,1,0,0,0,0,0,0,-,-,33.03451919555664,-117.1423568725586,RIVERSIDE,TEMECULA,-117.14958190917967,33.49837875366211
91019061,2019,2019-06-27,9840,2019-06-19,1750,019219,NA,3,2,6,3394,0,1,3,NA,2,025,SR-60 EASTBOUND,PIGEON PASS ROAD,2640,W,N,A,-,Y,NA,NA,60,NA,NA,NA,NA,NA,E,Y,4,0,2,3,A,-,03,22350,NA,N,C,C,A,A,H,-,A,D,0,NA,NA,NA,NA,Y,NA,A,01,0,0,2,0,0,0,0,0,0,-,-,33.940738677978516,-117.26914978027344,RIVERSIDE,MORENO VALLEY,-117.26913452148438,33.940818786621094
9102052,2020,2021-08-18,3313,2020-02-28,1854,1798,5,5,5,7,3313,0,0,0,NA,0,00M,PIERCE ST,TAYLOR ST,15,N,N,A,-,N,NA,NA,NA,NA,NA,NA,NA,NA,NA,Y,4,0,3,2,A,-,09,21804,A,N,C,C,A,A,H,-,C,D,0,NA,NA,NA,NA,Y,NA,A,07,0,0,3,0,0,0,0,0,0,-,-,33.89263153076172,-117.48914337158205,RIVERSIDE,RIVERSIDE,-117.48912048339844,33.892662048339844
91021218,2019,2019-06-28,9655,2019-06-17,1138,017263,NA,1,1,5,3308,0,2,S,NA,2,901,PALM AVENUE,SR-74,5,S,N,A,-,N,NA,NA,NA,NA,NA,NA,NA,NA,NA,N,3,0,1,2,A,-,09,21804,A,N,D,G,A,A,H,-,A,A,0,NA,Y,NA,NA,Y,Y,L,04,0,1,0,0,0,0,1,0,0,-,-,33.74745178222656,-116.98036956787108,RIVERSIDE,HEMET,NA,NA
91023607,2019,2019-07-03,9840,2019-06-29,0735,017893,NA,6,1,6,3315,0,1,1,NA,2,034,I-15 S/B,EL CERRITO RD,1955,N,N,A,-,Y,NA,NA,15,NA,NA,NA,NA,NA,S,N,4,0,1,2,A,-,03,22350,NA,N,C,C,A,A,D,-,A,D,0,NA,NA,NA,NA,Y,NA,A,01,0,0,1,0,0,0,0,0,0,-,-,33.837100982666016,-117.53299713134766,RIVERSIDE,CORONA,-117.53294372558594,33.83713150024414
9102398,2020,2021-03-10,3311,2020-05-08,2111,15690,NA,5,5,4,3311,0,0,0,NA,0,004,VIA ESCUELA,VIMINAL RD,148,W,N,A,-,N,NA,NA,NA,NA,NA,NA,NA,NA,NA,Y,2,0,1,2,A,-,06,21755,A,N,B,E,A,A,H,-,D,D,0,NA,NA,NA,NA,Y,NA,A,01,1,0,0,0,0,0,0,0,0,-,-,33.84809875488281,-116.5185089111328,RIVERSIDE,PALM SPRINGS,-116.5188217163086,33.848514556884766
91025044,2019,2019-07-05,9840,2019-07-01,2309,019890,NA,1,3,7,3313,0,1,1,NA,2,023,I-215 S/B,BLAINE ST,1584,N,N,A,-,Y,NA,NA,215,NA,NA,NA,NA,NA,S,Y,3,0,1,2,A,-,07,21658,A,N,B,C,A,A,H,-,D,D,0,NA,NA,NA,Y,Y,NA,A,07,0,1,0,0,0,0,0,0,0,-,-,33.98683166503906,-117.34700012207033,RIVERSIDE,RIVERSIDE,-117.34697723388672,33.98685073852539
91025095,2019,2019-07-05,9840,2019-07-02,1500,018611,NA,2,2,9,3300,0,3,5,NA,2,003,SERFAS CLUB DRIVE,PINE CREST DRIVE,10,N,N,A,-,Y,NA,NA,NA,NA,NA,NA,NA,NA,NA,Y,4,0,1,2,A,-,03,22350,NA,N,C,C,A,A,H,-,A,A,0,NA,NA,NA,NA,Y,NA,A,01,0,0,1,0,0,0,0,0,0,-,-,33.87847137451172,-117.61386108398438,RIVERSIDE,UNINCORPORATED,-117.61386108398438,33.87828063964844
91025255,2019,2019-07-05,9685,2019-04-18,1400,015027,NA,4,2,9,3300,0,1,1,NA,2,030,INTERSTATE 15 NORTHBOUND,TEMECULA RIVER UNDERCROSSING,638,S,N,A,-,Y,NA,NA,NA,NA,NA,NA,NA,NA,NA,Y,1,1,0,2,A,-,08,22107,NA,N,E,I,A,A,H,-,A,D,0,NA,NA,NA,NA,Y,NA,A,01,0,0,0,0,0,0,0,0,0,-,-,NA,NA,RIVERSIDE,UNINCORPORATED,NA,NA
91027697,2019,2019-07-09,9685,2019-06-28,1410,015027,NA,5,2,5,3335,0,1,1,NA,2,030,S/B I-15,OVERLAND DR,528,S,N,A,-,Y,NA,NA,15,NA,NA,NA,NA,NA,NA,Y,3,0,1,1,A,-,08,22107,NA,N,E,I,A,A,H,-,A,D,0,NA,NA,NA,NA,Y,NA,A,01,0,1,0,0,0,0,0,0,0,-,-,33.51618957519531,-117.15914154052734,RIVERSIDE,TEMECULA,-117.15901947021484,33.51626968383789
91032889,2019,2019-07-17,9840,2019-07-07,1120,018550,NA,7,1,7,3313,0,1,3,NA,2,025,SR-60 W/B,DAY STREET,2640,W,N,A,-,Y,NA,NA,60,NA,NA,NA,NA,NA,W,Y,3,0,1,2,A,-,08,22107,NA,N,B,C,A,A,H,-,A,D,0,NA,NA,Y,NA,Y,NA,A,01,0,1,0,0,0,0,0,0,1,-,-,33.944129943847656,-117.2877197265625,RIVERSIDE,RIVERSIDE,-117.28770446777344,33.944217681884766
91033014,2019,2019-07-18,9840,2019-07-11,1630,019242,NA,4,2,6,3315,0,1,1,NA,2,034,I-15 N/B TO ONTARIO AVENUE,ONTARIO AVENUE,75,S,N,A,-,Y,NA,NA,15,NA,NA,NA,R,NA,N,Y,4,0,1,3,A,-,03,22350,NA,N,C,C,A,A,H,-,A,D,0,NA,NA,NA,NA,Y,NA,D,22,0,0,1,0,0,0,0,0,0,-,-,33.84270095825195,-117.5342025756836,RIVERSIDE,CORONA,-117.5342025756836,33.84270095825195
9103403,2020,2020-11-13,3300,2020-05-01,1643,5397,905H,5,5,4,3307,0,0,0,NA,0,092,LAKESHORE DR,DAVIS ST,60,W,N,A,-,N,NA,NA,NA,NA,NA,NA,NA,NA,NA,N,3,0,3,6,A,-,03,22350,NA,N,C,C,A,A,H,-,A,D,0,NA,NA,NA,Y,Y,NA,F,26,0,1,2,0,0,0,0,0,0,-,-,33.6726188659668,-117.3426513671875,RIVERSIDE,LAKE ELSINORE,-117.34270477294922,33.67271041870117
91035694,2019,2019-08-22,9685,2019-07-15,2335,016986,NA,1,3,9,3300,0,3,5,NA,2,003,POURROY RD.,PROMONTORY PKWY.,100,S,N,A,-,N,NA,NA,NA,NA,NA,NA,NA,NA,NA,Y,4,0,1,1,A,-,08,22107,NA,N,E,I,A,A,H,-,C,D,0,NA,NA,NA,NA,Y,NA,A,07,0,0,1,0,0,0,0,0,0,-,-,33.56129837036133,-117.10951995849608,RIVERSIDE,UNINCORPORATED,-117.1093521118164,33.56120681762695
91035784,2019,2019-07-23,9840,2019-07-15,2158,020220,NA,1,2,9,3300,0,1,1,NA,2,023,I-215 N/B,CENTRAL AVE,1500,S,N,A,-,Y,NA,NA,215,NA,NA,NA,NA,NA,N,Y,4,0,1,1,A,-,08,22107,NA,N,E,I,A,A,H,-,D,D,0,NA,NA,NA,NA,Y,NA,A,01,0,0,1,0,0,0,0,0,0,-,-,33.95541000366211,-117.30538940429688,RIVERSIDE,UNINCORPORATED,-117.30550384521484,33.955322265625
91036069,2019,2019-07-23,9630,2019-07-18,0540,020061,NA,4,3,9,3300,0,1,1,NA,2,302,I-10 E/B,RED CLOUD RD,3168,E,N,A,-,Y,NA,NA,10,NA,NA,NA,NA,NA,E,Y,3,0,1,1,A,-,08,22107,NA,N,E,I,A,A,H,-,A,D,0,NA,NA,NA,NA,Y,NA,A,01,0,1,0,0,0,0,0,0,0,-,-,33.68122863769531,-115.54566955566406,RIVERSIDE,UNINCORPORATED,-115.54571533203124,33.681427001953125
91036935,2019,2019-07-24,9630,2019-06-28,0530,021556,NA,5,3,9,3300,0,3,5,NA,2,501,HARRISON STREET,58TH AVENUE,2112,N,N,A,-,N,NA,NA,NA,NA,NA,NA,NA,NA,NA,Y,1,1,3,2,A,-,05,21650,NA,N,B,C,A,A,H,-,B,D,0,NA,NA,NA,NA,Y,NA,A,01,3,0,0,0,0,0,0,0,0,-,-,33.63262939453125,-116.1811294555664,RIVERSIDE,UNINCORPORATED,-116.1811981201172,33.63326644897461
91039946,2019,2019-07-29,9655,2019-07-22,2019,019871,NA,1,2,9,3300,0,1,1,NA,2,206,I-10 E/B,MAIN STREET,7920,E,N,A,-,Y,NA,NA,10,NA,NA,NA,NA,NA,E,N,4,0,1,1,A,-,08,22107,NA,N,E,I,A,A,H,-,D,D,0,NA,NA,NA,NA,Y,NA,D,22,0,0,1,0,0,0,0,0,0,-,-,33.921260833740234,-116.7467803955078,RIVERSIDE,UNINCORPORATED,-116.74681091308594,33.921443939208984
91041010,2019,2019-07-29,9630,2019-07-18,1915,021921,NA,4,2,9,3300,0,3,5,NA,2,504,DALE KILER RD,64TH AVE,100,S,N,A,-,N,NA,NA,NA,NA,NA,NA,NA,NA,NA,Y,2,0,1,1,A,-,01,23152,F,N,F,A,A,A,H,-,A,D,0,NA,NA,NA,NA,Y,NA,D,22,1,0,0,0,0,0,0,0,0,-,-,33.58356857299805,-116.07022094726563,RIVERSIDE,UNINCORPORATED,-116.07022094726563,33.5836181640625
91041092,2019,2019-07-29,9840,2019-07-19,1525,017504,NA,5,2,9,3300,0,3,5,NA,2,002,LA SIERRA AVE.,MCALLISTER PKWY.,451,S,N,A,-,N,NA,NA,NA,NA,NA,NA,NA,NA,NA,Y,3,0,1,2,A,-,07,21658,A,N,B,C,A,A,H,-,A,D,0,NA,NA,Y,NA,Y,NA,A,01,0,1,0,0,0,0,0,0,1,-,-,33.88124084472656,-117.46544647216795,RIVERSIDE,UNINCORPORATED,-117.4564971923828,33.881404876708984
91042498,2019,2019-07-31,9685,2019-06-30,1850,015050,NA,7,2,9,3300,0,3,5,NA,2,001,GREENWALD AVENUE,LARI MARK STREET,111,S,N,A,-,N,NA,NA,NA,NA,NA,NA,NA,NA,NA,Y,1,1,1,1,A,-,08,22107,NA,N,E,I,A,A,H,-,A,A,0,NA,NA,NA,NA,Y,NA,D,22,0,1,0,0,0,0,0,0,0,-,-,33.715938568115234,-117.29268646240234,RIVERSIDE,UNINCORPORATED,-117.29271697998048,33.7165641784668
91043233,2019,2019-08-01,9840,2019-07-18,1010,017882,NA,4,1,9,3300,0,1,1,NA,2,040,I-215 S/B,HARLEY KNOX BLVD.,2500,S,N,A,-,Y,NA,NA,215,NA,NA,NA,NA,NA,S,Y,4,0,1,3,A,-,08,22107,NA,N,B,C,A,A,H,-,A,D,0,NA,NA,NA,NA,Y,NA,A,01,0,0,1,0,0,0,0,0,0,-,-,33.858829498291016,-117.25827026367188,RIVERSIDE,UNINCORPORATED,-117.25823974609376,33.85884475708008
91043682,2019,2019-08-01,9840,2019-07-23,1505,019566,NA,2,2,9,3300,0,3,5,NA,2,004,MERIDIAN PKWY,CACTUS AVE,120,S,N,A,-,Y,NA,NA,NA,NA,NA,NA,NA,NA,NA,N,4,0,1,2,A,-,03,22350,NA,N,C,C,A,A,H,-,A,D,0,NA,NA,NA,NA,Y,NA,A,08,0,0,1,0,0,0,0,0,0,-,-,33.908138275146484,-117.28704833984376,RIVERSIDE,UNINCORPORATED,-117.28713989257813,33.908164978027344
91044227,2019,2019-08-02,9840,2019-07-24,0015,019844,NA,3,3,6,3345,0,1,3,NA,2,010,SR-60 E/B,PYRITE ST,2500,E,N,A,-,Y,NA,NA,60,NA,NA,NA,NA,NA,E,N,4,0,1,2,A,-,03,22350,NA,F,C,C,A,A,D,-,C,D,0,NA,NA,NA,NA,Y,NA,A,01,0,0,1,0,0,0,0,0,0,-,-,34.014739990234375,-117.45403289794922,RIVERSIDE,JURUPA VALLEY,-117.45403289794922,34.01470947265625
91044502,2019,2019-08-02,9685,2019-08-01,1940,016502,NA,4,2,5,3335,0,1,1,NA,2,030,I-15 NORTHBOUND,WINCHESTER RD.,1000,S,N,A,-,Y,NA,NA,NA,NA,NA,NA,NA,NA,NA,Y,4,0,1,2,A,-,03,22350,NA,N,C,C,A,A,H,-,A,D,0,NA,NA,NA,NA,Y,NA,A,07,0,0,1,0,0,0,0,0,0,-,-,33.31129837036133,-117.94000244140624,RIVERSIDE,TEMECULA,-117.16122436523438,33.52017593383789
91046097,2019,2019-08-06,9840,2019-07-26,0935,018550,NA,5,1,7,3313,0,1,3,NA,2,010,SR-60 W/B,MARKET STREET,1056,E,N,A,-,Y,NA,NA,60,NA,NA,NA,NA,NA,W,Y,4,0,1,4,A,-,04,21703,NA,M,C,C,A,A,H,-,A,D,0,NA,NA,NA,NA,Y,NA,D,22,0,0,1,0,0,0,0,0,0,-,-,33.998779296875,-117.37013244628906,RIVERSIDE,RIVERSIDE,-117.3701400756836,33.998748779296875
91046965,2019,2019-08-07,9840,2019-07-27,2110,020058,NA,6,2,6,3315,0,1,3,NA,2,030,SR-91 E/B,GREEN RIVER ROAD,6500,E,N,A,-,Y,NA,NA,91,NA,NA,NA,NA,NA,E,N,4,0,1,2,A,-,03,22350,NA,N,C,C,A,A,H,-,C,D,0,NA,NA,NA,NA,Y,NA,A,01,0,0,1,0,0,0,0,0,0,-,-,33.88431167602539,-117.63658905029295,RIVERSIDE,CORONA,-117.63661193847656,33.884395599365234
91047613,2019,2019-08-07,9655,2019-07-29,1705,020669,NA,1,2,9,3300,0,1,3,NA,1,118,SR-74 E/B,SCENIC DR,1584,W,N,A,-,Y,NA,NA,74,NA,NA,NA,NA,NA,E,Y,4,0,2,2,A,-,05,21460,A,N,A,C,A,A,H,-,A,D,0,NA,NA,NA,NA,Y,NA,A,07,0,0,2,0,0,0,0,0,0,-,-,33.58483123779297,-116.44621276855467,RIVERSIDE,UNINCORPORATED,-116.44622039794922,33.58485794067383
91050969,2019,2019-08-14,9685,2019-08-03,1252,016936,NA,6,1,9,3300,0,1,3,NA,1,031,STATE ROUTE 79 (WINCHESTER ROAD),TECHNOLOGY,10,N,N,A,-,Y,NA,NA,79,NA,NA,NA,NA,NA,NA,Y,4,0,6,2,A,-,09,21453,B,N,C,C,A,A,H,-,A,A,0,NA,NA,NA,NA,Y,NA,A,01,0,0,6,0,0,0,0,0,0,-,-,33.56092071533203,-117.13848876953124,RIVERSIDE,UNINCORPORATED,-117.13860321044922,33.560951232910156
91051412,2019,2019-08-13,9655,2019-08-04,1125,017263,NA,7,1,9,3300,0,1,1,NA,2,206,I-10 W/B,MAIN ST,12144,E,N,A,-,Y,NA,NA,10,NA,NA,NA,NA,NA,W,Y,4,0,4,2,A,-,03,22350,NA,N,C,C,A,A,H,-,A,D,0,NA,NA,NA,NA,Y,NA,A,07,0,0,4,0,0,0,0,0,0,-,-,33.922298431396484,-116.74996948242188,RIVERSIDE,UNINCORPORATED,-116.74990844726563,33.92146301269531
9105256,2020,2020-08-18,3300,2020-04-25,2149,3839,920A,6,5,4,3314,0,0,0,NA,0,070,VILLINES AV,ESPLANADE AV,0,NA,Y,A,-,N,NA,NA,NA,NA,NA,NA,NA,NA,NA,NA,3,0,2,2,A,-,01,23152,G,M,A,C,A,A,H,-,C,A,0,NA,NA,NA,NA,Y,Y,D,22,0,1,1,0,0,0,0,0,0,-,-,33.76940155029297,-116.93611145019533,RIVERSIDE,SAN JACINTO,-116.9360580444336,33.76939010620117
91054760,2019,2019-08-19,9630,2019-08-09,2256,021570,NA,5,3,9,3300,0,3,5,NA,2,401,LONG CANYON RD,16TH AVE,380,S,N,A,-,N,NA,NA,NA,NA,NA,NA,NA,NA,NA,Y,2,0,1,2,D,-,00,NA,NA,F,D,C,A,A,H,-,D,D,0,NA,NA,Y,NA,Y,NA,-,-,1,0,0,0,0,0,0,0,1,-,-,33.931400299072266,-116.45780181884766,RIVERSIDE,UNINCORPORATED,-116.45791625976563,33.93144989013672
91056668,2019,2019-08-21,9840,2019-08-09,1235,014366,NA,5,1,9,3300,0,3,5,NA,2,003,CAJALCO RD,TEMESCAL CANYON RD,4224,E,N,A,-,N,NA,NA,NA,NA,NA,NA,NA,NA,NA,Y,4,0,1,2,A,-,08,22107,NA,N,B,C,A,A,H,-,A,D,0,NA,NA,NA,Y,Y,NA,A,01,0,0,1,0,0,0,0,0,0,-,-,33.8261604309082,-117.49639892578124,RIVERSIDE,UNINCORPORATED,-117.5184326171875,33.82096862792969
91056986,2019,2019-08-22,9630,2019-08-11,0040,021908,NA,7,3,9,3300,0,1,3,NA,1,074,SR-74,CAHUILLA WAY,21120,W,N,A,-,Y,NA,NA,NA,NA,NA,NA,NA,NA,NA,Y,2,0,1,1,A,-,08,22107,NA,N,F,A,A,A,H,-,D,D,0,NA,NA,Y,NA,Y,NA,C,02,1,0,0,0,0,0,0,0,1,-,-,33.608760833740234,-116.39601135253906,RIVERSIDE,UNINCORPORATED,NA,NA
91057267,2019,2019-08-22,9840,2019-07-21,0105,018849,NA,7,3,6,3315,0,1,3,NA,2,030,SR-91 E/B,SMITH ST,525,W,N,A,-,Y,NA,NA,91,NA,NA,NA,NA,NA,E,Y,2,0,2,5,A,-,03,22350,NA,N,C,C,A,A,H,-,D,D,0,NA,NA,NA,NA,Y,NA,A,01,1,0,1,0,0,0,0,0,0,-,-,33.881160736083984,-117.59586334228516,RIVERSIDE,CORONA,-117.59588623046876,33.88134002685547
91058555,2019,2019-08-23,9655,2019-08-16,1700,019871,NA,5,2,9,3300,0,1,1,NA,2,204,I-10 W/B,HIGHLAND SPRINGS AVENUE,190,E,N,A,-,Y,NA,NA,NA,NA,NA,NA,NA,NA,NA,N,4,0,1,2,A,-,03,22350,NA,N,C,C,A,A,H,-,A,D,0,NA,NA,NA,NA,Y,NA,D,22,0,0,1,0,0,0,0,0,0,-,-,33.927330017089844,-116.94615936279295,RIVERSIDE,UNINCORPORATED,-116.94625854492188,33.926998138427734
91059310,2019,2019-08-26,9840,2019-08-05,0510,020360,NA,1,3,7,3313,0,1,3,NA,2,030,SR-91 W/B,SR-71 N/B,3280,E,N,A,-,Y,NA,NA,NA,NA,NA,NA,NA,NA,NA,N,4,0,2,3,A,-,03,22350,NA,N,C,C,A,A,H,-,C,D,0,NA,NA,NA,NA,Y,NA,D,22,0,0,2,0,0,0,0,0,0,-,-,33.884761810302734,-117.63047790527344,RIVERSIDE,RIVERSIDE,NA,NA
91059573,2019,2019-08-26,9840,2019-04-18,0040,021261,NA,4,3,6,3315,0,1,3,NA,2,031,STATE ROUTE 91 E/B,S BUENA VISTA AVE,100,E,N,A,-,Y,NA,NA,91,NA,NA,NA,NA,NA,E,Y,1,1,1,5,A,-,03,22350,NA,N,C,C,A,A,H,-,D,D,0,NA,NA,NA,NA,Y,NA,A,01,1,0,0,0,0,0,0,0,0,-,-,33.88092041015625,-117.57514190673828,RIVERSIDE,CORONA,-117.57513427734376,33.880985260009766
91060195,2019,2019-08-27,9840,2019-08-07,1708,019527,NA,3,2,7,3313,0,1,3,NA,2,021,SR-91 E/B,ADAMS ST,340,E,N,A,-,Y,NA,NA,91,NA,NA,NA,NA,NA,E,N,4,0,1,2,A,-,03,22350,NA,N,C,C,A,A,H,-,A,D,0,NA,NA,NA,NA,Y,NA,A,08,0,0,1,0,0,0,0,0,0,-,-,33.92795181274414,-117.41867065429688,RIVERSIDE,RIVERSIDE,-117.41867065429688,33.927947998046875
91061275,2019,2019-08-28,9840,2019-08-17,1719,013950,NA,6,2,9,3300,0,1,3,NA,2,030,SR-91 E/B,SERFAS CLUB,4500,W,N,A,-,Y,NA,NA,91,NA,NA,NA,NA,NA,E,Y,4,0,4,2,A,-,03,22350,NA,N,C,C,A,A,H,-,A,D,0,NA,NA,NA,NA,Y,NA,A,07,0,0,4,0,0,0,0,0,0,-,-,33.88356018066406,-117.62786865234376,RIVERSIDE,UNINCORPORATED,-117.62781524658205,33.88372039794922
91061682,2019,2019-08-28,9685,2019-08-15,0158,015800,NA,4,3,4,3342,0,1,1,NA,2,030,I-15,CLINTON KEITH ROAD,2500,S,N,A,-,Y,NA,NA,NA,NA,NA,NA,NA,NA,NA,Y,2,0,1,1,A,-,01,23152,A,N,E,I,A,A,H,-,C,D,0,NA,NA,NA,NA,Y,Y,A,01,1,0,0,0,0,0,0,0,0,-,-,33.589378356933594,-117.23858642578124,RIVERSIDE,MURRIETA,-117.239990234375,33.59038162231445
91061733,2019,2019-08-28,9655,2019-08-17,2305,019630,NA,6,3,9,3300,0,1,3,NA,1,314,SR-74,LINCOLN AVE,0,NA,Y,A,-,Y,NA,NA,74,NA,NA,NA,NA,NA,NA,Y,4,0,1,2,A,-,09,21801,A,N,D,C,A,A,H,-,D,D,0,NA,NA,NA,NA,Y,NA,A,01,0,0,1,0,0,0,0,0,0,-,-,33.74789047241211,-116.884521484375,RIVERSIDE,UNINCORPORATED,-116.884521484375,33.74789047241211