CASE_ID,ACCIDENT_YEAR,PROC_DATE,JURIS,COLLISION_DATE,COLLISION_TIME,OFFICER_ID,REPORTING_DISTRICT,DAY_OF_WEEK,CHP_SHIFT,POPULATION,CNTY_CITY_LOC,SPECIAL_COND,BEAT_TYPE,CHP_BEAT_TYPE,CITY_DIVISION_LAPD,CHP_BEAT_CLASS,BEAT_NUMBER,PRIMARY_RD,SECONDARY_RD,DISTANCE,DIRECTION,INTERSECTION,WEATHER_1,WEATHER_2,STATE_HWY_IND,CALTRANS_COUNTY,CALTRANS_DISTRICT,STATE_ROUTE,ROUTE_SUFFIX,POSTMILE_PREFIX,POSTMILE,LOCATION_TYPE,RAMP_INTERSECTION,SIDE_OF_HWY,TOW_AWAY,COLLISION_SEVERITY,NUMBER_KILLED,NUMBER_INJURED,PARTY_COUNT,PRIMARY_COLL_FACTOR,PCF_CODE_OF_VIOL,PCF_VIOL_CATEGORY,PCF_VIOLATION,PCF_VIOL_SUBSECTION,HIT_AND_RUN,TYPE_OF_COLLISION,MVIW,PED_ACTION,ROAD_SURFACE,ROAD_COND_1,ROAD_COND_2,LIGHTING,CONTROL_DEVICE,CHP_ROAD_TYPE,PEDESTRIAN_ACCIDENT,BICYCLE_ACCIDENT,MOTORCYCLE_ACCIDENT,TRUCK_ACCIDENT,NOT_PRIVATE_PROPERTY,ALCOHOL_INVOLVED,STWD_VEHTYPE_AT_FAULT,CHP_VEHTYPE_AT_FAULT,COUNT_SEVERE_INJ,COUNT_VISIBLE_INJ,COUNT_COMPLAINT_PAIN,COUNT_PED_KILLED,COUNT_PED_INJURED,COUNT_BICYCLIST_KILLED,COUNT_BICYCLIST_INJURED,COUNT_MC_KILLED,COUNT_MC_INJURED,PRIMARY_RAMP,SECONDARY_RAMP,LATITUDE,LONGITUDE,COUNTY,CITY,POINT_X,POINT_Y
91119281,2019,2019-11-13,9685,2019-11-02,1703,017285,NA,6,2,9,3300,0,3,5,NA,2,003,WARREN ROAD,E. BENTON ROAD,2112,E,N,A,-,N,NA,NA,NA,NA,NA,NA,NA,NA,NA,Y,2,0,1,2,A,-,09,21801,A,N,D,C,A,A,H,-,A,D,0,NA,NA,Y,NA,Y,NA,A,01,1,0,0,0,0,0,0,0,1,-,-,33.56612014770508,-117.03118133544922,RIVERSIDE,UNINCORPORATED,-117.03106689453124,33.55963897705078
9111958,2020,2020-08-31,3300,2020-06-04,1736,5397,905L,4,5,4,3307,0,0,0,NA,0,093,LAKESHORE DR,FRASER DR,0,NA,Y,-,-,N,NA,NA,NA,NA,NA,NA,NA,NA,NA,NA,4,0,2,2,A,-,09,21801,A,N,D,C,A,A,H,-,A,D,0,NA,NA,NA,Y,Y,NA,F,26,0,0,2,0,0,0,0,0,0,-,-,33.68695068359375,-117.36688995361328,RIVERSIDE,LAKE ELSINORE,-117.36737823486328,33.685001373291016
91120552,2019,2019-11-14,9685,2019-11-11,1805,015027,NA,1,2,9,3300,0,3,5,NA,2,003,SR-79 NORTHBOUND,AULD ROAD,300,S,N,A,-,Y,NA,NA,79,NA,NA,NA,NA,NA,N,Y,4,0,1,3,A,-,03,22350,NA,N,C,C,A,A,H,-,D,A,0,NA,NA,NA,NA,Y,NA,A,01,0,0,1,0,0,0,0,0,0,-,-,33.58087921142578,-117.1332778930664,RIVERSIDE,UNINCORPORATED,-117.13340759277344,33.58091735839844
91122104,2019,2019-11-18,9840,2019-11-05,0805,014868,NA,2,1,9,3300,0,3,5,NA,2,002,SYCAMORE CANYON BLVD,COLLEGE BLVD,200,N,N,A,-,N,NA,NA,NA,NA,NA,NA,NA,NA,NA,Y,4,0,1,2,A,-,03,22350,NA,N,C,C,A,A,H,-,A,D,0,NA,NA,NA,NA,Y,NA,A,01,0,0,1,0,0,0,0,0,0,-,-,33.2982292175293,-117.29894256591795,RIVERSIDE,UNINCORPORATED,-117.30527496337892,33.95427703857422
9112237,2020,2020-11-10,3300,2020-05-13,0709,N6224,603A3,3,5,6,3394,0,0,0,NA,0,MV32,CACTUS AV,GRAHAM ST,135,W,N,A,-,N,NA,NA,NA,NA,NA,NA,NA,NA,NA,Y,4,0,1,2,A,-,03,22350,NA,N,C,C,A,A,H,-,A,A,0,NA,NA,NA,NA,Y,NA,A,01,0,0,1,0,0,0,0,0,0,-,-,33.910118103027344,-117.25250244140624,RIVERSIDE,MORENO VALLEY,-117.25279235839844,33.910255432128906
91123525,2019,2019-11-19,9685,2019-11-13,0755,015906,NA,3,1,4,3342,0,1,1,NA,2,030,I-15 SOUTHBOUND,WARM SPRINGS CREEK U/C,228,N,N,A,-,Y,NA,NA,15,NA,NA,NA,NA,NA,S,Y,4,0,2,2,A,-,03,22350,NA,N,C,C,A,A,H,-,A,D,0,NA,NA,NA,NA,Y,NA,A,01,0,0,2,0,0,0,0,0,0,-,-,33.53818130493164,-117.17373657226563,RIVERSIDE,MURRIETA,-117.17368316650392,33.5382194519043
91124532,2019,2019-11-20,9655,2019-11-10,1220,015892,NA,7,1,9,3300,0,1,3,NA,1,118,STATE ROUTE 74,SCENIC DRIVE,1056,W,N,A,-,Y,NA,NA,74,NA,NA,NA,NA,NA,NA,Y,3,0,1,1,A,-,08,22107,NA,N,E,I,A,A,H,-,A,D,0,NA,NA,Y,NA,Y,NA,C,02,0,1,0,0,0,0,0,0,1,-,-,33.58518981933594,-116.4448699951172,RIVERSIDE,UNINCORPORATED,-116.44490051269533,33.58533477783203
91124594,2019,2019-11-20,9685,2019-11-16,1413,015050,NA,6,2,5,3341,0,1,1,NA,2,020,I-215 NORTHBOUND,MCCALL BLVD.,5280,S,N,A,-,Y,NA,NA,215,NA,NA,NA,NA,NA,N,Y,4,0,1,2,A,-,07,21658,A,N,B,C,A,A,H,-,A,A,0,NA,NA,NA,NA,Y,NA,-,99,0,0,1,0,0,0,0,0,0,-,-,33.708740234375,-117.18665313720705,RIVERSIDE,MENIFEE,-117.1866455078125,33.708744049072266
91124784,2019,2019-11-20,9840,2019-11-10,1250,017546,NA,7,1,6,3345,0,1,3,NA,2,010,SR-60 W/B,PYRITE ST,2600,W,N,A,-,Y,NA,NA,60,NA,NA,NA,NA,NA,W,N,4,0,3,2,A,-,07,21658,A,N,B,C,A,A,H,-,A,D,0,NA,NA,NA,NA,Y,NA,A,01,0,0,3,0,0,0,0,0,0,-,-,34.01782989501953,-117.47116088867188,RIVERSIDE,JURUPA VALLEY,-117.47118377685548,34.017696380615234
91126047,2019,2019-11-21,9840,2019-11-12,1345,020058,NA,2,1,7,3313,0,1,1,NA,2,023,I-215 N/B,CENTRAL AVE,200,N,N,A,-,Y,NA,NA,215,NA,NA,NA,NA,NA,N,N,4,0,1,3,A,-,03,22350,NA,N,C,C,A,A,H,-,A,D,0,NA,NA,NA,NA,Y,NA,D,22,0,0,1,0,0,0,0,0,0,-,-,33.95943069458008,-117.30995941162108,RIVERSIDE,RIVERSIDE,-117.30996704101563,33.95942687988281
91129059,2019,2019-11-25,9655,2019-11-17,0934,017263,NA,7,1,9,3300,0,3,5,NA,2,002,CHERRY VALLEY BOULEVARD,NOBLE ST,0,NA,Y,A,-,N,NA,NA,NA,NA,NA,NA,NA,NA,NA,Y,4,0,1,2,A,-,12,22450,A,N,D,C,A,A,H,-,A,A,0,NA,NA,NA,NA,Y,NA,A,01,0,0,1,0,0,0,0,0,0,-,-,33.96876907348633,-116.96833038330078,RIVERSIDE,UNINCORPORATED,-116.96836090087892,33.9687614440918
91129466,2019,2019-11-25,9655,2019-11-18,0715,014743,NA,1,1,9,3300,0,1,3,NA,2,212,SR-60 W/B,JACK RABBIT TRAIL,11616,W,N,A,-,Y,NA,NA,60,NA,NA,NA,NA,NA,W,N,4,0,1,2,A,-,03,22350,NA,N,C,C,A,A,D,-,A,D,0,NA,NA,NA,NA,Y,NA,D,22,0,0,1,0,0,0,0,0,0,-,-,33.9463996887207,-117.06707000732422,RIVERSIDE,UNINCORPORATED,-117.06705474853516,33.946327209472656
9112949,2020,2020-09-21,3300,2020-06-19,1837,N2171,20E2,5,5,3,3317,0,0,0,NA,0,5S372,BOB HOPE DR,COUNTRY CLUB DR,118,S,N,A,-,N,NA,NA,NA,NA,NA,NA,NA,NA,NA,Y,4,0,1,2,A,-,03,22350,NA,F,C,-,A,A,H,-,A,A,0,NA,NA,NA,NA,Y,NA,A,01,0,0,1,0,0,0,0,0,0,-,-,33.7578010559082,-116.40814208984376,RIVERSIDE,RANCHO MIRAGE,-116.4082489013672,33.757598876953125
91132205,2019,2019-12-02,9655,2019-11-19,2000,018444,NA,2,2,9,3300,0,3,5,NA,2,003,WHITTIER AVENUE,DARTMOUTH STREET,50,E,N,B,C,N,NA,NA,NA,NA,NA,NA,NA,NA,NA,Y,4,0,1,1,A,-,08,22107,NA,N,E,I,A,B,H,-,D,D,0,NA,NA,NA,NA,Y,NA,D,22,0,0,1,0,0,0,0,0,0,-,-,33.73686981201172,-116.93672943115234,RIVERSIDE,UNINCORPORATED,-116.93668365478516,33.73680877685547
91133089,2019,2019-12-02,9840,2019-11-21,0832,015705,NA,4,1,6,3345,0,1,3,NA,2,010,SR-60 E/B,LA RUE ST,528,W,N,B,-,Y,NA,NA,60,NA,NA,NA,NA,NA,E,Y,3,0,1,3,A,-,03,22350,NA,F,C,C,A,A,H,-,A,D,0,NA,NA,NA,NA,Y,NA,D,22,0,1,0,0,0,0,0,0,0,-,-,34.005638122558594,-117.4142837524414,RIVERSIDE,JURUPA VALLEY,-117.41427612304688,34.005645751953125
9113343,2020,2020-08-11,3308,2020-05-12,1504,10610,586,2,5,5,3308,0,0,0,NA,0,SOUTH,MCSWEENEY PKWY,AGATE ST,19,W,N,A,-,N,NA,NA,NA,NA,NA,NA,NA,NA,NA,Y,3,0,1,1,A,-,08,22107,NA,N,F,I,A,A,H,-,A,A,0,NA,NA,NA,NA,Y,NA,A,07,0,1,0,0,0,0,0,0,0,-,-,33.69401931762695,-116.9700164794922,RIVERSIDE,HEMET,-116.96974182128906,33.69401168823242
91134903,2019,2019-12-03,9655,2019-11-22,1124,014743,NA,5,1,9,3300,0,1,3,NA,2,212,SR-60 W/B,JACK RABBIT TRAIL,8976,W,N,A,-,Y,NA,NA,60,NA,NA,NA,NA,NA,W,Y,4,0,1,3,A,-,06,21750,NA,N,B,C,A,A,D,-,A,D,0,NA,NA,NA,NA,Y,NA,A,01,0,0,1,0,0,0,0,0,0,-,-,33.94670104980469,-117.05898284912108,RIVERSIDE,UNINCORPORATED,-117.05896759033205,33.94673156738281
91134916,2019,2020-01-07,9655,2019-11-22,1404,016432,NA,5,2,9,3300,0,1,1,NA,2,206,I-10 W/B,HAUGEN-LEHMANN WAY,7920,W,N,A,-,Y,NA,NA,10,NA,NA,NA,NA,NA,W,Y,4,0,2,2,A,-,07,21658,A,N,B,C,A,A,H,-,A,D,0,NA,NA,NA,Y,Y,NA,A,01,0,0,2,0,0,0,0,0,0,-,-,33.92340087890625,-116.72679901123048,RIVERSIDE,UNINCORPORATED,-116.7267837524414,33.923492431640625
91136162,2019,2020-01-23,9655,2019-12-03,0704,017263,NA,2,1,3,3302,0,1,1,NA,2,202,I-10 W/B,OAK VALLEY PARKWAY,3168,W,N,A,-,Y,NA,NA,10,NA,NA,NA,NA,NA,W,Y,4,0,1,5,A,-,03,22350,NA,N,C,C,A,A,H,-,A,D,0,NA,NA,NA,NA,Y,NA,A,01,0,0,1,0,0,0,0,0,0,-,-,33.9511604309082,-117.01010894775392,RIVERSIDE,BEAUMONT,-117.01010131835938,33.951168060302734
91137133,2019,2019-12-05,9655,2019-11-25,1930,018383,NA,1,2,9,3300,0,1,3,NA,2,212,SR-60 W/B,JACK RABBIT TRAIL,5280,W,N,A,-,Y,NA,NA,60,NA,NA,NA,NA,NA,W,N,4,0,1,2,A,-,03,22350,NA,N,C,C,A,A,D,E,C,D,0,NA,NA,NA,NA,Y,NA,A,07,0,0,1,0,0,0,0,0,0,-,-,33.946678161621094,-117.05882263183594,RIVERSIDE,UNINCORPORATED,-117.05882263183594,33.946678161621094
91137558,2019,2019-12-06,9685,2019-12-02,1930,015957,NA,1,2,5,3341,0,1,1,NA,2,020,I-215 NORTHBOUND,ETHANAC RD,2200,S,N,A,-,Y,NA,NA,215,NA,NA,NA,NA,NA,N,Y,4,0,1,2,A,-,03,22350,NA,N,D,C,A,A,H,-,C,D,0,NA,NA,NA,NA,Y,NA,A,07,0,0,1,0,0,0,0,0,0,-,-,33.73337936401367,-117.18897247314452,RIVERSIDE,MENIFEE,-117.18912506103516,33.73337936401367
91137640,2019,2019-12-06,9840,2019-11-28,0235,019501,NA,4,3,7,3313,0,1,3,NA,2,021,SR-91 W/B,14TH ST,1331,E,N,C,-,Y,NA,NA,91,NA,NA,NA,NA,NA,W,Y,4,0,1,1,A,-,08,22107,NA,N,E,I,A,B,H,-,E,D,0,NA,NA,NA,Y,Y,NA,G,25,0,0,1,0,0,0,0,0,0,-,-,33.97732162475586,-117.3716278076172,RIVERSIDE,RIVERSIDE,-117.37168884277344,33.97733688354492
91139095,2019,2019-12-10,9840,2019-12-01,0151,021261,NA,7,3,9,3300,0,1,3,NA,2,010,SR-60 W/B,MARKET ST,1400,E,N,A,-,Y,NA,NA,NA,NA,NA,NA,NA,NA,NA,N,4,0,1,2,A,-,07,21658,A,N,B,C,A,A,H,-,D,D,0,NA,NA,NA,NA,Y,NA,A,01,0,0,1,0,0,0,0,0,0,-,-,33.99882125854492,-117.37032318115234,RIVERSIDE,UNINCORPORATED,-117.37474822998048,34.00065994262695
91139130,2019,2019-12-10,9840,2019-12-02,1235,017546,NA,1,1,7,3313,0,1,3,NA,2,021,SR-91 E/B TO MADISON ST,MADISON ST,415,W,N,B,-,Y,NA,NA,91,NA,NA,NA,R,NA,E,Y,4,0,1,2,A,-,03,22350,NA,N,C,C,A,A,H,-,A,A,0,NA,NA,NA,NA,Y,NA,D,22,0,0,1,0,0,0,0,0,0,-,-,33.93492889404297,-117.40592193603516,RIVERSIDE,RIVERSIDE,-117.40592193603516,33.93492889404297
91139615,2019,2019-12-10,9840,2019-12-01,1124,018248,NA,7,1,7,3313,0,1,1,NA,2,023,I-215 N/B,SPRUCE ST,250,S,N,A,-,Y,NA,NA,215,NA,NA,NA,NA,NA,N,Y,4,0,1,2,A,-,08,22107,NA,N,B,C,A,A,H,-,A,D,0,NA,NA,NA,NA,Y,NA,-,-,0,0,1,0,0,0,0,0,0,-,-,33.989830017089844,-117.35016632080078,RIVERSIDE,RIVERSIDE,-117.3501205444336,33.98989486694336
91140624,2019,2019-12-11,9840,2019-12-03,0940,014868,NA,2,1,4,3310,0,1,1,NA,2,011,I-15 N/B,HIDDEN VALLEY PARKWAY,500,N,N,B,-,Y,NA,NA,15,NA,NA,NA,NA,NA,N,Y,4,0,1,2,A,-,03,22350,NA,N,E,I,A,A,D,-,A,D,0,NA,NA,NA,NA,Y,NA,D,22,0,0,1,0,0,0,0,0,0,-,-,33.9008903503418,-117.5600128173828,RIVERSIDE,NORCO,-117.56002807617188,33.9008903503418
91142020,2019,2019-12-12,9660,2019-12-05,1745,019456,NA,4,2,9,3300,0,1,2,NA,2,038,RT 95,WATER WHEEL RESORT,6072,S,N,A,-,Y,NA,NA,95,NA,NA,NA,NA,NA,NA,Y,3,0,1,2,A,-,08,22107,NA,N,B,C,A,A,H,-,A,D,0,NA,NA,NA,Y,Y,NA,A,01,0,1,0,0,0,0,0,0,0,-,-,33.90855026245117,-114.53279113769533,RIVERSIDE,UNINCORPORATED,-114.53302764892578,33.90853500366211
91142421,2019,2019-12-12,9685,2019-12-02,0725,013376,NA,1,1,9,3300,0,3,5,NA,2,003,BRIGGS ROAD,THORENS STREET,0,NA,Y,A,-,N,NA,NA,NA,NA,NA,NA,NA,NA,NA,Y,3,0,2,2,A,-,09,21801,A,N,D,C,A,A,H,-,A,D,0,NA,NA,NA,NA,Y,NA,A,07,0,1,1,0,0,0,0,0,0,-,-,33.60572052001953,-117.1269302368164,RIVERSIDE,UNINCORPORATED,-117.126947,33.605753
91143231,2019,2019-12-13,9655,2019-12-06,1315,020669,NA,5,1,9,3300,0,1,3,NA,1,116,SR-74 E/B,SR-243,1056,E,N,A,-,Y,NA,NA,74,NA,NA,NA,NA,NA,E,Y,4,0,1,1,A,-,03,22350,NA,N,E,I,A,A,H,-,A,D,0,NA,NA,NA,NA,Y,NA,A,01,0,0,1,0,0,0,0,0,0,-,-,33.702239990234375,-116.7224578857422,RIVERSIDE,UNINCORPORATED,-116.7224578857422,33.70230484008789
91144863,2019,2019-12-17,9840,2019-12-10,1344,020535,NA,2,1,9,3300,0,3,5,NA,2,002,CENTER ST,WALKER AVE,20,E,N,A,-,N,NA,NA,NA,NA,NA,NA,NA,NA,NA,Y,4,0,1,2,A,-,08,22107,NA,N,D,C,A,A,H,-,A,D,0,NA,NA,NA,NA,Y,NA,A,01,0,0,1,0,0,0,0,0,0,-,-,34.01567840576172,-117.32478332519533,RIVERSIDE,UNINCORPORATED,-117.324951171875,34.01567840576172
91146224,2019,2019-12-18,9655,2019-12-10,0730,018587,NA,2,1,9,3300,0,3,5,NA,2,002,CHERRY VALLEY BLVD,NANCY AVE,480,E,N,A,-,N,NA,NA,NA,NA,NA,NA,NA,NA,NA,Y,3,0,2,3,A,-,03,22350,NA,N,C,C,A,A,H,-,A,A,0,NA,NA,NA,NA,Y,NA,A,01,0,1,1,0,0,0,0,0,0,-,-,33.9687614440918,-116.98848724365234,RIVERSIDE,UNINCORPORATED,-116.98846435546876,33.96873092651367
91146424,2019,2019-12-18,9660,2019-12-12,0940,014712,NA,4,1,9,3300,0,3,5,NA,2,003,SOUTH BROADWAY STREET,14TH AVENUE,2640,S,N,A,-,N,NA,NA,NA,NA,NA,NA,NA,NA,NA,Y,3,0,1,1,A,-,03,22350,NA,N,E,I,A,A,H,-,A,D,0,NA,NA,NA,NA,Y,NA,A,01,0,1,0,0,0,0,0,0,0,-,-,33.595008850097656,-114.59658050537108,RIVERSIDE,UNINCORPORATED,-114.59652709960938,33.59589767456055
91147136,2019,2019-12-19,9685,2019-12-10,1836,017285,NA,2,2,9,3300,0,3,5,NA,2,003,AULD ROAD,SKY CANYON DRIVE,0,NA,Y,A,-,N,NA,NA,NA,NA,NA,NA,NA,NA,NA,Y,4,0,1,1,A,-,01,23152,A,N,F,A,A,A,H,-,D,D,0,NA,NA,NA,NA,Y,Y,A,07,0,0,1,0,0,0,0,0,0,-,-,33.5824089050293,-117.13046264648438,RIVERSIDE,UNINCORPORATED,-117.13039,33.58246
91147355,2019,2019-12-19,9840,2019-12-12,1356,015663,NA,4,1,9,3300,0,1,3,NA,1,038,SR-71 N/B,SR-91,4375,N,N,A,-,Y,NA,NA,71,NA,NA,NA,NA,NA,N,Y,4,0,1,2,A,-,03,22350,NA,N,C,C,A,A,H,-,A,D,0,NA,NA,NA,NA,Y,NA,A,01,0,0,1,0,0,0,0,0,0,-,-,33.8944206237793,-117.64669799804688,RIVERSIDE,UNINCORPORATED,-117.64678955078124,33.89442443847656
91147590,2019,2019-12-19,9655,2019-12-12,1430,019630,NA,4,2,9,3300,0,3,5,NA,2,003,RAMONA EXPY,LINCOLN AVE,0,NA,Y,A,-,N,NA,NA,NA,NA,NA,NA,NA,NA,NA,Y,4,0,2,2,A,-,09,21802,A,N,D,C,A,A,H,-,A,D,0,NA,NA,NA,NA,Y,NA,A,01,0,0,2,0,0,0,0,0,0,-,-,33.75175094604492,-116.90544128417967,RIVERSIDE,UNINCORPORATED,-116.90544128417967,33.751800537109375
91149372,2019,2019-12-20,9840,2019-12-14,1850,020455,NA,6,2,6,3315,0,1,3,NA,2,030,SR-91 W/B,GREEN RIVER RD,2500,W,N,A,-,Y,NA,NA,91,NA,NA,NA,NA,NA,W,Y,3,0,2,3,A,-,03,22350,NA,N,C,C,A,A,H,-,C,D,0,NA,NA,NA,NA,Y,NA,A,01,0,2,0,0,0,0,0,0,0,-,-,33.87276077270508,-117.66490936279295,RIVERSIDE,CORONA,-117.66486358642578,33.8726921081543
91150359,2019,2019-12-23,9840,2019-12-08,0020,021047,NA,7,3,6,3315,0,1,1,NA,2,032,I-15 S/B TO SR-91 W/B,SR-91 W/B,640,N,N,B,C,Y,NA,NA,15,NA,NA,NA,R,NA,S,Y,3,0,2,1,A,-,03,22350,NA,N,E,J,A,B,H,-,C,D,0,NA,NA,NA,NA,Y,NA,A,01,0,1,1,0,0,0,0,0,0,-,-,33.883460998535156,-117.54891204833984,RIVERSIDE,CORONA,-117.54891204833984,33.883460998535156
91152079,2019,2019-12-24,9685,2019-12-23,1045,014488,NA,1,1,4,3342,0,1,1,NA,2,030,I-15 SOUTHBOUND,WARM SPRINGS CREEK U/C,1584,N,N,C,-,Y,NA,NA,15,NA,NA,NA,NA,NA,S,N,3,0,1,2,A,-,03,22350,NA,N,C,C,A,B,H,-,A,D,0,NA,NA,NA,NA,Y,NA,D,22,0,1,0,0,0,0,0,0,0,-,-,33.5400390625,-117.17516326904295,RIVERSIDE,MURRIETA,-117.17497253417967,33.540164947509766
91152653,2019,2019-12-26,9685,2019-12-13,0728,016347,NA,5,1,4,3307,1,4,S,NA,2,901,GRAND AVENUE S/B,MORRO WAY,0,NA,Y,A,-,N,NA,NA,NA,NA,NA,NA,NA,NA,NA,Y,2,0,6,2,A,-,09,21802,A,N,D,C,A,A,H,-,A,A,0,NA,NA,NA,NA,Y,NA,A,01,1,2,3,0,0,0,0,0,0,-,-,33.657440185546875,-117.37445068359376,RIVERSIDE,LAKE ELSINORE,-117.37442779541016,33.657440185546875
91153167,2019,2019-12-26,9840,2019-12-21,2040,021831,NA,6,2,7,3313,0,1,3,NA,2,020,SR-91 E/B,LA SIERRA AVE,450,E,N,A,-,Y,NA,NA,91,NA,NA,NA,NA,NA,E,Y,3,0,1,2,A,-,08,22107,NA,N,B,C,A,A,H,-,C,D,0,NA,NA,NA,NA,Y,NA,A,07,0,1,0,0,0,0,0,0,0,-,-,33.900508880615234,-117.47173309326172,RIVERSIDE,RIVERSIDE,-117.4717254638672,33.90050506591797
91153416,2019,2019-12-26,9840,2019-12-21,1225,012208,NA,6,1,9,3300,0,2,4,NA,2,045,CAJALCO ROAD,ALEXANDER STREET,503,E,N,B,-,N,NA,NA,NA,NA,NA,NA,NA,NA,NA,Y,4,0,2,3,A,-,03,22350,NA,N,C,C,A,A,H,-,A,A,0,NA,NA,NA,NA,Y,NA,A,01,0,0,2,0,0,0,0,0,0,-,-,33.83308029174805,-117.30338287353516,RIVERSIDE,UNINCORPORATED,-117.30345153808594,33.837059020996094
91153430,2019,2019-12-26,9630,2019-12-20,1700,021570,NA,5,2,9,3300,0,3,5,NA,2,404,COOK ST N/B,VARNER RD,1056,S,N,A,-,N,NA,NA,NA,NA,NA,NA,NA,NA,NA,N,3,0,2,3,A,-,03,22350,NA,N,C,C,A,A,H,-,A,A,0,NA,NA,NA,NA,Y,NA,D,22,0,2,0,0,0,0,0,0,0,-,-,33.78541946411133,-116.35497283935548,RIVERSIDE,UNINCORPORATED,-116.35465240478516,33.785987854003906
91153707,2019,2019-12-27,9840,2019-12-05,0625,014868,NA,4,1,6,3345,0,1,3,NA,2,101,SR-60 W/B,LA RUE LN,5,W,N,A,-,Y,NA,NA,60,NA,NA,NA,NA,NA,W,Y,4,0,2,4,A,-,03,22350,NA,N,C,C,A,A,H,-,A,D,0,NA,NA,NA,NA,Y,NA,D,22,0,0,2,0,0,0,0,0,0,-,-,34.00539016723633,-117.41303253173828,RIVERSIDE,JURUPA VALLEY,-117.41301727294922,34.005428314208984
91156246,2019,2019-12-31,9655,2019-12-23,1700,019630,NA,1,2,9,3300,0,1,3,NA,2,212,SR-60 W/B,GILMAN SPRINGS RD,5280,E,N,B,C,Y,NA,NA,60,NA,NA,NA,NA,NA,W,N,4,0,3,3,A,-,03,22350,NA,N,C,C,A,B,D,-,D,D,0,NA,NA,NA,Y,Y,NA,G,25,0,0,3,0,0,0,0,0,0,-,-,33.935150146484375,-117.11016845703124,RIVERSIDE,UNINCORPORATED,-117.11016845703124,33.935157775878906
91156562,2019,2019-12-31,9685,2019-12-20,1740,016096,NA,5,2,9,3300,0,1,3,NA,1,012,STATE ROUTE 74,WASSON CANYON ROAD,0,NA,Y,A,-,Y,NA,NA,74,NA,NA,NA,NA,NA,NA,Y,3,0,4,2,A,-,12,21453,A,F,D,C,A,A,H,-,C,A,0,NA,NA,NA,NA,Y,NA,A,01,0,4,0,0,0,0,0,0,0,-,-,33.71625900268555,-117.3003387451172,RIVERSIDE,UNINCORPORATED,-117.30034637451172,33.71627426147461
91157259,2019,2020-01-02,9840,2019-12-20,0838,018248,NA,5,1,9,3300,0,3,5,NA,2,003,TEMESCAL CANYON RD,STELLAR CT,0,NA,Y,A,-,N,NA,NA,NA,NA,NA,NA,NA,NA,NA,Y,4,0,1,2,A,-,09,21801,A,N,D,C,A,A,H,-,A,A,0,NA,NA,NA,NA,Y,NA,D,22,0,0,1,0,0,0,0,0,0,-,-,33.79658889770508,-117.50055694580078,RIVERSIDE,UNINCORPORATED,-117.50057220458984,33.79655075073242
91158628,2019,2020-01-03,9840,2019-12-26,0605,014497,NA,4,1,9,3300,0,3,5,NA,2,004,WASHINGTON STREET,WHEEL WAGON ROAD,101,N,N,B,C,N,NA,NA,NA,NA,NA,NA,NA,NA,NA,Y,4,0,1,1,A,-,08,22107,NA,N,F,A,A,B,H,-,B,D,0,NA,NA,NA,NA,Y,NA,A,01,0,0,1,0,0,0,0,0,0,-,-,33.89292907714844,-117.375732421875,RIVERSIDE,UNINCORPORATED,-117.375732421875,33.89292907714844
91160096,2019,2020-01-06,9685,2019-12-31,1515,016185,NA,2,2,4,3342,0,1,1,NA,2,034,I-215 N/B,CLINTON KEITH ROAD,112,N,N,A,-,Y,NA,NA,215,NA,NA,NA,NA,NA,N,Y,3,0,2,2,A,-,03,22350,NA,N,C,C,A,A,H,-,A,D,0,NA,NA,NA,NA,Y,NA,A,01,0,2,0,0,0,0,0,0,0,-,-,33.599300384521484,-117.17379760742188,RIVERSIDE,MURRIETA,-117.17378997802734,33.59928894042969
91160575,2019,2020-01-07,9840,2019-12-28,1401,021096,NA,6,2,6,3345,0,1,3,NA,2,010,SR-60 W/B,PYRITE ST,2112,E,N,A,-,Y,NA,NA,60,NA,NA,NA,NA,NA,W,N,4,0,1,2,A,-,07,21658,A,N,B,C,A,A,H,-,A,D,0,NA,NA,NA,NA,Y,NA,-,-,0,0,1,0,0,0,0,0,0,-,-,34.015201568603516,-117.45475006103516,RIVERSIDE,JURUPA VALLEY,-117.45475006103516,34.015174865722656