CASE_ID,ACCIDENT_YEAR,PROC_DATE,JURIS,COLLISION_DATE,COLLISION_TIME,OFFICER_ID,REPORTING_DISTRICT,DAY_OF_WEEK,CHP_SHIFT,POPULATION,CNTY_CITY_LOC,SPECIAL_COND,BEAT_TYPE,CHP_BEAT_TYPE,CITY_DIVISION_LAPD,CHP_BEAT_CLASS,BEAT_NUMBER,PRIMARY_RD,SECONDARY_RD,DISTANCE,DIRECTION,INTERSECTION,WEATHER_1,WEATHER_2,STATE_HWY_IND,CALTRANS_COUNTY,CALTRANS_DISTRICT,STATE_ROUTE,ROUTE_SUFFIX,POSTMILE_PREFIX,POSTMILE,LOCATION_TYPE,RAMP_INTERSECTION,SIDE_OF_HWY,TOW_AWAY,COLLISION_SEVERITY,NUMBER_KILLED,NUMBER_INJURED,PARTY_COUNT,PRIMARY_COLL_FACTOR,PCF_CODE_OF_VIOL,PCF_VIOL_CATEGORY,PCF_VIOLATION,PCF_VIOL_SUBSECTION,HIT_AND_RUN,TYPE_OF_COLLISION,MVIW,PED_ACTION,ROAD_SURFACE,ROAD_COND_1,ROAD_COND_2,LIGHTING,CONTROL_DEVICE,CHP_ROAD_TYPE,PEDESTRIAN_ACCIDENT,BICYCLE_ACCIDENT,MOTORCYCLE_ACCIDENT,TRUCK_ACCIDENT,NOT_PRIVATE_PROPERTY,ALCOHOL_INVOLVED,STWD_VEHTYPE_AT_FAULT,CHP_VEHTYPE_AT_FAULT,COUNT_SEVERE_INJ,COUNT_VISIBLE_INJ,COUNT_COMPLAINT_PAIN,COUNT_PED_KILLED,COUNT_PED_INJURED,COUNT_BICYCLIST_KILLED,COUNT_BICYCLIST_INJURED,COUNT_MC_KILLED,COUNT_MC_INJURED,PRIMARY_RAMP,SECONDARY_RAMP,LATITUDE,LONGITUDE,COUNTY,CITY,POINT_X,POINT_Y
91202969,2020,2020-03-06,9840,2020-03-01,2138,021037,NA,7,2,6,3315,0,1,1,NA,2,034,I-15 N/B,ONTARIO AVE.,1400,S,N,B,C,Y,NA,NA,15,NA,NA,NA,NA,NA,N,Y,4,0,1,2,A,-,08,22107,NA,N,C,E,A,B,H,-,D,D,0,NA,NA,NA,NA,Y,NA,A,01,0,0,1,0,0,0,0,0,0,-,-,33.83938980102539,-117.53363800048828,RIVERSIDE,CORONA,-117.53367614746094,33.83937072753906
91203601,2020,2020-03-09,9840,2020-02-25,0521,021047,NA,2,3,9,3300,0,3,5,NA,2,003,MAGNOLIA AVE. W/B,BLAIR ST.,25,E,N,A,-,N,NA,NA,NA,NA,NA,NA,NA,NA,NA,Y,4,0,1,2,A,-,03,22350,NA,N,C,C,A,A,H,-,D,D,0,NA,NA,NA,NA,Y,NA,A,01,0,0,1,0,0,0,0,0,0,-,-,33.875640869140625,-117.52535247802734,RIVERSIDE,UNINCORPORATED,-117.525390625,33.875648498535156
91205916,2020,2020-03-11,9630,2020-03-05,1154,021513,NA,4,1,9,3300,0,1,3,NA,1,074,SR-74,BIGHORN DR,7920,N,N,A,-,Y,NA,NA,74,NA,NA,NA,NA,NA,NA,Y,4,0,1,1,A,-,08,22107,NA,N,E,I,A,A,H,-,A,D,0,NA,NA,NA,NA,Y,NA,A,01,0,0,1,0,0,0,0,0,0,-,-,33.63819885253906,-116.4019012451172,RIVERSIDE,UNINCORPORATED,-116.40193176269533,33.63822555541992
91206480,2020,2020-03-11,9840,2020-03-11,1010,017546,NA,3,1,7,3313,0,1,3,NA,2,010,SR-60 W/B,MARKET ST,200,W,N,A,-,Y,NA,NA,60,NA,NA,NA,NA,NA,W,Y,4,0,1,3,A,-,03,22350,NA,N,C,C,A,A,H,-,A,D,0,NA,NA,NA,NA,Y,NA,A,01,0,0,1,0,0,0,0,0,0,-,-,34.001121520996094,-117.37586212158205,RIVERSIDE,RIVERSIDE,-117.37583923339844,34.00117111206055
91207023,2019,2020-03-12,9685,2019-08-02,0320,017013,NA,5,3,9,3300,0,1,3,NA,1,026,STATE ROUTE 74 WESTBOUND,OLSEN AVENUE,283,E,N,A,-,Y,NA,NA,74,NA,NA,NA,NA,NA,W,N,1,1,0,2,A,-,11,21955,NA,F,G,B,E,A,H,-,D,D,0,Y,NA,NA,NA,Y,NA,N,60,0,0,0,1,0,0,0,0,0,-,-,33.74290084838867,-117.10404205322266,RIVERSIDE,UNINCORPORATED,-117.10404205322266,33.74290084838867
91207078,2019,2020-03-12,9685,2019-10-31,2109,015027,NA,4,2,9,3300,0,1,1,NA,2,030,SOUTHBOUND INTERSTATE 15,TEMECULA PARKWAY,8384,S,N,A,-,Y,NA,NA,15,NA,NA,NA,NA,NA,NA,Y,1,1,1,2,A,-,11,21956,NA,N,G,B,E,A,H,-,D,D,0,Y,NA,NA,NA,Y,NA,N,60,0,0,1,1,0,0,0,0,0,-,-,33.461429595947266,-117.13655090332033,RIVERSIDE,UNINCORPORATED,-117.1364974975586,33.4614372253418
91207271,2020,2020-03-12,9685,2020-03-04,2323,14338,NA,3,3,4,3307,0,1,1,NA,2,010,I-15 S/B,RAILROAD CANYON ROAD,2000,S,N,A,-,Y,NA,NA,15,NA,NA,NA,NA,NA,S,Y,3,0,1,2,A,-,03,22350,NA,N,E,C,A,A,H,-,D,D,0,NA,NA,NA,NA,Y,NA,A,01,0,1,0,0,0,0,0,0,0,-,-,33.65774917602539,-117.29466247558594,RIVERSIDE,LAKE ELSINORE,-117.29469299316406,33.6577262878418
91207791,2020,2020-03-13,9840,2020-02-14,1659,017504,NA,5,2,9,3300,0,3,5,NA,2,004,SAN JACINTO AVE.,DUNLAP ST.,2763,E,N,A,-,N,NA,NA,NA,NA,NA,NA,NA,NA,NA,Y,3,0,3,4,A,-,08,22107,NA,N,C,E,E,A,H,-,A,D,0,Y,NA,NA,NA,Y,NA,A,01,0,2,1,0,1,0,0,0,0,-,-,33.7866096496582,-117.18222045898438,RIVERSIDE,UNINCORPORATED,-117.18233489990234,33.786678314208984
91207926,2020,2020-04-30,9840,2020-03-06,0830,017802,NA,5,1,9,3300,0,1,1,NA,2,022,I-215 S/B,CENTER ST.,230,S,N,A,B,Y,NA,NA,215,NA,NA,NA,NA,NA,S,Y,4,0,1,5,A,-,03,22350,NA,N,C,C,A,A,H,-,A,D,0,NA,NA,NA,NA,Y,NA,D,22,0,0,1,0,0,0,0,0,0,-,-,34.014808654785156,-117.34295654296876,RIVERSIDE,UNINCORPORATED,-117.34305572509766,34.01487731933594
91209078,2020,2020-03-16,9685,2020-03-06,1230,015360,NA,5,1,4,3342,0,1,1,NA,2,034,MURRIETA HOT SPGS RD TO I-215 S/B,MURRIETA HOT SPRINGS RD,100,S,N,A,-,Y,NA,NA,NA,NA,NA,NA,NA,NA,NA,N,4,0,2,2,A,-,13,21718,NA,N,C,C,A,A,H,-,A,D,0,NA,NA,NA,NA,Y,NA,A,01,0,0,2,0,0,0,0,0,0,-,-,33.55598068237305,-117.18245697021484,RIVERSIDE,MURRIETA,-117.1989974975586,33.55067825317383
91210493,2020,2020-03-17,9630,2020-03-12,0750,019807,NA,4,1,9,3300,0,3,5,NA,2,502,POLK ST,CENTER ST,162,N,N,B,C,N,NA,NA,NA,NA,NA,NA,NA,NA,NA,Y,3,0,1,2,A,-,03,22350,NA,N,C,C,A,B,H,-,A,D,0,NA,NA,NA,NA,Y,NA,A,01,0,1,0,0,0,0,0,0,0,-,-,33.640769958496094,-116.14649963378906,RIVERSIDE,UNINCORPORATED,-116.14652252197266,33.64070129394531
91210636,2020,2020-03-18,9840,2020-03-11,1808,020058,NA,3,2,9,3300,0,3,5,NA,2,003,LA SIERRA AVE,LAKE KNOLL PKY,1700,N,N,A,-,N,NA,NA,NA,NA,NA,NA,NA,NA,NA,Y,3,0,1,1,A,-,08,22107,NA,N,E,I,A,A,H,-,A,D,0,NA,NA,NA,NA,Y,NA,A,01,0,1,0,0,0,0,0,0,0,-,-,33.876251220703125,-117.45601654052734,RIVERSIDE,UNINCORPORATED,-117.45566558837892,33.876983642578125
91211380,2020,2020-03-18,9630,2020-02-23,1302,021513,NA,7,1,9,3300,0,3,5,NA,2,502,HARRISON ST,AIRPORT BLVD,0,NA,Y,A,-,N,NA,NA,NA,NA,NA,NA,NA,NA,NA,Y,4,0,2,2,D,-,00,NA,NA,M,D,C,A,A,H,-,A,A,0,NA,NA,NA,NA,Y,NA,-,-,0,0,2,0,0,0,0,0,0,-,-,33.642051696777344,-116.1811981201172,RIVERSIDE,UNINCORPORATED,-116.18118286132813,33.64204025268555
91212282,2019,2020-04-06,9685,2019-11-08,1355,016502,NA,5,1,9,3300,0,1,3,NA,1,045,STATE ROUTE 371,HOMESTEAD ROAD,3600,W,N,A,-,Y,NA,NA,371,NA,NA,NA,NA,NA,NA,Y,1,1,2,2,A,-,01,23152,A,N,A,C,A,A,H,-,A,D,0,NA,NA,NA,NA,Y,Y,A,08,2,0,0,0,0,0,0,0,0,-,-,33.539398193359375,-116.75569915771484,RIVERSIDE,UNINCORPORATED,-116.75578308105467,33.53955078125
91212773,2020,2020-03-20,9630,2020-03-16,0246,021604,NA,1,3,4,3325,0,1,1,NA,2,020,I-10 E/B,PALM DR,450,E,N,A,-,Y,NA,NA,NA,NA,NA,NA,NA,NA,NA,Y,3,0,1,1,A,-,08,22107,NA,N,E,I,A,A,H,-,C,D,0,NA,NA,NA,NA,Y,NA,A,01,0,1,0,0,0,0,0,0,0,-,-,38.877899169921875,-116.50209808349608,RIVERSIDE,CATHEDRAL CITY,-116.9702606201172,33.9355583190918
91213401,2020,2020-03-23,9840,2020-03-15,1540,021950,NA,7,2,6,3345,0,1,1,NA,2,011,INTERSTATE 15 N/B TO LIMONITE AVE.,LIMONITE AVE,10,S,N,A,B,Y,NA,NA,15,NA,NA,NA,R,NA,N,N,4,0,1,2,A,-,03,22350,NA,N,C,C,A,A,D,-,A,A,0,NA,NA,NA,NA,Y,NA,A,08,0,0,1,0,0,0,0,0,0,-,-,33.97507095336914,-117.5475616455078,RIVERSIDE,JURUPA VALLEY,-117.5475616455078,33.97507095336914
91213427,2020,2020-03-23,9840,2020-03-13,0640,018949,NA,5,1,9,3300,0,3,5,NA,2,003,CAMPBELL RANCH RD,SOAPBERRY ST,325,N,N,B,C,N,NA,NA,NA,NA,NA,NA,NA,NA,NA,Y,4,0,1,1,A,-,08,22107,NA,N,E,I,A,B,H,-,B,D,0,NA,NA,NA,NA,Y,NA,A,01,0,0,1,0,0,0,0,0,0,-,-,33.75722885131836,-117.4631576538086,RIVERSIDE,UNINCORPORATED,-117.46326446533205,33.75709533691406
91213743,2020,2020-10-19,9685,2020-03-13,0840,015295,NA,5,1,5,3335,0,1,1,NA,2,030,I-15 SOUTHBOUND TO WINCHESTER ROAD,WINCHESTER ROAD,95,N,N,B,-,Y,NA,NA,15,NA,NA,NA,R,NA,S,N,4,0,1,2,A,-,03,22350,NA,F,C,C,A,B,H,-,A,D,0,NA,NA,NA,NA,Y,NA,A,01,0,0,1,0,0,0,0,0,0,-,-,33.52201843261719,-117.16423797607422,RIVERSIDE,TEMECULA,-117.16423797607422,33.52201843261719
91215380,2020,2020-03-25,9840,2020-03-19,1200,017546,NA,4,1,4,3344,0,1,1,NA,2,011,I-15 S/B TO LIMONITE AVE,LIMONITE AVE,20,N,N,B,C,Y,NA,NA,15,NA,NA,NA,R,NA,S,N,4,0,1,2,A,-,03,22350,NA,N,C,C,A,B,H,-,A,A,0,NA,NA,NA,NA,Y,NA,A,01,0,0,1,0,0,0,0,0,0,-,-,33.97539138793945,-117.55042266845705,RIVERSIDE,EASTVALE,-117.55042266845705,33.97539138793945
9121822,2020,2020-07-23,3342,2020-03-24,1054,898,641,2,5,4,3342,0,0,0,NA,0,005,MURRIETA HOT SPRINGS RD,WHITEWOOD RD E,0,NA,Y,B,-,N,NA,NA,NA,NA,NA,NA,NA,NA,NA,Y,4,0,1,2,A,-,12,21453,A,N,D,C,A,A,H,-,A,A,0,NA,NA,NA,NA,Y,NA,A,01,0,0,1,0,0,0,0,0,0,-,-,33.554298400878906,-117.16779327392578,RIVERSIDE,MURRIETA,-117.16808319091795,33.554500579833984
91218730,2020,2020-03-30,9840,2020-03-28,2230,021037,NA,6,3,6,3315,0,1,1,NA,2,034,I-15 S/B FROM ONTARIO AVENUE,ONTARIO AVENUE,20,S,N,A,-,Y,NA,NA,15,NA,NA,NA,R,NA,S,N,4,0,1,1,A,-,08,22107,NA,N,E,I,A,A,H,-,C,D,0,NA,NA,NA,NA,Y,NA,A,07,0,0,1,0,0,0,0,0,0,-,-,33.84437942504883,-117.53572845458984,RIVERSIDE,CORONA,-117.53572845458984,33.84437942504883
91220759,2020,2020-04-06,9840,2020-03-27,2131,021862,NA,5,2,6,3315,0,1,3,NA,2,031,STATE ROUTE 91 E/B,MAIN ST,2050,W,N,A,-,Y,NA,NA,91,NA,NA,NA,NA,NA,E,Y,2,0,1,4,A,-,03,22350,NA,N,C,C,E,A,H,-,C,D,0,Y,NA,NA,NA,Y,NA,A,01,1,0,0,0,1,0,0,0,0,-,-,33.88050842285156,-117.57241821289063,RIVERSIDE,CORONA,-117.57240295410156,33.880699157714844
91221070,2020,2020-04-06,9840,2020-04-05,0245,019844,NA,7,3,9,3300,0,1,1,NA,2,041,I-215 S/B,PERRIS BLVD,50,N,N,A,-,Y,NA,NA,NA,NA,NA,NA,NA,NA,NA,Y,4,0,1,1,A,-,08,22107,NA,N,E,I,A,A,H,-,D,D,0,NA,NA,NA,NA,Y,NA,A,01,0,0,1,0,0,0,0,0,0,-,-,33.79072189331055,-117.22667694091795,RIVERSIDE,UNINCORPORATED,NA,NA
91222920,2020,2020-04-08,9840,2020-03-28,0400,020262,NA,6,3,9,3300,0,3,5,NA,2,004,NUEVO RD.,DUNLAP DR,36,E,N,A,-,N,NA,NA,NA,NA,NA,NA,NA,NA,NA,Y,3,0,1,1,A,-,01,23152,A,N,E,I,A,A,H,-,C,A,0,NA,NA,NA,NA,Y,Y,A,01,0,1,0,0,0,0,0,0,0,-,-,33.801090240478516,-117.19104766845705,RIVERSIDE,UNINCORPORATED,-117.19107818603516,33.801170349121094
91223148,2020,2020-04-08,9840,2020-04-03,1455,021194,NA,5,2,7,3313,0,1,1,NA,2,023,I-215 S/B,MARTIN LUTHER KING BLVD,600,N,N,A,-,Y,NA,NA,215,NA,NA,NA,NA,NA,S,Y,4,0,3,3,A,-,03,22350,NA,N,C,C,A,A,H,-,A,D,0,NA,NA,NA,NA,Y,NA,A,01,0,0,3,0,0,0,0,0,0,-,-,33.97023010253906,-117.32993316650392,RIVERSIDE,RIVERSIDE,-117.32996368408205,33.9702033996582
9122356,2020,2020-09-21,3313,2020-07-10,0355,1716,2,5,5,7,3313,0,0,0,NA,0,1R25,KANSAS AV,ROBERTA ST,0,NA,Y,A,-,N,NA,NA,NA,NA,NA,NA,NA,NA,NA,N,2,0,2,2,A,-,09,21802,A,N,D,C,A,A,H,-,C,A,0,NA,NA,NA,NA,Y,NA,A,01,1,0,1,0,0,0,0,0,0,-,-,33.98868179321289,-117.3572235107422,RIVERSIDE,RIVERSIDE,-117.35720825195313,33.98884963989258
9122370,2020,2020-10-20,3300,2020-06-10,0802,3481,920A,3,5,4,3314,0,0,0,NA,0,070,RAMONA EXPY,LYON AV,0,NA,Y,A,-,N,NA,NA,NA,NA,NA,NA,NA,NA,NA,Y,4,0,1,2,A,-,12,21453,A,N,D,C,A,A,H,-,A,A,0,NA,NA,NA,NA,Y,NA,A,01,0,0,1,0,0,0,0,0,0,-,-,NA,NA,RIVERSIDE,SAN JACINTO,-116.98502349853516,33.81079864501953
91223725,2020,2020-04-09,9685,2020-04-01,1145,016765,NA,3,1,4,3312,0,1,1,NA,2,020,I-215 SOUTHBOUND,REDLANDS AVE,3696,S,N,A,-,Y,NA,NA,215,NA,NA,NA,NA,NA,S,Y,3,0,1,2,A,-,03,22350,NA,N,C,D,A,A,H,-,A,D,0,NA,NA,NA,NA,Y,NA,D,22,0,1,0,0,0,0,0,0,0,-,-,33.77751922607422,-117.20673370361328,RIVERSIDE,PERRIS,-117.20667266845705,33.777610778808594
91223901,2020,2020-04-10,9840,2020-03-31,2242,022457,NA,2,3,7,3313,0,1,3,NA,2,020,SR-91 W/B,TYLER ST,538,E,N,A,-,Y,NA,NA,91,NA,NA,NA,NA,NA,W,Y,2,0,1,1,A,-,08,22107,NA,N,E,I,A,A,H,-,C,D,0,NA,NA,NA,NA,Y,NA,A,01,1,0,0,0,0,0,0,0,0,-,-,33.9073600769043,-117.4553680419922,RIVERSIDE,RIVERSIDE,-117.45532989501952,33.90728759765625
91224988,2020,2020-04-13,9655,2020-04-10,0730,020669,NA,5,1,9,3300,0,1,3,NA,1,118,SR-74 E/B,CARRIZO RD,2640,W,N,B,C,Y,NA,NA,74,NA,NA,NA,NA,NA,E,Y,4,0,1,1,A,-,08,22107,NA,N,E,I,A,B,H,-,A,D,0,NA,NA,NA,NA,Y,NA,A,01,0,0,1,0,0,0,0,0,0,-,-,33.60131072998047,-116.42131042480467,RIVERSIDE,UNINCORPORATED,-116.42131042480467,33.60131072998047
91225310,2020,2020-04-14,9685,2020-04-09,1840,017833,NA,4,2,4,3342,0,1,1,NA,2,030,I-15 SOUTHBOUND,FRENCH VALLEY PKY,4224,N,N,B,C,Y,NA,NA,15,NA,NA,NA,NA,NA,S,Y,4,0,1,1,A,-,03,22350,NA,N,E,I,A,B,H,-,B,D,0,NA,NA,NA,NA,Y,NA,A,01,0,0,1,0,0,0,0,0,0,-,-,33.54016876220703,-117.17481231689452,RIVERSIDE,MURRIETA,-117.1749267578125,33.54009246826172
91226417,2020,2020-04-16,9840,2020-03-29,0535,017882,NA,7,3,9,3300,0,1,1,NA,2,040,I-215 S/B TO CACTUS AVE. E/B,CACTUS AVE,11,S,N,A,-,Y,NA,NA,215,NA,NA,NA,R,NA,S,Y,4,0,1,1,C,-,18,NA,NA,N,F,A,A,D,G,-,C,D,0,NA,NA,NA,NA,Y,NA,-,-,0,0,1,0,0,0,0,0,0,-,-,33.90879821777344,-117.28179931640624,RIVERSIDE,UNINCORPORATED,-117.28179931640624,33.90879821777344
91227584,2020,2020-04-20,9685,2020-04-17,0830,015360,NA,5,1,4,3342,0,1,1,NA,2,034,I-215 SOUTHBOUND TO CLINTON KEITH RD.,MCELWAIN RD.,800,E,N,A,-,Y,NA,NA,NA,NA,NA,NA,NA,NA,NA,N,4,0,1,2,A,-,03,22350,NA,N,C,C,A,A,H,-,A,D,0,NA,NA,NA,NA,Y,NA,A,01,0,0,1,0,0,0,0,0,0,-,-,33.78213119506836,-117.80191802978516,RIVERSIDE,MURRIETA,NA,NA
91228710,2019,2020-04-23,9840,2019-08-23,1510,018498,NA,5,2,4,3344,0,1,1,NA,2,011,I-15 S/B,BELLEGRAVE AVE.,1300,S,N,A,-,Y,NA,NA,15,NA,NA,NA,NA,NA,S,Y,4,0,2,3,A,-,03,22350,NA,F,C,C,A,A,D,-,A,D,0,NA,NA,NA,NA,Y,NA,A,07,0,0,2,0,0,0,0,0,0,-,-,33.987430572509766,-117.54949188232422,RIVERSIDE,EASTVALE,-117.54939270019533,33.98745346069336
9122962,2020,2020-08-19,3309,2020-05-10,1822,180,3309,7,5,4,3309,0,0,0,NA,0,003,MONROE ST,AVE 50,0,NA,Y,A,-,N,NA,NA,NA,NA,NA,NA,NA,NA,NA,Y,3,0,2,3,A,-,12,21453,A,N,D,C,A,A,H,-,B,A,0,NA,NA,NA,NA,Y,Y,A,01,0,1,1,0,0,0,0,0,0,-,-,NA,NA,RIVERSIDE,INDIO,-116.2339324951172,33.68534851074219
91230410,2020,2020-04-28,9655,2020-04-25,1244,017263,NA,6,1,9,3300,0,1,3,NA,1,215,SR-243 N/B,WESLEY ST,17424,S,N,A,-,Y,NA,NA,243,NA,NA,NA,NA,NA,N,Y,4,0,1,1,A,-,08,22107,NA,N,F,A,A,A,H,-,A,D,0,NA,NA,Y,NA,Y,NA,C,02,0,0,1,0,0,0,0,0,1,-,-,33.901451110839844,-116.86795806884766,RIVERSIDE,UNINCORPORATED,-116.86795043945313,33.90143966674805
91230476,2020,2020-04-28,9840,2020-02-21,1835,021831,NA,5,2,6,3394,0,1,3,NA,2,025,SR-60 W/B,INDIAN ST,1108,E,N,B,-,Y,NA,NA,60,NA,NA,NA,NA,NA,W,Y,1,1,0,2,A,-,01,23152,A,N,B,C,A,A,H,-,D,D,0,NA,NA,Y,NA,Y,Y,C,02,0,0,0,0,0,0,0,1,0,-,-,33.94089126586914,-117.2313995361328,RIVERSIDE,MORENO VALLEY,-117.2313995361328,33.94091033935547
91230799,2020,2020-04-29,9685,2020-04-20,2310,015906,NA,1,3,4,3342,0,1,1,NA,2,034,I-215 NORTHBOUND,SCOTT ROAD O/C,3168,S,N,A,-,Y,NA,NA,215,NA,NA,NA,NA,NA,N,Y,2,0,1,4,A,-,03,22350,NA,N,C,C,A,A,D,-,B,A,0,NA,NA,NA,Y,Y,Y,D,22,1,0,0,0,0,0,0,0,0,-,-,33.63275146484375,-117.17106628417967,RIVERSIDE,MURRIETA,-117.17103576660156,33.63275146484375
91233924,2020,2020-05-05,9840,2020-04-26,0141,021042,NA,7,3,9,3300,0,3,5,NA,2,004,LA SIERRA AVE.,CAJALCO RD.,5596,N,N,A,-,N,NA,NA,NA,NA,NA,NA,NA,NA,NA,Y,3,0,1,1,A,-,01,23152,A,N,E,I,A,A,H,-,D,D,0,NA,NA,NA,NA,Y,Y,A,01,0,1,0,0,0,0,0,0,0,-,-,33.84503173828125,-117.46363830566406,RIVERSIDE,UNINCORPORATED,-117.4638442993164,33.8431510925293
91236381,2020,2020-05-12,9685,2020-05-09,1050,016347,NA,6,1,9,3300,0,1,3,NA,1,026,SR-74 E/B (ORTEGA HWY),CREAG AVENUE,0,NA,Y,A,-,Y,NA,NA,74,NA,NA,NA,NA,NA,E,Y,2,0,1,2,A,-,09,21801,A,N,D,C,A,A,D,-,A,D,0,NA,NA,Y,NA,Y,NA,A,01,1,0,0,0,0,0,0,0,1,-,-,33.743431091308594,-117.10681915283205,RIVERSIDE,UNINCORPORATED,-117.10681915283205,33.743350982666016
91236506,2020,2020-07-10,9840,2020-05-02,2240,021943,NA,6,3,7,3313,0,1,1,NA,2,023,INTERSTATE 215 N/B,MARTIN LUTHER KING BLVD,900,S,N,A,-,Y,NA,NA,215,NA,NA,NA,NA,NA,N,Y,3,0,2,2,A,-,03,22350,NA,N,C,C,A,A,H,-,D,D,0,NA,NA,NA,NA,Y,NA,A,01,0,1,1,0,0,0,0,0,0,-,-,33.96656036376953,-117.32697296142578,RIVERSIDE,RIVERSIDE,-117.32704925537108,33.96652603149414
91239925,2020,2020-05-19,9655,2020-05-18,1540,019796,NA,1,2,9,3300,0,3,5,NA,2,003,BAUTISTA CANYON RD.,FAIRVIEW AVE.,26400,E,N,A,-,N,NA,NA,NA,NA,NA,NA,NA,NA,NA,Y,3,0,1,1,A,-,08,22107,NA,N,E,I,A,A,H,-,A,D,0,NA,NA,Y,NA,Y,NA,C,02,0,1,0,0,0,0,0,0,1,-,-,33.68220138549805,-116.83992767333984,RIVERSIDE,UNINCORPORATED,NA,NA
91242134,2020,2020-05-26,9630,2020-05-17,1752,020445,NA,7,2,9,3300,0,3,5,NA,2,405,JAMAICA SANDS DRIVE,42ND AVENUE,0,NA,Y,A,-,N,NA,NA,NA,NA,NA,NA,NA,NA,NA,Y,3,0,3,2,A,-,09,21802,A,N,D,C,A,A,H,-,A,D,0,NA,NA,Y,NA,Y,NA,A,01,0,3,0,0,0,0,0,0,2,-,-,33.74378967285156,-116.27375793457033,RIVERSIDE,UNINCORPORATED,-116.27375793457033,33.74380874633789
91242197,2020,2020-05-26,9655,2020-05-16,2040,020695,NA,6,2,4,3301,0,1,1,NA,2,204,I-10 E/B,SUNSET AVE,1723,W,N,A,-,Y,NA,NA,10,NA,NA,NA,NA,NA,E,Y,4,0,2,2,A,-,03,22350,NA,M,C,C,A,A,H,-,D,D,0,NA,NA,NA,NA,Y,NA,D,22,0,0,2,0,0,0,0,0,0,-,-,33.92538833618164,-116.9175262451172,RIVERSIDE,BANNING,-116.9175262451172,33.9254035949707
91243833,2020,2020-05-28,9840,2020-05-22,2115,021831,NA,5,2,4,3310,0,1,1,NA,2,011,I-15 S/B,DETRIOT ST,2500,N,N,A,-,Y,NA,NA,15,NA,NA,NA,NA,NA,S,Y,3,0,2,4,A,-,03,22350,NA,N,C,C,A,A,D,H,D,D,0,NA,NA,NA,NA,Y,NA,A,01,0,1,1,0,0,0,0,0,0,-,-,33.951759338378906,-117.55119323730467,RIVERSIDE,NORCO,-117.55117797851563,33.951751708984375
91245327,2020,2020-05-29,9655,2020-05-28,0435,018905,NA,4,3,4,3301,0,1,1,NA,2,204,I-10 E/B,HIGHLAND SPRINGS AVE,5808,E,N,A,-,Y,NA,NA,10,NA,NA,NA,NA,NA,E,Y,4,0,1,3,A,-,03,22350,NA,N,C,C,A,A,D,-,D,A,0,NA,NA,NA,Y,Y,NA,A,01,0,0,1,0,0,0,0,0,0,-,-,33.925968170166016,-116.92601776123048,RIVERSIDE,BANNING,-116.92601776123048,33.92597961425781
91245339,2020,2020-05-29,9840,2020-05-28,1435,018281,NA,4,2,6,3315,0,1,3,NA,2,031,SR-91 W/B,W. GRAND BLVD,1200,W,N,A,-,Y,NA,NA,91,NA,NA,NA,NA,NA,W,Y,3,0,1,2,A,-,07,21658,A,N,B,C,A,A,H,-,A,D,0,NA,NA,Y,NA,Y,NA,A,01,0,1,0,0,0,0,0,0,1,-,-,33.881168365478516,-117.57453918457033,RIVERSIDE,CORONA,-117.57455444335938,33.88106155395508
9124573,2020,2020-11-25,3313,2020-07-10,0930,1389,1,5,5,7,3313,0,0,0,NA,0,T53,RIVERSIDE AV,RT 91,0,NA,Y,A,-,Y,RIV,8,91,-,-,17.983,R,4,W,Y,4,0,1,3,A,-,09,21802,A,N,D,C,A,A,H,-,A,A,0,NA,NA,NA,NA,Y,NA,D,22,0,0,1,0,0,0,0,0,0,-,WF,33.9463996887207,-117.3880615234375,RIVERSIDE,RIVERSIDE,-117.38713073730467,33.947757720947266
91247001,2020,2020-06-03,9630,2020-05-27,2345,021604,NA,3,3,9,3300,0,1,3,NA,2,015,SR-62 W/B,DILLON RD,2640,W,N,A,-,Y,NA,NA,62,NA,NA,NA,NA,NA,W,Y,2,0,1,1,A,-,01,23152,A,N,E,I,A,A,H,-,C,D,0,NA,NA,NA,NA,Y,Y,A,01,1,0,0,0,0,0,0,0,0,-,-,33.91815185546875,-116.60238647460938,RIVERSIDE,UNINCORPORATED,-116.60235595703124,33.91813278198242
91248601,2020,2020-06-08,9685,2020-06-03,1015,015757,NA,3,1,4,3342,0,1,1,NA,2,034,I-215 S/B (ESCONDIDO FWY),CLINTON KEITH RD,5280,N,N,A,-,Y,NA,NA,215,NA,NA,NA,NA,NA,S,Y,4,0,1,3,A,-,07,21658,A,M,E,A,A,A,H,-,A,D,0,NA,NA,NA,NA,Y,NA,A,01,0,0,1,0,0,0,0,0,0,-,-,33.61063003540039,-117.17130279541016,RIVERSIDE,MURRIETA,-117.17137145996094,33.610633850097656