CASE_ID,ACCIDENT_YEAR,PROC_DATE,JURIS,COLLISION_DATE,COLLISION_TIME,OFFICER_ID,REPORTING_DISTRICT,DAY_OF_WEEK,CHP_SHIFT,POPULATION,CNTY_CITY_LOC,SPECIAL_COND,BEAT_TYPE,CHP_BEAT_TYPE,CITY_DIVISION_LAPD,CHP_BEAT_CLASS,BEAT_NUMBER,PRIMARY_RD,SECONDARY_RD,DISTANCE,DIRECTION,INTERSECTION,WEATHER_1,WEATHER_2,STATE_HWY_IND,CALTRANS_COUNTY,CALTRANS_DISTRICT,STATE_ROUTE,ROUTE_SUFFIX,POSTMILE_PREFIX,POSTMILE,LOCATION_TYPE,RAMP_INTERSECTION,SIDE_OF_HWY,TOW_AWAY,COLLISION_SEVERITY,NUMBER_KILLED,NUMBER_INJURED,PARTY_COUNT,PRIMARY_COLL_FACTOR,PCF_CODE_OF_VIOL,PCF_VIOL_CATEGORY,PCF_VIOLATION,PCF_VIOL_SUBSECTION,HIT_AND_RUN,TYPE_OF_COLLISION,MVIW,PED_ACTION,ROAD_SURFACE,ROAD_COND_1,ROAD_COND_2,LIGHTING,CONTROL_DEVICE,CHP_ROAD_TYPE,PEDESTRIAN_ACCIDENT,BICYCLE_ACCIDENT,MOTORCYCLE_ACCIDENT,TRUCK_ACCIDENT,NOT_PRIVATE_PROPERTY,ALCOHOL_INVOLVED,STWD_VEHTYPE_AT_FAULT,CHP_VEHTYPE_AT_FAULT,COUNT_SEVERE_INJ,COUNT_VISIBLE_INJ,COUNT_COMPLAINT_PAIN,COUNT_PED_KILLED,COUNT_PED_INJURED,COUNT_BICYCLIST_KILLED,COUNT_BICYCLIST_INJURED,COUNT_MC_KILLED,COUNT_MC_INJURED,PRIMARY_RAMP,SECONDARY_RAMP,LATITUDE,LONGITUDE,COUNTY,CITY,POINT_X,POINT_Y
91248795,2020,2020-06-08,9630,2020-05-27,1313,015165,NA,3,1,9,3300,0,1,1,NA,2,020,I-10 E/B,GENE AUTRY TRAIL OVER CROSSING,1584,E,N,A,-,Y,NA,NA,NA,NA,NA,NA,NA,NA,NA,Y,4,0,1,3,A,-,07,21658,A,N,B,C,A,A,H,-,A,D,0,NA,NA,NA,NA,Y,NA,A,07,0,0,1,0,0,0,0,0,0,-,-,33.87479019165039,-116.49848175048828,RIVERSIDE,UNINCORPORATED,-116.50016784667967,33.87635803222656
91249458,2020,2020-06-09,9630,2020-05-29,1440,021409,NA,5,2,9,3300,0,1,1,NA,2,010,I-10 E/B,WALL RD,6336,E,N,A,-,Y,NA,NA,NA,NA,NA,NA,NA,NA,NA,Y,3,0,1,2,A,-,08,22107,NA,N,F,I,A,A,H,-,A,D,0,NA,NA,NA,NA,Y,NA,A,07,0,1,0,0,0,0,0,0,0,-,-,33.90637969970703,-116.56491088867188,RIVERSIDE,UNINCORPORATED,-116.56501770019533,33.90632247924805
91250264,2019,2020-06-10,9685,2019-09-27,2225,017399,NA,5,3,9,3300,0,2,4,NA,2,016,GRAND AVENUE,BALDWIN BLVD,150,N,N,A,-,N,NA,NA,NA,NA,NA,NA,NA,NA,NA,Y,1,1,0,2,A,-,01,23152,A,N,B,C,A,A,H,-,C,D,0,NA,NA,Y,NA,Y,Y,C,02,0,0,0,0,0,0,0,1,0,-,-,33.638710021972656,-117.34429931640624,RIVERSIDE,UNINCORPORATED,-117.34413146972656,33.6386604309082
91250390,2020,2020-06-10,9840,2020-06-08,1535,016619,NA,1,2,7,3313,0,1,3,NA,2,010,SR-60 E/B,ORANGE ST,400,E,N,A,-,Y,NA,NA,NA,NA,NA,NA,NA,NA,NA,Y,3,0,1,4,A,-,03,22350,NA,N,C,C,A,A,H,-,A,D,0,NA,NA,NA,NA,Y,NA,A,01,0,1,0,0,0,0,0,0,0,-,-,33.594200134277344,-117.21399688720705,RIVERSIDE,RIVERSIDE,-117.36228942871094,33.995391845703125
9125051,2020,2020-09-22,3300,2020-07-01,1303,3968,910E,3,5,5,3335,0,0,0,NA,0,061,JEFFERSON AV,VIA MONTEZUMA,348,S,N,A,-,N,NA,NA,NA,NA,NA,NA,NA,NA,NA,Y,3,0,1,2,A,-,08,22100,B,N,C,C,A,A,H,-,A,A,0,NA,NA,Y,NA,Y,NA,A,01,0,1,0,0,0,0,0,0,1,-,-,33.511348724365234,-117.15824127197266,RIVERSIDE,TEMECULA,-117.15731048583984,33.51073455810547
9125113,2020,2020-10-20,3300,2020-06-08,1635,N4424,604C5,1,5,6,3394,0,0,0,NA,0,MV44,LASSELLE ST,VIA DE ANZA,212,N,N,A,-,N,NA,NA,NA,NA,NA,NA,NA,NA,NA,Y,3,0,2,1,A,-,08,22107,NA,N,E,I,A,A,H,-,A,D,0,NA,NA,NA,NA,Y,NA,A,01,0,1,1,0,0,0,0,0,0,-,-,33.861419677734375,-117.20873260498048,RIVERSIDE,MORENO VALLEY,-117.20881652832033,33.86201095581055
91251179,2020,2020-06-12,9655,2020-06-07,1102,018320,NA,7,1,9,3300,0,1,3,NA,2,212,SR-60 E/B,GILMAN SPRINGS RD,6336,E,N,A,-,Y,NA,NA,60,NA,NA,NA,NA,NA,E,Y,3,0,6,9,A,-,03,22350,NA,N,C,C,A,A,H,-,A,D,0,NA,NA,NA,NA,Y,NA,A,07,0,1,5,0,0,0,0,0,0,-,-,33.93613052368164,-117.1066436767578,RIVERSIDE,UNINCORPORATED,-117.10661315917967,33.93608856201172
91251697,2020,2020-06-15,9655,2020-06-08,0324,019462,NA,1,3,9,3300,0,3,5,NA,2,003,BALESTRIERI RD,MERCED RD,98,S,N,A,-,N,NA,NA,NA,NA,NA,NA,NA,NA,NA,Y,3,0,1,3,A,-,01,23152,G,N,B,E,A,A,H,-,C,D,0,NA,NA,NA,NA,Y,Y,A,01,0,1,0,0,0,0,0,0,0,-,-,33.758140563964844,-116.88710021972656,RIVERSIDE,UNINCORPORATED,-116.8871612548828,33.75808334350586
91251732,2020,2020-06-15,9840,2020-06-10,0420,021950,NA,3,3,4,3310,0,1,1,NA,2,011,I-15 NORTHBOUND,SIXTH ST.,1600,S,N,A,-,Y,NA,NA,15,NA,NA,NA,NA,NA,N,Y,4,0,1,2,A,-,03,22350,NA,N,C,C,A,A,D,-,D,D,0,NA,NA,NA,NA,Y,NA,D,22,0,0,1,0,0,0,0,0,0,-,-,33.93328857421875,-117.5558624267578,RIVERSIDE,NORCO,-117.555908203125,33.933292388916016
91252123,2020,2020-07-09,9685,2020-06-12,0847,017833,NA,5,1,9,3300,0,3,5,NA,2,003,DEPORTOLA RD.,LOS ALAMITOS DR.,30,N,N,A,-,N,NA,NA,NA,NA,NA,NA,NA,NA,NA,Y,2,0,1,2,A,-,01,23152,F,N,B,C,A,A,H,-,A,D,0,NA,NA,NA,NA,Y,NA,D,22,1,0,0,0,0,0,0,0,0,-,-,33.52450180053711,-117.01888275146484,RIVERSIDE,UNINCORPORATED,-117.01888275146484,33.524620056152344
91252137,2020,2020-06-15,9655,2020-06-14,0245,020669,NA,7,3,9,3300,0,1,3,NA,1,116,SR-74 W/B,DRY CREEK,1000,W,N,A,-,Y,NA,NA,74,NA,NA,NA,NA,NA,W,Y,2,0,1,1,A,-,01,23152,A,N,E,I,A,A,H,-,D,D,0,NA,NA,NA,NA,Y,Y,A,01,1,0,0,0,0,0,0,0,0,-,-,33.70783996582031,-116.75675964355467,RIVERSIDE,UNINCORPORATED,-116.75676727294922,33.70771408081055
9125258,2020,2020-10-06,3300,2020-06-07,1145,3039,603B1,7,5,6,3394,0,0,0,NA,0,034,HERNE CT,FAY AV,230,S,N,A,-,N,NA,NA,NA,NA,NA,NA,NA,NA,NA,NA,4,0,1,2,A,-,09,21801,A,N,-,C,A,A,H,-,A,D,0,NA,NA,NA,NA,Y,NA,A,01,0,0,1,0,0,0,0,0,0,-,-,33.89820098876953,-117.23409271240234,RIVERSIDE,MORENO VALLEY,-117.23439025878906,33.897850036621094
91253723,2020,2020-06-18,9630,2020-06-11,1735,015710,NA,4,2,9,3300,0,1,1,NA,2,301,I-10 (EASTBOUND),DILLON RD.,42768,E,N,A,-,Y,NA,NA,NA,NA,NA,NA,NA,NA,NA,Y,3,0,1,2,A,-,03,22350,NA,N,C,C,A,A,H,-,A,D,0,NA,NA,NA,Y,Y,NA,F,26,0,1,0,0,0,0,0,0,0,-,-,33.415199279785156,-116.03269958496094,RIVERSIDE,UNINCORPORATED,-116.03913879394533,33.68906784057617
91254930,2020,2020-06-22,9840,2020-06-12,2125,021943,NA,5,2,9,3300,0,1,1,NA,2,022,INTERSTATE 215 N/B,CENTER ST,2700,S,N,A,-,Y,NA,NA,215,NA,NA,NA,NA,NA,N,Y,3,0,4,3,A,-,03,22350,NA,N,C,C,A,A,H,-,C,D,0,NA,NA,NA,NA,Y,NA,A,01,0,1,3,0,0,0,0,0,0,-,-,34.0098991394043,-117.34618377685548,RIVERSIDE,UNINCORPORATED,-117.34618377685548,34.00990295410156
91256375,2020,2020-06-23,9685,2020-06-15,1805,016113,NA,1,2,9,3300,0,3,5,NA,2,003,THOMPSON ROAD,BREITNER WAY,0,NA,Y,A,-,N,NA,NA,NA,NA,NA,NA,NA,NA,NA,Y,2,0,2,2,A,-,12,22450,A,N,D,C,A,A,H,-,A,A,0,NA,NA,NA,NA,Y,NA,E,22,1,1,0,0,0,0,0,0,0,-,-,33.59809875488281,-117.11315155029295,RIVERSIDE,UNINCORPORATED,-117.11309051513672,33.59804153442383
91256613,2020,2020-06-24,9840,2020-06-12,2235,022180,NA,5,3,7,3313,0,1,1,NA,2,022,I-215 N/B,COLUMBIA AVE,1000,S,N,A,-,Y,NA,NA,215,NA,NA,NA,NA,NA,N,Y,3,0,2,2,A,-,01,23152,A,N,C,C,A,A,H,-,C,D,0,NA,NA,NA,NA,Y,Y,A,07,0,2,0,0,0,0,0,0,0,-,-,33.99571990966797,-117.35559844970705,RIVERSIDE,RIVERSIDE,-117.3555908203125,33.99571228027344
91258858,2020,2020-06-26,9840,2020-06-23,1734,019719,NA,2,2,7,3313,0,1,3,NA,2,020,SR-91 E/B,ADAMS ST,1214,W,N,A,-,Y,NA,NA,91,NA,NA,NA,NA,NA,E,N,3,0,1,3,A,-,03,22350,NA,N,C,C,A,A,H,-,A,D,0,NA,NA,NA,NA,Y,NA,A,01,0,1,0,0,0,0,0,0,0,-,-,33.925418853759766,-117.4231185913086,RIVERSIDE,RIVERSIDE,-117.42311096191406,33.92540740966797
91259014,2020,2020-06-26,9655,2020-06-18,2330,020704,NA,4,3,9,3300,0,1,3,NA,1,314,SR-74,BEE CANYON TRUCK TRAIL,3960,E,N,A,-,Y,NA,NA,74,NA,NA,NA,NA,NA,NA,Y,3,0,1,1,A,-,08,22107,NA,N,F,A,A,A,H,-,C,A,0,NA,NA,NA,NA,Y,NA,A,01,0,1,0,0,0,0,0,0,0,-,-,33.7341194152832,-116.813232421875,RIVERSIDE,UNINCORPORATED,-116.813232421875,33.73411560058594
91259474,2020,2020-06-29,9840,2020-06-25,1424,021872,NA,4,2,7,3313,0,1,3,NA,2,025,SR-60 E/B,DAY ST,500,W,N,A,-,Y,NA,NA,60,NA,NA,NA,NA,NA,E,Y,4,0,1,2,A,-,08,22107,NA,F,B,C,A,A,H,-,A,D,0,NA,NA,NA,NA,Y,NA,-,99,0,0,1,0,0,0,0,0,0,-,-,33.9429817199707,-117.28121185302734,RIVERSIDE,RIVERSIDE,-117.28121948242188,33.94291687011719
91259806,2020,2020-06-29,9840,2020-06-25,1435,021831,NA,4,2,6,3345,0,1,3,NA,2,010,SR-60 W/B,COUNTRY VILLAGE RD,250,W,N,A,-,Y,NA,NA,60,NA,NA,NA,NA,NA,W,Y,4,0,1,2,A,-,08,22107,NA,N,B,C,A,A,H,-,A,D,0,NA,NA,NA,NA,Y,NA,A,01,0,0,1,0,0,0,0,0,0,-,-,34.0189094543457,-117.5076904296875,RIVERSIDE,JURUPA VALLEY,-117.5076904296875,34.01897048950195
91261179,2020,2020-06-30,9655,2020-06-20,0615,018320,NA,6,1,9,3300,0,1,1,NA,2,204,I-10 E/B,MAIN STREET,2640,W,N,A,-,Y,NA,NA,10,NA,NA,NA,NA,NA,E,Y,4,0,1,2,A,-,03,22350,NA,N,C,C,A,A,H,-,A,D,0,NA,NA,NA,Y,Y,NA,A,01,0,0,1,0,0,0,0,0,0,-,-,33.91852951049805,-116.78720092773438,RIVERSIDE,UNINCORPORATED,-116.78720092773438,33.918643951416016
91262252,2020,2020-07-02,9685,2020-06-25,1000,015757,NA,4,1,4,3312,0,1,1,NA,2,020,I-215 S/B (ESCONDIDO FWY),ETHANAC RD,1584,S,N,A,-,Y,NA,NA,215,NA,NA,NA,NA,NA,S,Y,4,0,1,1,A,-,08,22107,NA,N,E,I,A,A,H,-,A,D,0,NA,NA,NA,NA,Y,NA,A,01,0,0,1,0,0,0,0,0,0,-,-,33.738800048828125,-117.18939971923828,RIVERSIDE,PERRIS,-117.18955230712892,33.73879623413086
91264221,2020,2020-07-07,9840,2020-06-27,2010,022028,NA,6,2,7,3313,0,1,3,NA,2,021,SR-91 E/B TO ARLINGTON AVE,ARLINGTON AVE,876,W,N,A,-,Y,NA,NA,91,NA,NA,NA,R,NA,E,Y,2,0,1,1,A,-,03,22350,NA,N,E,I,A,A,H,-,A,D,0,NA,NA,Y,NA,Y,NA,C,02,1,0,0,0,0,0,0,0,1,-,-,33.944461822509766,-117.39051055908205,RIVERSIDE,RIVERSIDE,-117.39051055908205,33.944461822509766
91265178,2020,2020-07-08,9630,2020-07-06,1205,019943,NA,1,1,9,3300,0,1,1,NA,2,021,I-10 W/B,WASHINGTON STREET,1810,E,N,A,-,Y,NA,NA,10,NA,NA,NA,NA,NA,W,Y,3,0,1,2,A,-,07,21658,A,N,B,C,A,A,H,-,A,D,0,NA,NA,NA,NA,Y,NA,A,01,0,1,0,0,0,0,0,0,0,-,-,33.7588005065918,-116.29679870605467,RIVERSIDE,UNINCORPORATED,-116.29684448242188,33.758689880371094
91268552,2020,2020-07-14,9685,2020-03-10,1115,014488,NA,2,1,3,3343,0,1,1,NA,2,010,INTERSTATE 15 SOUTHBOUND,BUNDY CANYON ROAD U/C,350,N,N,C,-,Y,NA,NA,NA,NA,NA,NA,NA,NA,NA,Y,1,1,0,1,A,-,08,22107,NA,N,E,I,A,B,H,-,A,D,0,NA,NA,NA,NA,Y,NA,A,07,0,0,0,0,0,0,0,0,0,-,-,33.37384033203125,-117.16252899169922,RIVERSIDE,WILDOMAR,-117.27384185791016,33.62773132324219
91271906,2020,2020-07-21,9655,2020-07-13,1322,014743,NA,1,1,9,3300,0,1,3,NA,2,213,SR-79 N/B,CALIFORNIA AVENUE,5808,S,N,A,-,Y,NA,NA,79,NA,NA,NA,NA,NA,N,Y,4,0,1,2,A,-,08,22107,NA,N,C,C,A,A,H,-,A,D,0,NA,NA,NA,NA,Y,NA,A,01,0,0,1,0,0,0,0,0,0,-,-,33.89524841308594,-116.98738861083984,RIVERSIDE,UNINCORPORATED,-116.98748779296876,33.8952522277832
91272936,2020,2020-07-22,9685,2020-07-15,2139,016096,NA,3,2,9,3300,0,1,3,NA,1,039,SR-79 NORTHBOUND,VAIL LAKE BOAT ENTRANCE,30,S,N,A,-,Y,NA,NA,NA,NA,NA,NA,NA,NA,NA,Y,4,0,1,2,A,-,03,22350,NA,N,C,C,A,A,D,-,D,A,0,NA,NA,NA,NA,Y,NA,A,01,0,0,1,0,0,0,0,0,0,-,-,33.51095962524414,-117.16087341308594,RIVERSIDE,UNINCORPORATED,NA,NA
91273574,2020,2020-07-23,9840,2020-07-11,1515,021194,NA,6,2,9,3300,0,2,4,NA,2,045,CAJALCO RD,MEAD STREET,175,W,N,A,-,N,NA,NA,NA,NA,NA,NA,NA,NA,NA,Y,2,0,2,2,A,-,05,21460,A,M,A,C,A,A,H,-,A,D,0,NA,NA,NA,NA,Y,NA,A,01,2,0,0,0,0,0,0,0,0,-,-,33.83707809448242,-117.3001708984375,RIVERSIDE,UNINCORPORATED,-117.3013153076172,33.837074279785156
91274520,2020,2020-07-27,9840,2020-07-18,1300,019042,NA,6,1,7,3313,0,1,3,NA,2,021,I-215 S/B FROM SR-91 E/B,SPRUCE ST.,1300,E,N,A,-,Y,NA,NA,215,NA,NA,NA,R,NA,S,Y,4,0,1,3,A,-,03,22350,NA,N,C,C,A,A,H,-,A,D,0,NA,NA,NA,NA,Y,NA,A,08,0,0,1,0,0,0,0,0,0,-,-,33.99161148071289,-117.35408020019533,RIVERSIDE,RIVERSIDE,-117.35408020019533,33.99161148071289
91274940,2020,2020-07-27,9840,2020-07-21,0432,020766,NA,2,3,6,3345,0,1,3,NA,2,010,SR-60 E/B,PYRITE ST,0,NA,N,A,-,Y,NA,NA,60,NA,NA,NA,NA,NA,E,Y,4,0,1,1,A,-,08,22107,NA,N,E,I,A,A,H,-,C,D,0,NA,NA,NA,NA,Y,NA,A,01,0,0,1,0,0,0,0,0,0,-,-,34.01723098754883,-117.46920776367188,RIVERSIDE,JURUPA VALLEY,-117.4692153930664,34.017189025878906
91275801,2020,2020-07-28,9655,2020-07-25,1518,020774,NA,6,2,9,3300,0,1,1,NA,2,202,I-10 E/B,CHERRY VALLEY BLVD,1800,E,N,A,-,Y,NA,NA,10,NA,NA,NA,NA,NA,E,Y,4,0,2,2,A,-,03,22350,NA,N,C,C,A,A,H,-,A,D,0,NA,NA,NA,NA,Y,NA,A,01,0,0,2,0,0,0,0,0,0,-,-,33.96662139892578,-117.03289031982422,RIVERSIDE,UNINCORPORATED,-117.03290557861328,33.966583251953125
9127763,2020,2020-11-04,3308,2020-06-03,1412,10800,554,3,5,5,3308,0,0,0,NA,0,SOUTH,CAWSTON AV,THORNTON AV,0,NA,Y,A,-,N,NA,NA,NA,NA,NA,NA,NA,NA,NA,Y,4,0,1,2,A,-,09,21802,A,N,D,C,A,A,H,-,A,A,0,NA,NA,NA,NA,Y,NA,A,01,0,0,1,0,0,0,0,0,0,-,-,33.72494125366211,-117.01532745361328,RIVERSIDE,HEMET,-117.01529693603516,33.725181579589844
9127806,2020,2020-11-04,3308,2020-06-30,1315,10746,519,2,5,5,3308,0,0,0,NA,0,NORTH,HEMET ST,LINCOLN AV,0,NA,Y,A,-,N,NA,NA,NA,NA,NA,NA,NA,NA,NA,Y,4,0,4,2,A,-,12,22450,A,N,D,C,A,A,H,-,A,A,0,NA,NA,NA,NA,Y,NA,A,01,0,0,4,0,0,0,0,0,0,-,-,33.7511100769043,-116.92369842529295,RIVERSIDE,HEMET,-116.92385864257813,33.75136184692383
91279534,2020,2020-08-03,9840,2020-07-26,0845,017459,NA,7,1,6,3315,0,1,3,NA,2,031,SR-91 E/B,I-15,500,E,N,A,-,Y,NA,NA,91,NA,NA,NA,NA,NA,E,Y,3,0,2,2,A,-,08,22107,NA,N,C,C,A,A,H,-,A,D,0,NA,NA,NA,NA,Y,NA,A,01,0,1,1,0,0,0,0,0,0,-,-,33.88240051269531,-117.54209899902344,RIVERSIDE,CORONA,-117.54219818115234,33.88295364379883
91280673,2020,2020-08-04,9655,2020-07-24,0805,013757,NA,5,1,9,3300,0,3,5,NA,2,003,SAN JACINTO STREET,DIXIE DRIVE,105,N,N,A,-,N,NA,NA,NA,NA,NA,NA,NA,NA,NA,Y,3,0,2,2,A,-,08,22107,NA,N,D,C,A,A,H,-,A,D,0,NA,NA,NA,NA,Y,NA,A,01,0,2,0,0,0,0,0,0,0,-,-,33.730621337890625,-116.95855712890624,RIVERSIDE,UNINCORPORATED,-116.95854949951172,33.73051834106445
91280778,2020,2020-08-05,9840,2020-07-23,0040,019576,NA,4,3,7,3313,0,1,1,NA,2,023,I-215 N/B,MARTIN LUTHER KING BLVD,100,S,N,A,-,Y,NA,NA,215,NA,NA,NA,NA,NA,N,Y,3,0,1,4,A,-,01,23152,A,N,D,C,A,A,H,-,C,D,0,NA,NA,NA,Y,Y,Y,A,01,0,1,0,0,0,0,0,0,0,-,-,33.96625900268555,-117.32675933837892,RIVERSIDE,RIVERSIDE,-117.32691192626952,33.9661979675293
91282039,2020,2020-08-06,9655,2020-05-25,2500,020695,NA,1,4,9,3300,0,3,5,NA,2,003,VISTA DEL VALLE,RAWLINGS ROAD,281,N,N,A,-,N,NA,NA,NA,NA,NA,NA,NA,NA,NA,Y,1,1,0,1,A,-,17,21200,NA,N,E,I,A,A,H,-,A,D,0,NA,Y,NA,NA,Y,Y,L,04,0,0,0,0,0,1,0,0,0,-,-,33.71596908569336,-116.92471313476563,RIVERSIDE,UNINCORPORATED,-116.92474365234376,33.715980529785156
91282381,2020,2020-08-07,9630,2020-08-01,1537,021063,NA,6,2,9,3300,0,1,3,NA,2,015,SR-62,SR-177,2112,E,N,A,-,Y,NA,NA,NA,NA,NA,NA,NA,NA,NA,Y,4,0,1,1,A,-,08,22107,NA,N,E,I,A,A,H,-,A,D,0,NA,NA,NA,NA,Y,NA,D,22,0,0,1,0,0,0,0,0,0,-,-,33.04759979248047,-115.2187728881836,RIVERSIDE,UNINCORPORATED,-115.21421813964844,34.05037307739258
91282516,2020,2020-08-07,9840,2020-08-02,0915,018248,NA,7,1,7,3313,0,1,3,NA,2,020,SR-91 E/B,TYLER ST,528,W,N,A,-,Y,NA,NA,91,NA,NA,NA,NA,NA,E,Y,4,0,1,2,A,-,08,22107,NA,F,B,C,A,A,H,-,A,D,0,NA,NA,NA,NA,Y,NA,-,99,0,0,1,0,0,0,0,0,0,-,-,33.90544891357422,-117.45836639404295,RIVERSIDE,RIVERSIDE,-117.45834350585938,33.9054069519043
91285356,2020,2020-08-13,9630,2020-08-08,1632,021570,NA,6,2,9,3300,0,3,5,NA,2,502,GRAPEFRUIT BLVD,CHURST ST,0,NA,Y,A,-,N,NA,NA,NA,NA,NA,NA,NA,NA,NA,Y,4,0,2,2,A,-,09,21802,A,M,D,C,A,A,H,-,A,A,0,NA,NA,NA,NA,Y,NA,A,01,0,0,2,0,0,0,0,0,0,-,-,33.638458251953125,-116.1377410888672,RIVERSIDE,UNINCORPORATED,-116.137741,33.638458
91286890,2020,2020-08-17,9840,2020-08-06,2226,018072,NA,4,3,9,3300,0,3,5,NA,2,004,SAUDER STREET,MEAD STREET,0,NA,Y,A,-,N,NA,NA,NA,NA,NA,NA,NA,NA,NA,N,2,0,1,2,A,-,12,22450,A,N,D,C,A,A,H,-,D,A,0,NA,NA,Y,NA,Y,NA,C,02,1,0,0,0,0,0,0,0,1,-,-,33.835899353027344,-117.3007583618164,RIVERSIDE,UNINCORPORATED,-117.30075073242188,33.83586883544922
91287920,2020,2020-08-18,9630,2020-08-09,1725,021796,NA,7,2,9,3300,0,1,3,NA,2,086,SR-86 N/B,66TH AVE,3696,N,N,A,-,Y,NA,NA,86,NA,NA,NA,NA,NA,N,Y,3,0,1,2,A,-,08,22107,NA,F,B,C,A,A,H,-,D,D,0,NA,NA,NA,NA,Y,Y,D,22,0,1,0,0,0,0,0,0,0,-,-,33.581321716308594,-116.095703125,RIVERSIDE,UNINCORPORATED,-116.09561157226563,33.581336975097656
91289151,2020,2020-09-30,9840,2020-08-17,2112,020659,NA,1,2,7,3313,0,1,3,NA,2,025,SR-60 W/B,DAY ST.,2800,W,N,A,-,Y,NA,NA,60,NA,NA,NA,NA,NA,W,Y,4,0,4,2,A,-,07,21658,A,N,B,C,A,A,H,-,A,D,0,NA,NA,NA,NA,Y,NA,A,01,0,0,4,0,0,0,0,0,0,-,-,33.94409942626953,-117.28627014160156,RIVERSIDE,RIVERSIDE,-117.28629302978516,33.943965911865234
91289243,2020,2020-08-19,9840,2020-08-12,1518,021096,NA,3,2,9,3300,0,1,1,NA,2,040,I-215 N/B,VAN BUREN BLVD,675,N,N,A,-,Y,NA,NA,215,NA,NA,NA,NA,NA,N,Y,4,0,1,2,A,-,08,22107,NA,F,B,C,A,A,H,-,A,D,0,NA,NA,NA,NA,Y,NA,A,07,0,0,1,0,0,0,0,0,0,-,-,33.88949966430664,-117.27068328857422,RIVERSIDE,UNINCORPORATED,-117.2707748413086,33.889442443847656
91289819,2020,2020-08-20,9660,2020-08-15,0345,019623,NA,6,3,9,3300,0,1,1,NA,2,030,I-10 E/B,FORD DRY LAKE RD. O/C,6336,W,N,A,-,Y,NA,NA,10,NA,NA,NA,NA,NA,E,Y,3,0,1,1,A,-,08,22107,NA,N,F,A,A,A,H,-,D,A,0,NA,NA,NA,NA,Y,NA,A,01,0,1,0,0,0,0,0,0,0,-,-,33.613040924072266,-115.00984954833984,RIVERSIDE,UNINCORPORATED,-115.00984954833984,33.61302947998047
9128987,2020,2020-10-08,3313,2020-07-04,0102,1949,2,6,5,7,3313,0,0,0,NA,0,1R25,CENTRAL AV,RUMSEY DR,700,W,N,A,-,N,NA,NA,NA,NA,NA,NA,NA,NA,NA,Y,4,0,1,1,A,-,08,22107,NA,N,E,I,A,A,H,-,C,D,0,NA,NA,NA,NA,Y,NA,A,01,0,0,1,0,0,0,0,0,0,-,-,33.9536018371582,-117.37349700927734,RIVERSIDE,RIVERSIDE,-117.3759536743164,33.95374298095703
9128988,2020,2020-10-08,3313,2020-07-05,1748,1989,4,7,5,7,3313,0,0,0,NA,0,T43,JACKSON ST,GARFIELD ST,0,NA,Y,A,-,N,NA,NA,NA,NA,NA,NA,NA,NA,NA,NA,3,0,1,2,A,-,10,21950,A,F,G,B,B,A,H,-,A,A,0,Y,NA,NA,NA,Y,NA,A,01,0,1,0,0,1,0,0,0,0,-,-,33.927040100097656,-117.44210052490234,RIVERSIDE,RIVERSIDE,-117.44171905517578,33.92770004272461
91291432,2020,2020-08-24,9630,2020-08-13,0420,020645,NA,4,3,9,3300,0,3,5,NA,2,001,MOUNTAIN VIEW RD,CLUB HOUSE DR,510,S,N,A,-,N,NA,NA,NA,NA,NA,NA,NA,NA,NA,Y,3,0,3,3,A,-,01,23152,F,N,B,C,A,A,H,-,D,D,0,NA,NA,NA,NA,Y,NA,A,01,0,3,0,0,0,0,0,0,0,-,-,33.908470153808594,-116.47561645507813,RIVERSIDE,UNINCORPORATED,-116.99317169189452,33.76241683959961
91292133,2020,2020-08-25,9840,2020-08-19,0545,017459,NA,3,3,7,3313,0,1,3,NA,2,021,SR-91 W/B,LA SIERRA AVE.,1500,E,N,A,-,Y,NA,NA,91,NA,NA,NA,NA,NA,W,Y,4,0,1,4,A,-,03,22350,NA,N,C,C,A,A,H,-,B,D,0,NA,NA,NA,NA,Y,NA,A,01,0,0,1,0,0,0,0,0,0,-,-,33.9015998840332,-117.46749877929688,RIVERSIDE,RIVERSIDE,-117.46751403808594,33.90163803100586
91292759,2020,2020-08-26,9630,2020-08-17,1000,021063,NA,1,1,9,3300,0,1,1,NA,2,021,I-10 E/B,MONTEREY AVE,2112,E,N,A,-,Y,NA,NA,10,NA,NA,NA,NA,NA,E,Y,3,0,1,1,A,-,08,22107,NA,N,F,A,A,A,H,-,A,D,0,NA,NA,NA,NA,Y,NA,A,01,0,1,0,0,0,0,0,0,0,-,-,33.803470611572266,-116.38375091552734,RIVERSIDE,UNINCORPORATED,-116.38375854492188,33.8034553527832