CASE_ID,ACCIDENT_YEAR,PROC_DATE,JURIS,COLLISION_DATE,COLLISION_TIME,OFFICER_ID,REPORTING_DISTRICT,DAY_OF_WEEK,CHP_SHIFT,POPULATION,CNTY_CITY_LOC,SPECIAL_COND,BEAT_TYPE,CHP_BEAT_TYPE,CITY_DIVISION_LAPD,CHP_BEAT_CLASS,BEAT_NUMBER,PRIMARY_RD,SECONDARY_RD,DISTANCE,DIRECTION,INTERSECTION,WEATHER_1,WEATHER_2,STATE_HWY_IND,CALTRANS_COUNTY,CALTRANS_DISTRICT,STATE_ROUTE,ROUTE_SUFFIX,POSTMILE_PREFIX,POSTMILE,LOCATION_TYPE,RAMP_INTERSECTION,SIDE_OF_HWY,TOW_AWAY,COLLISION_SEVERITY,NUMBER_KILLED,NUMBER_INJURED,PARTY_COUNT,PRIMARY_COLL_FACTOR,PCF_CODE_OF_VIOL,PCF_VIOL_CATEGORY,PCF_VIOLATION,PCF_VIOL_SUBSECTION,HIT_AND_RUN,TYPE_OF_COLLISION,MVIW,PED_ACTION,ROAD_SURFACE,ROAD_COND_1,ROAD_COND_2,LIGHTING,CONTROL_DEVICE,CHP_ROAD_TYPE,PEDESTRIAN_ACCIDENT,BICYCLE_ACCIDENT,MOTORCYCLE_ACCIDENT,TRUCK_ACCIDENT,NOT_PRIVATE_PROPERTY,ALCOHOL_INVOLVED,STWD_VEHTYPE_AT_FAULT,CHP_VEHTYPE_AT_FAULT,COUNT_SEVERE_INJ,COUNT_VISIBLE_INJ,COUNT_COMPLAINT_PAIN,COUNT_PED_KILLED,COUNT_PED_INJURED,COUNT_BICYCLIST_KILLED,COUNT_BICYCLIST_INJURED,COUNT_MC_KILLED,COUNT_MC_INJURED,PRIMARY_RAMP,SECONDARY_RAMP,LATITUDE,LONGITUDE,COUNTY,CITY,POINT_X,POINT_Y
91377345,2020,2020-12-29,9840,2020-12-18,2215,019844,NA,5,3,6,3345,0,1,1,NA,2,011,I-15 N/B,LIMONITE AVE,1500,S,N,A,-,Y,NA,NA,15,NA,NA,NA,NA,NA,N,Y,3,0,1,2,A,-,01,23152,A,N,B,C,A,A,D,-,C,D,0,NA,NA,NA,Y,Y,Y,A,07,0,1,0,0,0,0,0,0,0,-,-,33.969051361083984,-117.54872894287108,RIVERSIDE,JURUPA VALLEY,-117.54868316650392,33.969051361083984
91377409,2020,2020-12-29,9655,2020-12-19,1030,018677,NA,6,1,9,3300,0,3,5,NA,2,003,WHITTIER AVE,SOBOBA STREET,0,NA,Y,A,-,N,NA,NA,NA,NA,NA,NA,NA,NA,NA,Y,4,0,1,2,A,-,01,23152,A,N,D,C,A,A,H,-,A,A,0,NA,NA,NA,NA,Y,Y,D,22,0,0,1,0,0,0,0,0,0,-,-,33.73688888549805,-116.9193878173828,RIVERSIDE,UNINCORPORATED,-116.91948699951172,33.736900329589844
91377418,2020,2020-12-29,9630,2020-12-23,1358,021796,NA,3,1,9,3300,0,1,3,NA,2,014,SR-111 S/B,OVERTURE DR,2640,S,N,A,-,Y,NA,NA,111,NA,NA,NA,NA,NA,S,Y,4,0,1,1,A,-,08,22107,NA,N,F,A,A,A,H,-,A,D,0,NA,NA,NA,NA,Y,NA,A,01,0,0,1,0,0,0,0,0,0,-,-,33.884429931640625,-116.59866333007813,RIVERSIDE,UNINCORPORATED,-116.59867095947266,33.88441467285156
91377601,2020,2020-12-30,9840,2020-12-13,1245,017441,NA,7,1,9,3300,0,3,5,NA,2,004,RIDER ST,HARVILL AVE,0,NA,Y,A,-,N,NA,NA,NA,NA,NA,NA,NA,NA,NA,Y,4,0,6,2,A,-,12,22450,A,N,D,C,A,A,H,-,A,A,0,NA,NA,NA,NA,Y,NA,A,01,0,0,6,0,0,0,0,0,0,-,-,33.830360412597656,-117.24881744384766,RIVERSIDE,UNINCORPORATED,-117.248779296875,33.830360412597656
91378210,2020,2020-12-30,9840,2020-12-16,1725,021037,NA,3,2,7,3313,0,1,3,NA,2,020,SR-91 W/B,LA SIERRA AVE.,700,E,N,A,-,Y,NA,NA,91,NA,NA,NA,NA,NA,W,Y,4,0,2,3,A,-,07,21658,A,N,B,C,A,A,H,-,D,D,0,NA,NA,NA,Y,Y,NA,D,22,0,0,2,0,0,0,0,0,0,-,-,33.90082931518555,-117.47080993652344,RIVERSIDE,RIVERSIDE,-117.4708251953125,33.900882720947266
91378888,2020,2020-12-31,9840,2020-12-26,1505,021297,NA,6,2,9,3300,0,3,5,NA,2,004,SANTA ROSA MINE RD,LAKE MATHEWS DR,870,S,N,A,-,N,NA,NA,NA,NA,NA,NA,NA,NA,NA,Y,3,0,1,1,A,-,03,22350,NA,N,E,I,A,A,H,-,A,D,0,NA,NA,NA,NA,Y,NA,A,01,0,1,0,0,0,0,0,0,0,-,-,33.79077911376953,-117.3583984375,RIVERSIDE,UNINCORPORATED,-117.358248,33.790753
91379165,2020,2021-01-01,9840,2020-12-28,1450,021311,NA,1,2,9,3300,0,3,5,NA,2,003,MOUNTAIN RD,INDIAN CREEK RD,30,W,N,B,C,N,NA,NA,NA,NA,NA,NA,NA,NA,NA,N,4,0,1,2,A,-,03,22350,NA,N,C,C,A,B,H,-,A,D,0,NA,NA,NA,NA,Y,NA,A,01,0,0,1,0,0,0,0,0,0,-,-,33.7264404296875,-117.4267120361328,RIVERSIDE,UNINCORPORATED,-117.42658233642578,33.72637176513672
91380277,2021,2021-01-04,9840,2021-01-01,1545,021311,NA,5,2,7,3313,0,1,3,NA,2,010,SR-60 E/B,MARKET ST.,2000,W,N,A,-,Y,NA,NA,60,NA,NA,NA,NA,NA,E,Y,4,0,1,1,A,-,08,22107,NA,N,E,I,A,A,H,-,A,D,0,NA,NA,NA,NA,Y,NA,A,01,0,0,1,0,0,0,0,0,0,-,-,34.00267028808594,-117.38008880615234,RIVERSIDE,RIVERSIDE,-117.38005065917967,34.00275802612305
91380427,2020,2021-01-05,9840,2020-12-23,1150,015789,NA,3,1,6,3315,0,1,1,NA,2,034,I-15 N/B,WEIRICK RD.,5280,S,N,A,-,Y,NA,NA,NA,NA,NA,NA,NA,NA,NA,Y,4,0,2,2,A,-,03,22350,NA,N,C,C,A,A,H,-,A,D,0,NA,NA,NA,NA,Y,NA,A,07,0,0,2,0,0,0,0,0,0,-,-,33.79376983642578,-117.49913024902344,RIVERSIDE,CORONA,NA,NA
91382812,2021,2021-01-06,9630,2021-01-05,2300,021796,NA,2,3,9,3300,0,1,1,NA,2,302,I-10 E/B,SR-177,9504,W,N,A,-,Y,NA,NA,10,NA,NA,NA,NA,NA,E,Y,4,0,1,1,A,-,08,22107,NA,N,E,I,A,A,H,-,D,D,0,NA,NA,NA,Y,Y,NA,G,25,0,0,1,0,0,0,0,0,0,-,-,33.7064094543457,-115.43370056152344,RIVERSIDE,UNINCORPORATED,-115.43362426757813,33.70607376098633
91383124,2020,2021-01-07,9630,2020-12-29,2013,021416,NA,2,2,9,3300,0,3,5,NA,2,404,DESERT MOON DR,EL CENTRO WAY,150,S,N,A,-,N,NA,NA,NA,NA,NA,NA,NA,NA,NA,Y,4,0,1,1,C,-,18,NA,NA,N,E,J,A,A,H,-,D,D,0,NA,NA,NA,NA,Y,NA,-,-,0,0,1,0,0,0,0,0,0,-,-,33.823299407958984,-116.37966918945313,RIVERSIDE,UNINCORPORATED,-116.37973785400392,33.823368072509766
91384644,2021,2021-01-11,9655,2021-01-08,2150,021177,NA,5,2,9,3300,0,1,3,NA,2,311,GILMAN SPRINGS ROAD,SOBOBA ROAD,2640,W,N,A,-,N,NA,NA,NA,NA,NA,NA,NA,NA,NA,Y,3,0,4,2,A,-,01,23152,A,N,A,C,A,A,H,-,D,D,0,NA,NA,NA,NA,Y,Y,D,22,0,2,2,0,0,0,0,0,0,-,-,33.82796096801758,-116.98065948486328,RIVERSIDE,UNINCORPORATED,-116.9808349609375,33.82807540893555
91387093,2021,2021-01-13,9660,2021-01-04,2052,021189,NA,1,2,3,3303,0,1,1,NA,2,040,I-10 W/B,CA/AZ STATELINE,1153,W,N,A,-,Y,NA,NA,10,NA,NA,NA,NA,NA,W,Y,2,0,1,2,A,-,08,22107,NA,N,C,C,A,A,H,-,C,A,0,NA,NA,NA,Y,Y,NA,A,01,1,0,0,0,0,0,0,0,0,-,-,33.60586166381836,-114.53424072265624,RIVERSIDE,BLYTHE,-114.53427886962892,33.605690002441406
91387479,2021,2021-01-14,9840,2021-01-11,1510,017546,NA,1,2,9,3300,0,1,1,NA,2,041,I-215 N/B,PLACENTIA AVE,1775,S,N,A,-,Y,NA,NA,215,NA,NA,NA,NA,NA,N,Y,4,0,1,2,A,-,08,22107,NA,N,E,I,A,A,D,-,A,D,0,NA,NA,NA,Y,Y,NA,A,01,0,0,1,0,0,0,0,0,0,-,-,33.818328857421875,-117.23989868164063,RIVERSIDE,UNINCORPORATED,-117.23989868164063,33.818328857421875
91388443,2021,2021-01-15,9630,2021-01-11,0805,015710,NA,1,1,9,3300,0,1,3,NA,2,086,S.R. 86 (NORTHBOUND),DILLON RD.,1056,N,N,A,-,Y,NA,NA,NA,NA,NA,NA,NA,NA,NA,Y,3,0,2,1,A,-,08,22107,NA,N,F,A,A,A,H,-,A,D,0,NA,NA,NA,NA,Y,NA,E,22,0,2,0,0,0,0,0,0,0,-,-,33.7130012512207,-116.18699645996094,RIVERSIDE,UNINCORPORATED,NA,NA
91389237,2021,2021-01-18,9840,2021-01-16,1745,014571,NA,6,2,9,3300,0,2,4,NA,2,042,VAN BUREN BLVD.,CANYON VIEW DR.,868,E,N,A,-,N,NA,NA,NA,NA,NA,NA,NA,NA,NA,Y,4,0,1,2,A,-,03,22350,NA,N,C,C,A,A,H,-,D,D,0,NA,NA,NA,NA,Y,NA,A,01,0,0,1,0,0,0,0,0,0,-,-,33.882301330566406,-117.38559722900392,RIVERSIDE,UNINCORPORATED,-117.38532257080078,33.88230514526367
91389428,2020,2021-01-18,9840,2020-10-27,0640,015444,NA,2,1,9,3300,0,1,1,NA,2,040,I-215 S/B,VAN BUREN BLVD,1428,S,N,A,-,Y,NA,NA,215,NA,NA,NA,NA,NA,S,Y,1,1,2,6,A,-,03,22350,NA,N,C,C,A,A,H,-,C,D,0,NA,NA,NA,Y,Y,NA,D,22,1,0,1,0,0,0,0,0,0,-,-,33.8837890625,-117.26882934570313,RIVERSIDE,UNINCORPORATED,-117.26896667480467,33.883750915527344
91389470,2020,2021-04-20,9840,2020-05-04,0238,021261,NA,1,3,6,3315,0,1,3,NA,2,030,STATE ROUTE 91 W/B,NORTH SMITH AVENUE,200,E,N,A,-,Y,NA,NA,91,NA,NA,NA,NA,NA,W,Y,1,1,1,2,A,-,03,22350,NA,N,C,C,A,A,H,-,D,D,0,NA,NA,NA,Y,Y,NA,F,26,1,0,0,0,0,0,0,0,0,-,-,33.882110595703125,-117.59342956542967,RIVERSIDE,CORONA,-117.59339141845705,33.881893157958984
91393461,2021,2021-01-25,9655,2021-01-20,1255,018168,NA,3,1,9,3300,0,1,3,NA,2,217,SR-111 S/B,SNOW CREEK RD,440,N,N,G,-,Y,NA,NA,111,NA,NA,NA,NA,NA,S,Y,3,0,1,1,A,-,08,22107,NA,N,E,I,A,A,H,-,A,D,0,NA,NA,NA,NA,Y,NA,A,01,0,1,0,0,0,0,0,0,0,-,-,33.91419982910156,-116.66757202148438,RIVERSIDE,UNINCORPORATED,-116.6676025390625,33.91404342651367
91393845,2021,2021-01-25,9630,2021-01-19,1628,016455,NA,2,2,9,3300,0,3,5,NA,2,503,PIERCE ST,70TH AVE,5,S,N,A,-,N,NA,NA,NA,NA,NA,NA,NA,NA,NA,Y,3,0,1,1,A,-,03,22350,NA,N,E,J,A,A,G,-,A,D,0,NA,NA,NA,Y,Y,NA,G,26,0,1,0,0,0,0,0,0,0,-,-,33.54001998901367,-116.11280059814452,RIVERSIDE,UNINCORPORATED,-116.11286926269533,33.53992462158203
91394132,2021,2021-02-23,9685,2021-01-23,1425,018539,NA,6,2,5,3341,0,1,1,NA,2,020,I-215 S/B,NEWPORT ROAD,645,S,N,C,-,Y,NA,NA,215,NA,NA,NA,NA,NA,S,Y,4,0,1,1,A,-,03,22350,NA,N,E,I,A,B,H,-,A,D,0,NA,NA,NA,NA,Y,NA,A,07,0,0,1,0,0,0,0,0,0,-,-,33.68326187133789,-117.17108154296876,RIVERSIDE,MENIFEE,-117.1710968017578,33.683258056640625
91394503,2021,2021-01-26,9840,2021-01-19,1435,021311,NA,2,2,9,3300,0,1,1,NA,2,022,I-215 N/B,CENTER ST,1100,N,N,B,-,Y,NA,NA,215,NA,NA,NA,NA,NA,N,Y,4,0,3,5,A,-,03,22350,NA,N,C,C,A,A,H,-,A,D,0,NA,NA,NA,NA,Y,NA,A,01,0,0,3,0,0,0,0,0,0,-,-,34.01850891113281,-117.34014892578124,RIVERSIDE,UNINCORPORATED,-117.34022521972656,34.01856994628906
9140172,2020,2020-09-22,3309,2020-07-14,1229,443,3309,2,5,4,3309,0,0,0,NA,0,001,MILES AV,SUNGOLD ST,383,W,N,A,-,N,NA,NA,NA,NA,NA,NA,NA,NA,NA,N,3,0,1,3,A,-,08,22107,NA,N,B,C,A,A,H,-,A,A,0,NA,NA,NA,NA,Y,NA,A,01,0,1,0,0,0,0,0,0,0,-,-,NA,NA,RIVERSIDE,INDIO,-116.23238372802734,33.7214241027832
91402042,2021,2021-02-03,9840,2021-01-31,1702,020058,NA,7,2,4,3344,0,1,1,NA,2,011,I-15 S/B TO SR-60,MISSION BOULEVARD,200,S,N,B,-,Y,NA,NA,15,NA,NA,NA,R,NA,S,Y,2,0,2,2,A,-,07,21658,A,N,C,C,A,A,H,-,B,D,0,NA,NA,NA,NA,Y,NA,A,01,1,0,1,0,0,0,0,0,0,-,-,34.02587890625,-117.5510482788086,RIVERSIDE,EASTVALE,-117.5510482788086,34.02587890625
91403588,2021,2021-02-05,9840,2021-01-29,1335,021096,NA,5,1,6,3345,0,1,3,NA,2,010,SR-60 E/B,CAMINO REAL,560,W,N,C,-,Y,NA,NA,60,NA,NA,NA,NA,NA,E,Y,4,0,1,1,A,-,08,22107,NA,N,E,I,A,B,H,-,A,D,0,NA,NA,NA,NA,Y,NA,D,22,0,0,1,0,0,0,0,0,0,-,-,34.01430892944336,-117.45191955566406,RIVERSIDE,JURUPA VALLEY,-117.45191192626952,34.01435470581055
9140464,2020,2020-10-30,3315,2020-08-01,0014,001226,10D,6,5,6,3315,0,0,0,NA,0,002,6TH ST,EL CAMINO AV,429,W,N,A,-,N,NA,NA,NA,NA,NA,NA,NA,NA,NA,NA,2,0,1,2,A,-,11,21954,A,N,G,B,D,A,H,-,D,D,0,Y,NA,NA,NA,Y,NA,N,60,1,0,0,0,1,0,0,0,0,-,-,33.87390899658203,-117.53971862792967,RIVERSIDE,CORONA,-117.54180908203124,33.87425994873047
91405488,2021,2021-02-09,9840,2021-01-30,1200,017802,NA,6,1,6,3345,0,1,3,NA,2,010,SR-60 W/B,PACIFIC AVE,560,W,N,A,-,Y,NA,NA,60,NA,NA,NA,NA,NA,W,Y,4,0,1,1,A,-,08,22107,NA,N,E,I,A,A,H,-,A,D,0,NA,NA,NA,NA,Y,NA,A,01,0,0,1,0,0,0,0,0,0,-,-,34.00822830200195,-117.42149353027344,RIVERSIDE,JURUPA VALLEY,-117.42153930664063,34.00808334350586
91405916,2021,2021-02-10,9630,2021-01-30,2339,021923,NA,6,3,9,3300,0,1,1,NA,2,301,I-10 W/B,BOX CANYON RD,21120,W,N,A,-,Y,NA,NA,10,NA,NA,NA,NA,NA,W,Y,2,0,1,1,A,-,08,22107,NA,N,F,A,A,A,H,-,D,D,0,NA,NA,NA,NA,Y,NA,A,01,1,0,0,0,0,0,0,0,0,-,-,33.66447067260742,-115.87007904052734,RIVERSIDE,UNINCORPORATED,-115.87008666992188,33.664398193359375
91406623,2021,2021-02-11,9630,2021-02-04,1240,021513,NA,4,1,9,3300,0,3,5,NA,2,001,PALM DR,20TH AVE,68,N,N,A,-,N,NA,NA,NA,NA,NA,NA,NA,NA,NA,Y,4,0,2,2,A,-,03,22350,NA,N,C,C,A,A,H,-,A,D,0,NA,NA,NA,NA,Y,NA,A,07,0,0,2,0,0,0,0,0,0,-,-,33.90359115600586,-116.50153350830078,RIVERSIDE,UNINCORPORATED,-116.5015869140625,33.903404235839844
9140785,2020,2020-09-03,3300,2020-06-28,1307,5908,508C,7,5,5,3341,0,0,0,NA,0,058,BUNDY CANYON RD,WALDON RD,0,NA,Y,A,-,N,NA,NA,NA,NA,NA,NA,NA,NA,NA,N,3,0,2,2,A,-,03,22350,NA,N,F,C,A,A,H,-,A,C,0,NA,NA,NA,NA,Y,NA,A,01,0,1,1,0,0,0,0,0,0,-,-,33.641868591308594,-117.2172393798828,RIVERSIDE,MENIFEE,-117.21698760986328,33.64181900024414
91411723,2021,2021-02-19,9655,2021-02-12,1817,019346,NA,5,2,9,3300,0,1,3,NA,2,212,SR-60 E/B,JACK RABBIT TRL,2640,W,N,A,-,Y,NA,NA,NA,NA,NA,NA,NA,NA,NA,N,4,0,1,2,A,-,03,22350,NA,N,C,C,A,A,H,-,C,D,0,NA,NA,NA,NA,Y,NA,A,01,0,0,1,0,0,0,0,0,0,-,-,33.93553161621094,-117.02996063232422,RIVERSIDE,UNINCORPORATED,-117.04027557373048,33.93818283081055
91412845,2021,2021-02-22,9840,2021-02-20,1525,021481,NA,6,2,7,3313,0,1,1,NA,2,024,I-215 N/B,ALESSANDRO BLVD,35,N,N,A,-,Y,NA,NA,215,NA,NA,NA,NA,NA,N,Y,4,0,1,2,A,-,03,22350,NA,N,C,C,A,A,H,-,A,D,0,NA,NA,NA,NA,Y,NA,A,01,0,0,1,0,0,0,0,0,0,-,-,33.91701889038086,-117.28749847412108,RIVERSIDE,RIVERSIDE,-117.28746795654295,33.91703414916992
91413063,2021,2021-02-22,9685,2021-02-17,1710,016502,NA,3,2,4,3342,0,1,1,NA,2,034,I-15 NORTHBOUND,LOS ALAMOS RD.,2000,N,N,A,-,Y,NA,NA,NA,NA,NA,NA,NA,NA,NA,Y,3,0,1,1,A,-,03,22350,NA,N,F,A,A,A,H,-,A,D,0,NA,NA,Y,NA,Y,NA,C,02,0,1,0,0,0,0,0,0,1,-,-,33.5791015625,-117.18080139160156,RIVERSIDE,MURRIETA,-117.20250701904295,33.56230163574219
91413074,2021,2021-02-22,9630,2021-02-12,1917,020445,NA,5,2,9,3300,0,3,5,NA,2,503,HARRISON STREET,COUNTY BOY ROAD,220,N,N,A,-,N,NA,NA,NA,NA,NA,NA,NA,NA,NA,Y,2,0,1,2,A,-,01,23152,A,N,C,C,A,A,H,-,D,D,0,NA,NA,NA,NA,Y,Y,D,22,1,0,0,0,0,0,0,0,0,-,-,33.54777145385742,-116.15663146972656,RIVERSIDE,UNINCORPORATED,-116.156854,33.54786
91413084,2021,2021-02-22,9655,2021-02-14,1905,020695,NA,7,2,9,3300,0,3,5,NA,2,002,SEMINOLE DR,MILLARD PASS RD,2089,W,N,B,-,N,NA,NA,NA,NA,NA,NA,NA,NA,NA,Y,4,0,3,3,A,-,09,21804,A,N,D,C,A,A,H,-,C,D,0,NA,NA,NA,NA,Y,NA,A,01,0,0,3,0,0,0,0,0,0,-,-,33.91925811767578,-116.79630279541016,RIVERSIDE,UNINCORPORATED,-116.81712341308594,33.92937088012695
91413374,2021,2021-02-23,9840,2021-02-20,2250,022457,NA,6,3,9,3300,0,3,5,NA,2,004,OLD ELSINORE RD,MICHAEL RD,320,S,N,A,-,N,NA,NA,NA,NA,NA,NA,NA,NA,NA,Y,4,0,2,2,A,-,01,23152,A,F,C,C,A,A,H,-,D,D,0,NA,NA,NA,NA,Y,Y,A,01,0,0,2,0,0,0,0,0,0,-,-,33.809329986572266,-117.27789306640624,RIVERSIDE,UNINCORPORATED,-117.2778549194336,33.80937576293945
91414664,2021,2021-02-24,9630,2021-02-18,1635,016635,NA,4,2,9,3300,0,1,3,NA,2,015,PAINTED HILLS RD,SR-62,0,NA,Y,A,-,Y,NA,NA,NA,NA,NA,NA,NA,NA,NA,Y,4,0,1,2,A,-,09,21802,A,N,D,C,A,A,H,-,A,A,0,NA,NA,NA,NA,Y,NA,A,07,0,0,1,0,0,0,0,0,0,-,-,33.562679290771484,-116.35453033447266,RIVERSIDE,UNINCORPORATED,-116.59651184082033,33.9409065246582
91414710,2021,2021-02-24,9840,2021-02-18,1705,021037,NA,4,2,7,3313,0,1,3,NA,2,021,SR-91 E/B,3RD ST.,300,E,N,A,-,Y,NA,NA,91,NA,NA,NA,NA,NA,E,N,4,0,2,2,A,-,03,22350,NA,N,C,C,A,A,H,-,A,D,0,NA,NA,NA,NA,Y,NA,A,01,0,0,2,0,0,0,0,0,0,-,-,33.98657989501953,-117.36408233642578,RIVERSIDE,RIVERSIDE,-117.36406707763672,33.986568450927734
91416809,2021,2021-02-26,9655,2021-02-18,1215,021017,NA,4,1,9,3300,0,1,3,NA,1,115,SR-243,SAUNDERS MEADOW RD,0,NA,Y,A,-,Y,NA,NA,243,NA,NA,NA,NA,NA,NA,Y,3,0,1,2,A,-,03,22350,NA,N,C,C,A,A,H,-,A,D,0,NA,NA,NA,NA,Y,NA,A,01,0,1,0,0,0,0,0,0,0,-,-,33.728271484375,-116.7202606201172,RIVERSIDE,UNINCORPORATED,-116.7202606201172,33.7282829284668
91416904,2021,2021-02-26,9685,2021-02-16,0820,016936,NA,2,1,9,3300,0,2,4,NA,2,016,GRAND AVENUE,MARVELLA LANE,275,N,N,B,-,N,NA,NA,NA,NA,NA,NA,NA,NA,NA,Y,3,0,1,2,A,-,09,21802,A,N,D,C,A,A,H,-,A,A,0,NA,NA,NA,NA,Y,NA,A,07,0,1,0,0,0,0,0,0,0,-,-,33.61922836303711,-117.31281280517578,RIVERSIDE,UNINCORPORATED,-117.3127670288086,33.6192512512207
91417155,2021,2021-02-26,9655,2021-02-19,1220,014516,NA,5,1,9,3300,0,1,3,NA,2,212,SR-60 E/B,GILMAN SPRINGS RD,12144,E,N,A,-,Y,NA,NA,60,NA,NA,NA,NA,NA,E,Y,3,0,7,4,A,-,03,22350,NA,N,C,C,A,A,D,-,A,D,0,NA,NA,NA,NA,Y,NA,D,22,0,7,0,0,0,0,0,0,0,-,-,33.9423713684082,-117.08780670166016,RIVERSIDE,UNINCORPORATED,-117.08778381347656,33.94229507446289
91417860,2021,2021-03-01,9840,2021-02-18,1010,017441,NA,4,1,4,3344,0,1,1,NA,2,011,I-15 S/B,LIMONITE AVE.,1620,N,N,A,-,Y,NA,NA,15,NA,NA,NA,NA,NA,S,Y,4,0,1,3,A,-,08,22107,NA,N,B,C,A,A,H,-,A,D,0,NA,NA,NA,NA,Y,NA,D,22,0,0,1,0,0,0,0,0,0,-,-,33.97978973388672,-117.5490493774414,RIVERSIDE,EASTVALE,-117.54906463623048,33.97978973388672
91420085,2021,2021-03-03,9840,2021-02-22,1650,019650,NA,1,2,9,3300,0,3,5,NA,2,004,ORANGE AVE,HAINES ST,30,E,N,A,-,N,NA,NA,NA,NA,NA,NA,NA,NA,NA,Y,4,0,1,1,A,-,01,23152,A,M,E,I,A,A,H,-,A,A,0,NA,NA,NA,NA,Y,Y,A,01,0,0,1,0,0,0,0,0,0,-,-,33.81521987915039,-117.29013061523438,RIVERSIDE,UNINCORPORATED,-117.29005432128906,33.815391540527344
91421245,2021,2021-03-12,9840,2021-02-25,0736,015705,NA,4,1,7,3313,0,1,3,NA,2,020,SR-91 W/B,LA SIERRA AVE,1584,E,N,A,-,Y,NA,NA,91,NA,NA,NA,NA,NA,W,Y,3,0,1,5,A,-,03,22350,NA,N,C,C,A,A,H,-,A,D,0,NA,NA,NA,NA,Y,NA,A,01,0,1,0,0,0,0,0,0,0,-,-,33.90288162231445,-117.46372222900392,RIVERSIDE,RIVERSIDE,-117.46372985839844,33.90290069580078
91424443,2021,2021-03-10,9655,2021-03-06,1550,020669,NA,6,2,9,3300,0,3,5,NA,2,001,HOWARD RD,HILL ST,28,S,N,A,-,N,NA,NA,NA,NA,NA,NA,NA,NA,NA,Y,2,0,1,1,A,-,08,22107,NA,N,E,I,A,A,H,-,A,D,0,NA,NA,Y,NA,Y,NA,C,06,1,0,0,0,0,0,0,0,1,-,-,33.56277847290039,-116.7183837890625,RIVERSIDE,UNINCORPORATED,-116.71840667724608,33.56275177001953
91425408,2021,2021-03-11,9655,2021-03-10,1330,019630,NA,3,1,9,3300,0,2,4,NA,2,322,STETSON AVENUE,SAN JACINTO STREET,550,E,N,B,-,N,NA,NA,NA,NA,NA,NA,NA,NA,NA,Y,4,0,1,4,A,-,03,22350,NA,N,C,C,A,B,H,-,A,A,0,NA,NA,NA,NA,Y,NA,A,08,0,0,1,0,0,0,0,0,0,-,-,33.72949981689453,-116.95654296875,RIVERSIDE,UNINCORPORATED,-116.95674896240234,33.72947311401367
9142584,2020,2020-10-22,3300,2020-08-13,1300,N4508,920C,4,5,4,3314,0,0,0,NA,0,070,WARREN RD,COTTONWOOD AV,179,N,N,A,-,N,NA,NA,NA,NA,NA,NA,NA,NA,NA,Y,4,0,1,2,A,-,03,22350,NA,N,C,C,A,A,H,-,A,A,0,NA,NA,NA,NA,Y,NA,A,01,0,0,1,0,0,0,0,0,0,-,-,33.78750991821289,-117.03365325927734,RIVERSIDE,SAN JACINTO,-117.03360748291016,33.78792953491211
91426940,2021,2021-03-15,9840,2021-03-08,0742,015705,NA,1,1,7,3313,0,1,3,NA,2,020,SR-91 E/B,ADAMS ST.,2112,W,N,B,-,Y,NA,NA,NA,NA,NA,NA,NA,NA,NA,Y,3,0,3,4,A,-,03,22350,NA,N,C,C,A,A,H,-,A,D,0,NA,NA,NA,NA,Y,NA,A,01,0,3,0,0,0,0,0,0,0,-,-,33.92311096191406,-117.43287658691406,RIVERSIDE,RIVERSIDE,-117.42542266845705,33.92407989501953
91428521,2021,2021-03-16,9630,2021-03-06,1348,021908,NA,6,1,9,3300,0,1,3,NA,2,014,SR-111,TIPTON RD,6864,S,N,A,-,Y,NA,NA,111,NA,NA,NA,NA,NA,NA,Y,2,0,1,1,A,-,01,23152,A,N,E,I,A,A,H,-,A,D,0,NA,NA,NA,NA,Y,Y,A,01,1,0,0,0,0,0,0,0,0,-,-,33.89881896972656,-116.62336730957033,RIVERSIDE,UNINCORPORATED,-116.62336730957033,33.89882278442383
91429370,2021,2021-03-17,9840,2021-03-14,2225,022457,NA,7,3,6,3394,0,1,3,NA,2,025,SR-60 E/B,FREDERICK ST.,2370,E,N,A,-,Y,NA,NA,60,NA,NA,NA,NA,NA,E,Y,4,0,1,2,A,-,03,22350,NA,F,C,C,A,A,H,-,D,D,0,NA,NA,NA,NA,Y,NA,A,01,0,0,1,0,0,0,0,0,0,-,-,33.940860748291016,-117.2535400390625,RIVERSIDE,MORENO VALLEY,-117.2535400390625,33.940853118896484