CASE_ID,ACCIDENT_YEAR,PROC_DATE,JURIS,COLLISION_DATE,COLLISION_TIME,OFFICER_ID,REPORTING_DISTRICT,DAY_OF_WEEK,CHP_SHIFT,POPULATION,CNTY_CITY_LOC,SPECIAL_COND,BEAT_TYPE,CHP_BEAT_TYPE,CITY_DIVISION_LAPD,CHP_BEAT_CLASS,BEAT_NUMBER,PRIMARY_RD,SECONDARY_RD,DISTANCE,DIRECTION,INTERSECTION,WEATHER_1,WEATHER_2,STATE_HWY_IND,CALTRANS_COUNTY,CALTRANS_DISTRICT,STATE_ROUTE,ROUTE_SUFFIX,POSTMILE_PREFIX,POSTMILE,LOCATION_TYPE,RAMP_INTERSECTION,SIDE_OF_HWY,TOW_AWAY,COLLISION_SEVERITY,NUMBER_KILLED,NUMBER_INJURED,PARTY_COUNT,PRIMARY_COLL_FACTOR,PCF_CODE_OF_VIOL,PCF_VIOL_CATEGORY,PCF_VIOLATION,PCF_VIOL_SUBSECTION,HIT_AND_RUN,TYPE_OF_COLLISION,MVIW,PED_ACTION,ROAD_SURFACE,ROAD_COND_1,ROAD_COND_2,LIGHTING,CONTROL_DEVICE,CHP_ROAD_TYPE,PEDESTRIAN_ACCIDENT,BICYCLE_ACCIDENT,MOTORCYCLE_ACCIDENT,TRUCK_ACCIDENT,NOT_PRIVATE_PROPERTY,ALCOHOL_INVOLVED,STWD_VEHTYPE_AT_FAULT,CHP_VEHTYPE_AT_FAULT,COUNT_SEVERE_INJ,COUNT_VISIBLE_INJ,COUNT_COMPLAINT_PAIN,COUNT_PED_KILLED,COUNT_PED_INJURED,COUNT_BICYCLIST_KILLED,COUNT_BICYCLIST_INJURED,COUNT_MC_KILLED,COUNT_MC_INJURED,PRIMARY_RAMP,SECONDARY_RAMP,LATITUDE,LONGITUDE,COUNTY,CITY,POINT_X,POINT_Y
9424575,2022,2022-09-23,3313,2022-03-21,0841,1783,5,1,5,7,3313,0,0,0,NA,0,M18,JURUPA AV,DIMAGGIO ST,9,E,N,A,-,N,NA,NA,NA,NA,NA,NA,NA,NA,NA,NA,3,0,1,2,A,-,03,22350,NA,N,C,C,A,A,H,-,-,D,0,NA,NA,NA,Y,Y,NA,A,01,0,1,0,0,0,0,0,0,0,-,-,NA,NA,RIVERSIDE,RIVERSIDE,NA,NA
9425936,2022,2022-04-06,3313,2022-03-02,0943,1026,5,3,5,7,3313,0,0,0,NA,0,T52,LA SIERRA AV,VISTA TC,86,S,N,A,-,N,NA,NA,NA,NA,NA,NA,NA,NA,NA,Y,4,0,4,4,A,-,03,22350,NA,N,C,C,A,A,H,-,A,A,0,NA,NA,NA,NA,Y,NA,A,01,0,0,4,0,0,0,0,0,0,-,-,33.895450592041016,-117.46981811523438,RIVERSIDE,RIVERSIDE,-117.4697036743164,33.89540481567383
94263577,2024,2024-08-13,9840,2024-08-04,143,021872,NA,7,3,9,3300,0,1,1,NA,2,040,I-215 S/B,VAN BUREN BLVD,1960,S,N,A,-,Y,RIV,NA,215,NA,R,33.78,H,NA,L,Y,2,0,3,3,A,-,08,22107,NA,N,B,2,A,A,H,-,D,D,0,NA,NA,NA,NA,Y,NA,A,01,1,0,2,0,0,0,0,0,0,-,-,33.882381439208984,-117.26847839355467,RIVERSIDE,UNINCORPORATED,-117.26844787597656,33.88239288330078
9428202,2022,2022-04-18,3313,2022-03-24,0756,1641,2,4,5,7,3313,0,0,0,NA,0,T55,CHICAGO AV,LE CONTE DR,6,N,N,A,-,N,NA,NA,NA,NA,NA,NA,NA,NA,NA,Y,4,0,3,2,A,-,09,21801,A,N,D,C,A,A,D,H,A,D,0,NA,NA,NA,NA,Y,NA,A,01,0,0,3,0,0,0,0,0,0,-,-,33.95951843261719,-117.34822082519533,RIVERSIDE,RIVERSIDE,-117.34839630126952,33.96101760864258
9429702,2022,2022-04-12,3313,2022-03-04,1606,1911,5,5,5,7,3313,0,0,0,NA,0,M21,VAN BUREN BL,WELLS AV,85,N,N,A,-,N,NA,NA,NA,NA,NA,NA,NA,NA,NA,Y,4,0,1,2,A,-,21,22106,NA,N,C,C,A,A,H,-,A,A,0,NA,NA,NA,NA,Y,NA,A,07,0,0,1,0,0,0,0,0,0,-,-,33.934410095214844,-117.45395660400392,RIVERSIDE,RIVERSIDE,-117.4541015625,33.93456268310547
9431659,2022,2022-04-18,3301,2022-02-05,0145,U509,23,6,5,4,3301,0,0,0,NA,0,002,WEST NICOLET ST,16TH ST,98,E,N,A,-,N,NA,NA,NA,NA,NA,NA,NA,NA,NA,Y,3,0,1,2,A,-,05,21650,NA,M,A,E,A,A,H,-,C,D,0,NA,NA,NA,NA,Y,NA,A,07,0,1,0,0,0,0,0,0,0,-,-,33.92863082885742,-116.89388275146484,RIVERSIDE,BANNING,-116.89400482177734,33.928871154785156
9435269,2022,2022-04-29,3313,2022-03-24,1712,1489,2,4,5,7,3313,0,0,0,NA,0,T44,ARLINGTON AV,ANNA ST,1000,W,N,A,-,N,NA,NA,NA,NA,NA,NA,NA,NA,NA,NA,4,0,1,2,A,-,08,22107,NA,N,B,C,A,A,H,-,A,D,0,NA,NA,NA,NA,Y,NA,A,01,0,0,1,0,0,0,0,0,0,-,-,33.94512176513672,-117.37490081787108,RIVERSIDE,RIVERSIDE,-117.37805938720705,33.94639205932617
94353394,2024,2024-08-14,9685,2024-08-07,1740,018321,NA,3,2,4,3342,0,1,1,NA,2,034,I-215 NB,MURRIETA HOT SPRINGS RD,2355,N,N,A,-,Y,RIV,NA,215,NA,R,9.96,H,NA,R,Y,4,0,1,2,A,-,07,21658,A,N,B,C,A,A,H,-,A,D,0,NA,NA,Y,NA,Y,NA,A,01,0,0,1,0,0,0,0,0,1,-,-,33.56283187866211,-117.1807098388672,RIVERSIDE,MURRIETA,-117.18074798583984,33.562828063964844
94355710,2024,2024-08-15,9840,2024-08-14,1243,017481,NA,3,1,9,3300,0,3,5,NA,2,003,TEMESCAL CANYON RD,I-15,605,S,N,A,-,N,NA,NA,NA,NA,NA,NA,NA,NA,NA,Y,3,0,1,2,A,-,09,21801,A,N,D,C,A,A,H,-,A,D,0,NA,NA,NA,NA,Y,NA,A,07,0,1,0,0,0,0,0,0,0,-,-,33.774898529052734,-117.48799896240234,RIVERSIDE,UNINCORPORATED,-117.41011810302734,33.73253631591797
94355883,2024,2024-08-15,9840,2024-08-13,855,017802,NA,2,1,4,3344,0,1,3,NA,2,010,SR-60 W/B,MILLIKEN AVE.,2200,E,N,A,-,Y,RIV,NA,60,NA,R,0.425,H,NA,L,N,3,0,1,1,A,-,08,22107,NA,N,E,I,A,A,H,-,A,D,0,NA,NA,NA,NA,Y,NA,A,01,0,1,0,0,0,0,0,0,0,-,-,34.022029876708984,-117.55123138427734,RIVERSIDE,EASTVALE,-117.55119323730467,34.02210998535156
9435950,2022,2023-08-18,3313,2022-04-14,0800,1502,1,4,5,7,3313,0,0,0,NA,0,M14,BROCKTON AV,12TH ST,75,S,N,A,-,N,NA,NA,NA,NA,NA,NA,NA,NA,NA,Y,1,1,1,3,A,-,08,22107,NA,N,E,I,A,A,H,-,A,D,0,NA,NA,NA,NA,Y,NA,A,01,0,1,0,0,0,0,0,0,0,-,-,33.979000091552734,-117.38140106201172,RIVERSIDE,RIVERSIDE,-117.38190460205078,33.98004150390625
9435958,2022,2022-05-03,3313,2022-03-29,1359,1384,NA,2,5,7,3313,0,0,0,NA,0,NA,RIVERSIDE AV,SUNNYSIDE DR,0,NA,Y,A,-,N,NA,NA,NA,NA,NA,NA,NA,NA,NA,Y,4,0,1,2,A,-,09,21802,A,N,D,C,A,A,H,-,A,A,0,NA,NA,NA,NA,Y,NA,D,22,0,0,1,0,0,0,0,0,0,-,-,33.95465850830078,-117.38777923583984,RIVERSIDE,RIVERSIDE,-117.387939453125,33.95459747314453
9436014,2022,2022-05-04,3313,2022-04-01,1127,1222,5,5,5,7,3313,0,0,0,NA,0,M36,ARLINGTON AV,TYLER ST,31,E,N,A,-,N,NA,NA,NA,NA,NA,NA,NA,NA,NA,Y,4,0,2,2,A,-,01,23152,A,N,C,C,A,A,H,-,A,A,0,NA,NA,NA,NA,Y,Y,A,01,0,0,2,0,0,0,0,0,0,-,-,33.946441650390625,-117.47750854492188,RIVERSIDE,RIVERSIDE,-117.4775161743164,33.946563720703125
94360694,2024,2024-08-19,9840,2024-08-16,1417,020659,NA,5,2,9,3300,0,3,5,NA,2,004,OLD ELSINORE ROAD,SAN JACINTO AVENUE,555,N,N,A,-,N,NA,NA,NA,NA,NA,NA,NA,NA,NA,Y,2,0,2,2,A,-,01,23152,A,N,B,C,A,A,H,-,A,D,0,NA,NA,NA,NA,Y,Y,A,07,1,0,1,0,0,0,0,0,0,-,-,33.78799819946289,-117.2740478515625,RIVERSIDE,UNINCORPORATED,-117.27400970458984,33.7879524230957
94361765,2024,2024-08-20,9840,2024-08-08,611,023816,NA,4,1,9,3300,0,2,4,NA,2,043,ALICANTE DR W/B,SULTANAS RD,15,E,N,A,-,N,NA,NA,NA,NA,NA,NA,NA,NA,NA,Y,3,0,1,1,A,-,08,22107,NA,N,E,I,A,A,H,-,A,D,0,NA,NA,NA,NA,Y,NA,A,07,0,1,0,0,0,0,0,0,0,-,-,33.75416946411133,-117.1277084350586,RIVERSIDE,UNINCORPORATED,-117.12777709960938,33.7540397644043
94361819,2024,2024-08-20,9655,2024-08-19,2100,021578,NA,1,2,9,3300,0,3,5,NA,2,003,STANFORD ST.,MAYBERRY AVE.,0,NA,Y,A,-,N,NA,NA,NA,NA,NA,NA,NA,NA,NA,Y,4,0,2,2,A,-,09,21801,A,N,D,C,A,A,H,-,C,A,0,NA,NA,NA,NA,Y,NA,A,01,0,0,2,0,0,0,0,0,0,-,-,33.74047088623047,-116.93254852294922,RIVERSIDE,UNINCORPORATED,-116.93253326416016,33.74047088623047
94364392,2024,2024-08-21,9655,2024-08-19,740,023934,NA,1,1,9,3300,0,1,3,NA,2,311,GILMAN SPRINGS ROAD,JACK RABBIT TRAIL,4224,E,N,A,-,N,NA,NA,NA,NA,NA,NA,NA,NA,NA,Y,4,0,1,2,A,-,03,22350,NA,N,C,C,A,A,H,-,A,D,0,NA,NA,NA,NA,Y,NA,A,01,0,0,1,0,0,0,0,0,0,-,-,33.883018493652344,-117.06088256835938,RIVERSIDE,UNINCORPORATED,-117.06008911132813,33.88237380981445
94364460,2024,2024-08-21,9630,2024-08-09,1300,021200,NA,5,1,9,3300,0,3,5,NA,2,001,PALM DR,20TH AVE,300,S,N,A,-,N,NA,NA,NA,NA,NA,NA,NA,NA,NA,Y,3,0,2,2,A,-,03,22350,NA,N,C,C,A,A,H,-,A,D,0,NA,NA,NA,NA,Y,NA,A,01,0,1,1,0,0,0,0,0,0,-,-,33.9019889831543,-116.50155639648438,RIVERSIDE,UNINCORPORATED,-116.5015869140625,33.902400970458984
94365565,2024,2024-08-22,9840,2024-08-15,1556,020220,NA,4,2,9,3300,0,1,3,NA,1,038,SR-71 S/B,EUCLID AVENUE,4500,S,N,A,-,Y,RIV,NA,71,NA,NA,0.347,H,NA,L,Y,2,0,1,2,A,-,03,22350,NA,F,C,C,A,A,H,-,A,D,0,NA,NA,Y,NA,Y,NA,C,02,1,0,0,0,0,0,0,0,1,-,-,33.91941833496094,-117.65316009521484,RIVERSIDE,UNINCORPORATED,-117.65311431884766,33.919429779052734
94367597,2024,2024-08-23,9685,2024-08-15,1710,018041,NA,4,2,4,3342,0,1,1,NA,2,030,NB I-15,I-215 NORTHBOUND,1177,N,N,A,-,Y,RIV,NA,15,NA,NA,8.976,H,NA,R,Y,4,0,1,2,A,-,03,22350,NA,N,C,C,A,A,D,-,A,D,0,NA,NA,NA,NA,Y,NA,A,01,0,0,1,0,0,0,0,0,0,-,-,33.551239013671875,-117.18489074707033,RIVERSIDE,MURRIETA,-117.18489837646484,33.55122756958008
9436857,2022,2022-05-11,3301,2022-02-26,2141,U495,23,6,5,4,3301,0,0,0,NA,0,002,18TH ST,WILSON ST,0,NA,Y,A,-,N,NA,NA,NA,NA,NA,NA,NA,NA,NA,N,3,0,1,1,A,-,01,23152,A,N,E,I,A,A,H,-,C,D,0,NA,NA,NA,NA,Y,Y,A,01,0,1,0,0,0,0,0,0,0,-,-,33.9323616027832,-116.89720916748048,RIVERSIDE,BANNING,-116.89694213867188,33.93254852294922
94369102,2024,2024-08-26,9630,2024-08-17,510,022422,NA,6,3,9,3300,0,1,1,NA,2,302,I-10 W/B,EAGLE MOUNTAIN RD,10032,E,N,A,-,Y,RIV,NA,10,NA,R,103.889,H,NA,L,Y,3,0,1,2,A,-,03,22350,NA,N,C,C,A,A,H,-,D,D,0,NA,NA,NA,NA,Y,NA,A,01,0,1,0,0,0,0,0,0,0,-,-,33.70928955078125,-115.4210205078125,RIVERSIDE,UNINCORPORATED,-115.42103576660156,33.7093391418457
94369795,2024,2024-08-26,9840,2024-08-24,2212,023250,NA,6,3,7,3313,0,1,3,NA,2,021,SR-91 E/B,SPRUCE ST,634,W,N,A,-,Y,RIV,NA,91,NA,NA,21.347,H,NA,R,N,4,0,1,1,A,-,08,22107,NA,N,E,I,A,A,H,-,C,D,0,NA,NA,NA,NA,Y,NA,A,01,0,0,1,0,0,0,0,0,0,-,-,33.98960876464844,-117.36026000976563,RIVERSIDE,RIVERSIDE,-117.3601531982422,33.9895133972168
94369839,2024,2024-08-26,9685,2024-08-19,1910,016096,NA,1,2,4,3307,0,1,3,NA,2,011,SR-74,GRAND AVE.,15840,W,N,A,-,Y,RIV,NA,74,NA,NA,9.062,H,NA,R,Y,3,0,1,2,A,-,01,23152,A,N,A,C,A,A,H,-,A,D,0,NA,NA,NA,NA,Y,Y,A,01,0,1,0,0,0,0,0,0,0,-,-,33.645111083984375,-117.3852996826172,RIVERSIDE,LAKE ELSINORE,-117.38531494140624,33.64511489868164
9436994,2022,2022-05-31,3313,2022-04-26,1929,1911,4,2,5,7,3313,0,0,0,NA,0,M21,LINCOLN AV,JACKSON ST,10,E,N,A,-,N,NA,NA,NA,NA,NA,NA,NA,NA,NA,Y,3,0,2,2,A,-,12,21453,A,N,D,C,A,A,H,-,A,D,0,NA,NA,NA,NA,Y,NA,-,-,0,1,1,0,0,0,0,0,0,-,-,33.912109375,-117.42874908447266,RIVERSIDE,RIVERSIDE,-117.4289321899414,33.91212463378906
94370280,2024,2024-08-26,9840,2024-07-16,207,021943,NA,2,3,7,3313,0,1,1,NA,2,022,STATE ROUTE 60 EASTBOUND,INTERSTATE 215,100,E,N,A,-,Y,RIV,NA,91,NA,NA,21.879,H,NA,R,Y,1,1,2,3,A,-,03,22350,NA,N,C,C,A,A,H,-,C,D,0,NA,NA,NA,Y,Y,NA,A,07,0,0,2,0,0,0,0,0,0,-,-,33.993919372558594,-117.35677337646484,RIVERSIDE,RIVERSIDE,-117.35678100585938,33.993927001953125
94373196,2024,2024-08-28,9840,2024-08-16,807,021862,NA,5,1,7,3313,0,1,1,NA,2,040,I-215 N/B TO EUCALPTUS AVE,EUCALYPTUS AVE,200,S,N,A,-,Y,RIV,NA,215,NA,R,37.212,H,NA,R,Y,4,0,1,2,A,-,03,22350,NA,N,C,C,A,A,H,-,A,D,0,NA,NA,NA,NA,Y,NA,A,07,0,0,1,0,0,0,0,0,0,-,-,33.928131103515625,-117.28854370117188,RIVERSIDE,RIVERSIDE,-117.2885971069336,33.928131103515625
94373407,2024,2024-08-28,9655,2024-03-13,30,021008,NA,3,3,4,3301,0,1,1,NA,2,204,INTERSTATE 10 EASTBOUND,8TH STREET,1056,E,N,A,-,Y,RIV,NA,10,NA,NA,13.102,H,NA,R,N,1,1,0,2,A,-,00,21960,A,F,G,B,E,A,H,-,D,D,0,Y,NA,NA,NA,Y,Y,N,60,0,0,0,1,0,0,0,0,0,-,-,33.92409896850586,-116.88124084472656,RIVERSIDE,BANNING,-116.88124084472656,33.92414855957031
94375910,2024,2024-08-29,9655,2024-08-22,1705,023952,NA,4,2,3,3302,0,1,1,NA,2,202,I-10 W/B,BEAUMONT AVE,1478,E,N,A,-,Y,RIV,NA,10,NA,NA,7.864,H,NA,L,Y,3,0,1,2,A,-,03,22350,NA,N,C,C,A,A,H,-,A,A,0,NA,NA,NA,Y,Y,NA,A,01,0,1,0,0,0,0,0,0,0,-,-,33.92729187011719,-116.97209930419922,RIVERSIDE,BEAUMONT,-116.97209930419922,33.92725372314453
94376805,2024,2024-08-30,9655,2024-08-24,1240,019630,NA,6,1,9,3300,0,3,5,NA,2,003,THORNTON AVENUE,STANFORD STREET,240,E,N,A,-,N,NA,NA,NA,NA,NA,NA,NA,NA,NA,N,4,0,1,2,A,-,08,22107,NA,N,C,4,A,A,H,-,A,D,0,NA,NA,NA,NA,Y,NA,A,07,0,0,1,0,0,0,0,0,0,-,-,33.725990295410156,-116.93153381347656,RIVERSIDE,UNINCORPORATED,-116.931640625,33.725921630859375
94381322,2024,2024-09-04,9655,2024-08-27,2235,021908,NA,2,3,9,3300,0,3,5,NA,2,003,LAKE STREET,STETSON AVE,530,S,N,A,-,N,NA,NA,NA,NA,NA,NA,NA,NA,NA,Y,4,0,1,1,A,-,08,22107,NA,N,E,I,A,A,H,-,D,D,0,NA,NA,NA,NA,Y,NA,A,01,0,0,1,0,0,0,0,0,0,-,-,33.72814178466797,-116.91517639160156,RIVERSIDE,UNINCORPORATED,-116.91510009765624,33.728187561035156
94381323,2024,2024-09-04,9840,2024-08-29,1515,020601,NA,4,2,9,3300,0,3,5,NA,2,004,MEAD ST,MURAL ST,0,NA,Y,A,-,Y,NA,NA,NA,NA,NA,NA,NA,NA,NA,Y,3,0,2,2,A,-,09,21802,A,N,D,C,A,A,H,-,A,A,0,NA,NA,NA,NA,Y,NA,A,01,0,2,0,0,0,0,0,0,0,-,-,33.83346176147461,-117.30075073242188,RIVERSIDE,UNINCORPORATED,-117.30075073242188,33.833431243896484
94381680,2024,2024-09-04,9655,2024-08-30,1600,023963,NA,5,2,9,3300,0,1,3,NA,2,212,SR-60 W/B,GILMAN SPRINGS RD,3520,E,N,A,-,Y,RIV,NA,60,NA,NA,22.77,H,NA,L,Y,3,0,2,2,A,-,03,22350,NA,N,C,C,A,A,H,-,A,D,0,NA,NA,NA,NA,Y,NA,A,07,0,2,0,0,0,0,0,0,0,-,-,33.936119079589844,-117.11553955078124,RIVERSIDE,UNINCORPORATED,-117.11553955078124,33.9361457824707
94382759,2024,2024-09-05,9685,2024-08-25,323,019897,NA,7,3,4,3307,0,1,1,NA,2,010,I-15 SOUTHBOUND,DIAMOND DRIVE,528,S,N,A,-,Y,RIV,NA,15,NA,NA,19.025,H,NA,L,Y,4,0,1,2,A,-,03,22350,NA,N,C,C,A,A,H,-,C,D,0,NA,NA,NA,NA,Y,Y,A,08,0,0,1,0,0,0,0,0,0,-,-,33.66048049926758,-117.29715728759766,RIVERSIDE,LAKE ELSINORE,-117.297119140625,33.66050720214844
94382810,2024,2024-09-05,9655,2024-09-01,335,022260,NA,7,3,9,3300,0,1,1,NA,2,204,I-10 WB,MAIN ST,2112,W,N,A,-,Y,RIV,NA,10,NA,R,18.936,H,NA,L,N,4,0,1,1,A,-,08,22107,NA,N,E,I,A,A,H,-,D,D,0,NA,NA,NA,NA,Y,NA,A,01,0,0,1,0,0,0,0,0,0,-,-,33.91883087158203,-116.78498077392578,RIVERSIDE,UNINCORPORATED,-116.78498077392578,33.91890335083008
94386313,2024,2024-09-09,9840,2024-08-21,1600,019042,NA,3,2,9,3300,0,3,5,NA,2,004,JUNIPER FLATS RD,SKY MESA RD,0,NA,Y,A,-,N,NA,NA,NA,NA,NA,NA,NA,NA,NA,Y,4,0,1,2,A,-,09,21801,A,N,D,C,A,A,H,-,A,A,0,NA,NA,NA,NA,Y,NA,D,22,0,0,1,0,0,0,0,0,0,-,-,33.76791000366211,-117.10202026367188,RIVERSIDE,UNINCORPORATED,-117.10205078125,33.76785659790039
94386558,2024,2024-09-09,9840,2024-08-30,1546,020659,NA,5,2,6,3394,0,1,3,NA,2,025,SR-60 W/B,GILMAN SPRINGS RD,1475,E,N,A,-,Y,RIV,NA,60,NA,NA,22.372,H,NA,L,Y,4,0,1,3,A,-,03,22350,NA,N,C,C,A,A,H,-,A,D,0,NA,NA,NA,NA,Y,NA,D,22,0,0,1,0,0,0,0,0,0,-,-,33.93721008300781,-117.1222915649414,RIVERSIDE,MORENO VALLEY,-117.12228393554688,33.93721389770508
94386765,2024,2024-09-09,9840,2024-09-06,1514,021080,NA,5,2,9,3300,0,3,5,NA,2,003,TEMESCAL CANYON RD,EL CERRITO RD,380,S,N,A,-,N,NA,NA,NA,NA,NA,NA,NA,NA,NA,Y,2,0,2,2,C,-,18,NA,NA,N,D,C,A,A,H,-,A,D,0,NA,NA,NA,NA,Y,NA,-,-,1,0,1,0,0,0,0,0,0,-,-,33.83525085449219,-117.52187347412108,RIVERSIDE,UNINCORPORATED,-117.52182006835938,33.83528137207031
94388523,2024,2024-09-10,9840,2024-09-10,828,017802,NA,2,1,6,3345,0,1,1,NA,2,011,I-15 NB TO LIMONITE AVE.,LIMONITE AVE.,20,S,N,A,-,Y,NA,NA,NA,NA,NA,NA,NA,NA,NA,N,4,0,1,2,A,-,21,22106,NA,N,C,C,A,A,H,-,A,A,0,NA,NA,NA,NA,Y,NA,A,01,0,0,1,0,0,0,0,0,0,-,-,33.97494888305664,-117.54727172851563,RIVERSIDE,JURUPA VALLEY,-117.54866027832033,33.97510528564453
94390356,2024,2024-09-11,9630,2024-09-04,1418,019153,NA,3,2,4,3318,1,4,S,NA,2,901,FRED WARING DR,SAN ANSELMO AVE,0,NA,Y,A,-,N,NA,NA,NA,NA,NA,NA,NA,NA,NA,N,4,0,1,2,A,-,12,21453,A,N,D,C,A,A,H,-,A,A,0,NA,NA,NA,NA,Y,NA,H,13,0,0,1,0,0,0,0,0,0,-,-,33.728851318359375,-116.38764190673828,RIVERSIDE,PALM DESERT,-116.38655090332033,33.728668212890625
94390411,2024,2024-09-11,9685,2024-09-01,10,019897,NA,7,3,9,3300,0,3,5,NA,2,003,MAX GILLIS BLVD,LEON ROAD,0,NA,Y,A,-,N,NA,NA,NA,NA,NA,NA,NA,NA,NA,Y,4,0,1,2,A,-,01,23152,A,N,D,C,A,A,H,-,C,D,0,NA,NA,NA,NA,Y,Y,D,22,0,0,1,0,0,0,0,0,0,-,-,33.60226058959961,-117.12390899658205,RIVERSIDE,UNINCORPORATED,-117.12387084960938,33.6022834777832
94390504,2024,2024-09-19,9685,2024-09-06,1530,018041,NA,5,2,5,3335,0,1,1,NA,2,030,I-15 S/B,TEMECULA [PARKWAY,7022,S,N,A,-,Y,RIV,NA,15,NA,R,2.106,H,NA,R,Y,3,0,1,2,A,-,08,22107,NA,N,D,A,A,A,H,-,A,D,0,NA,NA,NA,NA,Y,NA,A,01,0,1,0,0,0,0,0,0,0,-,-,33.46179962158203,-117.13619995117188,RIVERSIDE,TEMECULA,-117.1361846923828,33.46179962158203
94390584,2024,2024-09-11,9840,2024-09-04,1358,022028,NA,3,1,4,3312,0,1,1,NA,2,041,I-215 NB,PLACENTIA AVE,300,S,N,A,-,Y,NA,NA,NA,NA,NA,NA,NA,NA,NA,Y,4,0,1,1,A,-,08,22107,NA,N,F,8,A,A,H,-,A,D,0,NA,NA,NA,Y,Y,NA,F,26,0,0,1,0,0,0,0,0,0,-,-,33.822959899902344,-117.2406768798828,RIVERSIDE,PERRIS,-117.23967742919922,33.81734085083008
94390753,2024,2024-09-11,9840,2024-09-10,612,020220,NA,2,1,7,3313,0,1,3,NA,2,025,I-215 N/B,EUCALYPTUS AVENUE,265,N,N,A,-,Y,RIV,NA,215,NA,R,37.505,H,NA,R,Y,2,0,1,2,A,-,07,21658,A,N,B,C,A,A,H,-,A,D,0,NA,NA,Y,NA,Y,NA,A,01,1,0,0,0,0,0,0,0,1,-,-,33.93233108520508,-117.28910064697266,RIVERSIDE,RIVERSIDE,-117.2890396118164,33.932342529296875
94391800,2024,2024-09-12,9840,2024-09-10,1031,018248,NA,2,1,6,3315,0,1,1,NA,2,034,I-15 N/B,DOS LAGOS DR,465,N,N,A,-,Y,RIV,NA,15,NA,NA,35.746,H,NA,R,N,4,0,1,2,A,-,03,22350,NA,N,C,C,A,A,H,-,A,D,0,NA,NA,NA,NA,Y,NA,D,22,0,0,1,0,0,0,0,0,0,-,-,33.808319091796875,-117.50791931152344,RIVERSIDE,CORONA,-117.50790405273438,33.808326721191406
94394589,2024,2024-09-16,9840,2024-08-17,1715,023574,NA,6,2,6,3394,0,1,3,NA,2,025,SR-60 W/B,REDLANDS BLVD,100,W,N,A,-,Y,RIV,NA,60,NA,NA,20.372,H,NA,L,Y,4,0,1,2,A,-,01,23152,A,N,D,C,A,A,H,-,A,D,0,NA,NA,NA,NA,Y,Y,A,01,0,0,1,0,0,0,0,0,0,-,-,33.93938064575195,-117.15670013427734,RIVERSIDE,MORENO VALLEY,-117.15670013427734,33.93940734863281
94395700,2024,2024-09-16,9840,2024-09-15,1115,017481,NA,7,1,9,3300,0,1,1,NA,2,037,I-15 S/B,TEMESCAL CANYON ROAD,2706,S,N,A,-,Y,RIV,NA,15,NA,NA,32.739,H,NA,L,Y,4,0,1,2,A,-,08,22107,NA,N,B,C,A,A,H,-,A,D,0,NA,NA,NA,NA,Y,NA,A,01,0,0,1,0,0,0,0,0,0,-,-,33.77022933959961,-117.48258209228516,RIVERSIDE,UNINCORPORATED,-117.48261260986328,33.77019500732422
94396710,2024,2024-09-17,9685,2024-09-13,920,017285,NA,5,1,9,3300,0,3,5,NA,2,003,BUCK ROAD,AVENUE DE LAURA,554,W,N,A,-,Y,NA,NA,NA,NA,NA,NA,NA,NA,NA,N,3,0,2,2,A,-,08,22107,NA,N,B,C,A,A,H,-,A,A,0,NA,NA,NA,Y,Y,NA,-,-,0,1,1,0,0,0,0,0,0,-,-,33.569068908691406,-117.05956268310548,RIVERSIDE,UNINCORPORATED,NA,NA
94397630,2024,2024-09-17,9840,2024-09-14,1228,019527,NA,6,1,7,3313,0,1,3,NA,2,020,SR-91 W/B,JACKSON ST,300,W,N,A,-,Y,RIV,NA,91,NA,NA,14.531,H,NA,L,N,4,0,2,2,A,-,03,22350,NA,F,C,C,A,A,H,-,A,D,0,NA,NA,NA,NA,Y,NA,-,-,0,0,2,0,0,0,0,0,0,-,-,33.91859817504883,-117.4355697631836,RIVERSIDE,RIVERSIDE,-117.43555450439452,33.9185791015625
94397784,2024,2024-09-17,9655,2024-09-14,2032,023092,NA,6,2,4,3301,0,1,1,NA,2,204,I-10 E/B,HARGRAVE ST,3696,E,N,A,-,Y,RIV,NA,10,NA,R,14.549,H,NA,R,Y,3,0,1,1,A,-,08,22107,NA,N,F,0,A,A,H,-,C,D,0,NA,NA,NA,NA,Y,NA,A,07,0,1,0,0,0,0,0,0,0,-,-,33.92518997192383,-116.85552215576172,RIVERSIDE,BANNING,-116.85555267333984,33.92528533935547