CASE_ID,ACCIDENT_YEAR,PROC_DATE,JURIS,COLLISION_DATE,COLLISION_TIME,OFFICER_ID,REPORTING_DISTRICT,DAY_OF_WEEK,CHP_SHIFT,POPULATION,CNTY_CITY_LOC,SPECIAL_COND,BEAT_TYPE,CHP_BEAT_TYPE,CITY_DIVISION_LAPD,CHP_BEAT_CLASS,BEAT_NUMBER,PRIMARY_RD,SECONDARY_RD,DISTANCE,DIRECTION,INTERSECTION,WEATHER_1,WEATHER_2,STATE_HWY_IND,CALTRANS_COUNTY,CALTRANS_DISTRICT,STATE_ROUTE,ROUTE_SUFFIX,POSTMILE_PREFIX,POSTMILE,LOCATION_TYPE,RAMP_INTERSECTION,SIDE_OF_HWY,TOW_AWAY,COLLISION_SEVERITY,NUMBER_KILLED,NUMBER_INJURED,PARTY_COUNT,PRIMARY_COLL_FACTOR,PCF_CODE_OF_VIOL,PCF_VIOL_CATEGORY,PCF_VIOLATION,PCF_VIOL_SUBSECTION,HIT_AND_RUN,TYPE_OF_COLLISION,MVIW,PED_ACTION,ROAD_SURFACE,ROAD_COND_1,ROAD_COND_2,LIGHTING,CONTROL_DEVICE,CHP_ROAD_TYPE,PEDESTRIAN_ACCIDENT,BICYCLE_ACCIDENT,MOTORCYCLE_ACCIDENT,TRUCK_ACCIDENT,NOT_PRIVATE_PROPERTY,ALCOHOL_INVOLVED,STWD_VEHTYPE_AT_FAULT,CHP_VEHTYPE_AT_FAULT,COUNT_SEVERE_INJ,COUNT_VISIBLE_INJ,COUNT_COMPLAINT_PAIN,COUNT_PED_KILLED,COUNT_PED_INJURED,COUNT_BICYCLIST_KILLED,COUNT_BICYCLIST_INJURED,COUNT_MC_KILLED,COUNT_MC_INJURED,PRIMARY_RAMP,SECONDARY_RAMP,LATITUDE,LONGITUDE,COUNTY,CITY,POINT_X,POINT_Y
94398540,2024,2024-09-18,9685,2024-09-07,2004,021828,NA,6,2,4,3307,0,1,3,NA,1,012,SR-74,PEACH ST.,150,E,N,A,-,Y,NA,NA,NA,NA,NA,NA,NA,NA,NA,N,4,0,1,1,C,-,18,NA,NA,N,E,J,A,A,H,-,D,D,0,NA,NA,NA,NA,Y,NA,-,-,0,0,1,0,0,0,0,0,0,-,-,33.71949005126953,-117.29633331298828,RIVERSIDE,LAKE ELSINORE,-117.29654693603516,33.719261169433594
9439855,2022,2022-06-20,3313,2022-04-02,0416,1949,2,6,5,7,3313,0,0,0,NA,0,1R21,BLAINE ST,CANYON CREST DR,100,W,N,A,-,N,NA,NA,NA,NA,NA,NA,NA,NA,NA,N,3,0,1,2,A,-,08,22107,NA,N,A,C,A,A,H,-,C,D,0,NA,NA,NA,NA,Y,Y,D,22,0,1,0,0,0,0,0,0,0,-,-,33.98305130004883,-117.3311767578125,RIVERSIDE,RIVERSIDE,-117.33145904541016,33.98299026489258
94398696,2024,2024-09-18,9840,2024-09-10,1520,016284,NA,2,2,7,3313,0,1,3,NA,2,020,SR-91 E/B,JACKSON STREET,931,W,N,B,-,Y,RIV,NA,91,NA,NA,14.411,H,NA,R,Y,2,0,1,3,A,-,08,22107,NA,N,B,C,A,A,H,-,A,D,0,NA,NA,Y,NA,Y,NA,C,02,1,0,0,0,0,0,0,0,1,-,-,33.917449951171875,-117.43710327148438,RIVERSIDE,RIVERSIDE,-117.43711853027344,33.91747283935547
94399045,2024,2024-09-18,9630,2024-06-18,47,021409,NA,2,3,9,3300,0,1,1,NA,2,302,INTERSTATE 10 EASTBOUND,RED CLOUD MINE ROAD,16896,E,N,A,-,Y,RIV,NA,10,NA,R,98.323,H,NA,R,Y,1,1,0,2,A,-,01,23152,F,N,C,C,A,A,H,-,D,D,0,NA,NA,NA,Y,Y,NA,A,01,0,0,0,0,0,0,0,0,0,-,-,33.688438415527344,-115.51448059082033,RIVERSIDE,UNINCORPORATED,-115.51448822021484,33.68846130371094
94402797,2024,2024-09-20,9685,2024-09-17,625,017169,NA,2,1,5,3335,0,1,1,NA,2,030,I-15 SOUTHBOUND,RANCHO CALIFORNIA ROAD,3168,N,N,A,-,Y,RIV,NA,15,NA,NA,5.563,H,NA,L,N,4,0,1,2,A,-,07,21658,A,N,C,C,A,A,H,-,A,D,0,NA,NA,Y,NA,Y,NA,A,07,0,0,1,0,0,0,0,0,1,-,-,33.50876998901367,-117.15518951416016,RIVERSIDE,TEMECULA,-117.15522003173828,33.50876235961914
94404641,2024,2024-09-23,9840,2024-09-20,1600,022497,NA,5,2,7,3313,0,1,3,NA,2,020,SR-91 (RIVERSIDE FREEWAY),S. PROMENADE AVENUE,600,W,N,A,-,Y,RIV,NA,91,NA,NA,7.901,H,NA,R,N,4,0,1,2,A,-,03,22350,NA,N,C,C,A,A,H,-,A,D,0,NA,NA,NA,NA,Y,NA,A,01,0,0,1,0,0,0,0,0,0,-,-,33.883148193359375,-117.5395736694336,RIVERSIDE,RIVERSIDE,-117.5395736694336,33.883201599121094
9440605,2022,2022-05-13,3313,2022-04-08,1141,1830,5,5,5,7,3313,0,0,0,NA,0,T41,WELLS AV,MITCHELL AV,45,W,N,A,-,N,NA,NA,NA,NA,NA,NA,NA,NA,NA,N,3,0,4,3,A,-,03,22350,NA,N,B,C,A,A,H,-,A,D,0,NA,NA,NA,NA,Y,NA,A,07,0,3,1,0,0,0,0,0,0,-,-,33.920291900634766,-117.48439025878906,RIVERSIDE,RIVERSIDE,-117.48404693603516,33.92049789428711
94412960,2024,2024-09-30,9630,2024-09-19,2125,023809,NA,4,2,9,3300,0,1,3,NA,1,074,SR-74,PALOWET DR,7392,W,N,A,-,Y,RIV,NA,74,NA,NA,90.834,H,NA,R,Y,2,0,1,1,A,-,08,22107,NA,N,F,A,A,A,H,-,D,D,0,NA,NA,Y,NA,Y,NA,C,02,1,0,0,0,0,0,0,0,1,-,-,33.658138275146484,-116.40017700195313,RIVERSIDE,UNINCORPORATED,-116.40017700195313,33.658164978027344
94413508,2024,2024-09-30,9630,2024-09-21,2100,022422,NA,6,2,9,3300,0,3,5,NA,2,003,DIRT TRAIL,GAS LINE ROAD,2112,E,N,A,-,N,NA,NA,NA,NA,NA,NA,NA,NA,NA,Y,2,0,1,1,B,-,22,NA,NA,N,F,A,A,A,H,-,D,D,0,NA,NA,Y,NA,Y,NA,C,06,1,0,0,0,0,0,0,0,1,-,-,33.53900909423828,-115.91082763671876,RIVERSIDE,UNINCORPORATED,NA,NA
94416188,2024,2024-10-02,9655,2024-09-23,2240,023963,NA,1,3,9,3300,0,3,5,NA,2,003,SAGE RD,SELGADO CANYON RD,165,S,N,A,-,N,NA,NA,NA,NA,NA,NA,NA,NA,NA,Y,3,0,1,1,A,-,08,22107,NA,N,F,I,A,A,H,-,D,D,0,NA,NA,NA,NA,Y,NA,A,01,0,1,0,0,0,0,0,0,0,-,-,33.6585693359375,-116.9448699951172,RIVERSIDE,UNINCORPORATED,NA,NA
94416469,2024,2024-10-02,9840,2024-10-01,740,017459,NA,2,1,6,3345,0,1,1,NA,2,011,1-15 N/B,BELLEGRAVE AVE,1325,S,N,A,-,Y,RIV,NA,15,NA,NA,49.105,H,NA,R,N,3,0,1,2,A,-,08,22107,NA,N,B,C,A,A,H,-,A,D,0,NA,NA,Y,NA,Y,NA,A,01,0,1,0,0,0,0,0,0,1,-,-,33.987518310546875,-117.54910278320313,RIVERSIDE,JURUPA VALLEY,-117.54912567138672,33.987518310546875
94418497,2024,2024-10-03,9630,2024-09-27,1718,019758,NA,5,2,9,3300,0,1,3,NA,2,086,SR-86 N/B,70TH AVE,2112,N,N,A,-,Y,RIV,NA,86,NA,R,9.383,H,NA,R,N,3,0,1,1,A,-,08,22107,NA,N,F,A,A,A,H,-,A,D,0,NA,NA,NA,NA,Y,NA,D,22,0,1,0,0,0,0,0,0,0,-,-,33.546451568603516,-116.09941864013672,RIVERSIDE,UNINCORPORATED,-116.09933471679688,33.54643630981445
94423479,2024,2024-10-08,9685,2024-10-04,1530,018041,NA,5,2,5,3335,0,1,1,NA,2,030,I-15 N/B,TEMECULA PARKWAY,1991,S,N,A,-,Y,RIV,NA,15,NA,NA,3.035,H,NA,R,N,4,0,2,3,A,-,03,22350,NA,N,C,C,A,A,H,-,A,D,0,NA,NA,NA,NA,Y,NA,A,01,0,0,2,0,0,0,0,0,0,-,-,33.475040435791016,-117.13858032226563,RIVERSIDE,TEMECULA,-117.13852691650392,33.47505187988281
94423515,2024,2024-10-08,9685,2024-10-04,1905,021828,NA,5,2,4,3307,0,3,5,NA,2,001,MAURICIO ST.,STEELE VALLEY RD.,0,NA,Y,A,-,N,NA,NA,NA,NA,NA,NA,NA,NA,NA,N,3,0,1,2,A,-,03,22350,NA,N,D,G,A,A,H,-,D,D,0,NA,Y,NA,NA,Y,NA,L,04,0,1,0,0,0,0,1,0,0,-,-,33.71324157714844,-117.29995727539063,RIVERSIDE,LAKE ELSINORE,-117.29994201660156,33.713199615478516
94424970,2024,2024-10-09,9685,2024-10-08,1255,015757,NA,2,1,4,3342,0,1,1,NA,2,034,I-215 S/B TO MURRIETA HOT SPRINGS RD OFF-RAMP,MURRIETA HOT SPRINGS RD,20,N,N,A,-,Y,NA,NA,NA,NA,NA,NA,NA,NA,NA,N,4,0,1,2,A,-,03,22350,NA,M,C,C,A,A,H,-,A,A,0,NA,NA,NA,NA,Y,NA,-,99,0,0,1,0,0,0,0,0,0,-,-,33.556419372558594,-117.1823501586914,RIVERSIDE,MURRIETA,-117.18096923828124,33.55656814575195
94428380,2024,2024-10-11,9655,2024-10-05,1455,019871,NA,6,2,9,3300,0,1,3,NA,2,213,SR-79 N/B,CALIFORNIA AVE,5280,S,N,A,-,Y,RIV,NA,79,NA,NA,38.788,H,NA,R,N,4,0,1,2,A,-,07,21658,A,N,B,C,A,A,H,-,A,D,0,NA,NA,NA,NA,Y,NA,D,22,0,0,1,0,0,0,0,0,0,-,-,33.90446090698242,-116.98467254638672,RIVERSIDE,UNINCORPORATED,-116.98474884033205,33.90447998046875
94429423,2024,2024-10-14,9630,2024-09-30,147,022508,NA,1,3,9,3300,0,1,1,NA,2,021,I-10 E/B,MONTEREY AVE,7920,E,N,A,-,Y,RIV,NA,10,NA,NA,46.02,H,NA,R,Y,2,0,2,2,A,-,03,22350,NA,N,C,C,A,A,H,-,D,D,0,NA,NA,NA,NA,Y,NA,A,01,1,0,1,0,0,0,0,0,0,-,-,33.79323959350586,-116.36708831787108,RIVERSIDE,UNINCORPORATED,-116.36708831787108,33.793243408203125
94429773,2024,2024-10-14,9630,2024-09-25,1600,019153,NA,3,2,4,3318,1,4,S,NA,2,901,TAMARISK ROW DR,COUNTRY CLUB DR,0,NA,Y,A,-,N,NA,NA,NA,NA,NA,NA,NA,NA,NA,Y,4,0,1,2,A,-,17,21451,A,N,D,C,A,A,H,-,A,D,0,NA,NA,NA,NA,Y,NA,H,13,0,0,1,0,0,0,0,0,0,-,-,33.758270263671875,-116.32122039794922,RIVERSIDE,PALM DESERT,-116.32128143310548,33.75838088989258
94430399,2024,2024-10-14,9630,2024-10-02,1959,022508,NA,3,2,9,3300,0,3,5,NA,2,404,DESERT MOON DR,RAMON RD,405,N,N,A,-,N,NA,NA,NA,NA,NA,NA,NA,NA,NA,Y,3,0,1,2,A,-,01,23152,A,N,B,C,A,A,H,-,D,D,0,NA,NA,NA,NA,Y,Y,D,22,0,1,0,0,0,0,0,0,0,-,-,33.817710876464844,-116.3797607421875,RIVERSIDE,UNINCORPORATED,-116.37970733642578,33.81753921508789
94432036,2024,2024-10-15,9840,2024-10-01,710,024095,NA,2,1,6,3345,0,1,3,NA,2,010,SR-60 E/B,LA RUE ST,265,W,N,A,-,Y,RIV,NA,60,NA,NA,8.76,H,NA,R,Y,4,0,2,9,A,-,03,22350,NA,N,C,C,A,A,H,-,A,D,0,NA,NA,NA,NA,Y,NA,A,07,0,0,2,0,0,0,0,0,0,-,-,34.00558853149414,-117.4140396118164,RIVERSIDE,JURUPA VALLEY,-117.4140396118164,34.00558853149414
94432104,2024,2024-10-15,9840,2024-10-05,1345,019042,NA,6,1,9,3300,0,3,5,NA,2,004,JUNIPER FLATS RD,JUNIPER SPRINGS RD,7920,N,N,A,-,N,NA,NA,NA,NA,NA,NA,NA,NA,NA,Y,4,0,1,1,A,-,08,22107,NA,N,F,I,A,A,H,-,A,D,0,NA,NA,NA,NA,Y,NA,D,22,0,0,1,0,0,0,0,0,0,-,-,33.76565170288086,-117.10610198974608,RIVERSIDE,UNINCORPORATED,-117.08530426025392,33.79275894165039
94432321,2024,2024-10-15,9840,2024-10-09,1545,024095,NA,3,2,7,3313,0,1,3,NA,2,020,SR-91 W/B,LA SIERRA AVE,2283,E,N,A,-,Y,RIV,NA,91,NA,NA,12.437,H,NA,L,Y,4,0,1,3,A,-,03,22350,NA,N,C,C,A,A,H,-,A,D,0,NA,NA,NA,NA,Y,NA,A,01,0,0,1,0,0,0,0,0,0,-,-,33.90211868286133,-117.46610260009766,RIVERSIDE,RIVERSIDE,-117.46607208251952,33.90206527709961
94436733,2024,2024-10-18,9840,2024-10-15,812,017247,NA,2,1,9,3300,0,3,5,NA,2,004,PARSONS RD,NANDINA AVE,0,NA,Y,B,-,N,NA,NA,NA,NA,NA,NA,NA,NA,NA,N,3,0,3,2,A,-,09,21802,A,N,D,C,A,A,H,-,A,A,0,NA,NA,NA,NA,Y,NA,A,01,0,1,2,0,0,0,0,0,0,-,-,33.865570068359375,-117.3269500732422,RIVERSIDE,UNINCORPORATED,-117.3269500732422,33.86555099487305
94438640,2024,2024-10-21,9685,2024-10-13,1934,015727,NA,7,2,9,3300,0,3,5,NA,2,003,DE PORTOLA ROAD,EAST BENTON RD,1584,N,N,A,-,N,NA,NA,NA,NA,NA,NA,NA,NA,NA,Y,3,0,1,1,C,-,18,NA,NA,N,E,I,A,A,H,-,D,D,0,NA,NA,NA,NA,Y,NA,-,-,0,1,0,0,0,0,0,0,0,-,-,33.58726119995117,-116.98090362548828,RIVERSIDE,UNINCORPORATED,-116.98049926757813,33.57878112792969
94439958,2024,2024-10-22,9630,2024-10-11,1650,019758,NA,5,2,9,3300,0,3,5,NA,2,501,60TH AVE,VAN BUREN ST,0,NA,Y,A,-,N,NA,NA,NA,NA,NA,NA,NA,NA,NA,N,3,0,1,2,A,-,09,21802,A,N,H,G,A,A,H,-,A,A,0,NA,Y,NA,NA,Y,NA,A,01,0,1,0,0,0,0,1,0,0,-,-,33.61288833618164,-116.1985321044922,RIVERSIDE,UNINCORPORATED,-116.19859313964844,33.61286544799805
94440392,2024,2024-10-22,9685,2024-10-14,1635,018360,NA,1,2,9,3300,0,1,3,NA,1,031,STATE ROUTE 79 (WINCHESTER ROAD),BENTON ROAD,0,NA,Y,A,-,Y,RIV,NA,79,NA,M,7.631,H,NA,R,Y,4,0,2,2,A,-,12,21453,A,M,D,C,A,A,H,-,A,A,0,NA,NA,NA,NA,Y,NA,A,07,0,0,2,0,0,0,0,0,0,-,-,33.592071533203125,-117.12494659423828,RIVERSIDE,UNINCORPORATED,-117.12496948242188,33.59208679199219
94440597,2024,2024-10-22,9685,2024-10-18,1603,018383,NA,5,2,9,3300,0,3,5,NA,2,003,BUTTERFIELD STAGE RD,AVENIDA LESTONNAC,0,NA,Y,A,-,N,NA,NA,NA,NA,NA,NA,NA,NA,NA,N,4,0,1,2,A,-,10,21950,A,N,G,B,B,A,H,-,A,A,0,Y,NA,Y,NA,Y,NA,C,02,0,0,1,0,1,0,0,0,0,-,-,33.516151428222656,-117.09161376953124,RIVERSIDE,UNINCORPORATED,-117.09166717529295,33.51594543457031
94442326,2024,2024-10-23,9840,2024-10-11,1755,023412,NA,5,2,9,3300,0,3,5,NA,2,004,MARKHAM STREET,ALEXANDER STREET,700,W,N,A,-,N,NA,NA,NA,NA,NA,NA,NA,NA,NA,Y,4,0,1,2,A,-,06,21750,A,M,B,C,A,A,H,-,B,D,0,NA,NA,NA,NA,Y,NA,-,99,0,0,1,0,0,0,0,0,0,-,-,33.85152053833008,-117.30771636962892,RIVERSIDE,UNINCORPORATED,-117.30738067626952,33.851531982421875
94444718,2024,2024-11-05,9630,2024-10-13,2325,022858,NA,7,3,9,3300,0,3,5,NA,2,404,VARNER RD,38TH AVE,1056,W,N,A,-,N,NA,NA,NA,NA,NA,NA,NA,NA,NA,N,3,0,1,2,A,-,03,22350,NA,N,C,C,A,A,H,-,C,D,0,NA,NA,NA,NA,Y,NA,A,01,0,1,0,0,0,0,0,0,0,-,-,33.77389907836914,-116.33367156982422,RIVERSIDE,UNINCORPORATED,-116.33399963378906,33.774227142333984
94451318,2024,2024-10-30,9685,2024-10-29,1200,016347,NA,2,1,4,3312,0,1,1,NA,2,020,I-215 N/B TO REDLANDS AVE,REDLANDS AVE,75,S,N,B,-,Y,NA,NA,NA,NA,NA,NA,NA,NA,NA,N,4,0,1,2,A,-,03,22350,NA,N,C,C,A,A,D,-,A,A,0,NA,NA,NA,Y,Y,NA,F,26,0,0,1,0,0,0,0,0,0,-,-,33.78430938720703,-117.21556854248048,RIVERSIDE,PERRIS,-117.2161102294922,33.7842903137207
9445622,2022,2022-05-25,3313,2022-05-01,1821,0282,4,7,5,7,3313,0,0,0,NA,0,T48,ARLINGTON AV,PALOMAR WY,0,NA,Y,A,-,N,NA,NA,NA,NA,NA,NA,NA,NA,NA,Y,4,0,1,2,A,-,01,23152,G,N,D,C,A,A,H,-,A,A,0,NA,NA,NA,NA,Y,Y,A,07,0,0,1,0,0,0,0,0,0,-,-,33.946380615234375,-117.4131088256836,RIVERSIDE,RIVERSIDE,-117.41311645507813,33.946109771728516
94456685,2024,2024-11-04,9840,2024-10-13,121,023501,NA,7,3,7,3313,0,1,1,NA,2,023,I-215 N/B,BLAINE ST,50,N,N,A,-,Y,RIV,NA,215,NA,NA,42.19,H,NA,R,Y,4,0,1,1,C,-,18,NA,NA,N,E,I,A,A,H,-,D,D,0,NA,NA,NA,NA,Y,NA,-,-,0,0,1,0,0,0,0,0,0,-,-,33.983238220214844,-117.34308624267578,RIVERSIDE,RIVERSIDE,-117.34300231933594,33.98330307006836
94458344,2024,2024-11-05,9840,2024-10-24,735,019042,NA,4,1,7,3313,0,1,1,NA,2,040,I--215 N/B,EUCALYPTUS AVE,1000,S,N,A,-,Y,RIV,NA,215,NA,R,37.153,H,NA,R,N,4,0,2,2,A,-,07,21658,A,N,B,C,A,A,H,-,A,D,0,NA,NA,Y,NA,Y,NA,A,01,0,0,2,0,0,0,0,0,1,-,-,33.92728042602539,-117.28864288330078,RIVERSIDE,RIVERSIDE,-117.28858184814452,33.92728042602539
94460205,2024,2024-11-06,9840,2024-11-05,1034,018512,NA,2,1,7,3313,0,1,3,NA,2,021,SR-91 E/B,14TH ST,150,E,N,B,-,Y,RIV,NA,91,NA,NA,20.003,H,NA,R,N,4,0,1,3,A,-,07,21658,A,N,B,C,A,A,H,-,A,D,0,NA,NA,NA,Y,Y,NA,A,01,0,0,1,0,0,0,0,0,0,-,-,33.973819732666016,-117.37300872802734,RIVERSIDE,RIVERSIDE,-117.37310791015624,33.97386169433594
94462074,2024,2024-11-07,9840,2024-11-01,1225,019527,NA,5,1,6,3345,0,1,1,NA,2,011,I-15 N/B,CANTU GALLEANO RANCH RD,1300,N,N,A,-,Y,RIV,NA,15,NA,NA,50.39,H,NA,R,N,4,0,1,2,A,-,03,22350,NA,N,C,C,A,A,H,-,A,D,0,NA,NA,NA,NA,Y,NA,A,07,0,0,1,0,0,0,0,0,0,-,-,34.00606155395508,-117.55016326904295,RIVERSIDE,JURUPA VALLEY,-117.55011749267578,34.00606155395508
94462156,2024,2024-11-07,9630,2024-10-29,1928,021604,NA,2,2,9,3300,0,3,5,NA,2,502,GRAPEFRUIT BLVD,60TH AVE,528,S,N,A,-,N,NA,NA,NA,NA,NA,NA,NA,NA,NA,Y,4,0,1,3,A,-,08,22107,NA,N,B,C,A,A,H,-,D,D,0,NA,NA,NA,NA,Y,NA,A,07,0,0,1,0,0,0,0,0,0,-,-,33.61191177368164,-116.1147918701172,RIVERSIDE,UNINCORPORATED,-116.11475372314452,33.61189651489258
94462186,2024,2024-11-07,9840,2024-11-05,2230,022738,NA,2,3,4,3312,0,1,1,NA,2,041,I-215 S/B,HARLEY KNOX BLVD,2112,S,N,A,-,Y,RIV,NA,215,NA,R,31.929,H,NA,L,Y,4,0,1,2,A,-,08,22107,NA,N,B,C,A,A,H,-,D,D,0,NA,NA,NA,NA,Y,NA,A,01,0,0,1,0,0,0,0,0,0,-,-,33.85712814331055,-117.25753784179688,RIVERSIDE,PERRIS,-117.25751495361328,33.85713577270508
94462728,2024,2024-11-08,9840,2024-10-26,105,023501,NA,6,3,6,3345,0,1,3,NA,2,010,SR-60 E/B,RUBIDOUX BLVD,1320,W,N,A,-,Y,RIV,NA,60,NA,NA,9.091,H,NA,R,Y,4,0,1,2,A,-,08,22107,NA,N,B,C,A,A,H,-,D,D,0,NA,NA,NA,NA,Y,NA,-,-,0,0,1,0,0,0,0,0,0,-,-,34.004249572753906,-117.40852355957033,RIVERSIDE,JURUPA VALLEY,-117.40852355957033,34.004234313964844
94466106,2024,2024-11-12,9655,2024-11-01,4,023952,NA,5,3,9,3300,0,1,1,NA,2,206,I-10 W/B,HAUGEN LEHMANN,500,W,N,A,-,Y,RIV,NA,10,NA,R,23.779,H,NA,L,Y,3,0,1,2,A,-,08,22107,NA,N,C,C,A,A,H,-,D,D,0,NA,NA,NA,Y,Y,NA,A,01,0,1,0,0,0,0,0,0,0,-,-,33.92304992675781,-116.70258331298828,RIVERSIDE,UNINCORPORATED,-116.70253753662108,33.92293930053711
94466557,2024,2024-11-12,9840,2024-11-08,247,023041,NA,5,3,4,3310,0,1,1,NA,2,011,I-15 N/B,THIRD STREET,686,N,N,A,-,Y,RIV,NA,15,NA,NA,44.268,H,NA,R,N,4,0,1,1,A,-,08,22107,NA,N,E,I,A,A,H,-,D,D,0,NA,NA,NA,NA,Y,NA,A,01,0,0,1,0,0,0,0,0,0,-,-,33.91862106323242,-117.55695343017578,RIVERSIDE,NORCO,-117.5568618774414,33.91861343383789
94466859,2024,2024-11-12,9840,2024-11-04,1725,021943,NA,1,2,6,3345,0,1,3,NA,2,010,STATE ROUTE 60 WESTBOUND,MISSION BOULEVARD,3250,W,N,A,-,Y,RIV,NA,60,NA,R,1.18,H,NA,L,Y,3,0,2,3,A,-,03,22350,NA,N,C,C,A,A,H,-,D,D,0,NA,NA,NA,NA,Y,NA,A,07,0,2,0,0,0,0,0,0,0,-,-,34.018798828125,-117.53888702392578,RIVERSIDE,JURUPA VALLEY,-117.53891754150392,34.01869583129883
94466902,2024,2024-11-12,9840,2024-10-12,2050,023574,NA,6,2,4,3312,0,3,5,NA,2,004,SAN JACINO AVENUE,SHERMAN ROAD,320,W,N,A,-,N,NA,NA,NA,NA,NA,NA,NA,NA,NA,N,2,0,2,3,A,-,05,21651,B,F,B,C,A,A,H,-,D,D,0,NA,NA,NA,NA,Y,NA,-,99,1,1,0,0,0,0,0,0,0,-,-,33.78667068481445,-117.1794204711914,RIVERSIDE,PERRIS,NA,NA
94468088,2024,2024-11-13,9840,2024-11-08,900,018512,NA,5,1,9,3300,0,1,1,NA,2,022,I-215,CENTER ST,100,S,N,A,-,Y,RIV,NA,215,NA,NA,45.003,H,NA,R,N,4,0,1,2,A,-,03,22350,NA,N,C,C,A,A,H,-,A,D,0,NA,NA,NA,NA,Y,NA,A,01,0,0,1,0,0,0,0,0,0,-,-,34.015350341796875,-117.34272003173828,RIVERSIDE,UNINCORPORATED,-117.34258270263672,34.01528549194336
94470996,2024,2024-11-15,9655,2024-11-04,1115,020664,NA,1,1,9,3300,0,3,5,NA,2,002,SR-243,MM-23,2640,S,N,A,-,Y,RIV,NA,243,NA,NA,24.168,H,NA,R,Y,4,0,1,1,A,-,08,22107,NA,N,E,I,A,A,H,-,A,A,0,NA,NA,NA,NA,Y,NA,A,01,0,0,1,0,0,0,0,0,0,-,-,33.89305877685547,-116.86125946044922,RIVERSIDE,UNINCORPORATED,-116.86126708984376,33.893089294433594
94473026,2024,2024-11-18,9840,2024-11-03,1514,020659,NA,7,2,6,3394,0,1,3,NA,2,025,SR-60 W/B,DAY ST,1155,E,N,A,-,Y,RIV,NA,60,NA,NA,13.545,H,NA,L,Y,4,0,2,2,A,-,03,22350,NA,M,C,C,A,A,H,-,A,D,0,NA,NA,NA,NA,Y,NA,-,99,0,0,2,0,0,0,0,0,0,-,-,33.94203186035156,-117.2751007080078,RIVERSIDE,MORENO VALLEY,-117.27508544921876,33.94207763671875
94474342,2024,2024-11-18,9685,2024-10-16,750,015757,NA,3,1,9,3300,0,3,5,NA,2,003,MENIFEE RD,TULITA LN,0,NA,Y,B,-,N,NA,NA,NA,NA,NA,NA,NA,NA,NA,Y,4,0,3,2,A,-,09,21804,A,N,D,C,A,A,H,-,A,D,0,NA,NA,NA,NA,Y,NA,A,07,0,0,3,0,0,0,0,0,0,-,-,33.635311126708984,-117.15399932861328,RIVERSIDE,UNINCORPORATED,-117.15408325195313,33.63526916503906
94475554,2024,2024-11-19,9655,2024-11-07,1645,019462,NA,4,2,9,3300,0,1,3,NA,1,118,SR-74,SR-371,400,E,N,A,-,Y,RIV,NA,74,NA,NA,71.794,H,NA,R,Y,4,0,2,2,A,-,09,21801,A,N,D,C,A,A,H,-,B,D,0,NA,NA,NA,NA,Y,NA,A,01,0,0,2,0,0,0,0,0,0,-,-,33.569068908691406,-116.5907974243164,RIVERSIDE,UNINCORPORATED,-116.59076690673828,33.5691032409668
94475692,2024,2024-11-19,9655,2024-11-08,830,019630,NA,5,1,9,3300,0,2,4,NA,2,322,STETSON AVENUE,YALE STREET,125,W,N,A,-,N,NA,NA,NA,NA,NA,NA,NA,NA,NA,Y,4,0,1,3,A,-,03,22350,NA,N,C,C,A,A,H,-,A,D,0,NA,NA,NA,NA,Y,NA,A,01,0,0,1,0,0,0,0,0,0,-,-,33.72954177856445,-116.95030975341795,RIVERSIDE,UNINCORPORATED,-116.9502182006836,33.729496002197266
94476835,2024,2024-11-20,9840,2024-11-14,1550,018248,NA,4,2,9,3300,0,3,5,NA,2,003,ONTARIO AVE,RUDELL RD,0,NA,Y,A,-,N,NA,NA,NA,NA,NA,NA,NA,NA,NA,Y,4,0,2,2,A,-,09,21801,A,N,D,C,A,A,H,-,A,A,0,NA,NA,NA,NA,Y,NA,A,07,0,0,2,0,0,0,0,0,0,-,-,33.836448669433594,-117.52381134033205,RIVERSIDE,UNINCORPORATED,-117.52368927001952,33.836490631103516
94478399,2024,2024-11-21,9840,2024-11-19,1927,021218,NA,2,2,9,3300,0,3,5,NA,2,004,MARKHAM ST,BROWN ST,0,NA,Y,A,-,N,NA,NA,NA,NA,NA,NA,NA,NA,NA,Y,4,0,1,2,A,-,09,21801,A,N,D,C,A,A,H,-,D,D,0,NA,NA,NA,NA,Y,NA,A,01,0,0,1,0,0,0,0,0,0,-,-,33.85169982910156,-117.29670715332033,RIVERSIDE,UNINCORPORATED,-117.29672241210938,33.851707458496094