CASE_ID,ACCIDENT_YEAR,PROC_DATE,JURIS,COLLISION_DATE,COLLISION_TIME,OFFICER_ID,REPORTING_DISTRICT,DAY_OF_WEEK,CHP_SHIFT,POPULATION,CNTY_CITY_LOC,SPECIAL_COND,BEAT_TYPE,CHP_BEAT_TYPE,CITY_DIVISION_LAPD,CHP_BEAT_CLASS,BEAT_NUMBER,PRIMARY_RD,SECONDARY_RD,DISTANCE,DIRECTION,INTERSECTION,WEATHER_1,WEATHER_2,STATE_HWY_IND,CALTRANS_COUNTY,CALTRANS_DISTRICT,STATE_ROUTE,ROUTE_SUFFIX,POSTMILE_PREFIX,POSTMILE,LOCATION_TYPE,RAMP_INTERSECTION,SIDE_OF_HWY,TOW_AWAY,COLLISION_SEVERITY,NUMBER_KILLED,NUMBER_INJURED,PARTY_COUNT,PRIMARY_COLL_FACTOR,PCF_CODE_OF_VIOL,PCF_VIOL_CATEGORY,PCF_VIOLATION,PCF_VIOL_SUBSECTION,HIT_AND_RUN,TYPE_OF_COLLISION,MVIW,PED_ACTION,ROAD_SURFACE,ROAD_COND_1,ROAD_COND_2,LIGHTING,CONTROL_DEVICE,CHP_ROAD_TYPE,PEDESTRIAN_ACCIDENT,BICYCLE_ACCIDENT,MOTORCYCLE_ACCIDENT,TRUCK_ACCIDENT,NOT_PRIVATE_PROPERTY,ALCOHOL_INVOLVED,STWD_VEHTYPE_AT_FAULT,CHP_VEHTYPE_AT_FAULT,COUNT_SEVERE_INJ,COUNT_VISIBLE_INJ,COUNT_COMPLAINT_PAIN,COUNT_PED_KILLED,COUNT_PED_INJURED,COUNT_BICYCLIST_KILLED,COUNT_BICYCLIST_INJURED,COUNT_MC_KILLED,COUNT_MC_INJURED,PRIMARY_RAMP,SECONDARY_RAMP,LATITUDE,LONGITUDE,COUNTY,CITY,POINT_X,POINT_Y
94744840,2025,2025-06-30,9630,2025-05-16,2200,023491,NA,5,3,4,3309,0,1,1,NA,2,021,I-10 W/B,JEFFERSON ST,520,E,N,A,-,Y,RIV,NA,10,NA,R,52.603,H,NA,L,N,4,0,1,2,A,-,08,22107,NA,M,B,C,A,A,H,-,D,D,0,NA,NA,NA,NA,Y,NA,A,01,0,0,1,0,0,0,0,0,0,-,-,33.74882125854492,-116.2672119140625,RIVERSIDE,INDIO,-116.26715850830078,33.74888229370117
94745622,2025,2025-07-01,9840,2025-06-24,1740,021943,NA,2,2,4,3310,0,1,1,NA,2,011,INTERSTATE 15 NORTHBOUND,THIRD STREET,900,N,N,A,-,Y,RIV,NA,15,NA,NA,44.304,H,NA,R,N,4,0,1,4,A,-,03,22350,NA,N,C,C,A,A,H,-,A,D,0,NA,NA,NA,NA,Y,NA,D,22,0,0,1,0,0,0,0,0,0,-,-,33.91912078857422,-117.55670928955078,RIVERSIDE,NORCO,-117.55680847167967,33.91912841796875
9474579,2022,2022-07-01,3313,2022-05-03,2131,1887,4,2,5,7,3313,0,0,0,NA,0,3R58,MAGNOLIA AV,FILLMORE ST,16,E,N,A,-,N,NA,NA,NA,NA,NA,NA,NA,NA,NA,NA,4,0,1,2,A,-,03,22350,NA,N,C,C,A,A,H,-,C,A,0,NA,NA,NA,NA,Y,NA,A,01,0,0,1,0,0,0,0,0,0,-,-,33.899200439453125,-117.48358917236328,RIVERSIDE,RIVERSIDE,-117.48354339599608,33.89920425415039
94746133,2025,2025-07-01,9655,2025-06-30,730,018677,NA,1,1,9,3300,0,1,3,NA,1,118,SR-371,ANZA RD,40,W,N,A,-,Y,RIV,NA,371,NA,NA,71.397,H,NA,R,Y,4,0,4,2,A,-,09,21801,A,N,D,C,A,A,H,-,A,D,0,NA,NA,NA,NA,Y,NA,A,08,0,0,4,0,0,0,0,0,0,-,-,33.55514907836914,-116.67315673828124,RIVERSIDE,UNINCORPORATED,-116.67315673828124,33.55513000488281
94756449,2025,2025-07-10,9630,2025-06-23,1840,023474,NA,1,2,9,3300,0,3,5,NA,2,001,CAMINO CAMPESINO,AVENIDA MANZANA,0,NA,Y,A,-,N,NA,NA,NA,NA,NA,NA,NA,NA,NA,N,4,0,1,2,A,-,09,21801,A,M,D,C,A,A,H,-,A,D,0,NA,NA,NA,NA,Y,NA,-,99,0,0,1,0,0,0,0,0,0,-,-,33.935848236083984,-116.49314880371094,RIVERSIDE,UNINCORPORATED,-116.49317169189452,33.935813903808594
94760246,2025,2025-07-14,9660,2025-07-03,1944,023314,NA,4,2,9,3300,0,1,1,NA,2,031,INTERSTATE 10,WILEY'S WELL ROAD,1580,E,N,A,-,Y,RIV,NA,10,NA,R,135.359,H,NA,L,Y,2,0,1,1,A,-,08,22107,NA,N,E,I,A,A,H,-,B,D,0,NA,NA,NA,NA,Y,NA,A,01,1,0,0,0,0,0,0,0,0,-,-,33.60813903808594,-114.89624786376952,RIVERSIDE,UNINCORPORATED,-114.89625549316406,33.608238220214844
94760754,2025,2025-07-14,9840,2025-07-08,552,020535,NA,2,3,9,3300,0,3,5,NA,2,004,HARVILL AVE,HARLEY KNOX BLVD,0,NA,Y,A,-,N,NA,NA,NA,NA,NA,NA,NA,NA,NA,Y,4,0,1,2,A,-,12,21453,A,N,D,2,A,A,H,-,B,A,0,NA,NA,NA,NA,Y,NA,D,22,0,0,1,0,0,0,0,0,0,-,-,33.8626594543457,-117.26332092285156,RIVERSIDE,UNINCORPORATED,-117.26338958740234,33.86259841918945
94760893,2025,2025-07-14,9840,2025-07-02,641,020659,NA,3,1,9,3300,0,2,4,NA,2,042,VAN BUREN BLVD,HARLEY KNOX BLVD,4610,N,N,A,-,N,NA,NA,NA,NA,NA,NA,NA,NA,NA,Y,4,0,2,3,A,-,09,21801,A,M,B,C,A,A,H,-,B,D,0,NA,NA,NA,NA,Y,NA,-,99,0,0,2,0,0,0,0,0,0,-,-,33.87432098388672,-117.26422119140624,RIVERSIDE,UNINCORPORATED,NA,NA
94761803,2025,2025-07-15,9840,2025-07-03,1430,018248,NA,4,2,4,3307,0,1,1,NA,2,037,I-15 N/B,TEMESCAL CANYON RD,2218,N,N,A,-,Y,RIV,NA,15,NA,NA,28.257,H,NA,R,Y,3,0,2,3,A,-,03,22350,NA,N,C,C,A,A,H,-,A,D,0,NA,NA,NA,NA,Y,NA,A,01,0,1,1,0,0,0,0,0,0,-,-,33.73439025878906,-117.41983032226563,RIVERSIDE,LAKE ELSINORE,-117.41980743408205,33.73442840576172
94763573,2025,2025-07-16,9630,2025-07-02,1750,022321,NA,3,2,9,3300,0,3,5,NA,2,405,WASHINGTON ST,EASTHAVEN RD,0,NA,Y,A,-,N,NA,NA,NA,NA,NA,NA,NA,NA,NA,N,2,0,1,2,A,-,09,21801,A,N,D,C,A,A,H,-,A,D,0,NA,NA,Y,NA,Y,NA,A,01,1,0,0,0,0,0,0,0,1,-,-,33.745460510253906,-116.30377197265624,RIVERSIDE,UNINCORPORATED,-116.30390167236328,33.7454833984375
9476409,2022,2022-07-27,3313,2022-06-16,1616,1537,1,4,5,7,3313,0,0,0,NA,0,M16,CENTRAL AV,RT 91,100,W,N,A,-,Y,RIV,8,91,-,-,18.584,R,4,E,Y,4,0,2,3,A,-,01,23152,A,N,C,C,A,A,H,-,A,A,0,NA,NA,NA,NA,Y,Y,D,22,0,0,2,0,0,0,0,0,0,-,EF,33.95362091064453,-117.38311004638672,RIVERSIDE,RIVERSIDE,-117.38169097900392,33.95527267456055
94766176,2025,2025-07-17,9630,2025-07-11,1900,023474,NA,5,2,9,3300,0,1,1,NA,2,301,I-10 W/B,FRONTAGE RD,4224,E,N,A,-,Y,RIV,NA,10,NA,R,72.948,H,NA,L,Y,4,0,1,3,A,-,03,22350,NA,N,C,C,A,A,H,-,A,D,0,NA,NA,NA,NA,Y,NA,A,01,0,0,1,0,0,0,0,0,0,-,-,33.67612838745117,-115.94985961914063,RIVERSIDE,UNINCORPORATED,-115.94984436035156,33.676185607910156
94766256,2025,2025-07-17,9630,2025-07-14,900,019310,NA,1,1,9,3300,0,3,5,NA,2,003,SR-62 E/B,SR-177 E/B,10560,E,N,A,-,Y,RIV,NA,62,NA,NA,86.941,H,NA,R,Y,3,0,1,1,A,-,03,22350,NA,N,F,A,A,A,H,-,A,D,0,NA,NA,NA,NA,Y,NA,A,07,0,1,0,0,0,0,0,0,0,-,-,34.064208984375,-115.19097900390624,RIVERSIDE,UNINCORPORATED,-115.19094848632813,34.064083099365234
94770136,2025,2025-07-21,9840,2025-06-26,1655,018611,NA,4,2,7,3313,0,1,3,NA,2,020,SR-91 W/B,TYLER STREET,400,W,N,A,-,Y,RIV,NA,91,NA,NA,12.959,H,NA,L,N,4,0,2,3,A,-,03,22350,NA,N,C,C,A,A,H,-,A,D,0,NA,NA,NA,Y,Y,NA,F,26,0,0,2,0,0,0,0,0,0,-,-,33.90570831298828,-117.45821380615234,RIVERSIDE,RIVERSIDE,-117.45816802978516,33.905662536621094
94770309,2025,2025-07-21,9840,2025-07-08,1540,019042,NA,2,2,9,3300,0,3,5,NA,2,004,CAJALCO RD,CLARK ST.,200,E,N,A,-,N,NA,NA,NA,NA,NA,NA,NA,NA,NA,N,3,0,1,2,A,-,03,22350,NA,N,C,C,A,A,H,-,A,D,0,NA,NA,Y,NA,Y,NA,C,02,0,1,0,0,0,0,0,0,1,-,-,33.837188720703125,-117.28594970703124,RIVERSIDE,UNINCORPORATED,-117.28697204589844,33.83723068237305
94770875,2025,2025-08-18,9840,2025-07-05,1832,024095,NA,6,2,9,3300,0,2,4,NA,2,042,NANDIA AVENUE,COLE AVENUE,0,NA,Y,A,-,N,NA,NA,NA,NA,NA,NA,NA,NA,NA,Y,4,0,1,2,A,-,03,22350,NA,N,D,C,A,A,H,-,A,A,0,NA,NA,NA,NA,Y,NA,A,01,0,0,1,0,0,0,0,0,0,-,-,33.86566925048828,-117.32267761230467,RIVERSIDE,UNINCORPORATED,-117.32252502441406,33.84759521484375
94771097,2025,2025-07-21,9655,2025-07-12,1850,024193,NA,6,2,9,3300,0,1,3,NA,1,118,SR-74 W/B,SANTA ROSA RD,700,W,N,A,-,Y,RIV,NA,74,NA,NA,75.134,H,NA,L,Y,3,0,3,1,C,-,18,NA,NA,N,E,8,A,A,H,-,A,D,0,NA,NA,NA,NA,Y,NA,-,-,0,3,0,0,0,0,0,0,0,-,-,33.56251907348633,-116.53724670410156,RIVERSIDE,UNINCORPORATED,-116.53729248046876,33.56257247924805
9477669,2022,2022-08-17,3325,2022-07-09,2143,2702,NA,6,5,4,3325,0,0,0,NA,0,003,MCCALLUM WY,AVENIDA ALVERA,0,NA,Y,A,-,N,NA,NA,NA,NA,NA,NA,NA,NA,NA,Y,3,0,2,3,A,-,12,22450,A,N,D,C,A,A,H,-,C,D,0,NA,NA,NA,NA,Y,Y,A,01,0,1,1,0,0,0,0,0,0,-,-,NA,NA,RIVERSIDE,CATHEDRAL CITY,-116.4641571044922,33.82316207885742
94786615,2025,2025-08-01,9630,2025-07-31,1535,020445,NA,4,2,9,3300,0,3,5,NA,2,002,RAMON ROAD,I-10 E/B,528,W,N,A,-,N,NA,NA,NA,NA,NA,NA,NA,NA,NA,Y,4,0,1,3,A,-,03,22350,NA,N,C,C,A,A,H,-,A,A,0,NA,NA,NA,NA,Y,NA,A,01,0,0,1,0,0,0,0,0,0,-,-,33.81631088256836,-116.40657806396484,RIVERSIDE,UNINCORPORATED,-116.40438079833984,33.816341400146484
94787107,2025,2025-08-04,9655,2025-07-20,522,023952,NA,7,3,9,3300,0,1,3,NA,2,315,SR-79 S/B,PATTON AVE,280,S,N,A,-,Y,RIV,NA,79,NA,R,15.581,H,NA,L,Y,4,0,3,2,A,-,05,21651,B,F,A,C,A,A,H,-,B,D,0,NA,NA,NA,NA,Y,NA,A,01,0,0,3,0,0,0,0,0,0,-,-,33.6916618347168,-117.08489990234376,RIVERSIDE,UNINCORPORATED,-117.0849151611328,33.69165802001953
94788115,2025,2025-08-04,9655,2025-07-26,345,023808,NA,6,3,4,3301,0,1,1,NA,2,204,I-10 E/B,SUNSET AVE,1056,W,N,B,-,Y,RIV,NA,10,NA,NA,10.996,H,NA,R,Y,4,0,1,1,A,-,01,23152,A,N,E,I,A,A,H,-,D,D,0,NA,NA,NA,NA,Y,Y,A,07,0,0,1,0,0,0,0,0,0,-,-,33.92546081542969,-116.91767120361328,RIVERSIDE,BANNING,-116.9176788330078,33.92543411254883
94790630,2025,2025-08-05,9840,2025-07-24,723,023574,NA,4,1,9,3300,0,2,4,NA,2,045,CAJALCO ROAD / W/B,ALEXANDER STREET,600,E,N,A,-,N,NA,NA,NA,NA,NA,NA,NA,NA,NA,Y,3,0,1,3,A,-,03,22350,NA,N,C,C,A,A,H,-,A,D,0,NA,NA,NA,NA,Y,NA,A,01,0,1,0,0,0,0,0,0,0,-,-,33.837059020996094,-117.30287933349608,RIVERSIDE,UNINCORPORATED,-117.30313110351563,33.83706283569336
94791535,2025,2025-08-06,9630,2025-07-20,1700,024113,NA,7,2,9,3300,0,3,5,NA,2,502,68TH AVENUE,POLK STREET,700,E,N,A,-,N,NA,NA,NA,NA,NA,NA,NA,NA,NA,Y,3,0,1,1,A,-,01,23152,A,N,F,A,A,A,H,-,A,D,0,NA,NA,NA,NA,Y,Y,A,07,0,1,0,0,0,0,0,0,0,-,-,33.55464172363281,-116.14511108398438,RIVERSIDE,UNINCORPORATED,-116.14519500732422,33.554595947265625
94798022,2025,2025-08-11,9840,2025-08-06,1325,015444,NA,3,1,9,3300,0,3,5,NA,2,004,MACK STREET,HAINES STREET,0,NA,Y,A,-,N,NA,NA,NA,NA,NA,NA,NA,NA,NA,Y,2,0,2,2,A,-,12,22450,A,N,D,C,A,A,H,-,A,A,0,NA,NA,NA,NA,Y,NA,A,07,1,0,1,0,0,0,0,0,0,-,-,33.82265090942383,-117.29026794433594,RIVERSIDE,UNINCORPORATED,-117.29026794433594,33.822593688964844
94798053,2025,2025-08-11,9840,2025-06-30,615,017882,NA,1,1,4,3312,0,1,1,NA,2,041,I-215 S/B,PLACENTIA AVE,2640,N,N,A,-,Y,RIV,NA,215,NA,R,29.792,H,NA,L,Y,3,0,1,1,A,-,08,22107,NA,N,E,I,A,A,H,-,A,D,0,NA,NA,NA,NA,Y,NA,A,01,0,1,0,0,0,0,0,0,0,-,-,33.82817077636719,-117.2445831298828,RIVERSIDE,PERRIS,-117.24465942382813,33.8281364440918
94799922,2025,2025-08-12,9685,2025-07-29,1235,015295,NA,2,1,9,3300,0,1,3,NA,1,045,STATE ROUTE 371,STATE ROUTE 79,6864,N,N,A,-,Y,RIV,NA,371,NA,NA,57.861,H,NA,R,Y,3,0,1,1,A,-,08,22107,NA,N,E,I,A,A,H,-,A,D,0,NA,NA,NA,NA,Y,NA,A,07,0,1,0,0,0,0,0,0,0,-,-,33.46004867553711,-116.8596420288086,RIVERSIDE,UNINCORPORATED,-116.85955047607422,33.46004867553711
94800782,2025,2025-08-13,9840,2025-08-01,1920,023501,NA,5,2,9,3300,0,1,1,NA,2,040,I-215 SB,VAN BUREN BLVD,1320,S,N,A,-,Y,RIV,NA,215,NA,R,33.654,H,NA,L,N,4,0,1,2,A,-,07,21658,A,N,B,C,A,A,H,-,A,D,0,NA,NA,NA,NA,Y,NA,D,22,0,0,1,0,0,0,0,0,0,-,-,33.88066101074219,-117.26776885986328,RIVERSIDE,UNINCORPORATED,-117.26768493652344,33.88068771362305
94800835,2025,2025-08-13,9840,2025-08-04,1340,022357,NA,1,1,7,3313,0,1,1,NA,2,023,I-215 S/B,SPRUCE ST,330,N,N,A,-,Y,RIV,NA,60,NA,NA,12.556,H,NA,R,N,4,0,1,2,A,-,08,22107,NA,N,B,C,A,A,H,-,A,D,0,NA,NA,NA,Y,Y,NA,G,25,0,0,1,0,0,0,0,0,0,-,-,33.99085998535156,-117.35228729248048,RIVERSIDE,RIVERSIDE,-117.35227966308594,33.990875244140625
94802875,2025,2025-08-14,9630,2025-08-04,1445,019310,NA,1,2,9,3300,0,3,5,NA,2,001,AVENIDA MANZANA,CAMINO AVENTURA,0,NA,Y,A,-,N,NA,NA,NA,NA,NA,NA,NA,NA,NA,Y,2,0,2,3,A,-,01,23152,A,N,D,C,A,A,H,-,A,A,0,NA,NA,NA,NA,Y,Y,A,01,1,1,0,0,0,0,0,0,0,-,-,33.93217086791992,-116.49334716796876,RIVERSIDE,UNINCORPORATED,-116.49337768554688,33.932151794433594
94807017,2025,2025-08-18,9685,2025-08-05,1810,022097,NA,2,2,9,3300,0,1,3,NA,2,011,SR-74 E/B (ORTEGA HWY),MPM 7.80,50,W,N,A,-,Y,RIV,NA,74,NA,NA,7.947,H,NA,R,N,4,0,1,2,A,-,08,22107,NA,N,A,C,A,A,H,-,A,D,0,NA,NA,NA,NA,Y,NA,A,01,0,0,1,0,0,0,0,0,0,-,-,33.65446853637695,-117.39586639404295,RIVERSIDE,UNINCORPORATED,-117.39585113525392,33.654476165771484
9480803,2022,2022-08-01,3302,2022-06-17,1121,1209,BEAUM,5,5,3,3302,0,0,0,NA,0,004,CHAMPIONS DR,DESERT LAWN DR,0,NA,Y,A,-,N,NA,NA,NA,NA,NA,NA,NA,NA,NA,N,2,0,1,2,A,-,03,22350,NA,N,C,G,A,A,H,-,A,D,0,NA,Y,NA,Y,Y,NA,L,04,1,0,0,0,0,0,1,0,0,-,-,33.95460891723633,-117.01580047607422,RIVERSIDE,BEAUMONT,-117.01583862304688,33.95464324951172
94808725,2025,2025-08-19,9630,2025-08-13,2142,021897,NA,3,2,9,3300,0,3,5,NA,2,404,MONTEREY AVE,I-10 E/B FROM MONTEREY AVE,0,NA,Y,A,-,Y,NA,NA,NA,NA,NA,NA,NA,NA,NA,N,4,0,3,2,D,-,00,NA,NA,N,D,C,A,A,H,-,C,A,0,NA,NA,NA,NA,Y,NA,-,-,0,0,3,0,0,0,0,0,0,-,-,33.80582809448242,-116.38804626464844,RIVERSIDE,UNINCORPORATED,NA,NA
94809524,2025,2025-08-19,9655,2025-08-12,1610,019630,NA,2,2,9,3300,0,3,5,NA,2,003,SAN JACINTO AVENUE,IDYLLWILD DRIVE,540,N,N,A,-,N,NA,NA,NA,NA,NA,NA,NA,NA,NA,N,3,0,1,2,A,-,11,21954,A,N,G,B,D,A,H,-,A,D,0,Y,NA,NA,NA,Y,NA,N,60,0,1,0,0,1,0,0,0,0,-,-,33.790531158447266,-116.9589385986328,RIVERSIDE,UNINCORPORATED,-116.95894622802734,33.79043960571289
94810212,2025,2025-08-20,9685,2025-08-11,102,020720,NA,1,3,5,3335,0,1,1,NA,2,030,I-15 NORTHBOUND,RANCHO CALIFORNIA ROAD,1584,S,N,A,-,Y,RIV,NA,15,NA,NA,4.655,H,NA,R,Y,3,0,2,2,C,-,18,NA,NA,N,A,C,A,A,H,-,D,D,0,NA,NA,NA,NA,Y,Y,-,-,0,1,1,0,0,0,0,0,0,-,-,33.496891021728516,-117.14830017089844,RIVERSIDE,TEMECULA,-117.14826965332033,33.49690628051758
94810514,2025,2025-08-20,9840,2025-08-13,1900,022180,NA,3,2,9,3300,0,3,5,NA,2,003,BEDFORD CANYON RD,KLYNE ST,0,NA,Y,A,-,N,NA,NA,NA,NA,NA,NA,NA,NA,NA,Y,3,0,1,2,A,-,03,22350,NA,N,C,C,A,A,H,-,A,D,0,NA,NA,NA,NA,Y,NA,A,07,0,1,0,0,0,0,0,0,0,-,-,33.82855987548828,-117.5278091430664,RIVERSIDE,UNINCORPORATED,-117.52771759033205,33.828407287597656
94814482,2025,2025-08-22,9630,2025-08-01,235,024113,NA,5,3,9,3300,0,1,1,NA,2,021,I-10 W/B,COOK STREET,2640,W,N,A,-,Y,RIV,NA,10,NA,NA,46.371,H,NA,L,Y,2,0,2,2,A,-,07,21658,A,N,B,2,A,A,H,-,D,D,0,NA,NA,NA,NA,Y,NA,A,01,1,1,0,0,0,0,0,0,0,-,-,33.79051971435547,-116.36205291748048,RIVERSIDE,UNINCORPORATED,-116.3620147705078,33.790557861328125
94817116,2025,2025-08-25,9630,2025-08-18,1250,016635,NA,1,1,9,3300,0,1,1,NA,2,020,I-10 W/B TO PALM DR,PALM DR,10,E,N,A,-,Y,NA,NA,NA,NA,NA,NA,NA,NA,NA,N,4,0,1,2,A,-,03,22350,NA,N,C,C,A,A,H,-,A,A,0,NA,NA,NA,NA,Y,NA,A,07,0,0,1,0,0,0,0,0,0,-,-,33.88043975830078,-116.50279998779295,RIVERSIDE,UNINCORPORATED,-116.50350952148438,33.87957000732422
9481921,2022,2022-08-09,3301,2022-01-08,0405,U495,39,6,5,4,3301,0,0,0,NA,0,002,MEADOWLINE WY,OPAL ST,0,NA,Y,A,-,N,NA,NA,NA,NA,NA,NA,NA,NA,NA,Y,2,0,2,2,A,-,01,23153,A,N,D,C,A,A,D,-,C,D,0,NA,NA,NA,NA,Y,Y,A,07,1,1,0,0,0,0,0,0,0,-,-,33.94240188598633,-116.94185638427734,RIVERSIDE,BANNING,-116.941856,33.942402
94823488,2025,2025-08-29,9685,2025-08-23,1015,019652,NA,6,1,4,3342,0,1,1,NA,2,034,I-215 SOUTHBOUND,CLINTON KIETH RD,1000,S,N,B,-,Y,RIV,NA,215,NA,R,12.066,H,NA,L,N,4,0,1,2,A,-,03,22350,NA,N,C,C,A,A,H,-,A,D,0,NA,NA,NA,Y,Y,NA,G,25,0,0,1,0,0,0,0,0,0,-,-,33.59321975708008,-117.17868041992188,RIVERSIDE,MURRIETA,-117.17869567871094,33.593231201171875
94823786,2025,2025-08-29,9840,2025-08-29,608,018072,NA,5,1,6,3315,0,1,1,NA,2,034,I-15 S/B,ONTARIO AVENUE,3000,N,N,A,-,Y,RIV,NA,15,NA,NA,39.373,H,NA,L,Y,4,0,1,2,A,-,08,22107,NA,N,B,C,A,A,H,-,A,D,0,NA,NA,NA,NA,Y,NA,A,01,0,0,1,0,0,0,0,0,0,-,-,33.85356140136719,-117.53533935546876,RIVERSIDE,CORONA,-117.53547668457033,33.85354232788086
94827008,2025,2025-09-02,9685,2025-08-23,2212,021828,NA,6,3,5,3335,0,1,1,NA,2,030,I-15 NORTHBOUND,WINCHESTER RD.,530,S,N,A,-,Y,RIV,NA,15,NA,NA,6.505,H,NA,R,N,4,0,1,2,A,-,03,22350,NA,N,C,C,A,A,H,-,D,D,0,NA,NA,NA,NA,Y,NA,A,01,0,0,1,0,0,0,0,0,0,-,-,33.521141052246094,-117.1618881225586,RIVERSIDE,TEMECULA,-117.1618423461914,33.52116012573242
94828842,2025,2025-09-03,9655,2025-08-30,2251,023420,NA,6,3,9,3300,0,3,5,NA,2,002,MILLARD PASS,SEMINOLE DR,0,NA,Y,A,-,N,NA,NA,NA,NA,NA,NA,NA,NA,NA,Y,4,0,2,1,A,-,21,22106,NA,N,E,8,A,A,H,-,C,A,0,NA,NA,NA,NA,Y,NA,A,01,0,0,2,0,0,0,0,0,0,-,-,33.92544174194336,-116.81226348876952,RIVERSIDE,UNINCORPORATED,-116.81211853027344,33.92546463012695
94830289,2025,2025-09-04,9685,2025-08-26,813,016347,NA,2,1,4,3307,0,1,1,NA,2,010,I-15 N/B,RAILROAD CYN RD,60,S,N,A,-,Y,RIV,NA,15,NA,NA,19.158,H,NA,R,Y,4,0,1,1,A,-,08,22107,NA,N,E,I,A,A,H,-,A,D,0,NA,NA,NA,NA,Y,NA,A,07,0,0,1,0,0,0,0,0,0,-,-,33.662288665771484,-117.2983627319336,RIVERSIDE,LAKE ELSINORE,-117.29843139648438,33.6622428894043
94830584,2025,2025-09-04,9840,2025-08-27,2040,019492,NA,3,2,6,3315,0,1,3,NA,2,031,SR-91 W/B,MCKINLEY ST.,1800,W,N,A,-,Y,RIV,NA,91,NA,NA,8.857,H,NA,L,N,4,0,1,2,A,-,08,22107,NA,N,B,C,A,A,H,-,C,D,0,NA,NA,NA,NA,Y,NA,A,07,0,0,1,0,0,0,0,0,0,-,-,33.884429931640625,-117.52313232421876,RIVERSIDE,CORONA,-117.5231475830078,33.88447570800781
94830654,2025,2025-09-04,9840,2025-08-15,2041,023574,NA,5,2,6,3394,0,1,3,NA,2,025,SR-60 E/B,PIGEION PASS ROAD,500,E,N,A,-,Y,RIV,NA,60,NA,NA,14.431,H,NA,R,Y,3,0,1,2,A,-,07,21658,A,N,C,C,A,A,H,-,D,D,0,NA,NA,Y,NA,Y,NA,C,02,0,1,0,0,0,0,0,0,1,-,-,33.94075012207031,-117.25981903076172,RIVERSIDE,MORENO VALLEY,-117.25981903076172,33.94075012207031
94831935,2025,2025-09-05,9685,2025-08-28,515,015295,NA,4,3,9,3300,0,1,3,NA,1,045,CARY ROAD,STATE ROUTE 371,40,S,N,A,-,N,NA,NA,NA,NA,NA,NA,NA,NA,NA,Y,3,0,1,1,A,-,08,22107,NA,N,E,I,A,A,H,-,A,D,0,NA,NA,NA,NA,Y,NA,A,07,0,1,0,0,0,0,0,0,0,-,-,33.54323959350586,-116.73568725585938,RIVERSIDE,UNINCORPORATED,-116.73574066162108,33.54327392578125
94835199,2025,2025-09-08,9685,2025-08-31,1440,021977,NA,7,2,5,3335,0,1,1,NA,2,030,INTERSTATE 15 SOUTHBOUND,RANCHO CALIFORNIA ROAD,1320,S,N,A,-,Y,RIV,NA,15,NA,NA,4.708,H,NA,L,N,4,0,1,2,A,-,08,22107,NA,N,B,C,A,A,H,-,A,D,0,NA,NA,NA,NA,Y,NA,D,22,0,0,1,0,0,0,0,0,0,-,-,33.497379302978516,-117.14929962158205,RIVERSIDE,TEMECULA,-117.14925384521484,33.49740982055664
94837773,2025,2025-09-09,9630,2025-09-04,442,021897,NA,4,3,9,3300,0,1,1,NA,2,020,I-10 W/B,BOB HOPE DR,1.7,W,N,A,-,Y,RIV,NA,10,NA,NA,41.238,H,NA,L,Y,3,0,1,1,A,-,08,22107,NA,N,E,I,A,A,H,-,D,D,0,NA,NA,NA,NA,Y,NA,A,01,0,1,0,0,0,0,0,0,0,-,-,33.83488082885742,-116.43344879150392,RIVERSIDE,UNINCORPORATED,-116.43352508544922,33.83479309082031
94837936,2025,2025-09-09,9655,2025-09-03,835,017546,NA,3,1,9,3300,0,1,3,NA,1,312,SR-74,CALIFORNIA AVENUE,0,NA,Y,A,-,Y,RIV,NA,74,NA,NA,35.928,H,NA,R,N,4,0,1,2,A,-,08,22101,D,N,B,2,A,A,H,-,A,A,0,NA,NA,NA,NA,Y,NA,A,07,0,0,1,0,0,0,0,0,0,-,-,33.74378967285156,-117.05017852783205,RIVERSIDE,UNINCORPORATED,-117.0501708984375,33.743804931640625