CASE_ID,ACCIDENT_YEAR,PROC_DATE,JURIS,COLLISION_DATE,COLLISION_TIME,OFFICER_ID,REPORTING_DISTRICT,DAY_OF_WEEK,CHP_SHIFT,POPULATION,CNTY_CITY_LOC,SPECIAL_COND,BEAT_TYPE,CHP_BEAT_TYPE,CITY_DIVISION_LAPD,CHP_BEAT_CLASS,BEAT_NUMBER,PRIMARY_RD,SECONDARY_RD,DISTANCE,DIRECTION,INTERSECTION,WEATHER_1,WEATHER_2,STATE_HWY_IND,CALTRANS_COUNTY,CALTRANS_DISTRICT,STATE_ROUTE,ROUTE_SUFFIX,POSTMILE_PREFIX,POSTMILE,LOCATION_TYPE,RAMP_INTERSECTION,SIDE_OF_HWY,TOW_AWAY,COLLISION_SEVERITY,NUMBER_KILLED,NUMBER_INJURED,PARTY_COUNT,PRIMARY_COLL_FACTOR,PCF_CODE_OF_VIOL,PCF_VIOL_CATEGORY,PCF_VIOLATION,PCF_VIOL_SUBSECTION,HIT_AND_RUN,TYPE_OF_COLLISION,MVIW,PED_ACTION,ROAD_SURFACE,ROAD_COND_1,ROAD_COND_2,LIGHTING,CONTROL_DEVICE,CHP_ROAD_TYPE,PEDESTRIAN_ACCIDENT,BICYCLE_ACCIDENT,MOTORCYCLE_ACCIDENT,TRUCK_ACCIDENT,NOT_PRIVATE_PROPERTY,ALCOHOL_INVOLVED,STWD_VEHTYPE_AT_FAULT,CHP_VEHTYPE_AT_FAULT,COUNT_SEVERE_INJ,COUNT_VISIBLE_INJ,COUNT_COMPLAINT_PAIN,COUNT_PED_KILLED,COUNT_PED_INJURED,COUNT_BICYCLIST_KILLED,COUNT_BICYCLIST_INJURED,COUNT_MC_KILLED,COUNT_MC_INJURED,PRIMARY_RAMP,SECONDARY_RAMP,LATITUDE,LONGITUDE,COUNTY,CITY,POINT_X,POINT_Y
94906172,2025,2025-11-13,9840,2025-10-21,1319,018248,NA,2,1,9,3300,0,3,5,NA,2,003,TEMESCAL CANYON RD,EL CERRITO RD,9,S,N,A,-,N,NA,NA,NA,NA,NA,NA,NA,NA,NA,N,4,0,2,2,A,-,09,21800,A,N,D,C,A,A,H,-,A,A,0,NA,NA,NA,NA,Y,NA,A,07,0,0,2,0,0,0,0,0,0,-,-,33.83589172363281,-117.5228271484375,RIVERSIDE,UNINCORPORATED,-117.5227508544922,33.83594512939453
94906319,2025,2025-10-29,9840,2025-10-21,1250,018221,NA,2,1,6,3315,0,1,1,NA,2,011,I-15 S/B,SR-91,3538,N,N,A,-,Y,RIV,NA,15,NA,NA,42.195,H,NA,L,Y,3,0,3,3,A,-,03,22350,NA,N,C,2,A,A,H,-,A,D,0,NA,NA,NA,NA,Y,NA,D,22,0,3,0,0,0,0,0,0,0,-,-,33.88999938964844,-117.55425262451172,RIVERSIDE,CORONA,-117.55419158935548,33.890037536621094
94909132,2025,2025-10-30,9630,2025-10-18,925,023809,NA,6,1,9,3300,0,1,3,NA,2,015,SR-62 W/B,INDIAN CANYON DR,2640,E,N,A,-,Y,RIV,NA,62,NA,NA,7.512,H,NA,L,Y,4,0,1,1,A,-,08,22107,NA,N,E,I,A,A,H,-,A,D,0,NA,NA,NA,NA,Y,NA,A,01,0,0,1,0,0,0,0,0,0,-,-,34.01333999633789,-116.57598876953124,RIVERSIDE,UNINCORPORATED,-116.57602691650392,34.01332473754883
94909179,2025,2025-10-30,9685,2025-10-19,1015,015857,NA,7,1,9,3300,0,1,3,NA,2,011,SR-74 (ORTEGA HWY),LOOKOUT,3168,E,N,A,-,Y,RIV,NA,74,NA,NA,8.598,H,NA,R,Y,3,0,2,1,A,-,08,22107,NA,N,E,I,A,A,H,-,A,D,0,NA,NA,Y,NA,Y,NA,C,02,0,2,0,0,0,0,0,0,2,-,-,33.64958953857422,-117.3881378173828,RIVERSIDE,UNINCORPORATED,-117.38814544677734,33.64957046508789
9491140,2022,2022-08-29,3309,2022-05-10,1539,2011,3309,2,5,4,3309,0,0,0,NA,0,003,DOCTOR CARREON BL,JACKSON ST,0,NA,Y,A,-,N,NA,NA,NA,NA,NA,NA,NA,NA,NA,Y,3,0,1,2,A,-,09,21801,A,N,D,C,A,A,H,-,A,A,0,NA,NA,NA,NA,Y,NA,A,07,0,1,0,0,0,0,0,0,0,-,-,NA,NA,RIVERSIDE,INDIO,-116.2164306640625,33.70771026611328
94913210,2025,2025-11-05,9840,2025-09-08,1915,019650,NA,1,2,9,3300,0,3,5,NA,2,004,DALLAS AVE.,RIVERSIDE AVE.,450,E,N,A,-,N,NA,NA,NA,NA,NA,NA,NA,NA,NA,Y,3,0,1,3,A,-,01,23152,A,N,D,E,A,A,H,-,B,D,0,NA,NA,NA,NA,Y,Y,A,07,0,1,0,0,0,0,0,0,0,-,-,33.86888122558594,-117.34264373779295,RIVERSIDE,UNINCORPORATED,-117.34293365478516,33.869014739990234
94915527,2025,2025-11-07,9655,2025-10-26,1730,023952,NA,7,2,9,3300,0,3,5,NA,2,003,REDEN CT,COLUMBIA ST,280,W,N,A,-,N,NA,NA,NA,NA,NA,NA,NA,NA,NA,N,4,0,2,2,A,-,21,22106,NA,N,D,C,A,A,H,-,B,D,0,NA,NA,NA,NA,Y,NA,D,22,0,0,2,0,0,0,0,0,0,-,-,33.7281494140625,-116.94651794433594,RIVERSIDE,UNINCORPORATED,-116.94639587402344,33.72814178466797
94915826,2025,2025-11-07,9685,2025-10-16,2300,022097,NA,4,3,9,3300,0,3,5,NA,2,003,DE PORTOLA RD,VIA APORE,0,NA,Y,A,-,N,NA,NA,NA,NA,NA,NA,NA,NA,NA,N,4,0,1,1,A,-,01,23152,A,N,E,8,A,A,H,-,D,D,0,NA,NA,NA,NA,Y,Y,D,22,0,0,1,0,0,0,0,0,0,-,-,33.52803039550781,-117.01625061035156,RIVERSIDE,UNINCORPORATED,-117.01631927490234,33.52803421020508
94917874,2025,2025-11-10,9840,2025-10-16,1450,018248,NA,4,2,6,3315,0,1,1,NA,2,034,I-15 S/B,ONTARIO AVE,3590,N,N,A,-,Y,RIV,NA,15,NA,NA,39.398,H,NA,L,N,2,0,1,2,A,-,03,22350,NA,N,C,C,A,A,H,-,A,D,0,NA,NA,Y,NA,Y,NA,C,02,1,0,0,0,0,0,0,0,1,-,-,33.85390090942383,-117.53550720214844,RIVERSIDE,CORONA,-117.53553771972656,33.85389709472656
94919838,2025,2025-11-11,9685,2025-10-18,1655,018383,NA,6,2,9,3300,0,3,5,NA,2,003,MONTE DE ORO WB,COLLEEN WAY,528,W,N,A,-,N,NA,NA,NA,NA,NA,NA,NA,NA,NA,Y,2,0,2,1,A,-,01,23152,A,N,E,I,A,A,H,-,A,D,0,NA,NA,NA,NA,Y,Y,A,07,2,0,0,0,0,0,0,0,0,-,-,33.54500961303711,-117.03990173339844,RIVERSIDE,UNINCORPORATED,-117.04031372070313,33.54486846923828
9492063,2022,2022-09-13,3313,2022-08-19,1500,1830,4,5,5,7,3313,0,0,0,NA,0,T41,CALIFORNIA AV,VIA SAN LUIS,0,NA,Y,A,-,N,NA,NA,NA,NA,NA,NA,NA,NA,NA,N,3,0,3,2,A,-,08,22107,NA,N,D,C,A,A,H,-,A,D,0,NA,NA,NA,NA,Y,NA,A,01,0,1,2,0,0,0,0,0,0,-,-,33.94282150268555,-117.42257690429688,RIVERSIDE,RIVERSIDE,-117.42276763916016,33.943023681640625
9492174,2022,2022-09-07,3313,2022-05-26,1821,1798,1,4,5,7,3313,0,0,0,NA,0,M23,BROCKTON AV,EL DORADO ST,25,N,N,A,-,N,NA,NA,NA,NA,NA,NA,NA,NA,NA,N,4,0,1,2,A,-,03,22350,NA,N,C,C,A,A,H,-,A,D,0,NA,NA,NA,NA,Y,NA,A,01,0,0,1,0,0,0,0,0,0,-,-,33.97758102416992,-117.38237762451172,RIVERSIDE,RIVERSIDE,-117.3826904296875,33.97883987426758
94923403,2025,2025-11-12,9840,2025-11-04,658,024775,NA,2,1,7,3313,0,1,1,NA,2,023,I-215 N/B,FAIR ISLE DRIVE,96,N,N,A,-,Y,RIV,NA,215,NA,NA,38.64,H,NA,R,N,4,0,1,2,A,-,03,22350,NA,N,C,C,A,A,H,-,A,D,0,NA,NA,NA,NA,Y,NA,A,01,0,0,1,0,0,0,0,0,0,-,-,33.948631286621094,-117.30162048339844,RIVERSIDE,RIVERSIDE,-117.30168151855467,33.94858932495117
94927652,2025,2025-11-13,9840,2025-11-07,1420,024872,NA,5,2,7,3313,0,1,3,NA,2,020,SR-91 W/B,LA SIERRA AVE,1750,E,N,A,-,Y,RIV,NA,91,NA,NA,12.332,H,NA,L,N,4,0,1,2,A,-,03,22350,NA,N,C,C,A,A,H,-,A,D,0,NA,NA,NA,NA,Y,NA,A,01,0,0,1,0,0,0,0,0,0,-,-,33.90147018432617,-117.4677505493164,RIVERSIDE,RIVERSIDE,-117.46778869628906,33.901554107666016
9492828,2022,2022-09-12,3313,2022-05-11,1108,1686,3,3,5,7,3313,0,0,0,NA,0,T58,INNER CIRCLE DR,VIA VALLARTA,229,S,N,A,-,N,NA,NA,NA,NA,NA,NA,NA,NA,NA,Y,3,0,1,2,A,-,08,22107,NA,N,C,E,A,-,H,-,A,D,0,NA,NA,NA,NA,Y,NA,A,01,0,1,0,0,0,0,0,0,0,-,-,33.949378967285156,-117.34059143066406,RIVERSIDE,RIVERSIDE,-117.341552734375,33.950435638427734
94928489,2025,2025-11-13,9685,2025-10-24,1720,022694,NA,5,2,9,3300,0,1,S,NA,2,904,SR-74,WASSON CANYON RD,1056,W,N,A,-,Y,NA,NA,NA,NA,NA,NA,NA,NA,NA,Y,4,0,1,2,A,-,01,23153,A,F,D,C,A,A,H,-,A,D,0,NA,NA,NA,NA,Y,Y,A,01,0,0,1,0,0,0,0,0,0,-,-,33.7176399230957,-117.29812622070313,RIVERSIDE,UNINCORPORATED,-117.30352020263672,33.7150764465332
94931376,2025,2025-11-14,9685,2025-11-13,1614,018087,NA,4,2,9,3300,0,3,5,NA,2,003,POURROY RD.,HONEY PINE RD.,1325,S,N,B,-,N,NA,NA,NA,NA,NA,NA,NA,NA,NA,Y,4,0,3,3,A,-,03,22350,NA,N,C,C,A,A,H,-,B,D,0,NA,NA,NA,NA,Y,NA,D,22,0,0,3,0,0,0,0,0,0,-,-,33.572269439697266,-117.10162353515624,RIVERSIDE,UNINCORPORATED,-117.1012954711914,33.57242965698242
94934242,2025,2025-11-17,9840,2025-11-03,800,024787,NA,1,1,9,3300,0,3,5,NA,2,004,OAKWOOD STREET,BROWN STREET,0,NA,Y,A,-,N,NA,NA,NA,NA,NA,NA,NA,NA,NA,Y,4,0,1,2,A,-,09,21802,A,N,D,C,A,A,H,-,A,A,0,NA,NA,NA,Y,Y,NA,F,26,0,0,1,0,0,0,0,0,0,-,-,33.83354187011719,-117.29637145996094,RIVERSIDE,UNINCORPORATED,-117.2964096069336,33.8334846496582
94934334,2025,2025-11-17,9655,2025-11-08,830,023306,NA,6,1,9,3300,0,1,1,NA,2,204,I-10 E/B,MALKI RD,1000,W,N,A,-,Y,RIV,NA,10,NA,R,16.431,H,NA,R,Y,3,0,4,3,A,-,03,22350,NA,N,C,C,A,A,H,-,A,D,0,NA,NA,NA,NA,Y,NA,D,22,0,4,0,0,0,0,0,0,0,-,-,33.931278228759766,-116.82388305664063,RIVERSIDE,UNINCORPORATED,-116.82388305664063,33.93123245239258
94935534,2025,2025-11-18,9840,2025-11-14,50,023053,NA,5,3,7,3313,0,1,3,NA,2,010,STATE ROUTE 60 EB,HALL AVE.,1478,E,N,B,-,Y,RIV,NA,60,NA,NA,10.252,H,NA,R,Y,4,0,1,1,A,-,08,22107,NA,N,E,J,A,A,H,-,C,D,0,NA,NA,NA,NA,Y,NA,D,22,0,0,1,0,0,0,0,0,0,-,-,34.00476837158203,-117.388427734375,RIVERSIDE,RIVERSIDE,-117.38839721679688,34.005001068115234
9493570,2022,2022-09-15,3313,2022-08-14,1639,2063,5,7,5,7,3313,0,0,0,NA,0,3R56,POLK ST,STETSON AV,0,NA,Y,A,-,N,NA,NA,NA,NA,NA,NA,NA,NA,NA,N,4,0,2,2,A,-,09,21804,A,N,D,C,A,A,H,-,A,D,0,NA,NA,NA,NA,Y,NA,A,01,0,0,2,0,0,0,0,0,0,-,-,NA,NA,RIVERSIDE,RIVERSIDE,-117.47115325927734,33.910579681396484
94939522,2025,2025-11-20,9840,2025-11-19,2010,022489,NA,3,2,7,3313,0,2,4,NA,2,042,VAN BUREN BLVD.,RIDGEWAY AVE.,65,W,N,A,-,N,NA,NA,NA,NA,NA,NA,NA,NA,NA,Y,4,0,1,2,A,-,12,22450,A,N,C,C,A,A,H,-,D,A,0,NA,NA,NA,NA,Y,NA,A,07,0,0,1,0,0,0,0,0,0,-,-,33.88713836669922,-117.34471130371094,RIVERSIDE,RIVERSIDE,-117.34457397460938,33.887062072753906
94940024,2025,2025-11-20,9685,2025-11-14,627,015906,NA,5,1,5,3335,0,1,1,NA,2,030,I-15 SOUTHBOUND,TEMECULA PARKWAY UNDERCROSSING,739,S,N,B,C,Y,RIV,NA,15,NA,NA,3.28,H,NA,L,Y,3,0,2,2,A,-,03,22350,NA,N,C,2,A,B,H,-,B,D,0,NA,NA,NA,NA,Y,NA,A,01,0,1,1,0,0,0,0,0,0,-,-,33.47856903076172,-117.14012908935548,RIVERSIDE,TEMECULA,-117.1401824951172,33.47855758666992
94943001,2025,2025-11-21,9685,2025-11-09,708,019183,NA,7,1,4,3307,0,1,1,NA,2,010,I-15 (N/B),MAIN ST,3168,N,N,A,-,Y,RIV,NA,15,NA,NA,21.602,H,NA,R,Y,4,0,1,2,A,-,07,21658,A,N,B,C,A,A,H,-,A,D,0,NA,NA,NA,NA,Y,NA,A,01,0,0,1,0,0,0,0,0,0,-,-,33.684730529785156,-117.3306121826172,RIVERSIDE,LAKE ELSINORE,-117.33061981201172,33.68472671508789
94947137,2025,2025-11-25,9840,2025-11-21,915,023689,NA,5,1,7,3313,0,1,3,NA,2,031,SR-91 WB,GREEN RIVER RD,800,E,N,B,-,Y,RIV,NA,91,NA,R,1.192,H,NA,L,Y,4,0,1,3,A,-,03,22350,NA,N,C,C,A,A,H,-,A,D,0,NA,NA,NA,NA,Y,NA,A,08,0,0,1,0,0,0,0,0,0,-,-,33.87981033325195,-117.6556396484375,RIVERSIDE,RIVERSIDE,-117.65564727783205,33.87982177734375
94956564,2025,2025-12-03,9655,2025-11-26,2115,023157,NA,3,2,9,3300,0,3,5,NA,2,003,9TH STREET,LONGFELLOW STREET,200,W,N,A,-,N,NA,NA,NA,NA,NA,NA,NA,NA,NA,N,4,0,1,1,A,-,03,22350,NA,N,F,A,A,A,H,-,D,D,0,NA,NA,NA,NA,Y,NA,D,22,0,0,1,0,0,0,0,0,0,-,-,33.71257019042969,-117.08979034423828,RIVERSIDE,UNINCORPORATED,-117.0898895263672,33.7125358581543
94959464,2025,2025-12-05,9840,2025-11-24,121,023430,NA,1,3,6,3345,0,1,3,NA,2,010,SR-60 E/B,PEDLEY RD,5280,W,N,A,-,Y,RIV,NA,60,NA,R,3.537,H,NA,R,Y,4,0,1,1,A,-,08,22107,NA,N,E,I,A,A,H,-,C,D,0,NA,NA,NA,NA,Y,NA,A,01,0,0,1,0,0,0,0,0,0,-,-,34.01914978027344,-117.49790191650392,RIVERSIDE,JURUPA VALLEY,-117.49789428710938,34.01905059814453
94960579,2025,2025-12-08,9630,2025-12-04,1300,019807,NA,4,1,9,3300,0,1,1,NA,2,301,I-10 E/B,FRONTAGE RD,7920,E,N,A,-,Y,RIV,NA,10,NA,R,77.01,H,NA,R,Y,4,0,1,1,A,-,08,22107,NA,N,E,I,A,A,H,-,A,D,0,NA,NA,NA,Y,Y,NA,G,25,0,0,1,0,0,0,0,0,0,-,-,33.66461181640625,-115.88075256347656,RIVERSIDE,UNINCORPORATED,-115.8807373046875,33.66470718383789
94962221,2025,2025-12-08,9685,2025-11-25,1745,019577,NA,2,2,4,3342,0,1,1,NA,2,030,I-15 FROM WINCHESTER RD.,MURRIETA HOT SPRINGS RD.,4890,S,N,B,-,Y,RIV,NA,15,NA,NA,8.302,H,NA,R,Y,4,0,1,2,A,-,03,22350,NA,N,C,C,A,A,H,-,B,D,0,NA,NA,NA,NA,Y,NA,A,01,0,0,1,0,0,0,0,0,0,-,-,33.54425048828125,-117.17691040039063,RIVERSIDE,MURRIETA,-117.17717742919922,33.54412078857422
9496342,2022,2022-10-19,3313,2022-05-31,1612,2064,1,2,5,7,3313,0,0,0,NA,0,T71,UNIVERSITY AV,UNIVERSITY VILLAGE,209,E,N,A,-,N,NA,NA,NA,NA,NA,NA,NA,NA,NA,N,4,0,1,2,A,-,17,21229,A,N,D,C,A,A,H,-,A,D,0,NA,NA,NA,Y,Y,NA,-,NA,0,0,1,0,0,0,0,0,0,-,-,33.9758186340332,-117.33695220947266,RIVERSIDE,RIVERSIDE,-117.33712005615234,33.975738525390625
94964296,2025,2025-12-09,9840,2025-11-21,505,023212,NA,5,3,9,3300,0,1,3,NA,2,030,SR-91 WB,AUTO CENTER DR,4066,W,N,C,-,Y,RIV,NA,91,NA,R,2.925,H,NA,L,Y,3,0,1,4,A,-,08,22107,NA,N,E,8,A,B,H,-,C,D,0,NA,NA,NA,NA,Y,NA,A,07,0,1,0,0,0,0,0,0,0,-,-,33.883331298828125,-117.62638854980467,RIVERSIDE,UNINCORPORATED,-117.62635040283205,33.883419036865234
94964511,2025,2025-12-09,9630,2025-12-01,1242,019310,NA,1,1,9,3300,0,1,1,NA,2,301,I-10 E/B,BOX CANYON RD,3696,E,N,A,-,Y,RIV,NA,10,NA,R,82.276,H,NA,R,Y,3,0,4,3,A,-,03,22350,NA,M,C,C,A,A,H,-,A,D,0,NA,NA,NA,NA,Y,NA,J,48,0,2,2,0,0,0,0,0,0,-,-,33.65999984741211,-115.78958892822266,RIVERSIDE,UNINCORPORATED,-115.78958892822266,33.659976959228516
9496561,2022,2022-08-31,3313,2022-08-12,1332,2064,3,5,5,7,3313,0,0,0,NA,0,2R39,VAN BUREN BL,BARTON ST,500,N,N,A,-,N,NA,NA,NA,NA,NA,NA,NA,NA,NA,N,2,0,1,2,A,-,03,22350,NA,N,A,C,A,A,H,-,A,A,0,NA,NA,Y,NA,Y,NA,C,02,1,0,0,0,0,0,0,0,1,-,-,33.88808059692383,-117.31405639648438,RIVERSIDE,RIVERSIDE,-117.31546783447266,33.88844680786133
9496564,2022,2022-09-06,3313,2022-08-11,0044,1818,5,4,5,7,3313,0,0,0,NA,0,NA,TYLER ST,SINCLAIR AV,225,N,N,A,-,N,NA,NA,NA,NA,NA,NA,NA,NA,NA,N,3,0,2,2,A,-,08,22107,NA,N,B,C,A,A,H,-,C,A,0,NA,NA,NA,NA,Y,Y,A,01,0,1,1,0,0,0,0,0,0,-,-,33.93846893310547,-117.47914886474608,RIVERSIDE,RIVERSIDE,-117.47865295410156,33.93933868408203
94966751,2025,2025-12-10,9840,2025-10-25,1830,023412,NA,6,2,9,3300,0,1,1,NA,2,023,I-215 S/B,CENTRAL AVENUE,900,S,N,A,-,Y,RIV,NA,215,NA,NA,39.023,H,NA,L,Y,4,0,1,3,A,-,03,22350,NA,N,C,C,A,A,H,-,D,D,0,NA,NA,NA,NA,Y,NA,A,07,0,0,1,0,0,0,0,0,0,-,-,33.953521728515625,-117.30436706542967,RIVERSIDE,UNINCORPORATED,-117.30438232421876,33.953514099121094
94969722,2025,2025-12-12,9840,2025-11-30,2305,024775,NA,7,3,6,3345,0,1,1,NA,2,011,I-15 N/B,SR-60,2112,N,N,A,-,Y,RIV,NA,15,NA,NA,51.886,H,NA,R,N,3,0,1,1,A,-,08,22107,NA,N,F,A,A,A,H,-,C,D,0,NA,NA,Y,NA,Y,NA,C,02,0,1,0,0,0,0,0,0,1,-,-,34.02762985229492,-117.55011749267578,RIVERSIDE,JURUPA VALLEY,-117.55006408691406,34.02762985229492
94972059,2025,2025-12-15,9660,2025-12-04,335,023997,NA,4,3,9,3300,0,1,1,NA,2,030,INTERSTATE 10 EASTBOUND,CORN SPRINGS RD.,32842,E,N,A,-,Y,RIV,NA,10,NA,R,120.605,H,NA,R,N,3,0,1,2,A,-,08,22107,NA,N,C,C,A,A,H,-,D,D,0,NA,NA,NA,Y,Y,NA,A,01,0,1,0,0,0,0,0,0,0,-,-,33.652198791503906,-115.14209747314452,RIVERSIDE,UNINCORPORATED,-115.14209747314452,33.652198791503906
94972221,2025,2025-12-15,9630,2025-11-22,2238,024113,NA,6,3,9,3300,0,1,1,NA,2,020,I-10 W/B,DATE PALM DR,4224,W,N,A,-,Y,RIV,NA,10,NA,NA,38.667,H,NA,L,N,2,0,4,1,A,-,01,23152,A,N,E,I,A,A,H,-,D,D,0,NA,NA,NA,NA,Y,Y,A,01,2,2,0,0,0,0,0,0,0,-,-,33.85634994506836,-116.47010040283205,RIVERSIDE,UNINCORPORATED,-116.47004699707033,33.856414794921875
9497519,2022,2022-12-13,3313,2022-06-26,1621,1881,5,7,5,7,3313,0,0,0,NA,0,3R58,JURUPA AV,BRADFORD ST,0,NA,Y,A,-,N,NA,NA,NA,NA,NA,NA,NA,NA,NA,N,4,0,1,2,A,-,09,21801,A,N,D,C,A,A,H,-,A,A,0,NA,NA,NA,NA,Y,NA,A,01,0,0,1,0,0,0,0,0,0,-,-,33.95793151855469,-117.46591949462892,RIVERSIDE,RIVERSIDE,-117.46600341796876,33.958351135253906
94979185,2025,2025-12-19,9655,2025-12-11,855,021177,NA,4,1,5,3308,1,4,S,NA,2,901,MENLO AVE.,BRISBANE STREET,0,NA,Y,A,-,N,NA,NA,NA,NA,NA,NA,NA,NA,NA,N,4,0,1,1,C,-,18,NA,NA,N,H,A,A,A,H,-,A,A,0,NA,NA,NA,NA,Y,NA,-,-,0,0,1,0,0,0,0,0,0,-,-,33.75823974609375,-117.01116943359376,RIVERSIDE,HEMET,-117.01116180419922,33.75812530517578
94979626,2025,2025-12-19,9840,2025-10-04,1210,023114,NA,6,1,6,3394,0,1,3,NA,2,025,STATE ROUTE 60 WESTBOUND,PIEGON PASS ROAD,535,E,N,A,-,Y,RIV,NA,60,NA,NA,14.443,H,NA,L,Y,1,1,0,2,A,-,08,22107,NA,N,E,C,A,A,H,-,A,D,0,NA,NA,NA,Y,Y,NA,A,01,0,0,0,0,0,0,0,0,0,-,-,33.94084930419922,-117.25962066650392,RIVERSIDE,MORENO VALLEY,-117.25962066650392,33.94092559814453
94979830,2025,2025-12-19,9840,2025-12-08,800,017802,NA,1,1,6,3315,0,1,1,NA,2,011,I-15 N/B,MAGNOLIA AVE.,1580,N,N,A,-,Y,RIV,NA,15,NA,NA,40.678,H,NA,R,N,3,0,1,3,A,-,03,22350,NA,N,C,C,A,A,H,-,A,D,0,NA,NA,NA,NA,Y,NA,D,22,0,1,0,0,0,0,0,0,0,-,-,33.87022018432617,-117.54415893554688,RIVERSIDE,CORONA,-117.54420471191406,33.87021255493164
94981361,2025,2025-12-22,9655,2025-12-12,520,023306,NA,5,3,9,3300,0,3,5,NA,2,003,DOMENIGONI PKY,BRIGGS RD,2640,E,N,A,-,N,NA,NA,NA,NA,NA,NA,NA,NA,NA,Y,4,0,2,1,A,-,08,22107,NA,N,E,I,A,A,H,-,A,D,0,NA,NA,NA,NA,Y,NA,A,07,0,0,2,0,0,0,0,0,0,-,-,33.69369125366211,-117.1311264038086,RIVERSIDE,UNINCORPORATED,-117.12978363037108,33.69329071044922
94982618,2025,2025-12-22,9840,2025-12-03,559,024872,NA,3,3,7,3313,0,1,1,NA,2,023,I-215 S/B,MARTIN LUTHER KING BLVD,1034,S,N,A,-,Y,RIV,NA,215,NA,NA,40.672,H,NA,L,N,4,0,1,2,A,-,03,22350,NA,N,C,C,A,A,H,-,C,D,0,NA,NA,NA,NA,Y,NA,A,01,0,0,1,0,0,0,0,0,0,-,-,33.96603012084961,-117.32705688476563,RIVERSIDE,RIVERSIDE,-117.32707214355467,33.966026306152344
9498334,2022,2022-10-13,3302,2022-06-25,0923,1209,BMT,6,5,3,3302,0,0,0,NA,0,002,PALM AV,11TH ST,0,NA,Y,A,-,N,NA,NA,NA,NA,NA,NA,NA,NA,NA,N,4,0,1,1,A,-,08,22107,NA,N,E,I,A,-,H,-,A,D,0,NA,NA,NA,NA,Y,NA,B,01,0,0,1,0,0,0,0,0,0,-,-,33.93708038330078,-116.97161865234376,RIVERSIDE,BEAUMONT,-116.97174835205078,33.93709182739258
9498631,2022,2022-10-24,3302,2022-09-24,0716,1186,NA,6,5,3,3302,0,0,0,NA,0,001,1ST ST,MICHIGAN AV,0,NA,Y,A,-,N,NA,NA,NA,NA,NA,NA,NA,NA,NA,Y,3,0,3,2,A,-,12,22450,A,N,D,C,A,A,H,-,B,A,0,NA,NA,NA,NA,Y,NA,A,07,0,2,1,0,0,0,0,0,0,-,-,33.921138763427734,-116.96917724609376,RIVERSIDE,BEAUMONT,-116.96884155273438,33.92171096801758
94992583,2025,2025-12-30,9630,2025-12-23,1354,019153,NA,2,1,9,3300,0,1,1,NA,2,021,I-10 E/B,COOK ST,2640,W,N,B,-,Y,RIV,NA,10,NA,NA,46.241,H,NA,R,N,4,0,1,3,A,-,03,22350,NA,N,C,C,A,B,H,-,A,D,0,NA,NA,NA,NA,Y,NA,D,22,0,0,1,0,0,0,0,0,0,-,-,33.791419982910156,-116.36393737792967,RIVERSIDE,UNINCORPORATED,-116.36396026611328,33.7913932800293
94993594,2025,2025-12-31,9840,2025-12-15,1512,019412,NA,1,2,7,3313,0,1,3,NA,2,020,SR-91 E/B TO TYLER ST,TYLER ST,880,W,N,A,-,Y,RIV,NA,91,NA,NA,12.871,H,NA,R,Y,4,0,2,3,A,-,03,22350,NA,N,C,C,A,A,H,-,A,D,0,NA,NA,NA,NA,Y,NA,A,01,0,0,2,0,0,0,0,0,0,-,-,33.904781341552734,-117.45926666259766,RIVERSIDE,RIVERSIDE,-117.45932769775392,33.90484619140625
94994090,2025,2025-12-31,9630,2025-12-27,1340,024941,NA,6,1,9,3300,0,3,5,NA,2,404,VARNER ROAD,CLASSIC CLUB BOULEVARD,300,E,N,A,-,N,NA,NA,NA,NA,NA,NA,NA,NA,NA,N,4,0,2,2,A,-,03,22350,NA,N,C,C,A,A,H,-,A,D,0,NA,NA,NA,NA,Y,NA,A,01,0,0,2,0,0,0,0,0,0,-,-,33.78313064575195,-116.3489227294922,RIVERSIDE,UNINCORPORATED,-116.34994506835938,33.78428649902344
94994379,2025,2025-12-31,9840,2025-12-16,707,020659,NA,2,1,7,3313,0,1,3,NA,2,021,SR-91 E/B,IVY ST,600,E,N,A,-,Y,RIV,NA,91,NA,NA,19.101,H,NA,R,N,4,0,1,2,A,-,03,22350,NA,N,C,C,A,A,H,-,A,D,0,NA,NA,NA,NA,Y,NA,A,07,0,0,1,0,0,0,0,0,0,-,-,33.961509704589844,-117.37750244140624,RIVERSIDE,RIVERSIDE,-117.37753295898438,33.961509704589844