CASE_ID,ACCIDENT_YEAR,PROC_DATE,JURIS,COLLISION_DATE,COLLISION_TIME,OFFICER_ID,REPORTING_DISTRICT,DAY_OF_WEEK,CHP_SHIFT,POPULATION,CNTY_CITY_LOC,SPECIAL_COND,BEAT_TYPE,CHP_BEAT_TYPE,CITY_DIVISION_LAPD,CHP_BEAT_CLASS,BEAT_NUMBER,PRIMARY_RD,SECONDARY_RD,DISTANCE,DIRECTION,INTERSECTION,WEATHER_1,WEATHER_2,STATE_HWY_IND,CALTRANS_COUNTY,CALTRANS_DISTRICT,STATE_ROUTE,ROUTE_SUFFIX,POSTMILE_PREFIX,POSTMILE,LOCATION_TYPE,RAMP_INTERSECTION,SIDE_OF_HWY,TOW_AWAY,COLLISION_SEVERITY,NUMBER_KILLED,NUMBER_INJURED,PARTY_COUNT,PRIMARY_COLL_FACTOR,PCF_CODE_OF_VIOL,PCF_VIOL_CATEGORY,PCF_VIOLATION,PCF_VIOL_SUBSECTION,HIT_AND_RUN,TYPE_OF_COLLISION,MVIW,PED_ACTION,ROAD_SURFACE,ROAD_COND_1,ROAD_COND_2,LIGHTING,CONTROL_DEVICE,CHP_ROAD_TYPE,PEDESTRIAN_ACCIDENT,BICYCLE_ACCIDENT,MOTORCYCLE_ACCIDENT,TRUCK_ACCIDENT,NOT_PRIVATE_PROPERTY,ALCOHOL_INVOLVED,STWD_VEHTYPE_AT_FAULT,CHP_VEHTYPE_AT_FAULT,COUNT_SEVERE_INJ,COUNT_VISIBLE_INJ,COUNT_COMPLAINT_PAIN,COUNT_PED_KILLED,COUNT_PED_INJURED,COUNT_BICYCLIST_KILLED,COUNT_BICYCLIST_INJURED,COUNT_MC_KILLED,COUNT_MC_INJURED,PRIMARY_RAMP,SECONDARY_RAMP,LATITUDE,LONGITUDE,COUNTY,CITY,POINT_X,POINT_Y
6462052,2014,2016-03-21,9840,2014-03-12,0745,00001,NA,3,1,7,3313,0,1,3,NA,2,025,RT 60,LA RUE ST,125,E,N,A,-,Y,RIV,8,60,-,-,8.83,H,-,E,Y,4,0,1,2,A,-,08,22107,NA,N,B,C,A,A,H,-,A,D,1,NA,NA,NA,NA,Y,NA,A,01,0,0,1,0,0,0,0,0,0,-,-,NA,NA,RIVERSIDE,RIVERSIDE,-117.41286859,34.00521365
6463202,2014,2016-04-16,9655,2014-04-09,0905,12074,NA,3,1,9,3300,0,1,1,NA,2,204,RT 10,HAUGEN LEHMANN WY,6600,W,N,A,-,Y,RIV,8,10,-,R,23.3,H,-,E,Y,3,0,2,1,A,-,08,22107,NA,N,E,I,A,A,H,-,A,D,1,NA,NA,NA,NA,Y,NA,D,22,0,2,0,0,0,0,0,0,0,-,-,33.92113,-116.71048,RIVERSIDE,UNINCORPORATED,-116.71050415,33.92093545
6465252,2014,2014-07-18,9840,2014-04-02,1740,013968,NA,3,2,9,3300,0,2,4,NA,2,042,VAN BUREN BL,CANYON VIEW DR,130,E,N,B,-,N,NA,NA,NA,NA,NA,NA,NA,NA,NA,Y,4,0,1,2,A,-,03,22350,NA,N,D,C,A,A,H,-,A,D,0,NA,NA,NA,NA,Y,NA,D,22,0,0,1,0,0,0,0,0,0,-,-,33.88201,-117.38795,RIVERSIDE,UNINCORPORATED,-117.38774442,33.88225969
6465384,2014,2016-04-16,9840,2014-04-05,1140,16342,NA,6,1,4,3310,0,1,1,NA,2,011,RT 15,DETROIT ST,50,N,N,A,-,Y,RIV,8,15,-,-,45.9,H,-,N,Y,2,0,3,2,A,-,03,22350,NA,N,F,A,A,A,H,-,A,D,1,NA,NA,Y,NA,Y,NA,C,02,1,2,0,0,0,0,0,0,3,-,-,33.94287,-117.55528,RIVERSIDE,NORCO,-117.55539921,33.94231204
6465433,2014,2016-04-16,9840,2014-04-12,0200,15957,NA,6,3,6,3315,0,1,3,NA,2,030,RT 91,SMITH ST,750,E,N,A,-,Y,RIV,8,91,-,-,4.3,H,-,E,Y,3,0,1,2,A,-,01,23152,A,N,C,E,A,A,H,-,D,D,1,NA,NA,NA,NA,Y,Y,A,01,0,1,0,0,0,0,0,0,0,-,-,33.88189,-117.59154,RIVERSIDE,CORONA,-117.60113705,33.88049011
6465483,2014,2014-07-17,9840,2014-04-02,0700,12075,NA,3,1,9,3300,0,2,4,NA,2,042,VAN BUREN RD,CONSTABLE RD,0,NA,Y,A,-,N,NA,NA,NA,NA,NA,NA,NA,NA,NA,N,4,0,2,2,A,-,12,21453,A,N,D,C,A,B,H,-,A,A,0,NA,NA,NA,NA,Y,NA,A,01,0,0,2,0,0,0,0,0,0,-,-,NA,NA,RIVERSIDE,UNINCORPORATED,-117.39766006,33.88098009
6465521,2014,2016-02-22,9685,2014-02-08,1235,013562,NA,6,1,5,3335,0,1,1,NA,2,030,RT 15,SANTIAGO RD,314,N,N,A,-,Y,RIV,8,15,-,-,4.19,H,-,S,NA,4,0,1,3,A,-,08,22107,NA,N,B,C,A,A,H,-,A,D,1,NA,NA,NA,NA,Y,NA,A,01,0,0,1,0,0,0,0,0,0,-,-,33.49154,-117.14499,RIVERSIDE,TEMECULA,-117.14479031,33.49140007
6465578,2014,2014-06-21,3300,2014-02-21,2120,3797,38J1,5,5,4,3318,0,0,0,NA,0,907,COUNTRY CLUB DR,INDIAN RIDGE DR,34,W,N,A,-,N,NA,NA,NA,NA,NA,NA,NA,NA,NA,N,4,0,1,2,A,-,03,22350,NA,N,C,C,A,A,H,-,C,A,0,NA,NA,NA,NA,Y,NA,A,01,0,0,1,0,0,0,0,0,0,-,-,NA,NA,RIVERSIDE,PALM DESERT,-116.33250138,33.75825
6466213,2014,2014-07-15,3306,2014-04-09,1405,119,DESER,3,5,3,3306,0,0,0,NA,0,NA,PALM DR,HACIENDA AV,0,NA,Y,A,-,N,NA,NA,NA,NA,NA,NA,NA,NA,NA,N,4,0,1,2,A,-,11,21955,NA,N,G,G,A,A,H,-,A,D,0,NA,Y,NA,NA,Y,NA,L,04,0,0,1,0,0,0,1,0,0,-,-,NA,NA,RIVERSIDE,DESERT HOT SPRINGS,-116.50131001,33.95415009
6468328,2014,2014-07-28,3313,2014-04-18,0405,1096,A137,5,5,7,3313,0,0,0,NA,0,NORTH,14TH ST,LIME ST,0,NA,Y,A,-,N,NA,NA,NA,NA,NA,NA,NA,NA,NA,Y,4,0,1,2,A,-,12,21453,A,N,D,C,A,A,H,-,C,A,0,NA,NA,Y,NA,Y,NA,-,-,0,0,1,0,0,0,0,0,1,-,-,NA,NA,RIVERSIDE,RIVERSIDE,-117.37482014,33.97452004
6470552,2014,2016-04-16,9840,2014-04-26,1355,18911,NA,6,1,7,3313,0,1,3,NA,2,020,RT 91,TYLER ST,800,W,N,A,-,Y,RIV,8,91,-,-,12.89,H,-,E,Y,4,0,1,2,A,-,03,22350,NA,N,C,C,A,A,H,-,A,D,1,NA,NA,NA,NA,Y,NA,D,22,0,0,1,0,0,0,0,0,0,-,-,33.90511,-117.45861,RIVERSIDE,RIVERSIDE,-117.45909916,33.90497548
6471278,2014,2016-04-16,9655,2014-04-13,0940,17000,NA,7,1,4,3301,0,1,1,NA,2,204,RT 10,SUNSET AV,528,E,N,A,-,Y,RIV,8,10,-,-,11.45,H,-,W,Y,3,0,2,2,A,-,08,22107,NA,N,E,I,A,A,H,-,A,D,1,NA,NA,NA,Y,Y,NA,A,08,0,1,1,0,0,0,0,0,0,-,-,33.92444,-116.91055,RIVERSIDE,BANNING,-116.90992048,33.92446634
6473799,2014,2014-08-06,3300,2014-02-07,1521,NA,NA,5,5,6,3394,0,0,0,NA,0,NA,FREDERICK ST,BAY AV,0,NA,Y,A,-,N,NA,NA,NA,NA,NA,NA,NA,NA,NA,Y,2,0,1,3,-,-,-,NA,NA,N,D,C,F,A,H,-,A,A,0,Y,NA,NA,NA,Y,NA,-,-,1,0,0,0,1,0,0,0,0,-,-,33.9209,-117.26103,RIVERSIDE,MORENO VALLEY,-117.26115003,33.92086006
6474574,2014,2015-03-12,3300,2014-04-28,0701,12208,NA,1,5,4,3310,0,0,0,NA,0,NA,2ND ST,HAMNER ST,436,E,N,B,-,N,NA,NA,NA,NA,NA,NA,NA,NA,NA,Y,4,0,3,2,A,-,12,21453,A,N,D,C,A,A,H,-,A,A,0,NA,NA,NA,NA,Y,NA,D,22,0,0,3,0,0,0,0,0,0,-,-,33.90971,-117.55947,RIVERSIDE,NORCO,-117.55972692,33.9096306
6478197,2014,2016-03-14,3300,2014-03-06,2253,3611,601E5,4,5,6,3394,0,0,0,NA,0,MV46,REDLANDS AV,RT 60,58,N,N,A,-,Y,RIV,8,60,-,-,20.264,R,4,E,Y,4,0,1,1,A,-,01,23152,E,N,E,I,A,A,H,-,C,A,0,NA,NA,NA,NA,Y,NA,A,01,0,0,1,0,0,0,0,0,0,-,EF,NA,NA,RIVERSIDE,MORENO VALLEY,-117.15855181,33.9391693
6478310,2014,2014-07-14,3313,2014-04-11,1353,1222,WEST,5,5,7,3313,0,0,0,NA,0,T41,CYPRESS AV,PICKER ST,294,W,N,A,-,N,NA,NA,NA,NA,NA,NA,NA,NA,NA,Y,2,0,2,2,A,-,05,21460,A,N,D,C,A,A,H,-,A,D,0,NA,NA,Y,NA,Y,NA,A,01,1,1,0,0,0,0,0,0,1,-,-,NA,NA,RIVERSIDE,RIVERSIDE,-117.46352653,33.94285893
6479936,2014,2014-07-09,9655,2014-04-21,1040,012775,NA,1,1,9,3300,0,3,5,NA,2,002,LIVE OAK CANYON RD,SAN TIMOTEO CANYON RD,10560,N,N,A,-,N,NA,NA,NA,NA,NA,NA,NA,NA,NA,N,3,0,1,1,A,-,03,22350,NA,N,E,I,A,A,H,-,A,A,0,NA,NA,Y,NA,Y,NA,C,02,0,1,0,0,0,0,0,0,1,-,-,NA,NA,RIVERSIDE,UNINCORPORATED,-117.13246158,34.00342614
6480248,2014,2014-07-31,3300,2014-04-27,1250,N2659,36R3,7,5,4,3318,0,0,0,NA,0,036,ACACIA ST,FRED WARING DR,3,S,N,A,-,N,NA,NA,NA,NA,NA,NA,NA,NA,NA,N,4,0,1,2,A,-,-,NA,NA,N,D,G,A,A,H,-,A,D,0,NA,Y,NA,NA,Y,NA,L,04,0,0,1,0,0,0,1,0,0,-,-,NA,NA,RIVERSIDE,PALM DESERT,-116.39243059,33.72876181
6483482,2014,2015-02-25,3300,2014-03-27,2307,4357,3300,4,5,3,3305,0,0,0,NA,0,80C4,PUERTO ESCONDIDO,CHICHEN ITZA RD,0,NA,Y,A,-,N,NA,NA,NA,NA,NA,NA,NA,NA,NA,N,4,0,1,5,A,-,03,22350,NA,N,A,C,A,A,H,-,C,D,0,NA,NA,NA,NA,Y,NA,-,NA,0,0,1,0,0,0,0,0,0,-,-,NA,NA,RIVERSIDE,COACHELLA,-116.2083301,33.69381008
6483597,2014,2016-04-19,9840,2014-04-24,1540,17399,NA,4,2,7,3313,0,1,3,NA,2,010,RT 60,ORANGE ST,10,W,N,A,-,Y,RIV,8,60,-,-,11.888,R,1,E,Y,4,0,1,2,A,-,03,22350,NA,N,C,C,A,A,H,-,A,A,1,NA,NA,NA,NA,Y,NA,-,NA,0,0,1,0,0,0,0,0,0,-,-,33.99568,-117.36343,RIVERSIDE,RIVERSIDE,-117.36237857,33.9954086
6485405,2014,2014-07-16,3311,2014-04-25,2115,15310,NA,5,5,4,3311,0,0,0,NA,0,NA,SUNRISE WY,CAMINO PAROCELA,66,S,N,A,-,N,NA,NA,NA,NA,NA,NA,NA,NA,NA,Y,4,0,1,2,A,-,09,21801,A,N,B,C,A,A,H,-,C,A,0,NA,NA,NA,NA,Y,NA,A,01,0,0,1,0,0,0,0,0,0,-,-,NA,NA,RIVERSIDE,PALM SPRINGS,-116.52822,33.81415936
6486922,2014,2016-04-16,9840,2014-05-08,0735,14916,NA,4,1,7,3313,0,1,1,NA,2,023,RT 215,CENTRAL AV,2640,S,N,B,-,Y,RIV,8,215,-,-,38.98,H,-,N,Y,4,0,3,5,A,-,03,22350,NA,N,C,C,A,A,H,-,A,D,1,NA,NA,NA,NA,Y,NA,-,NA,0,0,3,0,0,0,0,0,0,-,-,33.95691,-117.30694,RIVERSIDE,RIVERSIDE,-117.30393326,33.95324052
6487168,2014,2014-05-30,3308,2014-02-19,1116,6289,516,3,5,5,3308,0,0,0,NA,0,NORTH,LATHAM AV,ELK ST,96,E,N,A,-,N,NA,NA,NA,NA,NA,NA,NA,NA,NA,N,3,0,3,2,A,-,01,23153,A,N,A,C,A,A,H,-,A,D,0,NA,NA,NA,NA,Y,Y,A,01,0,2,1,0,0,0,0,0,0,-,-,NA,NA,RIVERSIDE,HEMET,-116.98446528,33.74925
6487330,2014,2014-07-15,3300,2014-04-15,0106,3536,603A4,2,5,6,3394,0,0,0,NA,0,032,UNITY CT,UNITY CT 14540,0,NA,N,A,-,N,NA,NA,NA,NA,NA,NA,NA,NA,NA,Y,3,0,1,3,A,-,01,23152,A,M,C,E,A,A,H,-,-,D,0,NA,NA,NA,NA,Y,NA,A,01,0,1,0,0,0,0,0,0,0,-,-,NA,NA,RIVERSIDE,MORENO VALLEY,-117.241947,33.90964
6488619,2014,2014-09-29,3313,2014-05-05,1918,1783,N,1,5,7,3313,0,0,0,NA,0,T71,ARLINGTON AV,RIVERSIDE DR,0,NA,Y,A,-,N,NA,NA,NA,NA,NA,NA,NA,NA,NA,Y,4,0,1,2,A,-,08,22107,NA,N,D,C,A,A,D,-,B,A,0,NA,NA,NA,NA,Y,NA,A,01,0,0,1,0,0,0,0,0,0,-,-,NA,NA,RIVERSIDE,RIVERSIDE,-117.38947008,33.94628009
6489157,2014,2014-08-04,3313,2014-05-17,0107,1592,WEST,6,5,7,3313,0,0,0,NA,0,A439,CAMPBELL AV,JONES ST,120,NA,N,A,-,N,NA,NA,NA,NA,NA,NA,NA,NA,NA,Y,3,0,1,2,A,-,08,22107,NA,N,B,E,A,A,H,-,C,D,0,NA,NA,NA,NA,Y,NA,A,01,0,1,0,0,0,0,0,0,0,-,-,NA,NA,RIVERSIDE,RIVERSIDE,-117.48206013,33.93593006
6489277,2014,2016-04-16,9840,2014-05-11,2010,20798,NA,7,2,6,3345,0,1,1,NA,2,011,RT 15,RIVERSIDE AV,100,N,N,A,-,Y,RIV,8,15,-,-,51.3,H,-,N,Y,4,0,1,2,A,-,03,22350,NA,F,C,C,A,A,H,-,C,D,1,NA,NA,NA,NA,Y,NA,A,01,0,0,1,0,0,0,0,0,0,-,-,34.01915,-117.55004,RIVERSIDE,JURUPA VALLEY,-117.55005877,34.01935329
6489878,2014,2014-08-08,3313,2014-06-10,0950,1202,C,2,5,7,3313,0,0,0,NA,0,M30,CALIFORNIA AV,MESCALE RD,0,NA,Y,A,-,N,NA,NA,NA,NA,NA,NA,NA,NA,NA,Y,4,0,2,2,A,-,03,22350,NA,N,C,C,A,A,H,-,A,D,0,NA,NA,NA,NA,Y,NA,D,22,0,0,2,0,0,0,0,0,0,-,-,NA,NA,RIVERSIDE,RIVERSIDE,-117.43060001,33.93858005
6498128,2014,2014-07-25,9655,2014-05-05,1840,16658,NA,1,2,9,3300,0,3,5,NA,2,002,NOBLE ST,CHERRY VALLEY BL,0,NA,Y,A,-,N,NA,NA,NA,NA,NA,NA,NA,NA,NA,Y,3,0,2,2,A,-,09,21802,A,N,D,C,A,A,H,-,A,A,0,NA,NA,NA,NA,Y,NA,A,01,0,1,1,0,0,0,0,0,0,-,-,33.96875,-116.96847,RIVERSIDE,UNINCORPORATED,-116.96836012,33.96876009
6498775,2014,2016-04-16,9840,2014-05-05,1800,14335,NA,1,2,6,3394,0,1,3,NA,2,025,RT 60,PERRIS BL,1100,E,N,A,-,Y,RIV,8,60,-,-,16.59,H,-,E,Y,4,0,1,2,A,-,03,22350,NA,N,C,C,A,A,H,-,A,D,1,NA,NA,NA,NA,Y,NA,A,01,0,0,1,0,0,0,0,0,0,-,-,NA,NA,RIVERSIDE,MORENO VALLEY,-117.22251036,33.93922407
6498795,2014,2016-04-16,9840,2014-05-07,1745,014335,NA,3,2,7,3313,0,1,3,NA,2,020,RT 91,MAGNOLIA AV,250,W,N,A,-,Y,RIV,8,91,-,-,11.05,H,-,W,Y,4,0,1,3,A,-,03,22350,NA,N,C,C,A,A,H,-,A,D,1,NA,NA,NA,NA,Y,NA,A,07,0,0,1,0,0,0,0,0,0,-,-,NA,NA,RIVERSIDE,RIVERSIDE,-117.48877543,33.89733659
6498844,2014,2014-06-24,3300,2014-02-17,1610,4733,905K,1,5,4,3307,0,0,0,NA,0,094,WOODLAKE DR,LAKESHORE BL,21,N,N,A,-,N,NA,NA,NA,NA,NA,NA,NA,NA,NA,N,3,0,1,1,C,-,18,NA,NA,N,E,I,A,A,H,-,A,D,0,NA,NA,NA,NA,Y,NA,-,-,0,1,0,0,0,0,0,0,0,-,-,NA,NA,RIVERSIDE,LAKE ELSINORE,-117.38274392,33.69319745
6500720,2014,2014-07-09,3300,2014-03-27,1735,N4187,901B,4,5,4,3310,0,0,0,NA,0,050,HAMNER AV,TAFT ST,178,N,N,A,-,N,NA,NA,NA,NA,NA,NA,NA,NA,NA,Y,3,0,2,2,A,-,03,22350,NA,N,C,C,A,A,H,-,A,D,0,NA,NA,NA,NA,Y,NA,A,01,0,1,1,0,0,0,0,0,0,-,-,33.9402,-117.5577,RIVERSIDE,NORCO,-117.55809391,33.94042765
6503682,2014,2014-07-25,9840,2014-05-20,1720,12075,NA,2,2,9,3300,0,1,1,NA,2,041,RT 215,NUEVO RD,1000,N,N,A,-,Y,NA,NA,215,NA,NA,NA,NA,NA,NA,N,4,0,1,2,A,-,03,22350,NA,N,C,C,A,A,H,-,A,D,0,NA,NA,Y,NA,Y,NA,C,02,0,0,1,0,0,0,0,0,1,-,-,33.80527,-117.23376,RIVERSIDE,UNINCORPORATED,-117.23376223,33.80526882
6503745,2014,2016-04-16,9840,2014-05-21,0855,17169,NA,3,1,6,3315,0,1,3,NA,2,301,RT 91,RT 71,2112,E,N,A,-,Y,RIV,8,91,-,R,2.49,H,-,W,Y,3,0,1,1,A,-,03,22350,NA,N,F,A,A,A,H,-,A,D,1,NA,NA,Y,NA,Y,NA,C,02,0,1,0,0,0,0,0,0,1,-,-,33.88449,-117.6371,RIVERSIDE,CORONA,-117.63380263,33.88492234
6504112,2014,2014-07-28,9630,2014-05-22,1411,019807,NA,4,2,9,3300,0,3,5,NA,2,005,JACKSON ST,52ND AV,1056,S,N,C,-,N,NA,NA,NA,NA,NA,NA,NA,NA,NA,Y,4,0,1,2,A,-,03,22350,NA,N,C,C,A,B,H,-,A,D,0,NA,NA,NA,NA,Y,NA,A,01,0,0,1,0,0,0,0,0,0,-,-,33.66902,-116.21639,RIVERSIDE,UNINCORPORATED,-116.21646842,33.66811136
6504119,2014,2016-04-16,9630,2014-05-23,1401,19228,NA,5,2,9,3300,0,1,1,NA,2,302,RT 10,EAGLE MOUNTAIN RD,7392,W,N,B,-,Y,RIV,8,10,-,R,100.61,H,-,E,Y,3,0,2,1,A,-,08,22107,NA,N,E,I,A,A,H,-,A,D,1,NA,NA,NA,NA,Y,NA,A,07,0,1,1,0,0,0,0,0,0,-,-,33.69584,-115.48308,RIVERSIDE,UNINCORPORATED,-115.47620823,33.69709527
6505398,2014,2014-07-25,3313,2014-05-16,1654,1523,CENTR,5,5,7,3313,0,0,0,NA,0,T44,ARLINGTON AV,MONROE ST,67,W,N,A,-,N,NA,NA,NA,NA,NA,NA,NA,NA,NA,N,3,0,2,2,A,-,01,23152,E,N,C,C,A,A,H,-,A,A,0,NA,NA,NA,NA,Y,NA,A,01,0,1,1,0,0,0,0,0,0,-,-,NA,NA,RIVERSIDE,RIVERSIDE,-117.44590028,33.94587
6508938,2014,2016-02-22,9840,2014-05-10,1256,17765,NA,6,1,9,3300,0,3,5,NA,2,003,MOUNTAIN RD,EDGEMONT DR,3,N,N,A,-,N,NA,NA,NA,NA,NA,NA,NA,NA,NA,Y,4,0,2,2,A,-,09,21801,A,N,A,C,A,A,H,-,A,D,0,NA,NA,NA,NA,Y,NA,A,01,0,0,2,0,0,0,0,0,0,-,-,33.71875,-117.42831,RIVERSIDE,UNINCORPORATED,-117.42824,33.71868
6509132,2014,2014-08-07,3313,2014-05-07,1833,1523,EAST,3,5,7,3313,0,0,0,NA,0,T44,TWELFTH ST,CHICAGO AV,160,W,N,A,-,N,NA,NA,NA,NA,NA,NA,NA,NA,NA,Y,3,0,2,1,A,-,08,22107,NA,N,E,I,A,A,H,-,A,A,0,NA,NA,NA,NA,Y,NA,A,01,0,1,1,0,0,0,0,0,0,-,-,NA,NA,RIVERSIDE,RIVERSIDE,-117.34904529,33.97180852
6509697,2014,2014-08-04,3302,2014-05-29,1421,764,3302,4,5,3,3302,0,0,0,NA,0,003,E 6TH,CHESTNUT AV,0,NA,Y,A,-,N,NA,NA,NA,NA,NA,NA,NA,NA,NA,Y,4,0,1,2,A,-,09,21804,NA,N,D,C,A,A,H,-,A,D,0,NA,NA,NA,NA,Y,NA,A,01,0,0,1,0,0,0,0,0,0,-,-,NA,NA,RIVERSIDE,BEAUMONT,-116.97023013,33.92940004
6509745,2014,2014-08-04,3300,2014-05-05,1201,4767,905D,1,5,4,3307,0,0,0,NA,0,090,CHAPARROSA WY,OTAY WY,209,N,N,A,-,N,NA,NA,NA,NA,NA,NA,NA,NA,NA,N,4,0,1,1,A,-,-,NA,NA,N,A,I,A,A,H,-,A,D,0,NA,NA,NA,NA,Y,NA,A,01,0,0,1,0,0,0,0,0,0,-,-,NA,NA,RIVERSIDE,LAKE ELSINORE,-117.23393,33.66891
6509838,2014,2016-04-16,9840,2014-05-27,0725,13500,NA,2,1,7,3313,0,1,3,NA,2,020,RT 91,MAGNOLIA AV,391,W,N,A,-,Y,RIV,8,91,-,-,11.192,R,2,W,Y,2,0,1,1,A,-,08,22107,NA,N,E,I,A,A,H,-,A,D,1,NA,NA,NA,NA,Y,NA,A,07,1,0,0,0,0,0,0,0,0,TO,-,33.89748,-117.48813,RIVERSIDE,RIVERSIDE,-117.48634408,33.89699098
6510559,2014,2014-07-31,3300,2014-05-19,1247,N3162,D001,1,5,6,3345,0,0,0,NA,0,014,MISSION BL,PYRITE ST,0,NA,Y,A,-,N,NA,NA,NA,NA,NA,NA,NA,NA,NA,N,4,0,1,2,A,-,12,21453,A,N,D,C,A,A,H,-,A,A,0,NA,NA,NA,NA,Y,NA,I,11,0,0,1,0,0,0,0,0,0,-,-,NA,NA,RIVERSIDE,JURUPA VALLEY,-117.46236012,34.01180006
6515479,2014,2014-08-05,3308,2014-05-31,1005,10514,554,6,5,5,3308,0,0,0,NA,0,SOUTH,CAWSTON AV,THORNTON AV,27,N,N,A,-,N,NA,NA,NA,NA,NA,NA,NA,NA,NA,N,3,0,1,2,A,-,09,21801,A,N,D,G,A,A,H,-,A,A,0,NA,Y,NA,NA,Y,NA,L,04,0,1,0,0,0,0,1,0,0,-,-,NA,NA,RIVERSIDE,HEMET,-117.01530068,33.72525394
6515781,2014,2014-08-08,3308,2014-06-02,1040,4189,523,1,5,5,3308,0,0,0,NA,0,SOUTH,WARREN RD,AUTO MALL DR,0,NA,Y,A,F,N,NA,NA,NA,NA,NA,NA,NA,NA,NA,Y,3,0,2,2,A,-,03,22350,NA,N,C,C,A,A,H,-,A,A,0,NA,NA,NA,NA,Y,NA,A,08,0,1,1,0,0,0,0,0,0,-,-,NA,NA,RIVERSIDE,HEMET,-117.03274006,33.73730011
6517051,2014,2014-08-26,3300,2014-06-14,1625,N3130,509D,6,5,5,3341,0,0,0,NA,0,059,SCOTT,EILEEN,289,W,N,A,-,N,NA,NA,NA,NA,NA,NA,NA,NA,NA,N,2,0,3,1,A,-,08,22107,NA,N,F,A,A,A,H,-,A,D,0,NA,NA,NA,NA,Y,NA,A,07,1,0,2,0,0,0,0,0,0,-,-,NA,NA,RIVERSIDE,MENIFEE,NA,NA
6517067,2014,2014-08-12,3300,2014-06-05,0800,N2176,503B,4,5,5,3341,0,0,0,NA,0,053,MCCALL BL,LA ENTRADA,0,NA,Y,A,-,N,NA,NA,NA,NA,NA,NA,NA,NA,NA,N,3,0,1,2,A,-,08,22107,NA,N,H,G,A,A,H,-,A,A,0,NA,Y,NA,NA,Y,NA,A,01,0,1,0,0,0,0,1,0,0,-,-,NA,NA,RIVERSIDE,MENIFEE,-117.17621,33.71755
6517080,2014,2014-08-11,3300,2014-06-11,1225,N2646,602D3,3,5,6,3394,0,0,0,NA,0,026,ALESSANDRO PL,ALESSANDRO BL,21,N,N,A,-,N,NA,NA,NA,NA,NA,NA,NA,NA,NA,N,4,0,1,2,A,-,05,21650,1,N,H,G,A,A,H,-,A,A,0,NA,Y,NA,NA,Y,NA,L,04,0,0,1,0,0,0,1,0,0,-,-,NA,NA,RIVERSIDE,MORENO VALLEY,-117.28313,33.91689
6517104,2014,2014-08-12,3300,2014-06-02,1917,4898,603C3,1,5,6,3394,0,0,0,NA,0,036,PATRICIA ST,SANTIAGO DR,270,N,N,A,-,N,NA,NA,NA,NA,NA,NA,NA,NA,NA,N,3,0,1,2,A,-,08,22107,NA,N,C,E,A,A,H,-,B,D,0,NA,NA,Y,NA,Y,NA,C,03,0,1,0,0,0,0,0,0,1,-,-,NA,NA,RIVERSIDE,MORENO VALLEY,-117.22136,33.89271963
6517108,2014,2014-08-12,3300,2014-06-04,1405,4571,603A2,3,5,6,3394,0,0,0,NA,0,032,CACTUS AV,ELSWORTH ST,39,W,N,A,-,N,NA,NA,NA,NA,NA,NA,NA,NA,NA,Y,4,0,1,2,A,-,03,22350,NA,N,C,C,A,A,A,-,A,A,0,NA,NA,NA,NA,Y,NA,A,01,0,0,1,0,0,0,0,0,0,-,-,NA,NA,RIVERSIDE,MORENO VALLEY,-117.27030814,33.91014
6517112,2014,2014-08-12,3300,2014-06-06,1904,4391,603-A,5,5,6,3394,0,0,0,NA,0,032,CACTUS AV,INDIAN ST,43,E,N,A,-,N,NA,NA,NA,NA,NA,NA,NA,NA,NA,N,4,0,1,2,A,-,11,21954,A,M,G,B,D,A,-,-,A,A,0,Y,NA,NA,NA,Y,Y,N,60,0,0,1,0,1,0,0,0,0,-,-,NA,NA,RIVERSIDE,MORENO VALLEY,-117.23481872,33.91004
6517116,2014,2014-08-12,3300,2014-06-11,0845,N2646,601D4,3,5,6,3394,0,0,0,NA,0,014,PIGEON PASS RD,CLIMBING ROSE DR,58,S,N,A,-,N,NA,NA,NA,NA,NA,NA,NA,NA,NA,N,4,0,3,2,A,-,12,21453,A,N,C,C,A,A,H,-,A,A,0,NA,NA,NA,NA,Y,NA,A,01,0,0,3,0,0,0,0,0,0,-,-,NA,NA,RIVERSIDE,MORENO VALLEY,-117.26143487,33.94947247
6517162,2014,2016-04-16,9655,2014-06-08,0945,13633,NA,7,1,3,3302,0,1,1,NA,2,202,RT 10,BEAUMONT AV,1584,W,N,A,-,Y,RIV,8,10,-,-,7.27,H,-,W,Y,4,0,1,1,A,-,08,22107,NA,N,E,I,A,A,A,H,A,D,1,NA,NA,NA,NA,Y,NA,A,01,0,0,1,0,0,0,0,0,0,-,-,33.9239,-116.98401,RIVERSIDE,BEAUMONT,-116.98221117,33.92813963
6517323,2014,2015-03-12,9840,2014-06-08,2120,19844,NA,7,2,6,3394,0,1,3,NA,2,025,RT 60,DAY ST,1500,W,N,A,-,Y,RIV,8,60,-,-,13.03,H,-,W,Y,4,0,4,2,A,-,03,22350,NA,N,C,C,A,A,H,-,D,D,1,NA,NA,NA,NA,Y,NA,D,22,0,0,4,0,0,0,0,0,0,-,-,33.94415,-117.28683,RIVERSIDE,MORENO VALLEY,-117.28378743,33.9435409
6517747,2014,2015-02-27,9685,2014-06-07,1130,15360,NA,6,1,5,3335,0,1,1,NA,2,030,RT 15,TEMECULA PKWY,2640,N,N,A,-,Y,RIV,8,15,-,-,3.96,H,-,S,N,4,0,2,2,A,-,03,22350,NA,N,C,C,A,A,H,-,A,D,1,NA,NA,NA,NA,Y,NA,A,01,0,0,2,0,0,0,0,0,0,-,-,NA,NA,RIVERSIDE,TEMECULA,-117.14364766999999,33.48821496
6518431,2014,2015-02-25,9840,2014-06-08,1145,18911,NA,7,1,6,3315,0,1,3,NA,2,031,RT 91,MCKINLEY ST,1500,W,N,A,-,Y,RIV,8,91,-,-,8.9,H,-,W,Y,3,0,1,2,A,-,03,22350,NA,N,C,C,A,A,H,-,A,D,1,NA,NA,Y,NA,Y,NA,C,02,0,1,0,0,0,0,0,0,1,-,-,33.8863,-117.52069,RIVERSIDE,CORONA,-117.52246539,33.88464272
6520130,2014,2014-07-08,3308,2014-03-27,1149,10217,537,4,5,5,3308,0,0,0,NA,0,SOUTH,MAYBERRY AV,HARVARD ST,109,E,N,A,-,N,NA,NA,NA,NA,NA,NA,NA,NA,NA,Y,4,0,3,2,A,-,08,22107,NA,N,C,E,A,A,H,-,A,A,0,NA,NA,NA,NA,Y,NA,A,07,0,0,3,0,0,0,0,0,0,-,-,NA,NA,RIVERSIDE,HEMET,-116.97016273,33.74028331