CASE_ID,ACCIDENT_YEAR,PROC_DATE,JURIS,COLLISION_DATE,COLLISION_TIME,OFFICER_ID,REPORTING_DISTRICT,DAY_OF_WEEK,CHP_SHIFT,POPULATION,CNTY_CITY_LOC,SPECIAL_COND,BEAT_TYPE,CHP_BEAT_TYPE,CITY_DIVISION_LAPD,CHP_BEAT_CLASS,BEAT_NUMBER,PRIMARY_RD,SECONDARY_RD,DISTANCE,DIRECTION,INTERSECTION,WEATHER_1,WEATHER_2,STATE_HWY_IND,CALTRANS_COUNTY,CALTRANS_DISTRICT,STATE_ROUTE,ROUTE_SUFFIX,POSTMILE_PREFIX,POSTMILE,LOCATION_TYPE,RAMP_INTERSECTION,SIDE_OF_HWY,TOW_AWAY,COLLISION_SEVERITY,NUMBER_KILLED,NUMBER_INJURED,PARTY_COUNT,PRIMARY_COLL_FACTOR,PCF_CODE_OF_VIOL,PCF_VIOL_CATEGORY,PCF_VIOLATION,PCF_VIOL_SUBSECTION,HIT_AND_RUN,TYPE_OF_COLLISION,MVIW,PED_ACTION,ROAD_SURFACE,ROAD_COND_1,ROAD_COND_2,LIGHTING,CONTROL_DEVICE,CHP_ROAD_TYPE,PEDESTRIAN_ACCIDENT,BICYCLE_ACCIDENT,MOTORCYCLE_ACCIDENT,TRUCK_ACCIDENT,NOT_PRIVATE_PROPERTY,ALCOHOL_INVOLVED,STWD_VEHTYPE_AT_FAULT,CHP_VEHTYPE_AT_FAULT,COUNT_SEVERE_INJ,COUNT_VISIBLE_INJ,COUNT_COMPLAINT_PAIN,COUNT_PED_KILLED,COUNT_PED_INJURED,COUNT_BICYCLIST_KILLED,COUNT_BICYCLIST_INJURED,COUNT_MC_KILLED,COUNT_MC_INJURED,PRIMARY_RAMP,SECONDARY_RAMP,LATITUDE,LONGITUDE,COUNTY,CITY,POINT_X,POINT_Y
81720256,2022,2022-03-11,3300,2022-02-04,0556,N4225,905K,5,5,4,3307,0,0,0,NA,0,094,LAKE ST,I 15 NBOFF/R,158,S,N,A,-,N,NA,NA,NA,NA,NA,NA,NA,NA,NA,Y,4,0,1,4,A,-,03,22350,NA,N,C,C,A,A,H,-,A,A,0,NA,NA,NA,NA,Y,NA,A,01,0,0,1,0,0,0,0,0,0,-,-,33.73064041137695,-117.39334106445313,RIVERSIDE,LAKE ELSINORE,-117.3936767578125,33.73082733154297
81720262,2022,2022-03-11,3300,2022-02-09,1150,N4225,905L,3,5,4,3307,0,0,0,NA,0,093,LAKESHORE DR,MACHADO ST,0,NA,Y,A,-,N,NA,NA,NA,NA,NA,NA,NA,NA,NA,Y,4,0,2,2,A,-,12,21453,A,N,D,C,A,A,H,-,A,A,0,NA,NA,NA,NA,Y,NA,A,08,0,0,2,0,0,0,0,0,0,-,-,33.6890983581543,-117.37355041503906,RIVERSIDE,LAKE ELSINORE,-117.37369537353516,33.68898010253906
81720269,2022,2022-03-11,3300,2022-02-11,1638,5397,905K,5,5,4,3307,0,0,0,NA,0,094,GRAND AVE,LINCOLN ST,0,NA,Y,A,-,N,NA,NA,NA,NA,NA,NA,NA,NA,NA,N,4,0,2,2,A,-,12,21453,A,N,D,C,A,A,H,-,A,A,0,NA,NA,NA,Y,Y,NA,F,26,0,0,2,0,0,0,0,0,0,-,-,33.68975067138672,-117.39306640625,RIVERSIDE,LAKE ELSINORE,-117.39378356933594,33.68757629394531
81720372,2022,2022-03-11,3311,2022-02-18,0930,16289,NA,5,5,4,3311,0,0,0,NA,0,NA,RAMON ROAD,COMPADRE ROAD,0,NA,Y,A,-,N,NA,NA,NA,NA,NA,NA,NA,NA,NA,N,4,0,1,2,A,-,03,22350,NA,N,C,C,A,A,H,-,A,A,0,NA,NA,NA,NA,Y,NA,A,01,0,0,1,0,0,0,0,0,0,-,-,33.81595993041992,-116.51502990722656,RIVERSIDE,PALM SPRINGS,-116.51502227783205,33.815914154052734
8172700,2016,2016-12-29,3313,2016-10-24,1521,1730,W,1,5,7,3313,0,0,0,NA,0,410,MEREDITH ST,ADRIANA AV,15,W,N,C,-,N,NA,NA,NA,NA,NA,NA,NA,NA,NA,N,4,0,1,2,A,-,03,22350,NA,N,C,C,A,B,H,-,A,D,0,NA,NA,NA,NA,Y,NA,H,13,0,0,1,0,0,0,0,0,0,-,-,33.92135,-117.47298,RIVERSIDE,RIVERSIDE,-117.47275556,33.92154515
8172872,2016,2017-03-01,3313,2016-11-05,1932,1702,NORTH,6,5,7,3313,0,0,0,NA,0,C112,14TH ST,MULBERRY ST,0,NA,Y,A,-,N,NA,NA,91,NA,NA,NA,NA,NA,NA,Y,4,0,1,2,A,-,08,22107,NA,N,B,C,A,A,H,-,C,A,0,NA,NA,NA,NA,Y,NA,A,01,0,0,1,0,0,0,0,0,0,-,-,33.97412,-117.37362,RIVERSIDE,RIVERSIDE,-117.37326276,33.97385979
81729461,2022,2022-03-23,3300,2022-03-08,1738,5237,905I,2,5,4,3307,0,0,0,NA,0,094,COLLIER AVE,CENTRAL AVE,200,N,N,A,-,Y,NA,NA,NA,NA,NA,NA,NA,NA,NA,Y,4,0,1,2,A,-,08,22107,NA,N,B,C,A,A,H,-,A,D,0,NA,NA,NA,NA,Y,NA,A,01,0,0,1,0,0,0,0,0,0,-,-,33.69169998168945,-117.3392333984375,RIVERSIDE,LAKE ELSINORE,-117.34033203125,33.69038009643555
81729521,2022,2022-03-23,3311,2022-02-26,0131,16155,NA,6,5,4,3311,0,0,0,NA,0,002,INDIAN CANYON DRIVE N,VIA ESCUELA,592,N,N,A,-,N,NA,NA,NA,NA,NA,NA,NA,NA,NA,Y,4,0,1,3,A,-,01,23152,A,N,C,E,A,A,H,-,A,D,0,NA,NA,NA,NA,Y,Y,A,01,0,0,1,0,0,0,0,0,0,-,-,33.848480224609375,-116.54560089111328,RIVERSIDE,PALM SPRINGS,-116.54557800292967,33.850101470947266
81733508,2022,2022-03-25,3315,2022-03-15,0708,002504,8A,2,5,6,3315,0,0,0,NA,0,004,GREEN RIVER RD,RIDGELINE DR (W),362,E,N,A,-,N,NA,NA,NA,NA,NA,NA,NA,NA,NA,N,3,0,2,3,A,-,03,22350,NA,N,C,C,A,A,H,-,A,A,0,NA,NA,NA,NA,Y,NA,A,01,0,1,1,0,0,0,0,0,0,-,-,33.87791061401367,-117.6384735107422,RIVERSIDE,CORONA,-117.63746643066406,33.87710952758789
81734151,2022,2022-03-28,3300,2022-03-23,1145,N5073,87A2,3,5,2,3316,0,0,0,NA,0,2T390,COOK ST,FRED WARING DR,23,S,N,A,-,N,NA,NA,NA,NA,NA,NA,NA,NA,NA,N,4,0,1,2,A,-,21,22106,NA,N,C,C,A,A,H,-,A,A,0,NA,NA,NA,NA,Y,NA,E,22,0,0,1,0,0,0,0,0,0,-,-,33.7287712097168,-116.35648345947266,RIVERSIDE,INDIAN WELLS,-116.35627746582033,33.728797912597656
81734336,2022,2022-03-28,3308,2022-03-01,1456,10610,555,2,5,5,3308,0,0,0,NA,0,SOUTH,SANDERSON AVE,MUSTANG WAY,0,NA,Y,A,-,N,NA,NA,NA,NA,NA,NA,NA,NA,NA,Y,4,0,3,3,A,-,09,21801,A,N,D,C,A,A,H,-,A,A,0,NA,NA,NA,NA,Y,NA,A,01,0,0,3,0,0,0,0,0,0,-,-,33.720741271972656,-117.006591796875,RIVERSIDE,HEMET,-117.00662994384766,33.7208137512207
81735641,2022,2022-03-29,3300,2022-03-18,1436,5771,002P,5,5,6,3345,0,0,0,NA,0,024,GALENA ST,RUTILE ST (N),1310,E,N,A,-,N,NA,NA,NA,NA,NA,NA,NA,NA,NA,N,4,0,1,2,A,-,09,21804,A,N,D,C,A,A,H,-,A,D,0,NA,NA,NA,NA,Y,NA,A,01,0,0,1,0,0,0,0,0,0,-,-,34.00345993041992,-117.49620819091795,RIVERSIDE,JURUPA VALLEY,-117.4981689453125,34.00315856933594
81735774,2020,2022-03-29,3349,2020-12-13,1702,321,NA,7,5,5,3341,0,0,0,NA,0,001,MENIFEE RD,TURTLE POINT DR,15,S,N,A,-,N,NA,NA,NA,NA,NA,NA,NA,NA,NA,Y,2,0,1,2,A,-,03,22350,NA,N,C,C,A,A,H,-,B,A,0,NA,NA,Y,NA,Y,Y,C,02,1,0,0,0,0,0,0,0,1,-,-,33.728538513183594,-117.15406799316406,RIVERSIDE,MENIFEE,-117.154024,33.728576
81738564,2022,2022-04-01,3300,2022-03-08,1015,N4809,920A,2,5,4,3314,0,0,0,NA,0,070,STATE ST,IDYLLWILD DR,0,NA,Y,A,-,N,NA,NA,NA,NA,NA,NA,NA,NA,NA,Y,4,0,2,2,A,-,12,21453,A,N,A,C,A,A,H,-,A,A,0,NA,NA,NA,NA,Y,NA,A,01,0,0,2,0,0,0,0,0,0,-,-,NA,NA,RIVERSIDE,SAN JACINTO,-116.97201538085938,33.7998046875
81739288,2022,2022-04-04,3300,2022-03-04,1632,5680,604 B,5,5,6,3394,0,0,0,NA,0,MV42,MOTOR WAY,TRAIL RIDGE WAY,48,N,N,B,-,N,NA,NA,NA,NA,NA,NA,NA,NA,NA,N,2,0,1,1,A,-,03,22350,NA,N,H,A,A,B,H,-,A,D,0,NA,NA,NA,NA,Y,NA,A,01,1,0,0,0,0,0,0,0,0,-,-,NA,NA,RIVERSIDE,MORENO VALLEY,-117.17784881591795,33.935062408447266
81739289,2022,2022-04-04,3300,2022-03-09,1642,3775,602 D,3,5,6,3394,0,0,0,NA,0,MV26,ALESSANDRO BLVD,PERRIS BLVD,145,E,N,A,-,N,NA,NA,NA,NA,NA,NA,NA,NA,NA,N,4,0,1,3,A,-,09,21804,A,N,C,C,A,A,H,-,A,D,0,NA,NA,NA,NA,Y,NA,A,01,0,0,1,0,0,0,0,0,0,-,-,33.94718933105469,-117.22640228271484,RIVERSIDE,MORENO VALLEY,-117.22586059570313,33.91722869873047
81739577,2022,2022-04-04,3308,2022-03-08,1854,10686,514,2,5,5,3308,0,0,0,NA,0,NORTH,DEVONSHIRE AVE,MEYERS ST,0,NA,Y,A,-,N,NA,NA,NA,NA,NA,NA,NA,NA,NA,Y,4,0,1,3,A,-,09,21801,A,N,D,C,A,A,H,-,D,D,0,NA,NA,NA,NA,Y,NA,A,01,0,0,1,0,0,0,0,0,0,-,-,NA,NA,RIVERSIDE,HEMET,-117.02415466308594,33.75090789794922
8174105,2016,2016-11-22,3300,2016-10-25,1405,N5539,905K,2,5,4,3307,0,0,0,NA,0,094,REGATTA WY,LANTERN HILL LN,120,E,N,A,-,N,NA,NA,NA,NA,NA,NA,NA,NA,NA,N,4,0,1,2,A,-,08,22107,NA,N,B,C,A,A,H,-,A,D,0,NA,NA,NA,NA,Y,NA,A,07,0,0,1,0,0,0,0,0,0,-,-,NA,NA,RIVERSIDE,LAKE ELSINORE,-117.39878313,33.69742422
81741730,2022,2022-04-06,3300,2022-03-28,1331,5824,916A,1,5,4,3312,0,0,0,NA,0,031,RAMONA EXPRESSWAY,PERRIS BL,0,NA,Y,A,-,N,NA,NA,NA,NA,NA,NA,NA,NA,NA,Y,4,0,1,3,A,-,12,21453,A,N,D,C,A,A,H,-,A,A,0,NA,NA,NA,NA,Y,NA,A,07,0,0,1,0,0,0,0,0,0,-,-,33.84449005126953,-117.22599792480467,RIVERSIDE,PERRIS,-117.22620391845705,33.844482421875
81742898,2021,2022-04-07,3349,2021-10-30,2131,343,NA,6,5,5,3341,0,0,0,NA,0,001,HWY 74,SHERMAN RD (W),196,W,N,A,-,N,NA,NA,NA,NA,NA,NA,NA,NA,NA,N,4,0,1,2,A,-,11,21954,A,N,G,B,D,A,H,-,D,A,0,Y,NA,NA,NA,Y,NA,N,60,0,0,1,0,1,0,0,0,0,-,-,NA,NA,RIVERSIDE,MENIFEE,-117.18096160888672,33.74923324584961
81743758,2022,2022-04-08,3300,2022-03-31,1941,5632,916A,4,5,4,3312,0,0,0,NA,0,031,HARLEY KNOX BL,INDIAN AV,0,NA,Y,A,-,N,NA,NA,NA,NA,NA,NA,NA,NA,NA,Y,3,0,2,2,A,-,12,21453,A,N,D,C,A,A,H,-,C,A,0,NA,NA,NA,NA,Y,NA,A,01,0,1,1,0,0,0,0,0,0,-,-,33.857330322265625,-117.23454284667967,RIVERSIDE,PERRIS,-117.23484802246094,33.85722732543945
81743769,2022,2022-04-08,3300,2022-04-05,0502,4449,20,2,5,6,3345,0,0,0,NA,0,002B,PEDLEY RD,RT 60 EB OFFRAMP (S),0,NA,Y,A,-,N,NA,NA,NA,NA,NA,NA,NA,NA,NA,Y,4,0,2,2,A,-,09,21802,A,N,D,C,A,A,H,-,D,A,0,NA,NA,NA,Y,Y,NA,D,22,0,0,2,0,0,0,0,0,0,-,-,34.01707077026367,-117.47892761230467,RIVERSIDE,JURUPA VALLEY,-117.48036193847656,34.01903533935547
81744647,2022,2022-04-11,3315,2022-04-05,1614,002058,6D,2,5,6,3315,0,0,0,NA,0,001,SEVENTH ST,GRAND BL S (W),0,NA,Y,A,-,N,NA,NA,NA,NA,NA,NA,NA,NA,NA,Y,4,0,2,2,A,-,09,21801,A,N,A,C,A,A,H,-,A,D,0,NA,NA,NA,NA,Y,NA,A,01,0,0,2,0,0,0,0,0,0,-,-,33.875118255615234,-117.57411193847656,RIVERSIDE,CORONA,-117.57405853271484,33.875125885009766
81747564,2022,2022-04-14,3300,2022-03-29,0132,5611,916A,2,5,4,3312,0,0,0,NA,0,031,RAMONA EXPRESSWAY,INDIAN AV,0,NA,Y,C,-,N,NA,NA,NA,NA,NA,NA,NA,NA,NA,Y,3,0,2,2,A,-,12,21453,A,N,D,C,A,B,H,-,C,A,0,NA,NA,NA,Y,Y,Y,A,01,0,2,0,0,0,0,0,0,0,-,-,33.84449005126953,-117.23033905029295,RIVERSIDE,PERRIS,-117.23049926757813,33.844482421875
81751699,2022,2022-04-20,3300,2022-04-10,2218,N6297,910M,7,5,5,3335,0,0,0,NA,0,067,TEMECULA PKY,LA PAZ ST,0,NA,Y,A,-,N,NA,NA,NA,NA,NA,NA,NA,NA,NA,N,4,0,1,3,A,-,03,22350,NA,N,C,C,A,A,H,-,C,A,0,NA,NA,NA,NA,Y,NA,A,01,0,0,1,0,0,0,0,0,0,-,-,33.47835159301758,-117.1357192993164,RIVERSIDE,TEMECULA,-117.13571166992188,33.47823715209961
81753019,2022,2022-04-21,3300,2022-04-14,1400,3613,916D,4,5,4,3312,0,0,0,NA,0,035,PERRIS BL,7TH ST,0,NA,Y,A,-,N,NA,NA,NA,NA,NA,NA,NA,NA,NA,N,3,0,1,2,A,-,10,21950,A,F,G,B,B,A,H,-,A,A,0,Y,NA,NA,NA,Y,NA,-,99,0,1,0,0,1,0,0,0,0,-,-,33.77928924560547,-117.22605895996094,RIVERSIDE,PERRIS,-117.22605895996094,33.77931213378906
8175361,2016,2016-11-30,3300,2016-11-04,1455,4045,910R2,5,5,5,3335,0,0,0,NA,0,062,WINCHESTER RD,PROMENADE MALL EAST,110,W,N,A,-,N,NA,NA,NA,NA,NA,NA,NA,NA,NA,Y,4,0,1,3,A,-,03,22350,NA,N,C,C,A,A,H,-,A,A,0,NA,NA,NA,NA,Y,NA,A,01,0,0,1,0,0,0,0,0,0,-,-,33.52902,-117.15423,RIVERSIDE,TEMECULA,-117.15462899,33.5287699
81753990,2022,2022-04-22,3300,2022-04-18,1242,N6297,910S,1,5,5,3335,0,0,0,NA,0,070,TEMECULA PKY,BUTTERFIELD STAGE RD,620,E,N,A,-,N,NA,NA,NA,NA,NA,NA,NA,NA,NA,N,4,0,3,2,A,-,03,22350,NA,N,C,C,A,A,H,-,A,A,0,NA,NA,NA,NA,Y,NA,A,01,0,0,3,0,0,0,0,0,0,-,-,33.48569107055664,-117.07875823974608,RIVERSIDE,TEMECULA,-117.07658386230467,33.48681640625
8175566,2016,2016-11-30,3313,2016-10-13,1429,1762,E,4,5,7,3313,0,0,0,NA,0,T44,VAN BUREN BL,COYOTE BUSH RD,0,NA,Y,A,-,N,NA,NA,NA,NA,NA,NA,NA,NA,NA,Y,3,0,1,2,A,-,03,22350,NA,N,C,C,A,A,H,-,A,A,0,NA,NA,NA,NA,Y,NA,A,01,0,1,0,0,0,0,0,0,0,-,-,33.88764,-117.30741,RIVERSIDE,RIVERSIDE,-117.30728003,33.88763003
81756180,2022,2022-04-26,3300,2022-04-22,1528,N6426,910N,5,5,5,3335,0,0,0,NA,0,064,VIA BARROZO,CORTE CARDENAS,95,S,N,A,-,N,NA,NA,NA,NA,NA,NA,NA,NA,NA,N,3,0,1,2,A,-,08,22107,NA,N,D,G,A,A,H,-,A,D,0,NA,Y,NA,NA,Y,NA,L,04,0,1,0,0,0,0,1,0,0,-,-,33.49222946166992,-117.10900115966795,RIVERSIDE,TEMECULA,-117.1088638305664,33.49224090576172
81756352,2022,2022-04-26,3300,2022-04-10,2130,5950,LA45,7,5,3,3392,0,0,0,NA,0,LA44,MONROE ST,AVE 54,0,NA,Y,G,-,N,NA,NA,NA,NA,NA,NA,NA,NA,NA,Y,4,0,1,2,A,-,01,23152,A,N,C,C,A,A,H,-,C,A,0,NA,NA,NA,NA,Y,Y,A,01,0,0,1,0,0,0,0,0,0,-,-,33.65660095214844,-116.2340087890625,RIVERSIDE,LA QUINTA,-116.23399353027344,33.65660858154297
81758272,2022,2022-04-28,3300,2022-04-25,1837,5886,916A,1,5,4,3312,0,0,0,NA,0,031,WEBSTER AV,MARKHAM ST,0,NA,Y,A,-,N,NA,NA,NA,NA,NA,NA,NA,NA,NA,Y,3,0,1,2,A,-,09,21801,A,N,A,C,A,A,H,-,A,A,0,NA,NA,NA,NA,Y,NA,A,01,0,1,0,0,0,0,0,0,0,-,-,33.85198974609375,-117.2430419921875,RIVERSIDE,PERRIS,-117.2438507080078,33.851871490478516
81758468,2022,2022-04-28,3300,2022-04-10,1358,N3074,LA41,7,5,3,3392,0,0,0,NA,0,41C1,JEFFERSON ST,HOME DEPOT DRIVEWAY,0,NA,Y,A,-,N,NA,NA,NA,NA,NA,NA,NA,NA,NA,Y,4,0,1,2,A,-,12,21453,A,N,D,C,A,A,H,-,A,A,0,NA,NA,NA,NA,Y,NA,A,01,0,0,1,0,0,0,0,0,0,-,-,33.70964050292969,-116.26866149902344,RIVERSIDE,LA QUINTA,NA,NA
81761801,2022,2022-05-02,3300,2022-04-29,1723,6079,601 Z,5,5,6,3394,0,0,0,NA,0,MV14,BOX SPRINGS RD,DAY ST,472,W,N,A,-,N,NA,NA,NA,NA,NA,NA,NA,NA,NA,Y,4,0,3,4,A,-,17,21209,A,N,D,C,A,A,H,-,A,A,0,NA,NA,NA,NA,Y,NA,A,01,0,0,3,0,0,0,0,0,0,-,-,33.94683074951172,-117.27866363525392,RIVERSIDE,MORENO VALLEY,-117.28054809570313,33.946571350097656
81764014,2022,2022-05-04,3349,2022-02-17,1045,331,NA,4,5,5,3341,0,0,0,NA,0,001,HWY 74,SHERMAN RD (E),15,W,N,A,-,Y,RIV,NA,74,NA,NA,28.183,H,NA,R,N,4,0,1,2,A,-,03,22350,NA,N,C,C,A,A,H,-,A,A,0,NA,NA,NA,NA,Y,NA,A,01,0,0,1,0,0,0,0,0,0,-,-,33.748779296875,-117.17987060546876,RIVERSIDE,MENIFEE,-117.18003845214844,33.74858474731445
81764887,2022,2022-05-05,3300,2022-05-02,1151,5730,32E4,1,5,4,3318,0,0,0,NA,0,032,HWY 74,SOMMERSET DR,17,N,N,A,-,Y,NA,NA,NA,NA,NA,NA,NA,NA,NA,Y,3,0,1,2,A,-,09,21804,A,N,C,C,A,A,H,-,A,A,0,NA,NA,NA,NA,Y,NA,A,01,0,1,0,0,0,0,0,0,0,-,-,33.694881439208984,-116.40046691894533,RIVERSIDE,PALM DESERT,-116.40045166015624,33.694915771484375
81765815,2022,2022-05-06,3300,2022-04-28,1439,N6583,905I,4,5,4,3307,0,0,0,NA,0,095,COLLIER AVE,3RD ST,39,E,N,A,-,N,NA,NA,NA,NA,NA,NA,NA,NA,NA,Y,4,0,3,2,A,-,09,21802,A,N,D,C,A,A,H,-,A,D,0,NA,NA,NA,NA,Y,NA,A,01,0,0,3,0,0,0,0,0,0,-,-,33.689361572265625,-117.33587646484376,RIVERSIDE,LAKE ELSINORE,-117.33633422851563,33.68758773803711
81765825,2022,2022-05-06,3300,2022-04-13,1441,N6583,905D,3,5,4,3307,0,0,0,NA,0,095,DEXTER AVE,3RD ST,20,E,N,A,-,N,NA,NA,NA,NA,NA,NA,NA,NA,NA,N,4,0,2,2,A,-,09,21802,B,N,D,C,A,A,H,-,A,D,0,NA,NA,NA,NA,Y,NA,A,01,0,0,2,0,0,0,0,0,0,-,-,33.690120697021484,-117.33364868164063,RIVERSIDE,LAKE ELSINORE,-117.33358001708984,33.69020080566406
81768210,2022,2022-05-10,3300,2022-03-21,1803,3611,601 C,1,5,6,3394,0,0,0,NA,0,MV14,IRONWOOD AVE,HERITAGE DR,275,W,N,A,-,N,NA,NA,NA,NA,NA,NA,NA,NA,NA,Y,4,0,2,2,A,-,03,22350,NA,N,C,C,A,A,H,-,A,D,0,NA,NA,NA,NA,Y,NA,A,01,0,0,2,0,0,0,0,0,0,-,-,33.9465217590332,-117.27037048339844,RIVERSIDE,MORENO VALLEY,-117.27125549316406,33.94658660888672
81770178,2022,2022-05-12,3300,2022-04-19,2118,4867,601 C,2,5,6,3394,0,0,0,NA,0,MV14,PIGEON PASS RD,IRONWOOD AVE,150,S,N,A,-,N,NA,NA,NA,NA,NA,NA,NA,NA,NA,N,4,0,1,2,A,-,03,22350,NA,F,C,C,A,A,H,-,C,A,0,NA,NA,NA,NA,Y,NA,A,01,0,0,1,0,0,0,0,0,0,-,-,33.94660949707031,-117.26141357421876,RIVERSIDE,MORENO VALLEY,-117.26148223876952,33.9461784362793
8177040,2016,2016-12-05,3300,2016-10-27,1916,4270,001G,4,5,6,3345,0,0,0,NA,0,014,OPAL ST,RUSTIC LN,241,N,N,A,-,N,NA,NA,NA,NA,NA,NA,NA,NA,NA,Y,4,0,1,3,A,-,08,22107,NA,N,C,E,A,A,H,-,C,D,0,NA,NA,NA,NA,Y,NA,A,01,0,0,1,0,0,0,0,0,0,-,-,NA,NA,RIVERSIDE,JURUPA VALLEY,-117.42560987,34.00377437
81771194,2022,2022-05-13,3300,2022-05-08,1912,3786,001F,7,5,6,3345,0,0,0,NA,0,012,VALLEY WY,36TH ST,4,S,N,A,-,N,NA,NA,NA,NA,NA,NA,NA,NA,NA,N,4,0,1,2,A,-,03,22350,NA,N,C,C,A,A,H,-,B,D,0,NA,NA,NA,NA,Y,NA,A,07,0,0,1,0,0,0,0,0,0,-,-,34.01155090332031,-117.43026733398438,RIVERSIDE,JURUPA VALLEY,-117.4313735961914,34.01323318481445
8177134,2016,2016-12-02,3300,2016-11-11,1132,4625,NA,5,5,3,3305,0,0,0,NA,0,NA,N SIENNA CIR,SAPPHIRE LN,108,W,N,A,-,N,NA,NA,NA,NA,NA,NA,NA,NA,NA,Y,4,0,1,1,A,-,03,22350,NA,N,E,I,A,A,H,-,A,A,0,NA,NA,NA,NA,Y,NA,A,01,0,0,1,0,0,0,0,0,0,-,-,NA,NA,RIVERSIDE,COACHELLA,-116.19301327,33.65980569
8177401,2016,2016-12-05,3300,2016-11-08,1011,4430,38A1,2,5,4,3318,0,0,0,NA,0,MO874,MONTEREY AV,DINAH SHORE DR,0,NA,Y,A,-,N,NA,NA,NA,NA,NA,NA,NA,NA,NA,N,3,0,1,2,A,-,09,21804,A,N,D,G,A,A,H,-,-,A,0,NA,Y,NA,NA,Y,NA,L,04,0,1,0,0,0,0,1,0,0,-,-,33.80177,-116.38814,RIVERSIDE,PALM DESERT,-116.38825013,33.80195001
81775483,2022,2022-05-19,3300,2022-05-03,1325,N3642,012,2,5,4,3344,0,0,0,NA,0,065,SCHLEISMAN RD,DAIRY ST,78,E,N,A,-,N,NA,NA,NA,NA,NA,NA,NA,NA,NA,Y,4,0,1,2,A,-,09,21804,A,N,A,C,A,A,H,-,A,A,0,NA,NA,NA,NA,Y,NA,A,01,0,0,1,0,0,0,0,0,0,-,-,NA,NA,RIVERSIDE,EASTVALE,-117.56169128417967,33.95737838745117
81775496,2022,2022-05-19,3300,2022-05-08,1610,3786,002B,7,5,6,3345,0,0,0,NA,0,020,PYRITE ST,WB 60 FREEWAY OFFRAMP,0,NA,Y,A,-,Y,NA,NA,NA,NA,NA,NA,NA,NA,NA,Y,4,0,5,2,A,-,12,22450,A,N,D,C,A,A,H,-,A,A,0,NA,NA,NA,NA,Y,NA,A,01,0,0,5,0,0,0,0,0,0,-,-,NA,NA,RIVERSIDE,JURUPA VALLEY,NA,NA
81775536,2022,2022-05-19,3311,2022-04-20,1408,16393,NA,3,5,4,3311,0,0,0,NA,0,006,RAMON ROAD,EL PLACER ROAD,0,NA,Y,A,-,N,NA,NA,NA,NA,NA,NA,NA,NA,NA,Y,4,0,1,2,A,-,09,21801,A,N,D,C,A,A,H,-,A,A,0,NA,NA,NA,NA,Y,NA,A,01,0,0,1,0,0,0,0,0,0,-,-,33.815921783447266,-116.50624847412108,RIVERSIDE,PALM SPRINGS,-116.50621795654295,33.815879821777344
8177622,2016,2016-12-06,3313,2016-11-13,1135,1519,CENTR,7,5,7,3313,0,0,0,NA,0,B213,VAN BUREN BL,LINCOLN AV,1560,N,N,A,-,N,NA,NA,NA,NA,NA,NA,NA,NA,NA,N,4,0,1,2,A,-,08,22107,NA,N,C,C,A,A,H,-,A,D,0,NA,NA,NA,NA,Y,NA,A,01,0,0,1,0,0,0,0,0,0,-,-,33.90797,-117.43623,RIVERSIDE,RIVERSIDE,-117.43932217,33.91139932
8177708,2016,2016-12-05,3313,2016-11-02,0738,1686,C,3,5,7,3313,0,0,0,NA,0,T58,MAGNOLIA AV,MONROE ST,147,E,N,A,-,N,NA,NA,NA,NA,NA,NA,NA,NA,NA,N,4,0,1,3,A,-,03,22350,NA,N,C,C,A,A,H,-,A,A,0,NA,NA,NA,NA,Y,NA,A,01,0,0,1,0,0,0,0,0,0,-,-,33.92867,-117.43173,RIVERSIDE,RIVERSIDE,-117.43139295,33.92904955
81777500,2022,2022-05-23,3300,2022-05-14,1141,3513,NA,6,5,6,3345,0,0,0,NA,0,016,RIVERVIEW DR,NOT STATED,0,NA,-,A,-,N,NA,NA,NA,NA,NA,NA,NA,NA,NA,N,4,0,1,2,A,-,03,22350,NA,N,D,C,A,A,H,-,A,D,0,NA,NA,NA,NA,Y,NA,A,01,0,0,1,0,0,0,0,0,0,-,-,33.98041915893555,-117.42523956298828,RIVERSIDE,JURUPA VALLEY,NA,NA
81777543,2022,2022-05-23,3300,2022-05-10,1950,5950,80B2,2,5,3,3305,0,0,0,NA,0,Y82,AVE 54,SLATE DR,0,NA,Y,A,-,N,NA,NA,NA,NA,NA,NA,NA,NA,NA,Y,4,0,2,2,A,-,12,22450,A,N,A,C,A,A,H,-,B,A,0,NA,NA,NA,NA,Y,NA,A,01,0,0,2,0,0,0,0,0,0,-,-,NA,NA,RIVERSIDE,COACHELLA,-116.19318389892578,33.65654373168945
8177832,2016,2016-12-05,3308,2016-07-20,1645,10620,545,3,5,5,3308,0,0,0,NA,0,004,STETSON AV,LYON AV,0,NA,Y,A,-,N,NA,NA,NA,NA,NA,NA,NA,NA,NA,Y,4,0,4,3,A,-,12,21453,A,N,D,C,A,A,H,-,A,A,0,NA,NA,NA,NA,Y,NA,A,01,0,0,4,0,0,0,0,0,0,-,-,NA,NA,RIVERSIDE,HEMET,-116.989,33.72934001
81778616,2022,2022-05-24,3300,2022-05-18,1737,N2171,24C4,3,5,3,3317,0,0,0,NA,0,1S372,BOB HOPE DR,DINAH SHORE DR,868,S,N,A,-,N,NA,NA,NA,NA,NA,NA,NA,NA,NA,Y,4,0,2,2,A,-,08,22107,NA,N,B,C,A,A,H,-,A,A,0,NA,NA,NA,NA,Y,NA,E,22,0,0,2,0,0,0,0,0,0,-,-,33.80168914794922,-116.40596771240234,RIVERSIDE,RANCHO MIRAGE,-116.40602111816406,33.799293518066406