CASE_ID,ACCIDENT_YEAR,PROC_DATE,JURIS,COLLISION_DATE,COLLISION_TIME,OFFICER_ID,REPORTING_DISTRICT,DAY_OF_WEEK,CHP_SHIFT,POPULATION,CNTY_CITY_LOC,SPECIAL_COND,BEAT_TYPE,CHP_BEAT_TYPE,CITY_DIVISION_LAPD,CHP_BEAT_CLASS,BEAT_NUMBER,PRIMARY_RD,SECONDARY_RD,DISTANCE,DIRECTION,INTERSECTION,WEATHER_1,WEATHER_2,STATE_HWY_IND,CALTRANS_COUNTY,CALTRANS_DISTRICT,STATE_ROUTE,ROUTE_SUFFIX,POSTMILE_PREFIX,POSTMILE,LOCATION_TYPE,RAMP_INTERSECTION,SIDE_OF_HWY,TOW_AWAY,COLLISION_SEVERITY,NUMBER_KILLED,NUMBER_INJURED,PARTY_COUNT,PRIMARY_COLL_FACTOR,PCF_CODE_OF_VIOL,PCF_VIOL_CATEGORY,PCF_VIOLATION,PCF_VIOL_SUBSECTION,HIT_AND_RUN,TYPE_OF_COLLISION,MVIW,PED_ACTION,ROAD_SURFACE,ROAD_COND_1,ROAD_COND_2,LIGHTING,CONTROL_DEVICE,CHP_ROAD_TYPE,PEDESTRIAN_ACCIDENT,BICYCLE_ACCIDENT,MOTORCYCLE_ACCIDENT,TRUCK_ACCIDENT,NOT_PRIVATE_PROPERTY,ALCOHOL_INVOLVED,STWD_VEHTYPE_AT_FAULT,CHP_VEHTYPE_AT_FAULT,COUNT_SEVERE_INJ,COUNT_VISIBLE_INJ,COUNT_COMPLAINT_PAIN,COUNT_PED_KILLED,COUNT_PED_INJURED,COUNT_BICYCLIST_KILLED,COUNT_BICYCLIST_INJURED,COUNT_MC_KILLED,COUNT_MC_INJURED,PRIMARY_RAMP,SECONDARY_RAMP,LATITUDE,LONGITUDE,COUNTY,CITY,POINT_X,POINT_Y
81847174,2022,2022-08-24,3300,2022-08-10,0357,5297,603 D,3,5,6,3394,0,0,0,NA,0,MV26,ALESSANDRO BLVD,HEACOCK ST,34,E,N,A,-,N,NA,NA,NA,NA,NA,NA,NA,NA,NA,N,4,0,1,2,A,-,08,22107,NA,N,B,C,A,A,H,-,C,A,0,NA,NA,NA,NA,Y,NA,A,01,0,0,1,0,0,0,0,0,0,-,-,33.917259216308594,-117.24373626708984,RIVERSIDE,MORENO VALLEY,-117.2436294555664,33.917179107666016
81848222,2022,2022-08-25,3311,2022-07-30,1619,16404,3311,6,5,4,3311,0,0,0,NA,0,004,TAMARISK ROAD,SR 111 (GENE AUTRY TRAIL),0,NA,Y,A,-,Y,RIV,NA,111,NA,T,50.803,H,NA,R,Y,3,0,1,2,A,-,12,21453,A,N,D,C,A,A,H,-,A,A,0,NA,NA,NA,NA,Y,NA,D,22,0,1,0,0,0,0,0,0,0,-,-,33.83409118652344,-116.5039291381836,RIVERSIDE,PALM SPRINGS,-116.50418090820313,33.833980560302734
81848242,2022,2022-08-25,3300,2022-08-11,1051,4808,920H,4,5,4,3314,0,0,0,NA,0,074,HEWITT ST,WASHINGTON AVE,0,NA,Y,A,-,N,NA,NA,NA,NA,NA,NA,NA,NA,NA,N,3,0,1,2,A,-,09,21801,A,N,D,C,A,A,H,-,A,A,0,NA,NA,NA,NA,Y,NA,A,07,0,1,0,0,0,0,0,0,0,-,-,33.76512145996094,-116.95101165771484,RIVERSIDE,SAN JACINTO,-116.95087432861328,33.76520919799805
81850236,2022,2022-08-26,3300,2022-06-07,0739,N3642,011,2,5,4,3344,0,0,0,NA,0,061,EASTVALE GATEWAY,PARKING LOT,0,NA,Y,A,-,N,NA,NA,NA,NA,NA,NA,NA,NA,NA,N,2,0,1,2,B,-,22,NA,NA,N,A,B,D,A,H,-,A,A,0,Y,NA,NA,NA,Y,NA,I,11,1,0,0,0,1,0,0,0,0,-,-,NA,NA,RIVERSIDE,EASTVALE,NA,NA
81850239,2022,2022-08-26,3300,2022-05-14,2324,5688,002V,6,5,6,3345,0,0,0,NA,0,026,ETIWANDA AV,LIMONITE AV,175,S,N,A,-,N,NA,NA,NA,NA,NA,NA,NA,NA,NA,N,4,0,1,2,D,-,00,NA,NA,F,G,B,D,A,H,-,D,D,0,Y,NA,NA,NA,Y,NA,-,-,0,0,1,0,1,0,0,0,0,-,-,33.97468948364258,-117.52279663085938,RIVERSIDE,JURUPA VALLEY,-117.52330017089844,33.974971771240234
81851394,2022,2022-08-29,3300,2022-08-25,1801,6158,603 B,4,5,6,3394,0,0,0,NA,0,3MV66,HEACOCK ST,GENTIAN AVE,59,N,N,A,-,N,NA,NA,NA,NA,NA,NA,NA,NA,NA,Y,3,0,1,1,A,-,03,22350,NA,N,E,I,A,A,H,-,A,D,0,NA,NA,Y,NA,Y,NA,C,03,0,1,0,0,0,0,0,0,1,-,-,33.89548873901367,-117.2439422607422,RIVERSIDE,MORENO VALLEY,-117.24365234375,33.89570236206055
81852565,2022,2022-08-30,3300,2022-07-02,1757,5998,905F,6,5,4,3307,0,0,0,NA,0,092,MAIN ST,GRAHAM AVE,0,NA,Y,A,-,N,NA,NA,NA,NA,NA,NA,NA,NA,NA,N,4,0,1,2,D,-,00,NA,NA,N,D,C,A,A,H,-,A,A,0,NA,NA,NA,NA,Y,NA,-,-,0,0,1,0,0,0,0,0,0,-,-,33.667869567871094,-117.32775115966795,RIVERSIDE,LAKE ELSINORE,-117.32769775390624,33.66802978515625
8185368,2016,2016-12-15,3300,2016-12-01,1656,N4445,910B,4,5,5,3335,0,0,0,NA,0,063,WINCHESTER RD,NICOLAS RD,0,NA,Y,A,-,N,NA,NA,NA,NA,NA,NA,NA,NA,NA,N,4,0,2,2,A,-,03,22350,NA,N,-,C,A,A,H,-,B,A,0,NA,NA,NA,NA,Y,Y,A,01,0,0,2,0,0,0,0,0,0,-,-,NA,NA,RIVERSIDE,TEMECULA,-117.14474012,33.53931004
81856601,2022,2022-09-05,3311,2022-08-13,0607,16343,DESER,6,5,4,3311,0,0,0,NA,0,004,GENE AUTRY TRAIL,E CHIA ROAD,687,S,N,A,-,N,NA,NA,NA,NA,NA,NA,NA,NA,NA,Y,2,0,1,1,A,-,01,23152,A,N,F,A,A,A,H,-,A,D,0,NA,NA,NA,NA,Y,Y,A,01,1,0,0,0,0,0,0,0,0,-,-,33.840248107910156,-116.50631713867188,RIVERSIDE,PALM SPRINGS,-116.50628662109376,33.83938980102539
81858514,2022,2022-09-07,3300,2022-08-31,0625,3618,920C,3,5,4,3314,0,0,0,NA,0,070,ESPLANADE AVE,SANDERSON AVE,0,NA,Y,A,-,N,NA,NA,NA,NA,NA,NA,NA,NA,NA,N,4,0,2,2,A,-,17,21461,A,N,D,C,A,A,D,-,A,A,0,NA,NA,NA,Y,Y,NA,F,26,0,0,2,0,0,0,0,0,0,-,-,33.77268981933594,-117.0068588256836,RIVERSIDE,SAN JACINTO,-117.00669097900392,33.77277755737305
8185948,2016,2016-12-23,3300,2016-11-22,0910,N2646,602B2,2,5,6,3394,0,0,0,NA,0,022,DAY ST,GATEWAY DR,25,N,N,A,-,N,NA,NA,NA,NA,NA,NA,NA,NA,NA,N,4,0,4,2,A,-,12,21453,A,N,D,C,A,A,H,-,A,A,0,NA,NA,NA,NA,Y,NA,A,01,0,0,4,0,0,0,0,0,0,-,-,33.93488,-117.27889,RIVERSIDE,MORENO VALLEY,-117.27873955,33.93485849
81860552,2022,2022-09-09,3349,2022-08-28,1725,384,NA,7,5,5,3341,0,0,0,NA,0,001,SH-74,TRUMBLE RD,0,W,Y,A,-,N,NA,NA,NA,NA,NA,NA,NA,NA,NA,N,4,0,1,2,A,-,03,22350,NA,N,D,C,A,A,H,-,A,A,0,NA,NA,NA,NA,Y,NA,A,01,0,0,1,0,0,0,0,0,0,-,-,33.75210952758789,-117.1852798461914,RIVERSIDE,MENIFEE,NA,NA
81861305,2022,2022-09-12,3311,2022-08-13,0934,16061,NA,6,5,4,3311,0,0,0,NA,0,003,INDIAN CANYON DRIVE N,ANDREAS ROAD,177,S,N,A,-,N,NA,NA,NA,NA,NA,NA,NA,NA,NA,Y,4,0,1,5,A,-,05,21460,A,N,B,E,A,A,H,-,A,A,0,NA,NA,NA,NA,Y,NA,A,01,0,0,1,0,0,0,0,0,0,-,-,33.82474136352539,-116.54564666748048,RIVERSIDE,PALM SPRINGS,-116.54557800292967,33.82438659667969
81867018,2022,2022-09-19,3300,2022-09-12,1834,3552,916B,1,5,4,3312,0,0,0,NA,0,032,SAN JACINTO AV,DUNLAP DR (S),0,NA,Y,F,-,N,NA,NA,NA,NA,NA,NA,NA,NA,NA,Y,3,0,4,2,A,-,00,38300,NA,N,D,C,A,A,G,-,A,A,0,NA,NA,NA,NA,Y,NA,D,22,0,2,2,0,0,0,0,0,0,-,-,33.786590576171875,-117.19172668457033,RIVERSIDE,PERRIS,-117.19139862060548,33.78665542602539
81868452,2022,2022-09-20,3300,2022-09-18,1349,3536,602 D,7,5,6,3394,0,0,0,NA,0,MV26,INDIAN ST,BAY AVE,464,S,N,A,-,N,NA,NA,NA,NA,NA,NA,NA,NA,NA,Y,4,0,1,2,A,-,09,21804,A,N,D,C,A,A,H,-,A,A,0,NA,NA,NA,NA,Y,NA,A,01,0,0,1,0,0,0,0,0,0,-,-,33.92082977294922,-117.23500823974608,RIVERSIDE,MORENO VALLEY,-117.23500823974608,33.91962814331055
81868492,2022,2022-09-20,3300,2022-07-26,0412,5767,920A,2,5,4,3314,0,0,0,NA,0,070,SANDERSON AVE,RAMONA BLVD,0,NA,Y,A,-,N,NA,NA,NA,NA,NA,NA,NA,NA,NA,N,4,0,1,2,A,-,09,21801,A,N,D,C,A,A,H,-,C,A,0,NA,NA,NA,NA,Y,NA,A,01,0,0,1,0,0,0,0,0,0,-,-,33.82133102416992,-117.0039520263672,RIVERSIDE,SAN JACINTO,-117.00399017333984,33.82106399536133
81871504,2022,2022-09-23,3300,2022-09-11,1643,N6838,001B,7,5,6,3345,0,0,0,NA,0,010,RUBIDOUX BL,30TH ST,335,N,N,A,-,N,NA,NA,NA,NA,NA,NA,NA,NA,NA,N,4,0,1,2,A,-,08,22107,NA,M,G,B,E,A,H,-,A,A,0,Y,NA,NA,NA,Y,Y,-,99,0,0,1,0,1,0,0,0,0,-,-,34.005279541015625,-117.39974975585938,RIVERSIDE,JURUPA VALLEY,-117.4001007080078,34.004878997802734
81871535,2022,2022-09-23,3300,2022-09-21,1617,N6519,602 D,3,5,6,3394,0,0,0,NA,0,MV26,PERRIS BLVD,WEBSTER AVE,27,S,N,A,-,N,NA,NA,NA,NA,NA,NA,NA,NA,NA,N,4,0,2,2,A,-,09,21801,A,N,D,C,A,A,H,-,A,D,0,NA,NA,Y,NA,Y,NA,A,01,0,0,2,0,0,0,0,0,1,-,-,33.93724060058594,-117.22647094726563,RIVERSIDE,MORENO VALLEY,-117.22637939453124,33.93956756591797
81872488,2022,2022-09-26,3311,2022-09-07,1451,15951,NA,3,5,4,3311,0,0,0,NA,0,006,SR 111 (GENE AUTRY TRAIL),CAMINO PAROCELA,180,N,N,A,-,Y,RIV,NA,111,NA,T,49.241,H,NA,R,Y,4,0,1,2,A,-,09,21804,A,N,D,C,A,A,H,-,A,A,0,NA,NA,NA,NA,Y,NA,A,07,0,0,1,0,0,0,0,0,0,-,-,33.81399154663086,-116.49286651611328,RIVERSIDE,PALM SPRINGS,-116.49286651611328,33.81399154663086
81875044,2022,2022-09-28,3300,2022-09-06,0916,5881,910D,2,5,5,3335,0,0,0,NA,0,061,RANCHO CALIFORNIA RD,RT 15 SB OFFRAMP,0,NA,Y,A,-,N,NA,NA,NA,NA,NA,NA,NA,NA,NA,N,4,0,1,2,A,-,09,21453,B,N,D,D,A,A,H,-,A,A,0,NA,NA,NA,Y,Y,NA,A,01,0,0,1,0,0,0,0,0,0,-,-,33.50033187866211,-117.15222930908205,RIVERSIDE,TEMECULA,-117.15154266357422,33.500701904296875
8187518,2016,2017-01-05,3300,2016-12-03,1753,4309,506E,6,5,5,3341,0,0,0,NA,0,056,NEWPORT RD,BRADLEY RD,40,W,N,A,-,N,NA,NA,NA,NA,NA,NA,NA,NA,NA,N,4,0,1,2,A,-,03,22350,NA,N,C,C,A,A,H,-,C,A,0,NA,NA,NA,NA,Y,NA,A,01,0,0,1,0,0,0,0,0,0,-,-,33.68488,-117.18837,RIVERSIDE,MENIFEE,-117.18873107,33.68502
81878350,2022,2022-09-30,3300,2022-06-09,0721,4456,603 C,4,5,6,3394,0,0,0,NA,0,MV36,IRIS AVE,LOS CABOS DR,0,NA,Y,A,-,Y,NA,NA,NA,NA,NA,NA,NA,NA,NA,Y,4,0,1,2,A,-,12,21453,A,N,D,C,A,A,H,-,A,A,0,NA,NA,NA,NA,Y,NA,D,22,0,0,1,0,0,0,0,0,0,-,-,33.889041900634766,-117.21224212646484,RIVERSIDE,MORENO VALLEY,-117.2118682861328,33.889122009277344
81879575,2022,2022-10-03,3313,2022-09-09,1950,1830,3,5,5,7,3313,0,0,0,NA,0,T43,ORANGE TERRACE PW,SANDHILL DR (S),0,NA,Y,A,-,N,NA,NA,NA,NA,NA,NA,NA,NA,NA,N,4,0,1,2,A,-,03,22350,NA,N,G,B,B,B,H,-,C,D,0,Y,NA,NA,NA,Y,NA,A,07,0,0,1,0,1,0,0,0,0,-,-,33.891090393066406,-117.29979705810548,RIVERSIDE,RIVERSIDE,-117.30427551269533,33.89570999145508
81879580,2022,2022-10-03,3313,2022-09-15,1559,1830,5,4,5,7,3313,0,0,0,NA,0,T41,TYLER ST,HOLE AV,0,NA,Y,A,-,N,NA,NA,NA,NA,NA,NA,NA,NA,NA,N,4,0,1,2,A,-,12,21453,A,N,D,C,A,A,H,-,A,A,0,NA,NA,NA,NA,Y,NA,A,01,0,0,1,0,0,0,0,0,0,-,-,33.91539001464844,-117.46427154541016,RIVERSIDE,RIVERSIDE,-117.46408081054688,33.91521453857422
81879721,2022,2022-10-03,3300,2022-02-08,0825,4940,602,2,5,6,3394,0,0,0,NA,0,MV24,CASPIAN WAY,GERBERA ST,97,W,N,A,-,N,NA,NA,NA,NA,NA,NA,NA,NA,NA,N,3,0,1,2,A,-,01,23152,B,N,C,E,A,A,H,-,A,D,0,NA,NA,NA,NA,Y,Y,A,01,0,1,0,0,0,0,0,0,0,-,-,33.91883087158203,-117.25357055664063,RIVERSIDE,MORENO VALLEY,-117.25389862060548,33.918678283691406
81880012,2022,2022-10-03,3300,2022-09-30,1428,N6426,NA,5,5,5,3335,0,0,0,NA,0,NA,YNEZ RD,SOLANA WY,78,S,N,A,-,N,NA,NA,NA,NA,NA,NA,NA,NA,NA,N,4,0,1,3,A,-,03,22350,NA,N,C,C,A,A,H,-,A,D,0,NA,NA,NA,NA,Y,NA,A,01,0,0,1,0,0,0,0,0,0,-,-,33.51448059082031,-117.15518951416016,RIVERSIDE,TEMECULA,-117.15515899658205,33.51421356201172
81883480,2022,2022-10-06,3300,2022-09-29,1508,N6426,910L,4,5,5,3335,0,0,0,NA,0,064,RANCHO VISTA RD,PASEO GOLETA (E),109,W,N,A,-,N,NA,NA,NA,NA,NA,NA,NA,NA,NA,Y,4,0,1,2,D,-,00,NA,NA,N,D,C,A,A,H,-,A,D,0,NA,NA,NA,NA,Y,NA,-,-,0,0,1,0,0,0,0,0,0,-,-,33.50920104980469,-117.10296630859376,RIVERSIDE,TEMECULA,-117.10813903808594,33.506561279296875
8188349,2016,2016-12-13,3300,2016-11-22,1435,3481,920G,2,5,4,3314,0,0,0,NA,0,074,ESPLANADE AV,STATE ST,685,E,N,A,-,N,NA,NA,NA,NA,NA,NA,NA,NA,NA,N,4,0,1,2,A,-,03,22350,NA,N,C,C,A,A,H,-,A,D,0,NA,NA,NA,NA,Y,NA,A,01,0,0,1,0,0,0,0,0,0,-,-,33.77296,-116.97186,RIVERSIDE,SAN JACINTO,-116.96963965,33.7729
81883650,2022,2022-10-06,3313,2022-07-07,2011,1935,1,4,5,7,3313,0,0,0,NA,0,3R12,STREETER AV,JERRY LOUDER DR,0,NA,Y,A,-,N,NA,NA,NA,NA,NA,NA,NA,NA,NA,N,1,1,0,2,A,-,03,22350,NA,N,D,C,A,A,H,-,B,A,0,NA,NA,Y,NA,Y,NA,C,02,0,0,0,0,0,0,0,1,0,-,-,NA,NA,RIVERSIDE,RIVERSIDE,-117.41870880126952,33.95600128173828
81884531,2022,2022-10-07,3300,2022-09-29,1707,6185,D001,4,5,6,3345,0,0,0,NA,0,010,RUBIDOUX BL,20TH ST,0,NA,Y,A,-,N,NA,NA,NA,NA,NA,NA,NA,NA,NA,N,3,0,1,2,A,-,09,21453,C,N,A,C,A,A,H,-,A,A,0,NA,NA,NA,NA,Y,NA,-,31,0,1,0,0,0,0,0,0,0,-,-,34.01900100708008,-117.38909149169922,RIVERSIDE,JURUPA VALLEY,-117.38925170898438,34.019161224365234
81884803,2022,2022-10-07,3313,2022-08-23,1747,1805,5,2,5,7,3313,0,0,0,NA,0,3R52,COUNTRY BLUFFS RD,SUNSET MEADOW DR,165,W,N,A,-,N,NA,NA,NA,NA,NA,NA,NA,NA,NA,Y,3,0,1,1,B,-,22,NA,NA,N,H,A,A,A,H,-,A,D,0,NA,NA,NA,NA,Y,NA,A,01,0,1,0,0,0,0,0,0,0,-,-,33.952980041503906,-117.50045013427734,RIVERSIDE,RIVERSIDE,-117.50096893310548,33.9528694152832
81885749,2022,2022-10-10,3308,2022-08-27,0005,10741,581,6,5,5,3308,0,0,0,NA,0,SOUTH,FLORIDA AVE,INEZ ST,0,NA,Y,A,-,Y,NA,NA,NA,NA,NA,NA,NA,NA,NA,Y,3,0,2,2,A,-,09,21800,A,N,D,C,A,A,H,-,C,A,0,NA,NA,NA,NA,Y,NA,A,01,0,1,1,0,0,0,0,0,0,-,-,33.745548248291016,-116.96933746337892,RIVERSIDE,HEMET,-116.97276306152344,33.747535705566406
81887897,2022,2022-10-12,3300,2022-09-19,2150,6203,916D,1,5,4,3312,0,0,0,NA,0,035,I 215 NB OFRP,REDLANDS AV,15,S,N,A,-,N,NA,NA,NA,NA,NA,NA,NA,NA,NA,N,4,0,1,2,A,-,03,22350,NA,N,C,C,A,A,H,-,C,A,0,NA,NA,NA,NA,Y,NA,A,07,0,0,1,0,0,0,0,0,0,-,-,33.784400939941406,-117.21588897705078,RIVERSIDE,PERRIS,-117.21614837646484,33.78400421142578
81887970,2022,2022-10-12,3311,2022-09-12,1407,15789,3311,1,5,4,3311,0,0,0,NA,0,001,NORTH PALM CANYON DR,GRAN VIA VALMONTE,117,N,N,B,-,N,NA,NA,NA,NA,NA,NA,NA,NA,NA,N,4,0,1,2,A,-,08,22107,NA,N,B,C,A,A,H,-,A,D,0,NA,NA,NA,NA,Y,NA,A,01,0,0,1,0,0,0,0,0,0,-,-,NA,NA,RIVERSIDE,PALM SPRINGS,-116.54680633544922,33.832210540771484
81892249,2022,2022-10-18,3300,2022-09-17,1305,N6583,800B,6,5,3,3343,0,0,0,NA,0,080,LEMON ST,ALMOND ST,0,W,N,A,-,N,NA,NA,NA,NA,NA,NA,NA,NA,NA,N,4,0,1,2,A,-,03,22350,NA,N,H,A,A,A,H,-,A,D,0,NA,NA,Y,NA,Y,NA,C,02,0,0,1,0,0,0,0,0,1,-,-,33.63534164428711,-117.27960968017578,RIVERSIDE,WILDOMAR,-117.27963256835938,33.63417053222656
81892316,2022,2022-10-18,3306,2022-06-10,1831,801,NA,5,5,3,3306,0,0,0,NA,0,NA,INDIAN CANYON DR,MISSION LAKES BLVD,0,NA,Y,A,-,N,NA,NA,NA,NA,NA,NA,NA,NA,NA,Y,4,0,1,1,A,-,03,22350,NA,N,E,I,A,A,H,-,A,D,0,NA,NA,NA,NA,Y,Y,A,07,0,0,1,0,0,0,0,0,0,-,-,33.97610855102539,-116.544921875,RIVERSIDE,DESERT HOT SPRINGS,-116.544921875,33.97611618041992
81892386,2022,2022-10-18,3300,2022-09-21,0728,3618,920A,3,5,4,3314,0,0,0,NA,0,070,COTTONWOOD AVE,SANDERSON AVE,198,W,N,A,-,N,NA,NA,NA,NA,NA,NA,NA,NA,NA,N,4,0,1,3,A,-,03,22350,NA,N,C,C,A,A,H,-,A,A,0,NA,NA,NA,NA,Y,NA,A,01,0,0,1,0,0,0,0,0,0,-,-,33.7872200012207,-117.00684356689452,RIVERSIDE,SAN JACINTO,-117.00741577148438,33.78731155395508
81893418,2022,2022-10-19,3300,2022-10-17,0825,4165,NA,1,5,5,3335,0,0,0,NA,0,NA,WABASH LN,PECHANGA DR,0,NA,Y,A,-,N,NA,NA,NA,NA,NA,NA,NA,NA,NA,N,4,0,1,2,A,-,10,21950,A,N,G,B,B,A,H,-,A,A,0,Y,NA,NA,NA,Y,NA,A,01,0,0,1,0,1,0,0,0,0,-,-,33.476348876953125,-117.13336944580078,RIVERSIDE,TEMECULA,-117.13337707519533,33.47627258300781
81893809,2022,2022-10-19,3313,2022-09-14,1605,1881,5,3,5,7,3313,0,0,0,NA,0,3R58,ARLINGTON AV,RUTLAND AV (S),261,W,N,A,-,N,NA,NA,NA,NA,NA,NA,NA,NA,NA,N,4,0,1,2,A,-,05,21460,A,N,D,C,A,A,H,-,A,A,0,NA,NA,NA,NA,Y,NA,-,-,0,0,1,0,0,0,0,0,0,-,-,33.94607925415039,-117.46882629394533,RIVERSIDE,RIVERSIDE,-117.46959686279295,33.9465217590332
81896658,2022,2022-10-24,3300,2022-09-30,1127,5961,602 D,5,5,6,3394,0,0,0,NA,0,MV26,INDIAN ST,WEBSTER AVE,0,NA,Y,A,-,N,NA,NA,NA,NA,NA,NA,NA,NA,NA,Y,3,0,1,2,A,-,01,23152,A,N,D,C,A,A,H,-,A,A,0,NA,NA,NA,NA,Y,Y,A,07,0,1,0,0,0,0,0,0,0,-,-,33.93724060058594,-117.23499298095705,RIVERSIDE,MORENO VALLEY,-117.23509216308594,33.93726348876953
81896672,2022,2022-10-24,3306,2022-09-15,1812,2929,NA,4,5,3,3306,0,0,0,NA,0,NA,PIERSON BLVD,PALM DR,0,NA,Y,A,-,N,NA,NA,NA,NA,NA,NA,NA,NA,NA,Y,4,0,2,2,A,-,09,21453,C,N,A,C,A,A,H,-,A,A,0,NA,NA,NA,NA,Y,NA,A,01,0,0,2,0,0,0,0,0,0,-,-,33.96147918701172,-116.50131988525392,RIVERSIDE,DESERT HOT SPRINGS,-116.50141143798828,33.96147155761719
8189689,2016,2017-01-12,3315,2016-11-18,1753,11119,3E,5,5,6,3315,0,0,0,NA,0,NA,RIMPAU AV,CALIFORNIA AV,158,N,N,A,-,N,NA,NA,NA,NA,NA,NA,NA,NA,NA,N,4,0,1,2,A,-,03,22350,NA,N,C,C,A,A,H,-,C,D,0,NA,NA,NA,NA,Y,NA,-,NA,0,0,1,0,0,0,0,0,0,-,-,NA,NA,RIVERSIDE,CORONA,-117.54459867999999,33.86211286
81897055,2022,2022-10-24,3315,2022-09-30,1654,003152,3C,5,5,6,3315,0,0,0,NA,0,002,RIMPAU AV,BEVERLY RD,0,NA,Y,A,-,N,NA,NA,NA,NA,NA,NA,NA,NA,NA,N,3,0,1,2,A,-,08,22107,NA,F,D,C,A,A,H,-,A,D,0,NA,NA,NA,NA,Y,NA,A,01,0,1,0,0,0,0,0,0,0,-,-,NA,NA,RIVERSIDE,CORONA,-117.54986572265624,33.86993408203125
81897358,2022,2022-10-24,3308,2022-07-18,2318,10746,NA,1,5,5,3308,0,0,0,NA,0,NORTH,STATE ST,MENLO AVE,21,N,N,A,-,N,NA,NA,NA,NA,NA,NA,NA,NA,NA,Y,1,1,1,2,A,-,03,22350,NA,N,C,C,A,A,H,-,C,A,0,NA,NA,Y,NA,Y,NA,A,01,0,0,1,0,0,0,0,1,0,-,-,33.75838851928711,-116.97181701660156,RIVERSIDE,HEMET,-116.97178649902344,33.75845718383789
81897366,2022,2022-10-24,3308,2022-09-24,0728,10697,NA,6,5,5,3308,0,0,0,NA,0,SOUTH,GARLAND WAY,ROSEMARY CT,228,W,N,A,-,N,NA,NA,NA,NA,NA,NA,NA,NA,NA,Y,4,0,1,3,A,-,08,22107,NA,N,C,E,A,A,H,-,A,D,0,NA,NA,NA,NA,Y,NA,A,01,0,0,1,0,0,0,0,0,0,-,-,33.736671447753906,-116.9902801513672,RIVERSIDE,HEMET,-116.994384765625,33.73855972290039
81898349,2022,2022-10-25,3313,2022-09-26,1916,1384,5,1,5,7,3313,0,0,0,NA,0,M17,EVEREST AV,MAGNOLIA AV,0,NA,Y,A,-,N,NA,NA,NA,NA,NA,NA,NA,NA,NA,N,4,0,1,2,D,-,00,NA,NA,N,G,B,B,A,H,-,C,A,0,Y,NA,NA,NA,Y,NA,-,-,0,0,1,0,1,0,0,0,0,-,-,33.92245101928711,-117.44294738769533,RIVERSIDE,RIVERSIDE,-117.44290161132813,33.92250442504883
8189914,2016,2016-12-16,3315,2016-12-06,2106,001811,3C,2,5,6,3315,0,0,0,NA,0,003,ONTARIO AV,FULLERTON AV,30,E,N,A,-,N,NA,NA,NA,NA,NA,NA,NA,NA,NA,N,4,0,1,4,B,-,22,NA,NA,N,-,C,A,-,H,-,C,A,0,NA,NA,NA,NA,Y,NA,-,-,0,0,1,0,0,0,0,0,0,-,-,NA,NA,RIVERSIDE,CORONA,-117.55127379,33.85145739
8190176,2016,2016-12-19,3300,2016-11-17,1545,N5835,601 D,4,5,6,3394,0,0,0,NA,0,MV14,COLD SPRING,PARKLAND AV,39,W,N,A,-,N,NA,NA,NA,NA,NA,NA,NA,NA,NA,N,4,0,1,2,A,-,12,22450,A,N,G,G,A,A,H,-,A,A,0,NA,Y,NA,NA,Y,NA,L,04,0,0,1,0,0,0,1,0,0,-,-,33.96006,-117.24787,RIVERSIDE,MORENO VALLEY,-117.2480332,33.9599466
8190231,2016,2016-12-19,3300,2016-11-08,1400,4996,603B1,2,5,6,3394,0,0,0,NA,0,MV34,JOHNNY F KENNEDY DR,PERRIS BL,238,E,N,A,-,N,NA,NA,NA,NA,NA,NA,NA,NA,NA,N,4,0,1,2,A,-,09,21804,A,F,H,G,A,A,H,-,A,D,0,NA,Y,NA,NA,Y,NA,A,01,0,0,1,0,0,0,1,0,0,-,-,33.93268,-117.22652,RIVERSIDE,MORENO VALLEY,-117.22551812,33.90276798
81903785,2022,2022-10-28,3313,2022-08-19,0842,1686,1,5,5,7,3313,0,0,0,NA,0,T58,FOURTEENTH ST,MAIN ST,159,W,N,A,-,N,NA,NA,NA,NA,NA,NA,NA,NA,NA,N,4,0,2,3,A,-,03,22350,NA,N,C,C,A,A,H,-,A,A,0,NA,NA,NA,NA,Y,NA,A,07,0,0,2,0,0,0,0,0,0,-,-,33.976200103759766,-117.37857818603516,RIVERSIDE,RIVERSIDE,-117.37884521484376,33.97637939453125
81905215,2022,2022-10-31,3313,2022-10-14,1708,2074,4,5,5,7,3313,0,0,0,NA,0,T71,MAGNOLIA AV,WAYNE CT,80,E,N,B,-,N,NA,NA,NA,NA,NA,NA,NA,NA,NA,N,4,0,4,3,A,-,03,22350,NA,N,C,C,A,A,H,-,A,D,0,NA,NA,NA,NA,Y,NA,A,07,0,0,4,0,0,0,0,0,0,-,-,33.931190490722656,-117.42716979980467,RIVERSIDE,RIVERSIDE,-117.4270248413086,33.93152618408203