CASE_ID,ACCIDENT_YEAR,PROC_DATE,JURIS,COLLISION_DATE,COLLISION_TIME,OFFICER_ID,REPORTING_DISTRICT,DAY_OF_WEEK,CHP_SHIFT,POPULATION,CNTY_CITY_LOC,SPECIAL_COND,BEAT_TYPE,CHP_BEAT_TYPE,CITY_DIVISION_LAPD,CHP_BEAT_CLASS,BEAT_NUMBER,PRIMARY_RD,SECONDARY_RD,DISTANCE,DIRECTION,INTERSECTION,WEATHER_1,WEATHER_2,STATE_HWY_IND,CALTRANS_COUNTY,CALTRANS_DISTRICT,STATE_ROUTE,ROUTE_SUFFIX,POSTMILE_PREFIX,POSTMILE,LOCATION_TYPE,RAMP_INTERSECTION,SIDE_OF_HWY,TOW_AWAY,COLLISION_SEVERITY,NUMBER_KILLED,NUMBER_INJURED,PARTY_COUNT,PRIMARY_COLL_FACTOR,PCF_CODE_OF_VIOL,PCF_VIOL_CATEGORY,PCF_VIOLATION,PCF_VIOL_SUBSECTION,HIT_AND_RUN,TYPE_OF_COLLISION,MVIW,PED_ACTION,ROAD_SURFACE,ROAD_COND_1,ROAD_COND_2,LIGHTING,CONTROL_DEVICE,CHP_ROAD_TYPE,PEDESTRIAN_ACCIDENT,BICYCLE_ACCIDENT,MOTORCYCLE_ACCIDENT,TRUCK_ACCIDENT,NOT_PRIVATE_PROPERTY,ALCOHOL_INVOLVED,STWD_VEHTYPE_AT_FAULT,CHP_VEHTYPE_AT_FAULT,COUNT_SEVERE_INJ,COUNT_VISIBLE_INJ,COUNT_COMPLAINT_PAIN,COUNT_PED_KILLED,COUNT_PED_INJURED,COUNT_BICYCLIST_KILLED,COUNT_BICYCLIST_INJURED,COUNT_MC_KILLED,COUNT_MC_INJURED,PRIMARY_RAMP,SECONDARY_RAMP,LATITUDE,LONGITUDE,COUNTY,CITY,POINT_X,POINT_Y
82426822,2024,2024-07-01,3313,2024-06-08,1843,2227,NA,6,5,7,3313,0,0,0,NA,0,3R14,MAGNOLIA AVE,HARRISON ST (W),154,E,N,A,-,N,NA,NA,NA,NA,NA,NA,NA,NA,NA,Y,2,0,3,2,A,-,03,22350,NA,N,C,C,A,A,H,-,B,D,0,NA,NA,NA,NA,Y,NA,A,01,2,1,0,0,0,0,0,0,0,-,-,33.916229248046875,-117.45416259765624,RIVERSIDE,RIVERSIDE,-117.45361328125,33.91642761230469
82429129,2024,2024-07-03,3300,2024-06-28,1030,6406,NA,5,5,6,3394,0,0,0,NA,0,MV46,BAY AVE,MORENO BEACH DR,0,NA,Y,A,-,N,NA,NA,NA,NA,NA,NA,NA,NA,NA,Y,4,0,2,2,A,-,09,21802,A,N,D,C,A,A,H,-,A,A,0,NA,NA,NA,NA,Y,NA,A,01,0,0,2,0,0,0,0,0,0,-,-,33.92084884643555,-117.17408752441406,RIVERSIDE,MORENO VALLEY,-117.17420196533205,33.92100143432617
82429562,2024,2024-07-03,3313,2024-06-08,1938,2029,NA,6,5,7,3313,0,0,0,NA,0,FT3,MARKET ST,THIRD ST,0,NA,Y,A,-,N,NA,NA,NA,NA,NA,NA,NA,NA,NA,N,4,0,2,2,A,-,12,21453,A,N,D,C,A,A,H,-,A,A,0,NA,NA,NA,NA,Y,NA,A,07,0,0,2,0,0,0,0,0,0,-,-,NA,NA,RIVERSIDE,RIVERSIDE,-117.37248229980467,33.98733901977539
82429574,2024,2024-07-03,3313,2024-06-16,1557,2018,NA,7,5,7,3313,0,0,0,NA,0,3R50,LA SIERRA AVE,VICTORIA AVE,12,S,N,A,-,N,NA,NA,NA,NA,NA,NA,NA,NA,NA,N,4,0,2,2,A,-,04,21703,NA,F,C,C,A,A,H,-,A,A,0,NA,NA,NA,NA,Y,NA,A,01,0,0,2,0,0,0,0,0,0,-,-,33.887630462646484,-117.4635772705078,RIVERSIDE,RIVERSIDE,-117.46348571777344,33.88777160644531
82431013,2024,2024-07-05,3300,2024-06-26,1325,N7982,NA,3,5,6,3394,0,0,0,NA,0,MV34,PERRIS BLVD,RED MAPLE LN,480,S,N,A,-,N,NA,NA,NA,NA,NA,NA,NA,NA,NA,Y,3,0,1,3,A,-,07,21658,A,F,F,A,A,A,H,-,A,D,0,NA,NA,NA,NA,Y,NA,A,07,0,1,0,0,0,0,0,0,0,-,-,33.88486862182617,-117.22669982910156,RIVERSIDE,MORENO VALLEY,-117.22628021240234,33.883365631103516
82431877,2024,2024-07-08,3300,2024-06-24,808,3786,NA,1,5,6,3345,0,0,0,NA,0,014,MISSION BL,VALLEY WY,0,NA,Y,A,-,N,NA,NA,NA,NA,NA,NA,NA,NA,NA,Y,3,0,2,2,A,-,12,21453,A,N,D,C,A,A,H,-,A,A,0,NA,NA,NA,NA,Y,NA,A,01,0,1,1,0,0,0,0,0,0,-,-,34.01102828979492,-117.43473815917967,RIVERSIDE,JURUPA VALLEY,-117.43489074707033,34.01118850708008
82431881,2024,2024-07-08,3300,2024-07-03,1121,4449,NA,3,5,6,3345,0,0,0,NA,0,026,LIMONITE AV,RIDGEVIEW AV,13,E,N,A,-,N,NA,NA,NA,NA,NA,NA,NA,NA,NA,Y,3,0,2,2,A,-,08,22107,NA,N,A,C,A,A,H,-,A,D,0,NA,NA,NA,NA,Y,NA,A,01,0,1,1,0,0,0,0,0,0,-,-,33.97555160522461,-117.51902770996094,RIVERSIDE,JURUPA VALLEY,-117.51886749267578,33.97547912597656
82431902,2024,2024-07-24,3300,2024-03-11,1026,4695,NA,1,5,6,3394,0,0,0,NA,0,MV18,MORENO BEACH DR,LOCUST AVE,0,NA,Y,A,-,N,NA,NA,NA,NA,NA,NA,NA,NA,NA,Y,2,0,1,1,C,-,18,NA,NA,N,E,I,A,A,H,-,A,A,0,NA,NA,Y,NA,Y,NA,-,-,1,0,0,0,0,0,0,0,1,-,-,33.95726013183594,-117.17833709716795,RIVERSIDE,MORENO VALLEY,-117.17845153808594,33.95717239379883
82432026,2024,2024-07-08,3313,2024-04-05,1056,2152,NA,5,5,7,3313,0,0,0,NA,0,T75,MARKET ST,RIVERA ST,0,NA,Y,B,C,N,NA,NA,NA,NA,NA,NA,NA,NA,NA,Y,4,0,2,2,A,-,12,21453,A,N,D,D,A,B,H,-,A,A,0,NA,NA,NA,NA,Y,NA,-,-,0,0,2,0,0,0,0,0,0,-,-,34.002220153808594,-117.37593841552734,RIVERSIDE,RIVERSIDE,-117.3760223388672,34.00211715698242
82432264,2024,2024-07-08,3313,2024-06-25,2036,1384,NA,2,5,7,3313,0,0,0,NA,0,M17,TRAUTWEIN RD,ALESSANDRO BLVD,45,S,N,A,-,N,NA,NA,NA,NA,NA,NA,NA,NA,NA,N,4,0,1,2,A,-,03,22350,NA,M,C,C,A,A,H,-,C,A,0,NA,NA,NA,NA,Y,NA,A,01,0,0,1,0,0,0,0,0,0,-,-,33.915321350097656,-117.33104705810548,RIVERSIDE,RIVERSIDE,-117.33245849609376,33.9185676574707
82433419,2024,2024-07-09,3300,2024-07-02,628,4237,NA,2,5,4,3312,0,0,0,NA,0,031,PERRIS BL,RAMONA EXPRESSWAY,299,S,N,A,-,N,NA,NA,NA,NA,NA,NA,NA,NA,NA,N,4,0,1,3,A,-,03,22350,NA,N,C,C,A,A,H,-,A,A,0,NA,NA,NA,NA,Y,NA,A,01,0,0,1,0,0,0,0,0,0,-,-,33.84449005126953,-117.22599792480467,RIVERSIDE,PERRIS,-117.22618865966795,33.84366226196289
82433595,2024,2024-07-09,3300,2024-04-25,1440,6289,NA,4,5,3,3392,0,0,0,NA,0,LA40,VICTORIA DR,ADAMS ST,6,E,N,A,-,N,NA,NA,NA,NA,NA,NA,NA,NA,NA,N,3,0,1,2,A,-,00,20001,A,F,D,G,A,A,H,-,A,D,0,NA,Y,NA,NA,Y,NA,-,99,0,1,0,0,0,0,1,0,0,-,-,33.718170166015625,-116.28620910644533,RIVERSIDE,LA QUINTA,-116.28620910644533,33.718170166015625
82433661,2024,2024-07-10,3313,2024-06-18,1335,1830,NA,2,5,7,3313,0,0,0,NA,0,T41,UNIVERSITY AVE,KANSAS AVE,0,NA,Y,A,-,N,NA,NA,NA,NA,NA,NA,NA,NA,NA,Y,3,0,2,2,A,-,12,21453,A,N,D,C,A,A,H,-,A,A,0,NA,NA,NA,NA,Y,NA,D,22,0,2,0,0,0,0,0,0,0,-,-,33.97555923461914,-117.35706329345705,RIVERSIDE,RIVERSIDE,-117.357177734375,33.975547790527344
82435735,2024,2024-07-11,3342,2024-07-09,1253,P1098,NA,2,5,4,3342,0,0,0,NA,0,002,CLINTON KEITH RD,MCELWAIN RD,22,W,N,A,-,N,NA,NA,NA,NA,NA,NA,NA,NA,NA,N,4,0,2,2,A,-,03,22350,NA,N,C,C,A,A,H,-,A,A,0,NA,NA,NA,NA,Y,NA,A,07,0,0,2,0,0,0,0,0,0,-,-,33.59870147705078,-117.17784118652344,RIVERSIDE,MURRIETA,-117.17794036865234,33.59868621826172
82437340,2024,2024-07-12,3308,2024-02-19,1231,10948,NA,1,5,5,3308,0,0,0,NA,0,SOUTH,WATERSIDE DR,SANDERSON AVE (S),0,NA,Y,A,-,N,NA,NA,NA,NA,NA,NA,NA,NA,NA,Y,3,0,1,2,A,-,05,21651,B,N,B,D,A,A,H,-,A,A,0,NA,NA,Y,Y,Y,NA,C,02,0,1,0,0,0,0,0,0,1,-,-,33.714691162109375,-117.00335693359376,RIVERSIDE,HEMET,-117.0065689086914,33.71650314331055
82437341,2024,2024-07-12,3308,2024-05-24,2156,10975,NA,5,5,5,3308,0,0,0,NA,0,NORTH,MENLO AVE,BUENA VISTA ST,0,NA,Y,A,-,N,NA,NA,NA,NA,NA,NA,NA,NA,NA,Y,4,0,1,2,A,-,12,22450,A,M,D,C,A,A,H,-,D,A,0,NA,NA,NA,NA,Y,NA,A,01,0,0,1,0,0,0,0,0,0,-,-,33.75634002685547,-116.9638900756836,RIVERSIDE,HEMET,-116.96743011474608,33.75844192504883
82437503,2024,2024-07-12,3315,2024-07-09,1709,005024,NA,2,5,6,3315,0,0,0,NA,0,002,MAIN ST,ELEVENTH ST,0,NA,Y,A,-,N,NA,NA,NA,NA,NA,NA,NA,NA,NA,Y,4,0,2,2,A,-,09,21801,A,N,D,C,A,A,H,-,A,D,0,NA,NA,NA,NA,Y,NA,D,22,0,0,2,0,0,0,0,0,0,-,-,NA,NA,RIVERSIDE,CORONA,-117.56719970703124,33.87021255493164
82438310,2024,2024-07-15,3300,2024-06-08,1128,3618,NA,6,5,4,3314,0,0,0,NA,0,074,SAN JACINTO AVE,MENLO AVE,767,N,N,A,-,Y,RIV,NA,79,NA,NA,26.392,H,NA,L,N,3,0,2,2,A,-,09,21801,A,N,D,C,A,A,H,-,A,D,0,NA,NA,NA,NA,Y,NA,D,22,0,2,0,0,0,0,0,0,0,-,-,33.75843048095703,-116.95887756347656,RIVERSIDE,SAN JACINTO,-116.9587631225586,33.758399963378906
82438819,2024,2024-07-15,3313,2024-07-01,2257,2178,NA,1,5,7,3313,0,0,0,NA,0,1R51,LA SIERRA AVE,INDIANA AVE,0,NA,Y,A,-,N,NA,NA,NA,NA,NA,NA,NA,NA,NA,Y,4,0,1,2,A,-,12,21453,A,N,D,C,A,A,H,-,C,A,0,NA,NA,NA,NA,Y,NA,A,01,0,0,1,0,0,0,0,0,0,-,-,33.8968391418457,-117.4719467163086,RIVERSIDE,RIVERSIDE,-117.4711685180664,33.8972053527832
82442042,2024,2024-07-18,3300,2024-07-07,1100,N4544,NA,7,5,6,3345,0,0,0,NA,0,024,LIMONITE AV,CLAY ST,0,NA,Y,A,-,N,NA,NA,NA,NA,NA,NA,NA,NA,NA,Y,3,0,4,2,A,-,12,21453,A,N,D,C,A,A,H,-,A,A,0,NA,NA,NA,NA,Y,NA,D,22,0,2,2,0,0,0,0,0,0,-,-,33.97576904296875,-117.46195220947266,RIVERSIDE,JURUPA VALLEY,-117.4625244140625,33.977359771728516
82442064,2024,2024-07-18,3300,2024-07-15,1726,4695,NA,1,5,6,3394,0,0,0,NA,0,MV36,DELPHINIUM AVE,PARSLEY AVE,0,NA,Y,A,-,N,NA,NA,NA,NA,NA,NA,NA,NA,NA,Y,4,0,2,2,A,-,09,21802,A,N,D,C,A,A,H,-,A,A,0,NA,NA,NA,NA,Y,NA,A,01,0,0,2,0,0,0,0,0,0,-,-,33.90644073486328,-117.21302032470705,RIVERSIDE,MORENO VALLEY,-117.21274566650392,33.90642166137695
82443273,2024,2024-07-19,3300,2024-06-08,823,N8604,NA,6,5,3,3392,0,0,0,NA,0,LA43,CALLE NOGALES,AVENIDA RUBIO,0,NA,Y,A,-,N,NA,NA,NA,NA,NA,NA,NA,NA,NA,N,4,0,2,2,A,-,09,21802,A,N,D,C,A,A,H,-,A,A,0,NA,NA,NA,NA,Y,NA,A,01,0,0,2,0,0,0,0,0,0,-,-,33.665321350097656,-116.31482696533205,RIVERSIDE,LA QUINTA,-116.31494140625,33.66536331176758
82443281,2024,2024-07-19,3300,2024-07-12,1933,N6763,NA,5,5,3,3392,0,0,0,NA,0,LA41,WASHINGTON ST,SIMON DR,20,S,N,A,-,N,NA,NA,NA,NA,NA,NA,NA,NA,NA,N,3,0,1,2,A,-,07,21658,A,N,B,C,A,A,H,-,B,A,0,NA,NA,NA,NA,Y,NA,A,07,0,1,0,0,0,0,0,0,0,-,-,33.712669372558594,-116.29496002197266,RIVERSIDE,LA QUINTA,-116.29463958740234,33.71243667602539
82443919,2024,2025-05-12,3300,2024-07-18,1352,4713,NA,4,5,5,3335,0,0,0,NA,0,061,RANCHO CALIFORNIA RD,JEFFERSON AV,0,NA,Y,A,-,N,NA,NA,NA,NA,NA,NA,NA,NA,NA,Y,4,0,2,3,A,-,12,21453,A,N,D,C,A,A,H,-,A,A,0,NA,NA,NA,NA,Y,NA,A,08,0,0,2,0,0,0,0,0,0,-,-,33.49913024902344,-117.1540298461914,RIVERSIDE,TEMECULA,-117.15386962890624,33.49915313720703
82595709,2024,2024-07-24,3300,2024-05-22,1948,4024,NA,3,5,4,3307,0,0,0,NA,0,092,MAIN ST,FLINT ST,135,N,N,A,-,N,NA,NA,NA,NA,NA,NA,NA,NA,NA,Y,3,0,1,3,A,-,08,22107,NA,N,C,E,A,A,H,-,B,D,0,NA,NA,NA,NA,Y,NA,A,01,0,1,0,0,0,0,0,0,0,-,-,33.67485809326172,-117.32485961914063,RIVERSIDE,LAKE ELSINORE,-117.32473754882813,33.675411224365234
82730082,2024,2024-08-14,3349,2024-05-08,1155,686,NA,3,5,5,3341,0,0,0,NA,0,001,SH-74,MENIFEE RD,500,W,N,A,-,Y,NA,NA,NA,NA,NA,NA,NA,NA,NA,Y,4,0,1,2,A,-,03,22350,NA,N,C,C,A,A,H,-,A,A,0,NA,NA,NA,NA,Y,NA,A,01,0,0,1,0,0,0,0,0,0,-,-,NA,NA,RIVERSIDE,MENIFEE,NA,NA
82730100,2024,2024-07-26,3349,2024-05-22,1756,488,NA,3,5,5,3341,0,0,0,NA,0,006,MCCALL BLVD,SUN CITY BLVD,7,E,N,A,-,N,NA,NA,NA,NA,NA,NA,NA,NA,NA,N,3,0,1,2,A,-,12,21453,A,N,H,G,A,A,H,-,A,A,0,NA,Y,NA,NA,Y,NA,L,04,0,1,0,0,0,0,1,0,0,-,-,33.715179443359375,-117.19397735595705,RIVERSIDE,MENIFEE,-117.19403839111328,33.715179443359375
82800014,2024,2024-07-29,3308,2024-07-12,1009,10746,NA,5,5,5,3308,0,0,0,NA,0,SOUTH,JOHNSTON AVE,DOUGLAS CT,128,W,N,A,-,N,NA,NA,NA,NA,NA,NA,NA,NA,NA,Y,3,0,1,2,A,-,09,21804,A,N,D,C,A,A,H,-,A,D,0,NA,NA,NA,NA,Y,NA,A,01,0,1,0,0,0,0,0,0,0,-,-,33.73094940185547,-116.9651107788086,RIVERSIDE,HEMET,-116.96888732910156,33.7330207824707
8280077,2016,2017-05-03,3300,2016-12-08,0411,3726,905M,4,5,4,3307,0,0,0,NA,0,093,RIVERSIDE DR,RICHARD ST,0,NA,Y,A,-,Y,RIV,8,74,-,R,14.836,I,5,W,Y,4,0,2,2,A,-,09,21800,B,N,A,C,A,A,H,-,D,A,0,NA,NA,NA,NA,Y,NA,D,22,0,0,2,0,0,0,0,0,0,-,-,33.68852,-117.35755,RIVERSIDE,LAKE ELSINORE,-117.35763561,33.68865251
8280347,2016,2017-01-17,3300,2016-12-13,1430,4300,920A,2,5,4,3314,0,0,0,NA,0,070,SANDERSON AV,RAMONA EXPWY,0,NA,Y,A,-,N,NA,NA,NA,NA,NA,NA,NA,NA,NA,N,3,0,1,2,A,-,03,22350,NA,N,C,C,A,A,D,-,A,A,0,NA,NA,NA,NA,Y,NA,D,22,0,1,0,0,0,0,0,0,0,-,-,NA,NA,RIVERSIDE,SAN JACINTO,-117.00360008,33.82363002
8280377,2016,2017-01-24,3300,2016-12-29,0920,N1673,36R3,4,5,4,3318,0,0,0,NA,0,T36,FRED WARING DR,MONTEREY AV,55,W,N,A,-,N,NA,NA,NA,NA,NA,NA,NA,NA,NA,Y,4,0,1,2,A,-,07,21658,A,N,C,C,A,A,H,-,A,A,0,NA,NA,NA,NA,Y,NA,A,01,0,0,1,0,0,0,0,0,0,-,-,NA,NA,RIVERSIDE,PALM DESERT,-116.39143012,33.72863
8280780,2016,2017-01-19,3308,2016-11-21,1150,10492,516,1,5,5,3308,0,0,0,NA,0,NORTH,LATHAM AV,PALM AV,0,NA,Y,A,-,N,NA,NA,NA,NA,NA,NA,NA,NA,NA,Y,3,0,3,3,A,-,12,22450,A,N,D,C,A,A,H,-,A,A,0,NA,NA,NA,NA,Y,NA,A,01,0,1,2,0,0,0,0,0,0,-,-,NA,NA,RIVERSIDE,HEMET,-116.98041005,33.74926008
8280800,2016,2017-01-19,3308,2016-11-13,1619,10492,546,7,5,5,3308,0,0,0,NA,0,SOUTH,THORNTON AV,GILBERT ST,0,NA,Y,A,-,N,NA,NA,NA,NA,NA,NA,NA,NA,NA,N,3,0,2,2,A,-,09,21800,A,N,D,C,A,A,H,-,A,A,0,NA,NA,NA,NA,Y,NA,A,01,0,2,0,0,0,0,0,0,0,-,-,NA,NA,RIVERSIDE,HEMET,-116.97586007,33.72573005
8281334,2016,2017-01-19,3313,2016-12-07,1707,0399,3,3,5,7,3313,0,0,0,NA,0,M18,CANYON SPRINGS PKWY,CORPORATE CENTRE PL,1315,N,N,A,-,N,NA,NA,NA,NA,NA,NA,NA,NA,NA,Y,4,0,3,2,A,-,09,21804,A,N,C,C,A,A,H,-,C,A,0,NA,NA,NA,NA,Y,NA,A,07,0,0,3,0,0,0,0,0,0,-,-,33.93662,-117.28713,RIVERSIDE,RIVERSIDE,NA,NA
8282116,2016,2017-01-20,3308,2016-10-26,1350,10470,504,3,5,5,3308,0,0,0,NA,0,NORTH,CAWSTON AV,SEATTLE ST,0,NA,Y,A,-,N,NA,NA,NA,NA,NA,NA,NA,NA,NA,Y,3,0,1,2,A,-,03,22350,NA,N,C,C,A,A,H,-,A,A,0,NA,NA,NA,NA,Y,NA,A,01,0,1,0,0,0,0,0,0,0,-,-,NA,NA,RIVERSIDE,HEMET,-117.01526012,33.75615003
8286558,2016,2017-01-23,3300,2016-11-14,1544,4304,001C,1,5,6,3345,0,0,0,NA,0,010,WALLACE ST,34TH ST,3068,N,N,A,-,N,NA,NA,NA,NA,NA,NA,NA,NA,NA,Y,4,0,2,1,A,-,08,22107,NA,M,E,I,A,A,H,-,A,D,0,NA,NA,NA,NA,Y,NA,A,01,0,0,2,0,0,0,0,0,0,-,-,33.99794,-117.39875,RIVERSIDE,JURUPA VALLEY,-117.39043586,34.00286316
82877900,2024,2024-07-30,3306,2024-06-28,1719,2923,NA,5,5,3,3306,0,0,0,NA,0,NA,8TH ST,MESQUITE AVE,0,NA,Y,A,-,N,NA,NA,NA,NA,NA,NA,NA,NA,NA,N,3,0,2,2,A,-,09,21804,B,N,A,C,A,A,H,-,A,A,0,NA,NA,NA,NA,Y,NA,A,07,0,1,1,0,0,0,0,0,0,-,-,33.96873092651367,-116.49697113037108,RIVERSIDE,DESERT HOT SPRINGS,-116.49703216552734,33.968727111816406
8289823,2017,2017-02-02,3309,2017-01-12,0650,443,3309,4,5,4,3309,0,0,0,NA,0,002,AVE 44,MARKET ST,140,W,N,B,-,N,NA,NA,NA,NA,NA,NA,NA,NA,NA,Y,3,0,2,3,A,-,08,22107,NA,N,B,C,A,B,H,-,A,A,0,NA,NA,NA,NA,Y,NA,A,01,0,1,1,0,0,0,0,0,0,-,-,NA,NA,RIVERSIDE,INDIO,-116.23001615,33.72945523
8290389,2016,2017-02-06,3300,2016-12-23,0516,3658,002D,5,5,6,3345,0,0,0,NA,0,JV22,GRAPEVINE ST,DE FOREST DR,0,NA,Y,A,-,N,NA,NA,NA,NA,NA,NA,NA,NA,NA,Y,3,0,1,2,A,-,08,22107,NA,N,A,E,A,A,H,-,C,D,0,NA,NA,NA,NA,Y,NA,A,01,0,1,0,0,0,0,0,0,0,-,-,NA,NA,RIVERSIDE,JURUPA VALLEY,-117.51713005,34.01948004
8291191,2017,2017-02-06,3315,2017-01-13,0722,002235,3E,5,5,6,3315,0,0,0,NA,0,003,ONTARIO AV,COMPTON AV,385,W,N,A,-,N,NA,NA,NA,NA,NA,NA,NA,NA,NA,Y,4,0,1,2,A,-,03,22350,NA,N,C,C,A,A,H,-,A,A,0,NA,NA,NA,NA,Y,NA,D,22,0,0,1,0,0,0,0,0,0,-,-,33.84498,-117.53642,RIVERSIDE,CORONA,-117.53775255,33.84572628
8291418,2017,2017-03-23,3315,2017-01-03,1712,001452,7C,2,5,6,3315,0,0,0,NA,0,NA,SHERMAN AV,7TH ST,85,N,N,A,-,N,NA,NA,NA,NA,NA,NA,NA,NA,NA,N,2,0,1,2,A,-,11,21954,A,N,G,B,D,A,H,-,C,A,0,Y,NA,NA,NA,Y,NA,N,60,1,0,0,0,1,0,0,0,0,-,-,NA,NA,RIVERSIDE,CORONA,-117.58888771,33.87692138
8291835,2017,2017-03-15,3300,2017-01-02,1453,N4809,920E,1,5,4,3314,0,0,0,NA,0,072,SANTA FE AV,5TH ST,0,NA,Y,A,-,N,NA,NA,NA,NA,NA,NA,NA,NA,NA,N,4,0,1,2,A,-,09,21802,A,N,D,C,A,A,A,-,A,A,0,NA,NA,NA,NA,Y,NA,A,01,0,0,1,0,0,0,0,0,0,-,-,33.783,-116.96324,RIVERSIDE,SAN JACINTO,-116.96322999,33.78294011
8291843,2016,2017-02-06,3300,2016-12-26,0750,3774,604 C,1,5,6,3394,0,0,0,NA,0,044,LASSELLE ST,ROJO TIERRA,0,NA,Y,A,-,N,NA,NA,NA,NA,NA,NA,NA,NA,NA,Y,3,0,1,1,A,-,01,23152,A,N,E,I,A,A,H,-,B,A,0,NA,NA,NA,NA,Y,Y,A,01,0,1,0,0,0,0,0,0,0,-,-,33.87301,-117.21161,RIVERSIDE,MORENO VALLEY,-117.21105009,33.87298002
8292451,2017,2017-04-11,3300,2017-03-20,0743,4430,38D3,1,5,4,3318,0,0,0,NA,0,M0874,GERALD FORD DR,PORTOLA AV,0,NA,Y,A,-,N,NA,NA,NA,NA,NA,NA,NA,NA,NA,N,2,0,1,2,A,-,12,21453,A,N,D,G,A,A,H,-,A,A,0,NA,Y,NA,NA,Y,NA,L,04,1,0,0,0,0,0,1,0,0,-,-,33.78713,-116.37079,RIVERSIDE,PALM DESERT,-116.37083,33.7873201
8292455,2017,2017-04-11,3300,2017-03-28,1700,5293,C7,2,5,3,3317,0,0,0,NA,0,024,RAMON RD,LOS ALAMOS,500,E,N,A,-,N,NA,NA,NA,NA,NA,NA,NA,NA,NA,Y,4,0,1,2,A,-,03,22350,NA,N,C,C,A,A,D,-,A,D,0,NA,NA,NA,NA,Y,NA,A,08,0,0,1,0,0,0,0,0,0,-,-,NA,NA,RIVERSIDE,RANCHO MIRAGE,-116.42171088,33.81629371
8293134,2017,2018-07-20,3311,2017-01-13,0025,16014,3311,5,5,4,3311,0,0,0,NA,0,005,PALM CANYON DR E,VIA ENTRADA,150,W,N,C,-,N,NA,NA,NA,NA,NA,NA,NA,NA,NA,Y,3,0,1,1,A,-,01,23152,F,N,E,I,A,B,H,-,C,D,0,NA,NA,NA,NA,Y,Y,A,01,0,1,0,0,0,0,0,0,0,-,-,33.80187,-116.54474,RIVERSIDE,PALM SPRINGS,-116.54499565,33.80192394
8293494,2016,2017-02-07,3300,2016-12-27,0608,5222,82B4,2,5,3,3305,0,0,0,NA,0,Y82,HARRISON ST,AVE 54,50,NA,N,A,-,N,NA,NA,NA,NA,NA,NA,NA,NA,NA,N,4,0,1,3,A,-,21,22106,NA,N,C,C,A,A,H,-,B,A,0,NA,NA,NA,NA,Y,NA,A,01,0,0,1,0,0,0,0,0,0,-,-,NA,NA,RIVERSIDE,COACHELLA,-116.18176001,33.65654005
8293877,2016,2017-05-03,3308,2016-11-23,0959,10492,516,3,5,5,3308,0,0,0,NA,0,NORTH,FLORIDA AV,RAMONA ST,44,E,N,A,-,Y,RIV,8,74,-,-,40.41,H,-,W,Y,3,0,1,2,A,-,08,22107,NA,N,A,C,A,A,H,-,A,A,0,NA,NA,NA,NA,Y,NA,A,01,0,1,0,0,0,0,0,0,0,-,-,NA,NA,RIVERSIDE,HEMET,-116.97478893,33.74757832
8293952,2016,2017-05-03,3308,2016-10-25,2043,10530,525,2,5,5,3308,0,0,0,NA,0,SOUTH,FLORIDA AV,KIRBY ST,1245,W,N,A,-,Y,RIV,8,74,-,-,38.75,H,-,E,N,3,0,1,2,A,-,11,21954,A,N,G,B,D,A,H,-,C,D,0,Y,NA,NA,NA,Y,NA,N,60,0,1,0,0,1,0,0,0,0,-,-,NA,NA,RIVERSIDE,HEMET,-117.00192937,33.74733211
8294691,2016,2017-05-03,3308,2016-12-08,1120,6955,528,4,5,5,3308,0,0,0,NA,0,SOUTH,RT 74,GIRARD ST,225,W,N,A,-,Y,RIV,8,74,-,-,41.55,H,-,E,Y,3,0,2,2,A,-,09,21801,A,N,D,C,A,A,H,-,A,A,0,NA,NA,NA,NA,Y,NA,A,01,0,1,1,0,0,0,0,0,0,-,-,NA,NA,RIVERSIDE,HEMET,-116.95496627,33.74764001
8294762,2017,2017-02-03,3300,2017-01-11,1208,4211,30F1,3,5,4,3318,0,0,0,NA,0,T30,RT 111,SAN PABLO AV,308,W,N,B,-,Y,NA,NA,NA,NA,NA,NA,NA,NA,NA,Y,4,0,1,3,A,-,03,22350,NA,N,C,C,A,A,H,-,A,A,0,NA,NA,NA,NA,Y,NA,A,01,0,0,1,0,0,0,0,0,0,-,-,NA,NA,RIVERSIDE,PALM DESERT,-116.38351836,33.72143872
8295705,2016,2017-05-03,3313,2016-11-04,2043,1762,N,5,5,7,3313,0,0,0,NA,0,T44,14TH ST,RT 91,0,NA,Y,A,-,Y,RIV,8,91,-,-,20.123,R,4,E,N,2,0,1,2,A,-,11,21461,5,F,G,B,D,A,H,-,C,A,0,Y,NA,NA,NA,Y,NA,N,60,1,0,0,0,1,0,0,0,0,-,EF,33.97362,-117.37259,RIVERSIDE,RIVERSIDE,-117.3722119,33.97532578
8296263,2017,2017-03-01,3315,2017-01-21,1302,003227,3F,6,5,6,3315,0,0,0,NA,0,002,4TH ST,HOWARD ST,0,NA,Y,C,-,N,NA,NA,NA,NA,NA,NA,NA,NA,NA,Y,4,0,3,2,A,-,12,22450,A,M,D,C,A,B,H,-,A,D,0,NA,NA,NA,NA,Y,NA,-,NA,0,0,3,0,0,0,0,0,0,-,-,NA,NA,RIVERSIDE,CORONA,-117.56235011,33.87704008
8296277,2017,2017-02-09,3300,2017-01-24,0844,4323,910K,2,5,5,3335,0,0,0,NA,0,064,YNEZ RD,RANCHO VISTA RD,0,NA,Y,A,-,N,NA,NA,NA,NA,NA,NA,NA,NA,NA,Y,3,0,2,2,A,-,03,22350,NA,N,C,C,A,B,H,-,A,A,0,NA,NA,NA,NA,Y,NA,D,22,0,1,1,0,0,0,0,0,0,-,-,NA,NA,RIVERSIDE,TEMECULA,-117.14237001,33.49819003