CASE_ID,ACCIDENT_YEAR,PROC_DATE,JURIS,COLLISION_DATE,COLLISION_TIME,OFFICER_ID,REPORTING_DISTRICT,DAY_OF_WEEK,CHP_SHIFT,POPULATION,CNTY_CITY_LOC,SPECIAL_COND,BEAT_TYPE,CHP_BEAT_TYPE,CITY_DIVISION_LAPD,CHP_BEAT_CLASS,BEAT_NUMBER,PRIMARY_RD,SECONDARY_RD,DISTANCE,DIRECTION,INTERSECTION,WEATHER_1,WEATHER_2,STATE_HWY_IND,CALTRANS_COUNTY,CALTRANS_DISTRICT,STATE_ROUTE,ROUTE_SUFFIX,POSTMILE_PREFIX,POSTMILE,LOCATION_TYPE,RAMP_INTERSECTION,SIDE_OF_HWY,TOW_AWAY,COLLISION_SEVERITY,NUMBER_KILLED,NUMBER_INJURED,PARTY_COUNT,PRIMARY_COLL_FACTOR,PCF_CODE_OF_VIOL,PCF_VIOL_CATEGORY,PCF_VIOLATION,PCF_VIOL_SUBSECTION,HIT_AND_RUN,TYPE_OF_COLLISION,MVIW,PED_ACTION,ROAD_SURFACE,ROAD_COND_1,ROAD_COND_2,LIGHTING,CONTROL_DEVICE,CHP_ROAD_TYPE,PEDESTRIAN_ACCIDENT,BICYCLE_ACCIDENT,MOTORCYCLE_ACCIDENT,TRUCK_ACCIDENT,NOT_PRIVATE_PROPERTY,ALCOHOL_INVOLVED,STWD_VEHTYPE_AT_FAULT,CHP_VEHTYPE_AT_FAULT,COUNT_SEVERE_INJ,COUNT_VISIBLE_INJ,COUNT_COMPLAINT_PAIN,COUNT_PED_KILLED,COUNT_PED_INJURED,COUNT_BICYCLIST_KILLED,COUNT_BICYCLIST_INJURED,COUNT_MC_KILLED,COUNT_MC_INJURED,PRIMARY_RAMP,SECONDARY_RAMP,LATITUDE,LONGITUDE,COUNTY,CITY,POINT_X,POINT_Y
8648040,2018,2018-07-27,3300,2018-03-13,1922,4007,905D,2,5,4,3307,0,0,0,NA,0,L92,W SUMNER AV,LANGSTAFF ST,0,NA,Y,A,-,N,NA,NA,NA,NA,NA,NA,NA,NA,NA,N,1,1,0,2,A,-,10,21950,A,F,G,B,B,A,H,-,C,A,0,Y,NA,NA,NA,Y,Y,D,22,0,0,0,1,0,0,0,0,0,-,-,NA,NA,RIVERSIDE,LAKE ELSINORE,-117.33007049560548,33.67259979248047
8648052,2018,2018-08-08,3300,2018-04-13,1513,5132,44B3,5,5,3,3392,0,0,0,NA,0,044,JEFFERSON ST,AVENUE 52,826,S,N,A,-,N,NA,NA,NA,NA,NA,NA,NA,NA,NA,Y,1,1,0,2,A,-,03,22350,NA,N,D,D,A,A,H,-,A,A,0,NA,NA,Y,NA,Y,NA,C,02,0,0,0,0,0,0,0,1,0,-,-,NA,NA,RIVERSIDE,LA QUINTA,-116.268469,33.668388
8648311,2018,2018-11-02,3325,2018-08-30,1447,1701,3325,4,5,4,3325,0,0,0,NA,0,001,DATE PALM DR,VICTORIA DR,0,NA,Y,A,-,N,NA,NA,NA,NA,NA,NA,NA,NA,NA,Y,1,1,0,2,A,-,09,21453,C,N,D,C,A,A,H,-,A,A,0,NA,NA,NA,NA,Y,NA,A,07,0,0,0,0,0,0,0,0,0,-,-,NA,NA,RIVERSIDE,CATHEDRAL CITY,-116.45806884765624,33.79777908325195
8648484,2018,2020-05-26,3300,2018-09-06,0615,3988,001H,4,5,6,3345,0,0,0,NA,0,014,LIMONITE AV,PERALTA PL,528,W,N,A,-,N,NA,NA,NA,NA,NA,NA,NA,NA,NA,Y,1,1,0,1,A,-,01,23152,B,N,E,I,A,A,H,-,A,D,0,NA,NA,NA,NA,Y,Y,A,01,0,0,0,0,0,0,0,0,0,-,-,33.981441497802734,-117.43953704833984,RIVERSIDE,JURUPA VALLEY,-117.44110107421876,33.9808235168457
8648539,2018,2020-05-26,3325,2018-10-16,0204,515,3325,2,5,4,3325,0,0,0,NA,0,003,DATE PALM DR,TACHEVAH DR,0,S,N,A,-,N,NA,NA,NA,NA,NA,NA,NA,NA,NA,Y,1,1,1,1,A,-,01,23152,G,N,E,I,A,A,H,-,C,D,0,NA,NA,NA,NA,Y,Y,A,01,0,1,0,0,0,0,0,0,0,-,-,NA,NA,RIVERSIDE,CATHEDRAL CITY,-116.45832824707033,33.83771896362305
8648663,2018,2019-03-05,3300,2018-08-12,2335,4024,905I,7,5,4,3307,0,0,0,NA,0,095,RT 74,CAMBERN AV,305,W,N,A,-,N,NA,NA,NA,NA,NA,NA,NA,NA,NA,N,1,1,0,2,A,-,11,21954,A,F,G,B,D,A,H,-,D,A,0,Y,NA,NA,NA,Y,Y,N,60,0,0,0,1,0,0,0,0,0,-,-,NA,NA,RIVERSIDE,LAKE ELSINORE,-117.334529,33.694722
8649015,2018,2018-07-10,3313,2018-06-11,1456,1827,5,1,5,7,3313,0,0,0,NA,0,3R50,MITCHELL AV,CYPRESS AV,875,S,N,A,-,N,NA,NA,NA,NA,NA,NA,NA,NA,NA,Y,4,0,1,2,A,-,08,22107,NA,N,B,C,A,-,H,-,A,D,0,NA,NA,NA,NA,Y,NA,A,01,0,0,1,0,0,0,0,0,0,-,-,33.939781188964844,-117.49179077148438,RIVERSIDE,RIVERSIDE,-117.49150848388672,33.93739700317383
8649645,2018,2018-08-20,3300,2018-05-27,1830,3455,601E5,7,5,6,3394,0,0,0,NA,0,016,IRONWOOD AV,PERRIS BL,43,E,N,A,-,N,NA,NA,NA,NA,NA,NA,NA,NA,NA,N,4,0,1,3,A,-,03,22350,NA,M,B,C,A,A,H,-,A,A,0,NA,NA,Y,NA,Y,Y,C,02,0,0,1,0,0,0,0,0,1,-,-,33.946651458740234,-117.22638702392578,RIVERSIDE,MORENO VALLEY,-117.22628784179688,33.94667053222656
8651537,2018,2018-10-02,3313,2018-08-11,1552,1876,2,6,5,7,3313,0,0,0,NA,0,3R26,CENTRAL AV,CANYON CREST DR,825,W,N,A,-,N,NA,NA,NA,NA,NA,NA,NA,NA,NA,Y,4,0,1,1,A,-,03,22350,NA,N,E,I,A,A,A,D,A,A,0,NA,NA,NA,NA,Y,NA,A,01,0,0,1,0,0,0,0,0,0,-,-,33.95500183105469,-117.32904815673828,RIVERSIDE,RIVERSIDE,-117.331787109375,33.954776763916016
8653319,2018,2018-07-11,3313,2018-06-20,1529,1912,4,3,5,7,3313,0,0,0,NA,0,T77,ARLINGTON AV,BROCKTON AV,124,W,N,A,-,N,NA,NA,NA,NA,NA,NA,NA,NA,NA,N,3,0,1,1,A,-,08,22107,NA,N,E,I,A,A,H,-,A,A,0,NA,NA,NA,NA,Y,NA,A,01,0,1,0,0,0,0,0,0,0,-,-,33.94636917114258,-117.3967514038086,RIVERSIDE,RIVERSIDE,-117.3971710205078,33.946250915527344
8653328,2018,2018-07-12,3313,2018-06-24,1918,1526,5,7,5,7,3313,0,0,0,NA,0,3R58,FILLMORE ST,WYBOURN AV,250,N,N,A,-,N,NA,NA,NA,NA,NA,NA,NA,NA,NA,N,3,0,1,2,A,-,11,21950,B,N,G,B,D,A,H,-,A,D,0,Y,NA,NA,NA,Y,NA,N,60,0,1,0,0,1,0,0,0,0,-,-,NA,NA,RIVERSIDE,RIVERSIDE,-117.4800262451172,33.89483642578125
8653485,2018,2018-07-06,3315,2018-06-13,1440,001874,3E,3,5,6,3315,0,0,0,NA,0,002,RIMPAU AV,CALIFORNIA AV,0,NA,Y,A,-,N,NA,NA,NA,NA,NA,NA,NA,NA,NA,N,4,0,1,2,A,-,10,21950,A,N,G,B,B,A,H,-,A,A,0,Y,NA,NA,NA,Y,NA,A,01,0,0,1,0,1,0,0,0,0,-,-,NA,NA,RIVERSIDE,CORONA,-117.54460906982422,33.86167907714844
8653489,2018,2018-07-06,3315,2018-06-24,1344,001750,3E,7,5,6,3315,0,0,0,NA,0,003,CALIFORNIA AV,SHOPPING CENTER,0,NA,Y,A,-,N,NA,NA,NA,NA,NA,NA,NA,NA,NA,N,3,0,2,2,A,-,09,21801,A,N,D,C,A,A,H,-,A,A,0,NA,NA,NA,NA,Y,NA,-,NA,0,1,1,0,0,0,0,0,0,-,-,NA,NA,RIVERSIDE,CORONA,NA,NA
8655838,2018,2018-08-22,3300,2018-04-18,1935,4309,509B,3,5,5,3341,0,0,0,NA,0,059,SCOTT RD,RT 215,105,E,N,A,-,Y,RIV,8,215,-,R,15.33,R,4,S,Y,2,0,2,2,A,-,01,23152,A,N,A,C,A,A,H,-,C,A,0,NA,NA,NA,NA,Y,Y,A,01,1,0,1,0,0,0,0,0,0,-,SO,NA,NA,RIVERSIDE,MENIFEE,-117.17131042480467,33.638858795166016
8656161,2018,2018-08-10,3300,2018-07-09,1218,4713,910P,1,5,5,3335,0,0,0,NA,0,069,TEMECULA PKWY,LA PAZ ST,1365,E,N,A,B,N,NA,NA,NA,NA,NA,NA,NA,NA,NA,Y,4,0,1,3,A,-,03,22350,NA,N,C,C,A,A,H,-,A,A,0,NA,NA,NA,NA,Y,NA,A,07,0,0,1,0,0,0,0,0,0,-,-,NA,NA,RIVERSIDE,TEMECULA,-117.13266754150392,33.48095703125
8656516,2018,2018-08-10,3300,2018-06-21,1440,N6626,24C2,4,5,3,3317,0,0,0,NA,0,024,BOB HOPE DR,CASINO,1677,S,N,A,-,N,NA,NA,NA,NA,NA,NA,NA,NA,NA,Y,4,0,1,1,C,-,18,NA,NA,N,H,I,A,A,H,-,A,D,0,NA,NA,NA,NA,Y,NA,-,-,0,0,1,0,0,0,0,0,0,-,-,NA,NA,RIVERSIDE,RANCHO MIRAGE,-116.40724182128906,33.80929183959961
8656894,2018,2018-08-24,3311,2018-07-24,1355,15842,NA,2,5,4,3311,0,0,0,NA,0,001,PALM CANYON DR N,TACHEVAH DR,0,NA,Y,A,-,N,NA,NA,NA,NA,NA,NA,NA,NA,NA,N,4,0,1,2,A,-,03,22350,NA,N,C,C,A,A,H,-,A,A,0,NA,NA,NA,NA,Y,NA,D,22,0,0,1,0,0,0,0,0,0,-,-,33.83760070800781,-116.54685974121094,RIVERSIDE,PALM SPRINGS,-116.54676818847656,33.83755111694336
8656919,2018,2018-09-19,3311,2018-07-16,1253,15302,NA,1,5,4,3311,0,0,0,NA,0,002,CAMINO MONTE VISTA,INDIAN CANYON DR,30,E,N,A,-,N,NA,NA,NA,NA,NA,NA,NA,NA,NA,N,4,0,1,2,A,-,21,22106,NA,N,A,E,A,A,H,-,A,D,0,NA,NA,NA,NA,Y,NA,D,22,0,0,1,0,0,0,0,0,0,-,-,33.841678619384766,-116.54563903808594,RIVERSIDE,PALM SPRINGS,-116.54550170898438,33.84169006347656
8657108,2018,2018-09-24,3311,2018-07-23,2023,16018,NA,1,5,4,3311,0,0,0,NA,0,006,RAMON RD,KIRK DOUGLAS WY,0,NA,Y,A,-,N,NA,NA,NA,NA,NA,NA,NA,NA,NA,Y,3,0,1,2,A,-,12,21457,A,N,D,C,A,A,H,-,C,A,0,NA,NA,NA,NA,Y,NA,A,07,0,1,0,0,0,0,0,0,0,-,-,33.81589126586914,-116.4973602294922,RIVERSIDE,PALM SPRINGS,-116.49736785888672,33.81584167480469
8657604,2018,2018-08-13,3308,2018-06-21,0918,4189,535,4,5,5,3308,0,0,0,NA,0,SOUTH,LYON AV,SAN JUAN DR,221,N,N,A,-,N,NA,NA,NA,NA,NA,NA,NA,NA,NA,Y,3,0,2,1,A,-,08,22107,NA,N,E,I,A,A,H,-,A,A,0,NA,NA,NA,NA,Y,NA,A,08,0,2,0,0,0,0,0,0,0,-,-,33.7352294921875,-116.989013671875,RIVERSIDE,HEMET,-116.98904418945313,33.73567581176758
8658275,2018,2018-08-15,3300,2018-06-24,2220,N3672,916A,7,5,4,3312,0,0,0,NA,0,031,INDIAN AV,HARLEY KNOX BL,540,N,N,A,-,N,NA,NA,NA,NA,NA,NA,NA,NA,NA,N,3,0,1,1,A,-,03,22350,NA,N,E,I,A,A,H,-,C,A,0,NA,NA,NA,NA,Y,NA,A,01,0,1,0,0,0,0,0,0,0,-,-,33.85734939575195,-117.23454284667967,RIVERSIDE,PERRIS,-117.23470306396484,33.85604476928711
8658276,2018,2018-08-10,3311,2018-05-16,0300,15970,NA,3,5,4,3311,0,0,0,NA,0,006,DINAH SHORE DR,GOLF CLUB DR,1055,E,N,A,-,N,NA,NA,NA,NA,NA,NA,NA,NA,NA,Y,4,0,1,1,A,-,07,21658,A,N,E,I,A,A,H,-,D,D,0,NA,NA,NA,NA,Y,Y,A,01,0,0,1,0,0,0,0,0,0,-,-,NA,NA,RIVERSIDE,PALM SPRINGS,NA,NA
8660531,2018,2018-08-23,3313,2018-06-18,2258,1914,3313,1,5,7,3313,0,0,0,NA,0,005,RT 91,LA SIERRA AV,0,NA,Y,A,-,Y,RIV,8,91,-,-,12.15,R,1,W,N,4,0,1,2,A,-,05,21650,1,N,D,G,A,A,H,-,C,A,0,NA,Y,NA,NA,Y,NA,L,04,0,0,1,0,0,0,1,0,0,WF,-,NA,NA,RIVERSIDE,RIVERSIDE,-117.4709014892578,33.90086364746094
8663027,2017,2018-07-18,3325,2017-12-15,2304,530C,RIVER,5,5,4,3325,0,0,0,NA,0,003,DATE PALM DR,30TH AV,350,S,N,A,-,N,NA,NA,NA,NA,NA,NA,NA,NA,NA,Y,3,0,1,1,A,-,01,23152,A,N,A,J,A,A,H,-,C,D,0,NA,NA,NA,NA,Y,Y,A,01,0,1,0,0,0,0,0,0,0,-,-,NA,NA,RIVERSIDE,CATHEDRAL CITY,-116.45819975,33.82951217
8663031,2017,2018-07-18,3325,2017-12-27,2500,2009,3325,3,5,4,3325,0,0,0,NA,0,003,TORTUGA RD,AVENIDA LA VISTA,623,W,N,A,-,N,NA,NA,NA,NA,NA,NA,NA,NA,NA,Y,4,0,1,1,C,-,18,NA,NA,N,E,I,A,A,H,-,C,D,0,NA,NA,NA,NA,Y,NA,-,-,0,0,1,0,0,0,0,0,0,-,-,NA,NA,RIVERSIDE,CATHEDRAL CITY,-116.46131213,33.83430108
8664360,2018,2018-07-30,3300,2018-06-13,0955,4900,002C,3,5,6,3345,0,0,0,NA,0,020,VAN BUREN BL,BELLEGRAVE AV,20,S,N,A,-,N,NA,NA,NA,NA,NA,NA,NA,NA,NA,N,4,0,1,2,A,-,21,22106,NA,F,C,C,A,A,H,-,A,A,0,NA,NA,NA,NA,Y,NA,A,01,0,0,1,0,0,0,0,0,0,-,-,NA,NA,RIVERSIDE,JURUPA VALLEY,-117.50282287597656,34.006080627441406
8664376,2018,2018-07-30,3300,2018-06-15,1710,N6168,34H5,5,5,4,3318,0,0,0,NA,0,034,WASHINGTON ST,LAS BRISAS S,232,N,N,A,-,N,NA,NA,NA,NA,NA,NA,NA,NA,NA,Y,4,0,1,4,A,-,03,22350,NA,N,C,C,A,A,H,-,A,A,0,NA,NA,NA,NA,Y,NA,A,01,0,0,1,0,0,0,0,0,0,-,-,NA,NA,RIVERSIDE,PALM DESERT,-116.30394744873048,33.731266021728516
8664643,2018,2018-07-26,3300,2018-05-08,1345,4900,002V,2,5,6,3345,0,0,0,NA,0,024,CLAY ST,VAN BUREN BL,243,E,N,A,-,N,NA,NA,NA,NA,NA,NA,NA,NA,NA,Y,4,0,1,2,A,-,09,21802,A,N,D,C,A,A,H,-,A,D,0,NA,NA,NA,NA,Y,NA,A,01,0,0,1,0,0,0,0,0,0,-,-,NA,NA,RIVERSIDE,JURUPA VALLEY,-117.46595764160156,33.96749496459961
8664714,2018,2018-07-27,3300,2018-05-12,0300,4859,011C,6,5,4,3344,0,0,0,NA,0,061,HAMNER AV,OAKDALE ST,460,S,N,A,-,N,NA,NA,NA,NA,NA,NA,NA,NA,NA,N,2,0,1,1,A,-,03,22350,NA,N,H,G,A,A,H,-,C,D,0,NA,Y,NA,NA,Y,NA,L,04,1,0,0,0,0,0,1,0,0,-,-,33.97172164916992,-117.55840301513672,RIVERSIDE,EASTVALE,-117.55844879150392,33.9704704284668
8664886,2018,2018-08-14,3300,2018-06-11,0725,3924,34H5,1,5,4,3318,0,0,0,NA,0,MO871,WASHINGTON ST,FRED WARING DR,346,N,N,A,-,N,NA,NA,NA,NA,NA,NA,NA,NA,NA,N,3,0,4,5,A,-,07,21658,A,N,B,C,A,A,H,-,A,A,0,NA,NA,NA,NA,Y,NA,A,08,0,1,3,0,0,0,0,0,0,-,-,33.72895050048828,-116.30386352539063,RIVERSIDE,PALM DESERT,-116.30394744873048,33.72993469238281
8666013,2018,2018-08-10,3300,2018-07-13,0919,4252,603C2,5,5,6,3394,0,0,0,NA,0,MV36,KITCHING ST,BROADIAEA AV,10,S,N,A,-,N,NA,NA,NA,NA,NA,NA,NA,NA,NA,N,4,0,2,2,A,-,03,22350,NA,N,C,C,A,A,H,-,A,A,0,NA,NA,NA,NA,Y,NA,D,22,0,0,2,0,0,0,0,0,0,-,-,33.94350051879883,-117.21749877929688,RIVERSIDE,MORENO VALLEY,-117.21737670898438,33.913612365722656
8666537,2018,2018-07-30,3300,2018-07-06,2319,5059,602B4,5,5,6,3394,0,0,0,NA,0,022,TOWNGATE BL,SOUTHGATE ST,0,NA,Y,A,-,N,NA,NA,NA,NA,NA,NA,NA,NA,NA,Y,4,0,1,2,A,-,08,22107,NA,N,D,C,A,A,H,-,C,D,0,NA,NA,NA,NA,Y,NA,A,01,0,0,1,0,0,0,0,0,0,-,-,33.93505096435547,-117.26940155029295,RIVERSIDE,MORENO VALLEY,-117.26937103271484,33.93510818481445
8667570,2018,2018-07-25,3313,2018-07-06,0343,1096,1,5,5,7,3313,0,0,0,NA,0,1R15,CENTRAL AV,BROCKTON AV,0,NA,Y,A,-,N,NA,NA,NA,NA,NA,NA,NA,NA,NA,Y,4,0,2,2,A,-,12,21453,A,N,D,C,A,A,H,-,C,A,0,NA,NA,NA,NA,Y,NA,A,01,0,0,2,0,0,0,0,0,0,-,-,33.95363998413086,-117.39662933349608,RIVERSIDE,RIVERSIDE,-117.39678955078124,33.95351028442383
8668885,2018,2018-07-27,3300,2018-06-21,0515,N6351,602C4,4,5,6,3394,0,0,0,NA,0,MV24,ALESSANDRO BL,GRAHAM ST,217,E,N,A,-,N,NA,NA,NA,NA,NA,NA,NA,NA,NA,Y,4,0,1,1,A,-,08,22107,NA,N,E,I,A,A,H,-,A,D,0,NA,NA,NA,NA,Y,NA,A,01,0,0,1,0,0,0,0,0,0,-,-,33.917240142822266,-117.25244140625,RIVERSIDE,MORENO VALLEY,-117.25171661376952,33.917320251464844
8669219,2018,2018-08-14,3300,2018-07-12,1727,N6426,910C,4,5,5,3335,0,0,0,NA,0,063,BUTTERFIELD STAGE RD,CALLE CHAPOS,0,NA,Y,A,-,N,NA,NA,NA,NA,NA,NA,NA,NA,NA,Y,4,0,1,2,A,-,09,21802,A,N,D,C,A,A,H,-,A,A,0,NA,NA,NA,NA,Y,NA,A,07,0,0,1,0,0,0,0,0,0,-,-,NA,NA,RIVERSIDE,TEMECULA,-117.1010513305664,33.540740966796875
8669974,2018,2018-08-07,3300,2018-03-26,0910,3455,602,1,5,6,3394,0,0,0,NA,0,0D3,DRACAEA AV,SCOTTY LN,92,W,N,A,-,N,NA,NA,NA,NA,NA,NA,NA,NA,NA,Y,3,0,1,3,A,-,01,23152,F,N,C,E,A,A,H,-,A,D,0,NA,NA,NA,NA,Y,NA,A,01,0,1,0,0,0,0,0,0,0,-,-,33.92818832397461,-117.23853302001952,RIVERSIDE,MORENO VALLEY,-117.23882293701172,33.92814636230469
8672007,2018,2018-09-26,3313,2018-07-25,0330,1915,4,3,5,7,3313,0,0,0,NA,0,1R41,COLORADO AV,MONTICELLO AV,0,NA,Y,A,-,N,NA,NA,NA,NA,NA,NA,NA,NA,NA,Y,4,0,1,2,A,-,12,22450,A,M,D,C,A,A,H,-,C,A,0,NA,NA,NA,NA,Y,NA,A,01,0,0,1,0,0,0,0,0,0,-,-,33.9381217956543,-117.44728088378906,RIVERSIDE,RIVERSIDE,-117.44744873046876,33.93804168701172
8672079,2018,2018-09-26,3313,2018-07-24,2003,1772,5,2,5,7,3313,0,0,0,NA,0,T45,LA SIERRA AV,COLLETT AV,0,NA,Y,A,-,N,NA,NA,NA,NA,NA,NA,NA,NA,NA,Y,3,0,2,2,A,-,12,21453,A,N,D,C,A,A,H,-,B,A,0,NA,NA,NA,NA,Y,NA,A,01,0,1,1,0,0,0,0,0,0,-,-,33.91162109375,-117.48312377929688,RIVERSIDE,RIVERSIDE,-117.4831314086914,33.91178894042969
8672162,2018,2018-09-05,3300,2018-07-17,1610,2664,910 Q,2,5,5,3335,0,0,0,NA,0,069,PECHANGA PKWY,N CASINO DR,0,NA,Y,A,-,N,NA,NA,NA,NA,NA,NA,NA,NA,NA,Y,4,0,2,2,A,-,12,21453,A,N,D,C,A,A,H,-,A,A,0,NA,NA,NA,NA,Y,NA,D,22,0,0,2,0,0,0,0,0,0,-,-,NA,NA,RIVERSIDE,TEMECULA,-117.10645294189452,33.45854949951172
8672187,2018,2018-09-05,3313,2018-07-19,0300,1641,5,4,5,7,3313,0,0,0,NA,0,T55,VAN BUREN BL,CANYON RIDGE RD,50,N,N,A,-,N,NA,NA,NA,NA,NA,NA,NA,NA,NA,N,4,0,1,1,A,-,08,22107,NA,N,E,I,A,A,H,-,C,D,0,NA,NA,NA,NA,Y,NA,D,22,0,0,1,0,0,0,0,0,0,-,-,33.887699127197266,-117.41252136230467,RIVERSIDE,RIVERSIDE,-117.4125747680664,33.887935638427734
8672217,2018,2018-09-05,3313,2018-07-16,1456,1722,4,1,5,7,3313,0,0,0,NA,0,4R48,MADISON ST,GARDEN ST,51,N,N,A,-,N,NA,NA,NA,NA,NA,NA,NA,NA,NA,Y,4,0,1,2,A,-,03,22350,NA,N,C,C,A,A,H,-,A,A,0,NA,NA,NA,NA,Y,NA,D,22,0,0,1,0,0,0,0,0,0,-,-,33.937538146972656,-117.40615844726563,RIVERSIDE,RIVERSIDE,-117.40617370605467,33.937408447265625
8673255,2018,2018-08-13,3313,2018-07-06,1412,1889,5,5,5,7,3313,0,0,0,NA,0,T72,LA SIERRA AV,HOLE AV,0,NA,Y,A,-,N,NA,NA,NA,NA,NA,NA,NA,NA,NA,Y,4,0,3,3,A,-,12,21453,A,N,D,C,A,A,H,-,A,A,0,NA,NA,NA,NA,Y,NA,A,08,0,0,3,0,0,0,0,0,0,-,-,33.91910171508789,-117.48866271972656,RIVERSIDE,RIVERSIDE,-117.48860168457033,33.91918182373047
8674901,2018,2018-08-20,3300,2018-05-18,1345,N3672,916A,5,5,4,3312,0,0,0,NA,0,031,RAMONA EXPWY,INDIAN AV,0,NA,Y,A,-,N,NA,NA,NA,NA,NA,NA,NA,NA,NA,N,2,0,2,2,A,-,12,21453,A,N,D,C,A,A,H,-,A,A,0,NA,NA,NA,NA,Y,NA,A,01,1,0,1,0,0,0,0,0,0,-,-,NA,NA,RIVERSIDE,PERRIS,-117.23475646972656,33.84461975097656
8675407,2018,2018-09-20,3300,2018-02-02,2100,4574,803A,5,5,3,3343,0,0,0,NA,0,083,BUNDY CANYON RD,ORANGE ST,178,E,N,A,-,N,NA,NA,NA,NA,NA,NA,NA,NA,NA,Y,1,1,1,2,A,-,09,21804,A,N,D,C,A,A,H,-,C,A,0,NA,NA,NA,NA,Y,NA,A,01,1,0,0,0,0,0,0,0,0,-,-,33.62665939331055,-117.2756576538086,RIVERSIDE,WILDOMAR,-117.27479553222656,33.626834869384766
8675803,2018,2018-09-07,3309,2018-04-19,1751,180,3309,4,5,4,3309,0,0,0,NA,0,005,VARNER RD,ADAMS ST,0,NA,Y,A,G,N,NA,NA,NA,NA,NA,NA,NA,NA,NA,N,4,0,1,3,A,-,09,21801,A,N,D,C,A,A,H,-,A,A,0,NA,NA,NA,NA,Y,NA,B,07,0,0,1,0,0,0,0,0,0,-,-,NA,NA,RIVERSIDE,INDIO,-116.28656005859376,33.75572967529297
8676201,2018,2018-10-03,3309,2018-08-08,1313,180,3309,3,5,4,3309,0,0,0,NA,0,NA,DOCTOR CARREON BL,OASIS ST,0,NA,Y,A,-,N,NA,NA,NA,NA,NA,NA,NA,NA,NA,N,4,0,2,2,A,-,09,21801,NA,N,A,C,A,A,H,-,A,A,0,NA,NA,NA,NA,Y,NA,A,01,0,0,2,0,0,0,0,0,0,-,-,NA,NA,RIVERSIDE,INDIO,-116.22087860107422,33.707550048828125
8677719,2018,2018-10-04,3300,2018-04-08,1035,4887,001L3,7,5,6,3345,0,0,0,NA,0,014,CRESTMORE RD,CAPARY RD,300,N,N,A,-,N,NA,NA,NA,NA,NA,NA,NA,NA,NA,Y,4,0,1,2,A,-,03,22350,NA,N,E,J,A,A,H,-,A,D,0,NA,NA,NA,NA,Y,NA,A,01,0,0,1,0,0,0,0,0,0,-,-,33.988399505615234,-117.39830780029295,RIVERSIDE,JURUPA VALLEY,-117.39766693115234,33.9892578125
8678569,2018,2018-09-13,3300,2018-06-25,1334,N4883,002M,1,5,6,3345,0,0,0,NA,0,022,ETIWANDA AV,BELLEGRAVE AV,44,N,N,A,-,N,NA,NA,NA,NA,NA,NA,NA,NA,NA,N,4,0,1,2,A,-,09,21453,B,N,D,C,A,A,H,-,A,A,0,NA,NA,NA,NA,Y,NA,A,07,0,0,1,0,0,0,0,0,0,-,-,33.99924850463867,-117.5238800048828,RIVERSIDE,JURUPA VALLEY,-117.52401733398438,33.999542236328125
8678886,2018,2018-10-04,3313,2018-07-29,1516,1876,1,7,5,7,3313,0,0,0,NA,0,3R16,ARLINGTON AV,MADISON ST,0,NA,Y,A,-,N,NA,NA,NA,NA,NA,NA,NA,NA,NA,N,3,0,3,2,A,-,12,21453,A,N,D,C,A,A,H,-,A,A,0,NA,NA,NA,NA,Y,Y,D,22,0,1,2,0,0,0,0,0,0,-,-,33.946380615234375,-117.41322326660156,RIVERSIDE,RIVERSIDE,-117.41311645507813,33.946109771728516
8678898,2018,2018-10-04,3313,2018-07-14,1241,1679,5,6,5,7,3313,0,0,0,NA,0,1R41,INDIANA AV,VAN BUREN BL,62,W,N,A,-,N,NA,NA,NA,NA,NA,NA,NA,NA,NA,Y,4,0,1,2,A,-,03,22350,NA,N,C,C,A,A,H,-,C,A,0,NA,NA,NA,NA,Y,NA,D,22,0,0,1,0,0,0,0,0,0,-,-,NA,NA,RIVERSIDE,RIVERSIDE,-117.4416732788086,33.91396713256836
8682430,2018,2018-09-26,3315,2018-08-24,1503,002661,3E,5,5,6,3315,0,0,0,NA,0,003,MAGNOLIA AV,SILKTREE PL,12,W,N,A,-,N,NA,NA,NA,NA,NA,NA,NA,NA,NA,N,4,0,1,2,A,-,09,21804,A,N,D,C,A,A,H,-,A,D,0,NA,NA,NA,NA,Y,NA,-,NA,0,0,1,0,0,0,0,0,0,-,-,33.86241149902344,-117.54828643798828,RIVERSIDE,CORONA,-117.54835510253906,33.86246109008789
8682442,2018,2018-09-26,3315,2018-08-23,1646,002661,15C,4,5,6,3315,0,0,0,NA,0,003,FOOTHILL PKWY,CALIFORNIA OAKS PLAZA,486,W,N,A,-,N,NA,NA,NA,NA,NA,NA,NA,NA,NA,N,4,0,1,1,A,-,08,22107,NA,N,E,I,A,A,H,-,A,D,0,NA,NA,NA,NA,Y,NA,-,NA,0,0,1,0,0,0,0,0,0,-,-,33.834110260009766,-117.54280090332033,RIVERSIDE,CORONA,-116.9244384765625,33.938560485839844
8682642,2018,2018-09-28,3300,2018-08-23,1534,N6000,505A,4,5,5,3341,0,0,0,NA,0,055,MENIFEE RD,MATTHEWS RD,0,NA,Y,A,-,N,NA,NA,NA,NA,NA,NA,NA,NA,NA,Y,4,0,1,5,A,-,03,22350,NA,N,C,C,A,A,H,-,A,A,0,NA,NA,NA,NA,Y,NA,A,07,0,0,1,0,0,0,0,0,0,-,-,33.7329216003418,-117.15409088134766,RIVERSIDE,MENIFEE,-117.15409088134766,33.73297119140625
8683196,2018,2018-08-29,3300,2018-08-09,1442,4050,012C,4,5,4,3344,0,0,0,NA,0,065,COLLEGE PARK DR,RIVERBOAT DR,160,S,N,A,-,N,NA,NA,NA,NA,NA,NA,NA,NA,NA,N,3,0,1,2,A,-,08,22107,NA,N,A,E,A,A,H,-,A,D,0,NA,NA,NA,NA,Y,NA,A,07,0,1,0,0,0,0,0,0,0,-,-,NA,NA,RIVERSIDE,EASTVALE,-117.55973052978516,33.96042251586914