CASE_ID,ACCIDENT_YEAR,PROC_DATE,JURIS,COLLISION_DATE,COLLISION_TIME,OFFICER_ID,REPORTING_DISTRICT,DAY_OF_WEEK,CHP_SHIFT,POPULATION,CNTY_CITY_LOC,SPECIAL_COND,BEAT_TYPE,CHP_BEAT_TYPE,CITY_DIVISION_LAPD,CHP_BEAT_CLASS,BEAT_NUMBER,PRIMARY_RD,SECONDARY_RD,DISTANCE,DIRECTION,INTERSECTION,WEATHER_1,WEATHER_2,STATE_HWY_IND,CALTRANS_COUNTY,CALTRANS_DISTRICT,STATE_ROUTE,ROUTE_SUFFIX,POSTMILE_PREFIX,POSTMILE,LOCATION_TYPE,RAMP_INTERSECTION,SIDE_OF_HWY,TOW_AWAY,COLLISION_SEVERITY,NUMBER_KILLED,NUMBER_INJURED,PARTY_COUNT,PRIMARY_COLL_FACTOR,PCF_CODE_OF_VIOL,PCF_VIOL_CATEGORY,PCF_VIOLATION,PCF_VIOL_SUBSECTION,HIT_AND_RUN,TYPE_OF_COLLISION,MVIW,PED_ACTION,ROAD_SURFACE,ROAD_COND_1,ROAD_COND_2,LIGHTING,CONTROL_DEVICE,CHP_ROAD_TYPE,PEDESTRIAN_ACCIDENT,BICYCLE_ACCIDENT,MOTORCYCLE_ACCIDENT,TRUCK_ACCIDENT,NOT_PRIVATE_PROPERTY,ALCOHOL_INVOLVED,STWD_VEHTYPE_AT_FAULT,CHP_VEHTYPE_AT_FAULT,COUNT_SEVERE_INJ,COUNT_VISIBLE_INJ,COUNT_COMPLAINT_PAIN,COUNT_PED_KILLED,COUNT_PED_INJURED,COUNT_BICYCLIST_KILLED,COUNT_BICYCLIST_INJURED,COUNT_MC_KILLED,COUNT_MC_INJURED,PRIMARY_RAMP,SECONDARY_RAMP,LATITUDE,LONGITUDE,COUNTY,CITY,POINT_X,POINT_Y
8683198,2018,2018-08-29,3300,2018-08-04,1505,5372,LA43,6,5,3,3392,0,0,0,NA,0,0A2,EISENHOWER DR,CALLE TAMPICO,20,S,N,A,-,N,NA,NA,NA,NA,NA,NA,NA,NA,NA,N,4,0,1,2,A,-,03,22350,NA,N,C,D,A,A,H,-,A,A,0,NA,NA,NA,NA,Y,NA,A,01,0,0,1,0,0,0,0,0,0,-,-,NA,NA,RIVERSIDE,LA QUINTA,-116.30807495117188,33.677886962890625
8683405,2018,2018-09-28,3300,2018-07-31,1918,3747,001G,2,5,6,3345,0,0,0,NA,0,014,OPAL ST,CINNABAR DR,0,NA,Y,A,-,N,NA,NA,NA,NA,NA,NA,NA,NA,NA,N,4,0,1,2,A,-,09,21804,A,N,G,G,A,A,H,-,A,D,0,NA,Y,NA,NA,Y,NA,L,04,0,0,1,0,0,0,1,0,0,-,-,34.007320404052734,-117.42449188232422,RIVERSIDE,JURUPA VALLEY,-117.42440795898438,34.0071907043457
8683425,2018,2018-08-31,3313,2018-07-29,1430,1846,1,7,5,7,3313,0,0,0,NA,0,3R12,MAGNOLIA AV,15TH ST,15,N,N,A,-,N,NA,NA,NA,NA,NA,NA,NA,NA,NA,Y,3,0,3,2,D,-,00,NA,NA,N,D,C,A,A,H,-,A,D,0,NA,NA,NA,NA,Y,NA,-,-,0,3,0,0,0,0,0,0,0,-,-,NA,NA,RIVERSIDE,RIVERSIDE,-117.3809051513672,33.97521209716797
8683713,2018,2018-08-31,3313,2018-08-10,1457,1073,4,5,5,7,3313,0,0,0,NA,0,M31,JURUPA AV,JASMINE ST,6,E,N,A,-,N,NA,NA,NA,NA,NA,NA,NA,NA,NA,N,4,0,1,1,A,-,08,22107,NA,N,F,J,A,A,H,-,A,D,0,NA,NA,NA,NA,Y,NA,A,01,0,0,1,0,0,0,0,0,0,-,-,33.96070861816406,-117.44068908691406,RIVERSIDE,RIVERSIDE,-117.44065856933594,33.9608154296875
8684194,2018,2018-09-05,3308,2018-07-18,2055,10530,504,3,5,5,3308,0,0,0,NA,0,NORTH,SANDERSON AV,MENLO AV,0,NA,Y,A,-,N,NA,NA,NA,NA,NA,NA,NA,NA,NA,Y,4,0,1,3,A,-,12,21453,A,N,D,C,A,A,H,-,C,A,0,NA,NA,NA,NA,Y,NA,A,07,0,0,1,0,0,0,0,0,0,-,-,33.7584114074707,-117.00657653808594,RIVERSIDE,HEMET,-117.00659942626952,33.75822067260742
8684202,2018,2018-09-04,3308,2018-07-29,1208,10697,524,7,5,5,3308,0,0,0,NA,0,SOUTH,SANDERSON AV,ACACIA AV,345,S,N,A,-,N,NA,NA,NA,NA,NA,NA,NA,NA,NA,Y,3,0,1,3,A,-,03,22350,NA,F,C,C,A,A,H,-,A,A,0,NA,NA,NA,NA,Y,Y,A,07,0,1,0,0,0,0,0,0,0,-,-,33.74386978149414,-117.00649261474608,RIVERSIDE,HEMET,-117.00666809082033,33.74295425415039
8686590,2018,2018-08-27,3300,2018-06-12,1735,N4815,916D,2,5,4,3312,0,0,0,NA,0,035,D ST,SAN JACINTO AV,290,N,N,A,-,N,NA,NA,NA,NA,NA,NA,NA,NA,NA,Y,4,0,1,3,A,-,03,22350,NA,N,C,C,A,A,H,-,A,D,0,NA,NA,NA,NA,Y,NA,D,22,0,0,1,0,0,0,0,0,0,-,-,33.78654098510742,-117.22808074951172,RIVERSIDE,PERRIS,-117.22821044921876,33.78656005859375
8686744,2018,2018-10-03,3313,2018-07-26,1705,1912,3,4,5,7,3313,0,0,0,NA,0,3R36,MISSION GROVE PKWY,PORT ROYAL WY,45,N,N,A,-,N,NA,NA,NA,NA,NA,NA,NA,NA,NA,N,4,0,1,1,A,-,08,22107,NA,N,E,I,A,A,H,-,A,D,0,NA,NA,NA,NA,Y,NA,A,01,0,0,1,0,0,0,0,0,0,-,-,NA,NA,RIVERSIDE,RIVERSIDE,-117.32473754882813,33.91869354248047
8687011,2018,2018-08-23,3342,2018-06-16,0309,871,196,6,5,4,3342,0,0,0,NA,0,00A,LOS ALAMOS RD,MADISON AV,475,W,N,A,-,N,NA,NA,NA,NA,NA,NA,NA,NA,NA,Y,3,0,1,1,A,-,01,23152,A,N,E,I,A,A,H,-,C,D,0,NA,NA,NA,NA,Y,Y,A,01,0,1,0,0,0,0,0,0,0,-,-,33.55839157104492,-117.20146942138672,RIVERSIDE,MURRIETA,-117.20272064208984,33.557525634765625
8689709,2018,2018-09-14,3313,2018-08-14,1440,1927,1,2,5,7,3313,0,0,0,NA,0,T44,TIBBETTS ST,BROCKTON AV,0,NA,Y,A,-,N,NA,NA,NA,NA,NA,NA,NA,NA,NA,Y,4,0,2,2,A,-,09,21804,A,N,A,C,A,A,H,-,A,A,0,NA,NA,NA,NA,Y,NA,A,01,0,0,2,0,0,0,0,0,0,-,-,33.94742965698242,-117.396728515625,RIVERSIDE,RIVERSIDE,-117.39675903320313,33.947261810302734
8691564,2018,2018-09-27,3300,2018-08-17,0825,4449,002R,5,5,6,3345,0,0,0,NA,0,024,JURUPA RD,VAN BUREN BL,5,E,N,A,-,N,NA,NA,NA,NA,NA,NA,NA,NA,NA,N,4,0,1,2,A,-,00,21456,5,N,G,B,D,A,H,-,A,D,0,Y,NA,NA,NA,Y,NA,N,60,0,0,1,0,1,0,0,0,0,-,-,33.997169494628906,-117.48551940917967,RIVERSIDE,JURUPA VALLEY,-117.4854736328125,33.99704360961914
8691911,2018,2018-10-03,3300,2018-08-20,0910,N2646,603A2,1,5,6,3394,0,0,0,NA,0,032,CACTUS AV,ELSWORTH ST,71,E,N,A,-,N,NA,NA,NA,NA,NA,NA,NA,NA,NA,N,4,0,1,2,A,-,03,22350,NA,N,C,C,A,A,H,-,A,A,0,NA,NA,NA,NA,Y,NA,I,09,0,0,1,0,0,0,0,0,0,-,-,33.91006088256836,-117.27030181884766,RIVERSIDE,MORENO VALLEY,-117.26995849609376,33.91007995605469
8691915,2018,2018-10-03,3300,2018-08-22,2022,N6224,602C4,3,5,6,3394,0,0,0,NA,0,MV24,ALESSANDRO BL,GRAHAM ST,0,NA,Y,A,-,N,NA,NA,NA,NA,NA,NA,NA,NA,NA,N,4,0,1,2,A,-,09,21453,C,N,D,C,A,A,H,-,C,A,0,NA,NA,NA,NA,Y,NA,A,01,0,0,1,0,0,0,0,0,0,-,-,33.917240142822266,-117.25244140625,RIVERSIDE,MORENO VALLEY,-117.25243377685548,33.917320251464844
8693594,2018,2018-09-25,3300,2018-07-20,1203,5068,901D,5,5,4,3310,0,0,0,NA,0,051,HAMNER AV,AUTO MALL DR,135,N,N,A,-,N,NA,NA,NA,NA,NA,NA,NA,NA,NA,Y,4,0,1,2,A,-,01,23152,B,N,A,C,A,A,H,-,A,D,0,NA,NA,NA,NA,Y,Y,A,07,0,0,1,0,0,0,0,0,0,-,-,NA,NA,RIVERSIDE,NORCO,-117.560679,33.912454
8694303,2018,2018-09-19,3313,2018-08-21,1634,1772,3,2,5,7,3313,0,0,0,NA,0,T45,TRAUTWEIN RD,ORANGE TERRACE PKWY,265,S,N,A,-,N,NA,NA,NA,NA,NA,NA,NA,NA,NA,Y,3,0,1,2,A,-,03,22350,NA,N,C,C,A,A,H,-,A,A,0,NA,NA,NA,NA,Y,NA,A,01,0,1,0,0,0,0,0,0,0,-,-,NA,NA,RIVERSIDE,RIVERSIDE,-117.32496643066406,33.8940544128418
8694717,2018,2018-09-12,3313,2018-08-23,0645,1026,5,4,5,7,3313,0,0,0,NA,0,T52,VALLEY DR,CHADBOURNE AV,359,W,N,A,-,N,NA,NA,NA,NA,NA,NA,NA,NA,NA,Y,3,0,1,1,A,-,01,23152,A,N,E,I,A,A,H,-,B,D,0,NA,NA,NA,NA,Y,NA,A,07,0,1,0,0,0,0,0,0,0,-,-,33.95261001586914,-117.48776245117188,RIVERSIDE,RIVERSIDE,-117.4891357421875,33.952579498291016
8695426,2018,2018-09-21,3302,2018-08-21,1600,769,NA,2,5,3,3302,0,0,0,NA,0,NA,EAST 1ST ST,BERKSHIRE AV,0,NA,Y,A,-,N,NA,NA,NA,NA,NA,NA,NA,NA,NA,Y,3,0,1,2,A,-,08,22107,NA,N,D,C,A,A,H,-,A,D,0,NA,NA,NA,Y,Y,NA,A,01,0,1,0,0,0,0,0,0,0,-,-,NA,NA,RIVERSIDE,BEAUMONT,-116.96394348144533,33.92177963256836
8695554,2018,2018-09-19,3308,2018-05-30,1014,10470,519,3,5,5,3308,0,0,0,NA,0,NORTH,LINCOLN AV,MERIDIAN ST,0,NA,Y,A,-,N,NA,NA,NA,NA,NA,NA,NA,NA,NA,Y,4,0,1,2,A,-,09,21802,A,N,D,C,A,A,H,-,A,A,0,NA,NA,NA,NA,Y,NA,A,01,0,0,1,0,0,0,0,0,0,-,-,33.751121520996094,-116.92800903320313,RIVERSIDE,HEMET,-116.9281768798828,33.75135040283203
8696280,2018,2018-10-25,3313,2018-08-21,1735,1202,5,2,5,7,3313,0,0,0,NA,0,M30,PIERCE ST,RT 91,0,NA,Y,A,-,Y,RIV,8,91,-,-,10.606,R,4,E,Y,3,0,2,2,A,-,12,21453,A,N,D,C,A,A,H,-,A,A,0,NA,NA,NA,NA,Y,NA,-,-,0,1,1,0,0,0,0,0,0,-,EF,NA,NA,RIVERSIDE,RIVERSIDE,-117.4962921142578,33.89638900756836
8696659,2018,2018-09-27,3311,2018-09-10,1524,10987,NA,1,5,4,3311,0,0,0,NA,0,003,PALM CANYON DR N,ALEJO RD,0,NA,Y,A,-,N,NA,NA,NA,NA,NA,NA,NA,NA,NA,Y,4,0,1,2,A,-,12,21453,A,N,D,C,A,A,H,-,A,A,0,NA,NA,NA,NA,Y,NA,D,22,0,0,1,0,0,0,0,0,0,-,-,33.83042907714844,-116.54680633544922,RIVERSIDE,PALM SPRINGS,-116.54682159423828,33.830299377441406
8696703,2018,2018-10-01,3313,2018-08-22,0036,1471,1,3,5,7,3313,0,0,0,NA,0,1R13,10TH ST,CEDAR ST,126,E,N,A,-,N,NA,NA,NA,NA,NA,NA,NA,NA,NA,Y,3,0,1,3,A,-,01,23152,A,N,C,E,A,A,H,-,C,D,0,NA,NA,NA,NA,Y,Y,A,01,0,1,0,0,0,0,0,0,0,-,-,33.983280181884766,-117.38288879394533,RIVERSIDE,RIVERSIDE,-117.38242340087892,33.98302459716797
8697023,2018,2018-09-26,3300,2018-06-06,2050,5326,32A6,3,5,4,3318,0,0,0,NA,0,032,EAGLE RD,EDGEHILL DR,135,E,N,A,-,N,NA,NA,NA,NA,NA,NA,NA,NA,NA,N,2,0,1,2,A,-,10,21954,NA,F,G,B,D,A,H,-,D,D,0,Y,NA,NA,NA,Y,NA,N,60,1,0,0,0,1,0,0,0,0,-,-,33.70792007446289,-116.39763641357422,RIVERSIDE,PALM DESERT,-116.39716339111328,33.70775604248047
8697331,2018,2018-10-02,3300,2018-07-20,1810,N3626,901B,5,5,4,3310,0,0,0,NA,0,050,6TH ST,CORONA AV,9,W,N,A,-,N,NA,NA,NA,NA,NA,NA,NA,NA,NA,N,4,0,1,2,A,-,12,21453,A,N,D,C,A,A,H,-,A,A,0,NA,NA,NA,NA,Y,NA,D,22,0,0,1,0,0,0,0,0,0,-,-,33.93851089477539,-117.54563903808594,RIVERSIDE,NORCO,-117.54554748535156,33.938411712646484
8697529,2018,2019-01-24,3300,2018-09-09,1230,N4880,36R2,7,5,4,3318,0,0,0,NA,0,T305,PARK VIEW DR,ACACIA DR,153,W,N,A,-,N,NA,NA,NA,NA,NA,NA,NA,NA,NA,Y,4,0,1,2,A,-,08,22107,NA,N,D,C,A,A,H,-,A,A,0,NA,NA,NA,NA,Y,NA,A,01,0,0,1,0,0,0,0,0,0,-,-,NA,NA,RIVERSIDE,PALM DESERT,-116.39301300048828,33.732421875
8698230,2018,2018-10-30,3313,2018-08-23,1703,1772,4,4,5,7,3313,0,0,0,NA,0,T45,VAN BUREN BL,DUFFERIN AV,950,S,N,A,-,N,NA,NA,NA,NA,NA,NA,NA,NA,NA,Y,3,0,1,1,C,-,18,NA,NA,N,E,I,A,A,H,-,A,A,0,NA,NA,NA,NA,Y,NA,-,-,0,1,0,0,0,0,0,0,0,-,-,33.898250579833984,-117.428466796875,RIVERSIDE,RIVERSIDE,-117.42672729492188,33.896095275878906
8699892,2018,2018-10-09,3309,2018-09-07,1848,326,3309,5,5,4,3309,0,0,0,NA,0,004,JEFFERSON ST,MILES AV,0,NA,Y,A,-,N,NA,NA,NA,NA,NA,NA,NA,NA,NA,Y,4,0,2,3,A,-,12,21453,A,N,D,C,A,A,H,-,B,A,0,NA,NA,NA,NA,Y,NA,A,01,0,0,2,0,0,0,0,0,0,-,-,NA,NA,RIVERSIDE,INDIO,-116.26889801025392,33.72193908691406
8699900,2018,2018-10-12,3309,2018-09-06,0657,356,3309,4,5,4,3309,0,0,0,NA,0,005,FRED WARING DR,CLINTON ST,171,W,N,A,-,N,NA,NA,NA,NA,NA,NA,NA,NA,NA,Y,4,0,2,2,A,-,03,22350,NA,N,C,C,A,A,H,-,A,D,0,NA,NA,NA,NA,Y,NA,A,01,0,0,2,0,0,0,0,0,0,-,-,NA,NA,RIVERSIDE,INDIO,-116.24331665039063,33.729408264160156
8700997,2018,2018-11-05,3300,2018-03-07,1303,4323,910A,3,5,5,3335,0,0,0,NA,0,061,WINCHESTER RD,RT 15,32,W,N,B,-,Y,RIV,8,15,-,-,6.477,R,4,N,Y,4,0,1,2,A,-,03,22350,NA,N,C,C,A,A,H,-,A,A,0,NA,NA,NA,NA,Y,NA,A,01,0,0,1,0,0,0,0,0,0,-,NF,NA,NA,RIVERSIDE,TEMECULA,-117.16162109375,33.52082824707031
8701982,2018,2018-11-05,3325,2018-03-25,1820,536,RIVER,7,5,4,3325,0,0,0,NA,0,001,EAST PALM CANYON DR,OFFICER JERMAINE GIBSON,162,W,N,A,-,N,NA,NA,NA,NA,NA,NA,NA,NA,NA,Y,3,0,2,2,A,-,01,23153,A,N,C,C,A,A,H,-,A,A,0,NA,NA,NA,Y,Y,Y,A,01,0,2,0,0,0,0,0,0,0,-,-,NA,NA,RIVERSIDE,CATHEDRAL CITY,NA,NA
8702484,2018,2018-10-01,3325,2018-03-06,1957,1701,3325,2,5,4,3325,0,0,0,NA,0,001,DATE PALM DR,VICTORIA DR,0,NA,Y,A,-,N,NA,NA,NA,NA,NA,NA,NA,NA,NA,Y,4,0,2,2,A,-,12,21453,A,N,D,C,A,A,H,-,C,D,0,NA,NA,NA,NA,Y,NA,A,01,0,0,2,0,0,0,0,0,0,-,-,NA,NA,RIVERSIDE,CATHEDRAL CITY,-116.45806884765624,33.79777908325195
8703124,2018,2018-10-12,3313,2018-09-18,1353,1772,2,2,5,7,3313,0,0,0,NA,0,T45,VICTORIA AV,12TH ST,0,NA,Y,A,-,N,NA,NA,NA,NA,NA,NA,NA,NA,NA,Y,3,0,2,2,A,-,12,22450,A,M,D,C,A,A,H,-,A,A,0,NA,NA,NA,NA,Y,NA,A,01,0,2,0,0,0,0,0,0,0,-,-,33.97261047363281,-117.36517333984376,RIVERSIDE,RIVERSIDE,-117.3652572631836,33.97254943847656
8703752,2018,2018-09-28,3308,2018-09-10,1227,10727,294,1,5,5,3308,0,0,0,NA,0,NORTH,TITAN TR,CAWSTON AV,0,NA,Y,A,-,N,NA,NA,NA,NA,NA,NA,NA,NA,NA,Y,3,0,1,2,A,-,09,21802,A,N,D,C,A,A,H,-,A,A,0,NA,NA,NA,NA,Y,NA,A,01,0,1,0,0,0,0,0,0,0,-,-,33.76723098754883,-117.01171112060548,RIVERSIDE,HEMET,-117.01535034179688,33.769039154052734
8704574,2018,2018-10-22,3313,2018-09-19,1410,1772,3,3,5,7,3313,0,0,0,NA,0,T45,FAIR ISLE DR,SYCAMORE CANYON BL,51,E,N,A,-,N,NA,NA,NA,NA,NA,NA,NA,NA,NA,Y,4,0,1,3,C,-,18,NA,NA,N,B,C,A,A,H,-,A,A,0,NA,NA,NA,Y,Y,NA,-,-,0,0,1,0,0,0,0,0,0,-,-,33.94731140136719,-117.30229949951172,RIVERSIDE,RIVERSIDE,-117.3023681640625,33.94729995727539
8704627,2018,2018-10-15,3313,2018-09-21,1459,1772,1,5,5,7,3313,0,0,0,NA,0,T45,MAIN ST,POPLAR ST,244,N,N,A,-,N,NA,NA,NA,NA,NA,NA,NA,NA,NA,N,4,0,1,3,A,-,03,22350,NA,N,C,C,A,A,H,-,A,A,0,NA,NA,NA,NA,Y,NA,D,22,0,0,1,0,0,0,0,0,0,-,-,33.991878509521484,-117.36776733398438,RIVERSIDE,RIVERSIDE,-117.36737060546876,33.992523193359375
8705163,2018,2018-10-09,3313,2018-09-12,1251,1097,4,3,5,7,3313,0,0,0,NA,0,M39,MAUDE ST,MARGUERITA AV,0,NA,Y,A,-,N,NA,NA,NA,NA,NA,NA,NA,NA,NA,Y,3,0,2,2,A,-,12,22450,NA,N,D,C,A,A,H,-,A,A,0,NA,NA,NA,NA,Y,NA,A,08,0,1,1,0,0,0,0,0,0,-,-,33.942718505859375,-117.3833465576172,RIVERSIDE,RIVERSIDE,-117.3833465576172,33.94266128540039
8705479,2018,2018-10-12,3342,2018-08-06,1747,419,NA,1,5,4,3342,0,0,0,NA,0,NA,ALTA MURRIETA DR,MURRIETA HOT SPRINGS RD,262,N,N,A,-,N,NA,NA,NA,NA,NA,NA,NA,NA,NA,N,4,0,1,2,A,-,09,21804,A,N,D,C,A,A,H,-,A,A,0,NA,NA,Y,NA,Y,NA,A,01,0,0,1,0,0,0,0,0,1,-,-,33.556400299072266,-117.17738342285156,RIVERSIDE,MURRIETA,-117.17756652832033,33.557151794433594
8706472,2018,2018-10-02,3300,2018-09-03,0120,3698,901B,1,5,4,3310,0,0,0,NA,0,050,HAMNER AV,CITRUS ST,1500,S,N,A,-,N,NA,NA,NA,NA,NA,NA,NA,NA,NA,N,4,0,3,2,A,-,03,22350,NA,F,C,C,A,A,H,-,D,D,0,NA,NA,NA,NA,Y,Y,A,01,0,0,3,0,0,0,0,0,0,-,-,33.951690673828125,-117.55845642089844,RIVERSIDE,NORCO,-117.55831146240234,33.94770812988281
8706540,2018,2018-10-02,3300,2018-08-19,0215,5025,001,7,5,6,3345,0,0,0,NA,0,010,AVALON ST,28TH ST,392,E,N,A,-,N,NA,NA,NA,NA,NA,NA,NA,NA,NA,Y,4,0,1,3,A,-,01,23152,A,N,D,E,A,A,H,-,D,A,0,NA,NA,NA,NA,Y,Y,A,01,0,0,1,0,0,0,0,0,0,-,-,34.01007843017578,-117.3986587524414,RIVERSIDE,JURUPA VALLEY,-117.39784240722656,34.01103973388672
8708293,2018,2018-10-17,3308,2018-09-26,0907,10610,507,3,5,5,3308,0,0,0,NA,0,NORTH,MENLO AV,STATE ST,480,E,N,A,-,N,NA,NA,NA,NA,NA,NA,NA,NA,NA,N,4,0,1,2,B,-,22,NA,NA,N,C,C,A,A,H,-,A,A,0,NA,NA,NA,NA,Y,NA,J,48,0,0,1,0,0,0,0,0,0,-,-,33.75838851928711,-116.9717025756836,RIVERSIDE,HEMET,-116.97178649902344,33.758399963378906
8708415,2018,2018-10-19,3300,2018-09-21,1520,N6567,916A,5,5,4,3312,0,0,0,NA,0,031,MARKHAM ST,PATTERSON AV,0,NA,Y,A,-,N,NA,NA,NA,NA,NA,NA,NA,NA,NA,Y,4,0,2,2,A,-,12,22450,A,N,D,C,A,A,H,-,A,A,0,NA,NA,NA,NA,Y,NA,A,07,0,0,2,0,0,0,0,0,0,-,-,33.852081298828125,-117.25238800048828,RIVERSIDE,PERRIS,-117.25254821777344,33.85186004638672
8708836,2018,2018-10-11,3313,2018-09-15,2114,1783,5,6,5,7,3313,0,0,0,NA,0,T40,BANBURY DR,DIANA AV,150,N,N,A,-,N,NA,NA,NA,NA,NA,NA,NA,NA,NA,N,4,0,1,2,A,-,11,21954,A,N,G,B,E,A,H,-,C,D,0,Y,NA,NA,NA,Y,NA,N,60,0,0,1,0,1,0,0,0,0,-,-,33.89046859741211,-117.46070861816406,RIVERSIDE,RIVERSIDE,-117.46109771728516,33.90476989746094
8709448,2018,2018-10-19,3300,2018-09-20,1342,3290,916C,4,5,4,3312,0,0,0,NA,0,034,4TH ST,A ST,0,NA,Y,A,-,N,NA,NA,NA,NA,NA,NA,NA,NA,NA,Y,4,0,1,2,A,-,12,21453,A,N,D,C,A,A,H,-,A,A,0,NA,NA,NA,NA,Y,NA,A,01,0,0,1,0,0,0,0,0,0,-,-,33.7823600769043,-117.23475646972656,RIVERSIDE,PERRIS,-117.23475646972656,33.7823486328125
8709460,2018,2018-10-23,3300,2018-08-29,1806,4211,36K4,3,5,4,3318,0,0,0,NA,0,MO877,HOVLEY LN EAST,CORPORATE WY,0,NA,Y,A,-,N,NA,NA,NA,NA,NA,NA,NA,NA,NA,Y,2,0,1,2,A,-,12,21453,A,N,D,C,A,A,H,-,A,A,0,NA,NA,NA,NA,Y,NA,D,22,1,0,0,0,0,0,0,0,0,-,-,33.7470817565918,-116.36231994628906,RIVERSIDE,PALM DESERT,-116.36234283447266,33.74713134765625
8711509,2018,2018-11-01,3315,2018-10-07,1040,001809,3E,7,5,6,3315,0,0,0,NA,0,003,S FULLERTON AV,E MAGNOLIA AV,165,S,N,A,-,N,NA,NA,NA,NA,NA,NA,NA,NA,NA,N,4,0,1,2,A,-,03,22350,NA,N,C,C,A,A,H,-,A,A,0,NA,NA,NA,NA,Y,NA,-,NA,0,0,1,0,0,0,0,0,0,-,-,NA,NA,RIVERSIDE,CORONA,-117.55030822753906,33.86087417602539
8712353,2018,2018-12-21,3308,2018-10-02,1730,10610,527,2,5,5,3308,0,0,0,NA,0,SOUTH,CENTRAL AV,STATE ST,29,W,N,B,-,N,NA,NA,NA,NA,NA,NA,NA,NA,NA,Y,3,0,3,2,A,-,08,22107,NA,F,A,C,A,A,H,-,A,A,0,NA,NA,NA,NA,Y,Y,D,22,0,2,1,0,0,0,0,0,0,-,-,33.74205017089844,-116.97158813476563,RIVERSIDE,HEMET,-116.9717254638672,33.74208068847656
8713155,2018,2018-11-07,3300,2018-10-02,1616,4919,WI801,2,5,3,3343,0,0,0,NA,0,081,WILDOMAR RD,VINE ST,0,NA,Y,A,-,N,NA,NA,NA,NA,NA,NA,NA,NA,NA,Y,4,0,1,2,A,-,21,22106,NA,N,C,C,A,A,H,-,A,A,0,NA,NA,NA,NA,Y,NA,D,22,0,0,1,0,0,0,0,0,0,-,-,33.63959884643555,-117.28968048095705,RIVERSIDE,WILDOMAR,-117.2895736694336,33.639671325683594
8713923,2018,2018-10-18,3300,2018-09-24,1555,5194,421,1,5,2,3336,0,0,0,NA,0,021,CHERRY VALLEY BL,CALIMESA BL,377,W,N,A,-,N,NA,NA,NA,NA,NA,NA,NA,NA,NA,N,4,0,1,2,A,-,04,21703,NA,N,C,C,A,A,H,-,A,D,0,NA,NA,NA,NA,Y,NA,A,01,0,0,1,0,0,0,0,0,0,-,-,33.96846008300781,-117.03360748291016,RIVERSIDE,CALIMESA,-117.03494262695313,33.96841049194336
8716670,2018,2018-10-23,3300,2018-09-19,0730,N3202,011M,3,5,4,3344,0,0,0,NA,0,063,65TH ST,RETAMA ST,11,E,N,A,-,N,NA,NA,NA,NA,NA,NA,NA,NA,NA,N,2,0,1,2,A,-,11,21950,B,N,G,B,B,A,H,-,A,A,0,Y,NA,NA,NA,Y,NA,N,60,1,0,0,0,1,0,0,0,0,-,-,NA,NA,RIVERSIDE,EASTVALE,-117.59194183349608,33.96806335449219
8717229,2018,2018-10-16,3313,2018-08-08,0932,1016,2,3,5,7,3313,0,0,0,NA,0,M28,JURUPA AV,RIVERSIDE AV,0,NA,Y,A,-,N,NA,NA,NA,NA,NA,NA,NA,NA,NA,Y,4,0,2,2,A,-,12,21453,A,N,D,C,A,A,H,-,A,A,0,NA,NA,NA,NA,Y,NA,A,01,0,0,2,0,0,0,0,0,0,-,-,33.96091079711914,-117.38803863525392,RIVERSIDE,RIVERSIDE,-117.3879165649414,33.9609489440918
8718760,2018,2019-01-02,3300,2018-09-16,2148,4728,905L,7,5,4,3307,0,0,0,NA,0,093,RIVERSIDE DR,LAKESIDE STADIUM WY,82,N,N,A,-,Y,RIV,8,74,-,-,12.73,H,-,E,Y,4,0,4,2,A,-,08,22107,NA,N,D,C,A,A,H,-,C,D,0,NA,NA,NA,NA,Y,NA,A,07,0,0,4,0,0,0,0,0,0,-,-,NA,NA,RIVERSIDE,LAKE ELSINORE,-117.38184356689452,33.667633056640625
8718826,2018,2018-11-09,3300,2018-08-29,1802,N6265,002V,3,5,6,3345,0,0,0,NA,0,026,ETIWANDA AV,LIMONITE AV,254,S,N,A,-,N,NA,NA,NA,NA,NA,NA,NA,NA,NA,Y,4,0,1,2,A,-,09,21804,A,N,D,C,A,A,H,-,A,D,0,NA,NA,NA,NA,Y,NA,A,07,0,0,1,0,0,0,0,0,0,-,-,NA,NA,RIVERSIDE,JURUPA VALLEY,-117.52330017089844,33.974754333496094
8719426,2018,2018-10-31,3313,2018-09-06,2144,1720,5,4,5,7,3313,0,0,0,NA,0,3R56,MAGNOLIA AV,HUGHES AL,475,W,N,A,-,N,NA,NA,NA,NA,NA,NA,NA,NA,NA,N,3,0,1,2,-,-,-,NA,NA,N,G,B,B,A,H,-,C,A,0,Y,NA,NA,NA,Y,NA,-,-,0,1,0,0,1,0,0,0,0,-,-,33.91413116455078,-117.4579620361328,RIVERSIDE,RIVERSIDE,-117.4589614868164,33.9132080078125