CASE_ID,ACCIDENT_YEAR,PROC_DATE,JURIS,COLLISION_DATE,COLLISION_TIME,OFFICER_ID,REPORTING_DISTRICT,DAY_OF_WEEK,CHP_SHIFT,POPULATION,CNTY_CITY_LOC,SPECIAL_COND,BEAT_TYPE,CHP_BEAT_TYPE,CITY_DIVISION_LAPD,CHP_BEAT_CLASS,BEAT_NUMBER,PRIMARY_RD,SECONDARY_RD,DISTANCE,DIRECTION,INTERSECTION,WEATHER_1,WEATHER_2,STATE_HWY_IND,CALTRANS_COUNTY,CALTRANS_DISTRICT,STATE_ROUTE,ROUTE_SUFFIX,POSTMILE_PREFIX,POSTMILE,LOCATION_TYPE,RAMP_INTERSECTION,SIDE_OF_HWY,TOW_AWAY,COLLISION_SEVERITY,NUMBER_KILLED,NUMBER_INJURED,PARTY_COUNT,PRIMARY_COLL_FACTOR,PCF_CODE_OF_VIOL,PCF_VIOL_CATEGORY,PCF_VIOLATION,PCF_VIOL_SUBSECTION,HIT_AND_RUN,TYPE_OF_COLLISION,MVIW,PED_ACTION,ROAD_SURFACE,ROAD_COND_1,ROAD_COND_2,LIGHTING,CONTROL_DEVICE,CHP_ROAD_TYPE,PEDESTRIAN_ACCIDENT,BICYCLE_ACCIDENT,MOTORCYCLE_ACCIDENT,TRUCK_ACCIDENT,NOT_PRIVATE_PROPERTY,ALCOHOL_INVOLVED,STWD_VEHTYPE_AT_FAULT,CHP_VEHTYPE_AT_FAULT,COUNT_SEVERE_INJ,COUNT_VISIBLE_INJ,COUNT_COMPLAINT_PAIN,COUNT_PED_KILLED,COUNT_PED_INJURED,COUNT_BICYCLIST_KILLED,COUNT_BICYCLIST_INJURED,COUNT_MC_KILLED,COUNT_MC_INJURED,PRIMARY_RAMP,SECONDARY_RAMP,LATITUDE,LONGITUDE,COUNTY,CITY,POINT_X,POINT_Y
9063506,2020,2020-06-19,3313,2020-02-10,1622,1384,1,1,5,7,3313,0,0,0,NA,0,M17,ALESSANDRO BL,ARLINGTON AV,473,N,N,A,-,N,NA,NA,NA,NA,NA,NA,NA,NA,NA,Y,4,0,2,2,A,-,03,22350,NA,N,C,C,A,A,H,-,A,A,0,NA,NA,NA,NA,Y,NA,A,01,0,0,2,0,0,0,0,0,0,-,-,33.94443893432617,-117.35434722900392,RIVERSIDE,RIVERSIDE,-117.35497283935548,33.945953369140625
90635060,2018,2018-01-08,9655,2018-01-03,1335,015892,NA,3,1,9,3300,0,1,3,NA,1,314,STATE ROUTE 74,WILSON WAY,4752,E,N,B,-,Y,NA,NA,74,NA,NA,NA,NA,NA,NA,Y,2,0,1,1,A,-,08,22107,NA,N,E,I,A,A,H,-,A,D,0,NA,NA,NA,NA,Y,NA,D,22,1,0,0,0,0,0,0,0,0,-,-,33.73619842529297,-116.81674957275392,RIVERSIDE,UNINCORPORATED,-116.81674194335938,33.73622512817383
9063589,2020,2021-06-04,3300,2020-03-29,1608,3536,602A3,7,5,6,3394,0,0,0,NA,0,MV22,TOWNGATE BL,HERITAGE WY,507,W,N,A,-,N,NA,NA,NA,NA,NA,NA,NA,NA,NA,NA,4,0,2,2,A,-,03,22350,NA,N,C,C,A,A,H,-,A,D,0,NA,NA,NA,NA,Y,NA,A,01,0,0,2,0,0,0,0,0,0,-,-,33.9351806640625,-117.26605987548828,RIVERSIDE,MORENO VALLEY,-117.26767730712892,33.935264587402344
90636255,2017,2018-01-09,9685,2017-12-30,1103,015295,NA,6,1,5,3335,0,1,1,NA,2,030,INTERSTATE 15 SOUTHBOUND,RANCHO CALIFORNIA ROAD,1584,S,N,A,-,Y,NA,NA,15,NA,NA,NA,NA,NA,S,Y,3,0,2,5,A,-,03,22350,NA,N,C,C,A,A,H,-,A,D,0,NA,NA,NA,NA,Y,NA,A,07,0,2,0,0,0,0,0,0,0,-,-,33.49569,-117.14774,RIVERSIDE,TEMECULA,-117.14767445,33.49575597
90636820,2018,2018-01-10,9840,2018-01-02,2215,020262,NA,2,3,9,3300,0,1,1,NA,2,037,I-15 N/B,HORSETHIEF CANYON RD,125,S,N,A,-,Y,NA,NA,15,NA,NA,NA,NA,NA,N,Y,4,0,1,1,A,-,08,22107,NA,N,E,I,A,A,H,-,D,D,0,NA,NA,NA,NA,Y,NA,D,22,0,0,1,0,0,0,0,0,0,-,-,33.73912811279297,-117.42790222167967,RIVERSIDE,UNINCORPORATED,-117.42783355712892,33.739227294921875
90636975,2018,2018-01-10,9840,2018-01-03,1503,014868,NA,3,2,7,3313,0,1,1,NA,2,023,I-215 N/B,UNIVERSITY AVE,855,S,N,B,-,Y,NA,NA,215,NA,NA,NA,NA,NA,N,Y,3,0,1,1,A,-,08,22107,NA,N,E,I,A,A,H,-,A,D,0,NA,NA,NA,NA,Y,NA,A,01,0,1,0,0,0,0,0,0,0,-,-,33.97602844238281,-117.33480834960938,RIVERSIDE,RIVERSIDE,-117.33517456054688,33.975616455078125
90637011,2017,2018-01-10,9840,2017-12-04,1818,021641,NA,1,2,7,3313,0,1,3,NA,2,021,SR-91 W/B TO MADISON ST,MADISON ST,100,E,N,A,-,Y,NA,NA,91,NA,NA,NA,R,NA,W,Y,4,0,1,3,A,-,08,22107,NA,F,B,C,A,A,H,-,D,D,0,NA,NA,NA,NA,Y,Y,A,01,0,0,1,0,0,0,0,0,0,-,-,33.93647,-117.40462,RIVERSIDE,RIVERSIDE,-117.40462,33.93647
90637379,2018,2018-01-10,9840,2018-01-09,0800,019219,NA,2,1,7,3313,0,1,3,NA,2,201,SR-91 EASTBOUND,ADAMS STREET,1320,W,N,B,C,Y,NA,NA,91,NA,NA,NA,NA,NA,E,N,4,0,2,2,A,-,03,22350,NA,N,C,C,A,B,H,-,A,D,0,NA,NA,NA,NA,Y,NA,A,01,0,0,2,0,0,0,0,0,0,-,-,33.92412185668945,-117.42546081542967,RIVERSIDE,RIVERSIDE,-117.42543792724608,33.924076080322266
9063761,2020,2020-03-17,3300,2020-02-13,1825,3786,012G,4,5,4,3344,0,0,0,NA,0,064,SCHLEISMAN RD,ARCHIBALD AV,621,W,N,A,-,N,NA,NA,NA,NA,NA,NA,NA,NA,NA,N,4,0,1,2,A,-,09,21801,A,N,D,C,A,A,H,-,C,D,0,NA,NA,NA,NA,Y,NA,A,01,0,0,1,0,0,0,0,0,0,-,-,33.960750579833984,-117.59287261962892,RIVERSIDE,EASTVALE,-117.59526824951172,33.960899353027344
9063770,2020,2020-03-17,3313,2020-02-25,1408,1736,2,2,5,7,3313,0,0,0,NA,0,T49,CLARIDGE DR,RANSOM RD,436,S,N,A,-,N,NA,NA,NA,NA,NA,NA,NA,NA,NA,N,4,0,1,2,A,-,09,21801,A,N,D,C,A,A,H,-,A,D,0,NA,NA,NA,NA,Y,Y,A,01,0,0,1,0,0,0,0,0,0,-,-,33.9416389465332,-117.34031677246094,RIVERSIDE,RIVERSIDE,-117.34017181396484,33.94036102294922
9063817,2020,2020-03-16,3313,2020-01-11,0243,1949,4,6,5,7,3313,0,0,0,NA,0,1R41,MAGNOLIA AV,WAYNE CT,230,W,N,-,-,N,NA,NA,NA,NA,NA,NA,NA,NA,NA,Y,4,0,1,1,A,-,01,23152,A,N,E,I,A,A,H,-,C,D,0,NA,NA,NA,NA,Y,Y,A,07,0,0,1,0,0,0,0,0,0,-,-,33.930538177490234,-117.42752838134766,RIVERSIDE,RIVERSIDE,-117.42786407470705,33.93104553222656
90638243,2018,2018-01-11,9655,2018-01-01,1415,019267,NA,1,2,4,3301,0,1,1,NA,2,204,I-10 W/B,SAN GORGONIO AVE,95,E,N,A,-,Y,NA,NA,10,NA,NA,NA,NA,NA,W,N,4,0,3,3,A,-,03,22350,NA,N,C,C,A,A,H,-,A,D,0,NA,NA,NA,NA,Y,NA,D,22,0,0,3,0,0,0,0,0,0,-,-,33.92436981201172,-116.8763427734375,RIVERSIDE,BANNING,-116.8763427734375,33.92439270019531
90638979,2018,2018-01-12,9685,2018-01-02,0620,016347,NA,2,1,5,3341,0,1,1,NA,2,034,I-215 NORTHBOUND,LINNEL LANE,50,S,N,B,-,Y,NA,NA,NA,NA,NA,NA,NA,NA,NA,Y,4,0,1,2,A,-,08,22107,NA,N,E,I,A,A,H,-,D,D,0,NA,NA,NA,NA,Y,NA,A,01,0,0,1,0,0,0,0,0,0,-,-,33.60504150390625,-117.17146301269533,RIVERSIDE,MENIFEE,-117.17141723632813,33.60493469238281
90639241,2018,2018-01-12,9685,2018-01-04,0755,012190,NA,4,1,9,3300,0,2,4,NA,2,016,GRAND AVE,ADELFA ST,440,N,N,A,-,N,NA,NA,NA,NA,NA,NA,NA,NA,NA,N,3,0,1,2,A,-,03,22350,NA,N,C,C,A,A,H,-,A,D,0,NA,NA,NA,NA,Y,NA,A,01,0,1,0,0,0,0,0,0,0,-,-,33.64421081542969,-117.35292816162108,RIVERSIDE,UNINCORPORATED,-117.35285949707033,33.64409637451172
9064096,2020,2020-03-13,3325,2020-01-24,2500,1304,NA,5,5,4,3325,0,0,0,NA,0,003,VISTA CHINO,AVENIDA LA PAZ,0,NA,Y,A,-,N,NA,NA,NA,NA,NA,NA,NA,NA,NA,Y,3,0,1,2,A,-,09,21804,A,N,D,C,A,A,H,-,A,D,0,NA,NA,NA,NA,Y,NA,A,07,0,1,0,0,0,0,0,0,0,-,-,NA,NA,RIVERSIDE,CATHEDRAL CITY,-116.47467803955078,33.84495162963867
9064104,2020,2020-03-17,3325,2020-01-25,2500,2009,3325,6,5,4,3325,0,0,0,NA,0,002,CANDLEWOOD DR,RAMON RD,144,S,N,A,-,N,NA,NA,NA,NA,NA,NA,NA,NA,NA,N,3,0,1,2,A,-,00,21954,NA,N,G,B,E,A,H,-,A,D,0,Y,NA,NA,NA,Y,Y,A,01,0,1,0,0,1,0,0,0,0,-,-,NA,NA,RIVERSIDE,CATHEDRAL CITY,-116.4734115600586,33.81543731689453
90643077,2018,2018-01-18,9630,2018-01-09,0155,020645,NA,2,3,9,3300,0,1,1,NA,2,020,I-10 E/B,PALM DR,5280,E,N,B,C,Y,NA,NA,NA,NA,NA,NA,NA,NA,NA,Y,4,0,1,1,A,-,03,22350,NA,N,F,A,A,B,H,-,D,D,0,NA,NA,NA,NA,Y,NA,A,01,0,0,1,0,0,0,0,0,0,-,-,33.86949157714844,-116.492431640625,RIVERSIDE,UNINCORPORATED,-116.96434783935548,33.93558120727539
90643412,2018,2018-01-19,9840,2018-01-07,0240,021017,NA,7,3,7,3313,0,1,3,NA,2,025,SR-60 W/B,DAY ST,200,W,N,A,-,Y,NA,NA,60,NA,NA,NA,NA,NA,W,Y,2,0,3,2,A,-,01,23152,A,N,C,C,A,A,H,-,D,D,0,NA,NA,NA,NA,Y,Y,A,01,2,1,0,0,0,0,0,0,0,-,-,33.94287872314453,-117.2797393798828,RIVERSIDE,RIVERSIDE,-117.27974700927734,33.9428596496582
90643568,2018,2018-01-19,9655,2018-01-11,0605,018587,NA,4,1,9,3300,0,3,5,NA,2,003,GRANITE VIEW DR.,SAN JOSE DR.,616,E,N,B,C,N,NA,NA,NA,NA,NA,NA,NA,NA,NA,Y,4,0,1,1,A,-,08,22107,NA,N,E,I,A,B,H,-,D,D,0,NA,NA,NA,NA,Y,NA,D,22,0,0,1,0,0,0,0,0,0,-,-,33.79920959472656,-116.9264907836914,RIVERSIDE,UNINCORPORATED,-116.92654418945313,33.799312591552734
90644369,2018,2018-01-22,9630,2018-01-09,0740,015500,NA,2,1,4,3309,0,1,1,NA,2,021,I-10 E/B,JEFFERSON ST,4752,W,N,B,C,Y,NA,NA,10,NA,NA,NA,NA,NA,E,Y,3,0,1,3,A,-,03,22350,NA,N,C,C,A,B,H,-,A,D,0,NA,NA,NA,Y,Y,NA,G,25,0,1,0,0,0,0,0,0,0,-,-,33.75400924682617,-116.28359222412108,RIVERSIDE,INDIO,-116.2835693359375,33.754066467285156
90644919,2017,2018-01-22,9840,2017-10-20,0227,017882,NA,5,3,9,3300,0,1,1,NA,2,040,I-215 S/B,CACTUS AVE.,208,N,N,A,-,Y,NA,NA,NA,NA,NA,NA,NA,NA,NA,Y,1,1,2,2,A,-,01,23152,A,N,C,C,A,A,H,-,C,D,0,NA,NA,NA,NA,Y,Y,A,01,1,1,0,0,0,0,0,0,0,-,-,33.9093,-117.2913,RIVERSIDE,UNINCORPORATED,NA,NA
90645918,2018,2018-01-23,9840,2018-01-17,0800,013500,NA,3,1,6,3345,0,1,3,NA,2,010,SR-60 W/B,RUBIDOUX BLVD.,1500,W,N,A,-,Y,NA,NA,60,NA,NA,NA,NA,NA,W,N,4,0,1,2,A,-,03,22350,NA,N,C,C,A,A,H,-,A,D,0,NA,NA,NA,NA,Y,NA,D,22,0,0,1,0,0,0,0,0,0,-,-,34.0042610168457,-117.40638732910156,RIVERSIDE,JURUPA VALLEY,-117.40638732910156,34.00428009033203
90647829,2018,2018-01-25,9840,2018-01-16,1240,014868,NA,2,1,6,3345,0,1,3,NA,2,010,SR-60 W/B TO ETIWANDA AVE.,ETIWANDA AVE,50,E,N,A,-,Y,NA,NA,60,NA,NA,NA,R,NA,W,Y,4,0,1,2,A,-,21,22106,NA,N,C,C,A,A,H,-,A,D,0,NA,NA,NA,NA,Y,NA,A,08,0,0,1,0,0,0,0,0,0,-,-,34.01911163330078,-117.52423095703124,RIVERSIDE,JURUPA VALLEY,-117.52423095703124,34.01911163330078
9064829,2020,2020-09-23,3301,2020-01-26,1144,U483,102,7,5,4,3301,0,0,0,NA,0,002,8TH ST,RT 10,0,NA,Y,A,-,Y,RIV,8,10,-,-,12.733,R,4,W,Y,3,0,2,2,A,-,03,22350,NA,N,C,C,A,A,H,-,A,D,0,NA,NA,NA,NA,Y,NA,A,01,0,2,0,0,0,0,0,0,0,-,-,33.92451858520508,-116.88397979736328,RIVERSIDE,BANNING,-116.88765716552734,33.924381256103516
9064845,2020,2020-05-20,3301,2020-01-17,1742,U748,44,5,5,4,3301,0,0,0,NA,0,003,TURNBERRY AV,INDIAN CANYON,33,E,N,A,-,N,NA,NA,NA,NA,NA,NA,NA,NA,NA,N,3,0,1,2,A,-,05,21650,NA,N,C,C,A,A,H,-,C,D,0,NA,NA,NA,NA,Y,NA,A,01,0,1,0,0,0,0,0,0,0,-,-,33.91083908081055,-116.94336700439452,RIVERSIDE,BANNING,-116.9434814453125,33.91058349609375
90649395,2018,2018-01-26,9840,2018-01-19,0917,018281,NA,5,1,7,3313,0,1,3,NA,2,020,SR-91 W/B,BUCHANAN ST,500,E,N,A,-,Y,NA,NA,91,NA,NA,NA,NA,NA,W,N,4,0,1,2,A,-,03,22350,NA,N,C,C,A,A,H,-,A,D,0,NA,NA,NA,NA,Y,NA,A,01,0,0,1,0,0,0,0,0,0,-,-,33.894981384277344,-117.49984741210938,RIVERSIDE,RIVERSIDE,-117.49983215332033,33.89494323730469
90650911,2018,2018-01-30,9840,2018-01-20,0825,019242,NA,6,1,9,3300,0,3,5,NA,2,004,HARVILL AVENUE,RIDER STREET,270,N,N,B,-,N,NA,NA,NA,NA,NA,NA,NA,NA,NA,Y,2,0,2,3,A,-,03,22350,NA,N,C,E,E,A,H,-,A,D,0,Y,NA,NA,NA,Y,NA,A,01,1,1,0,0,1,0,0,0,0,-,-,33.83140182495117,-117.24909973144533,RIVERSIDE,UNINCORPORATED,-117.24907684326172,33.8310546875
90651384,2018,2018-01-30,9685,2018-01-22,1445,015360,NA,1,2,5,3335,0,1,1,NA,2,030,I-15 SOUTHBOUND,OVERLAND DR.,1056,N,N,A,-,Y,NA,NA,NA,NA,NA,NA,NA,NA,NA,Y,3,0,2,2,A,-,03,22350,NA,N,C,C,A,A,H,-,A,D,0,NA,NA,NA,NA,Y,NA,A,01,0,2,0,0,0,0,0,0,0,-,-,33.44253158569336,-117.5664520263672,RIVERSIDE,TEMECULA,-117.16165924072266,33.52018737792969
90651456,2018,2018-01-30,9840,2018-01-18,1415,014868,NA,4,2,7,3313,0,1,3,NA,2,025,SR-60 E/B,DAY ST.,1584,W,N,A,-,Y,NA,NA,60,NA,NA,NA,NA,NA,E,N,4,0,1,2,A,-,03,22350,NA,N,C,C,A,A,H,-,A,D,0,NA,NA,NA,NA,Y,NA,A,01,0,0,1,0,0,0,0,0,0,-,-,33.94232940673828,-117.27803802490234,RIVERSIDE,RIVERSIDE,-117.2780303955078,33.9423713684082
90653636,2018,2018-06-13,9840,2018-01-26,0914,018281,NA,5,1,9,3300,0,3,5,NA,2,002,PROSPECT AVE (500 BLOCK),SPRING ST,225,S,N,A,-,N,NA,NA,NA,NA,NA,NA,NA,NA,NA,N,3,0,1,2,A,-,09,21804,A,N,H,C,A,A,H,-,A,D,0,NA,NA,NA,NA,Y,NA,A,07,0,1,0,0,0,0,0,0,0,-,-,34.01142120361328,-117.33226013183594,RIVERSIDE,UNINCORPORATED,-117.33222198486328,34.01139450073242
90654383,2018,2018-02-05,9840,2018-01-23,1400,019219,NA,2,2,7,3313,0,1,3,NA,2,020,SR-91 WESTBOUND,LA SIERRA AVENUE,528,E,N,A,-,Y,NA,NA,91,NA,NA,NA,NA,NA,W,N,4,0,2,3,A,-,03,22350,NA,N,C,C,A,A,H,-,A,D,0,NA,NA,NA,NA,Y,NA,D,22,0,0,2,0,0,0,0,0,0,-,-,33.90140914916992,-117.46798706054688,RIVERSIDE,RIVERSIDE,-117.46800994873048,33.901485443115234
90654561,2018,2018-06-11,9840,2018-01-22,0855,017903,NA,1,1,7,3313,0,1,1,NA,2,023,I-215 S/B TO UNIVERSITY AVENUE,UNIVERSITY AVE,150,N,N,B,-,Y,NA,NA,215,NA,NA,NA,R,NA,S,Y,4,0,1,2,A,-,03,22350,NA,N,C,C,A,A,H,-,A,D,0,NA,NA,NA,NA,Y,NA,D,22,0,0,1,0,0,0,0,0,0,-,-,33.976951599121094,-117.33717346191406,RIVERSIDE,RIVERSIDE,-117.33717346191406,33.976951599121094
90655004,2018,2018-02-05,9840,2018-01-25,1820,018892,NA,4,2,7,3313,0,1,1,NA,2,023,I-215 S/B,CENTRAL AVE,528,N,N,A,-,Y,NA,NA,215,NA,NA,NA,NA,NA,S,N,4,0,2,2,A,-,08,22107,NA,N,C,C,A,A,H,-,D,D,0,NA,NA,NA,NA,Y,NA,A,07,0,0,2,0,0,0,0,0,0,-,-,33.960750579833984,-117.31490325927734,RIVERSIDE,RIVERSIDE,-117.3148956298828,33.960693359375
9065573,2020,2020-12-01,3313,2020-03-10,1931,1736,1,2,5,7,3313,0,0,0,NA,0,T49,CENTRAL AV,RT 91,0,NA,Y,B,-,Y,RIV,8,10,-,-,18.598,R,4,W,N,4,0,1,2,A,-,12,21453,A,N,H,G,A,B,H,-,C,A,0,NA,Y,NA,NA,Y,NA,L,04,0,0,1,0,0,0,1,0,0,-,WF,NA,NA,RIVERSIDE,RIVERSIDE,-116.79222106933594,33.91890335083008
9065578,2020,2020-10-20,3300,2020-03-15,1632,N6519,602C4,7,5,6,3394,0,0,0,NA,0,MV24,CASPIAN WY,GERBERA ST,23,E,N,A,-,N,NA,NA,NA,NA,NA,NA,NA,NA,NA,N,4,0,1,1,C,-,18,NA,NA,N,E,I,A,A,H,-,A,D,0,NA,NA,NA,NA,Y,Y,-,-,0,0,1,0,0,0,0,0,0,-,-,33.918758392333984,-117.25357055664063,RIVERSIDE,MORENO VALLEY,NA,NA
90658440,2017,2018-02-09,9685,2017-12-03,1740,016502,NA,7,2,9,3300,0,1,3,NA,1,031,STATE ROUTE 79 NORTHBOUND,SCOTT ROAD,0,NA,Y,A,-,Y,NA,NA,NA,NA,NA,NA,NA,NA,NA,Y,1,1,1,2,A,-,01,23152,F,N,D,C,A,A,H,-,C,A,0,NA,NA,Y,NA,Y,NA,C,02,0,1,0,0,0,0,0,1,0,-,-,33.3824,-117.0505,RIVERSIDE,UNINCORPORATED,NA,NA
9065855,2020,2020-11-17,3313,2020-05-04,1610,1202,5,1,5,7,3313,0,0,0,NA,0,M3F,MAGNOLIA AV,GOLDEN AV N,0,NA,Y,A,-,N,NA,NA,NA,NA,NA,NA,NA,NA,NA,Y,4,0,2,2,A,-,01,23152,F,M,D,C,A,A,H,-,A,A,0,NA,NA,NA,NA,Y,NA,A,01,0,0,2,0,0,0,0,0,0,-,-,33.900489807128906,-117.48171997070313,RIVERSIDE,RIVERSIDE,-117.48101806640624,33.90087890625
90658605,2018,2018-02-09,9655,2018-02-04,1400,015940,NA,7,2,9,3300,0,1,3,NA,1,110,SR-243,WESLEY STREET,26400,S,N,A,-,Y,NA,NA,243,NA,NA,NA,NA,NA,NA,Y,3,0,1,1,C,-,18,NA,NA,N,E,J,A,A,H,-,A,D,0,NA,NA,Y,NA,Y,NA,-,-,0,1,0,0,0,0,0,0,1,-,-,33.8879508972168,-116.85468292236328,RIVERSIDE,UNINCORPORATED,-116.85469818115234,33.88800811767578
90659240,2018,2018-03-12,9655,2018-02-04,2300,021008,NA,7,3,9,3300,0,1,3,NA,2,315,DOMENIGONI PARKWAY,STATE ROUTE 79,0,NA,Y,A,-,Y,NA,NA,NA,NA,NA,NA,NA,NA,NA,Y,4,0,1,2,A,-,01,23152,A,N,D,C,A,A,H,-,C,A,0,NA,NA,NA,NA,Y,Y,A,08,0,0,1,0,0,0,0,0,0,-,-,33.696109771728516,-117.08480072021484,RIVERSIDE,UNINCORPORATED,-117.0848388671875,33.69626998901367
90660374,2018,2018-02-13,9840,2018-02-09,0753,017765,NA,5,1,7,3313,0,1,3,NA,2,020,SR-91 E/B,ADAMS ST,1150,W,N,A,-,Y,NA,NA,91,NA,NA,NA,NA,NA,E,Y,4,0,1,2,A,-,03,22350,NA,N,C,C,A,A,H,-,A,D,0,NA,NA,NA,NA,Y,NA,A,07,0,0,1,0,0,0,0,0,0,-,-,33.92464065551758,-117.42408752441406,RIVERSIDE,RIVERSIDE,-117.42417907714844,33.92479705810547
90660899,2018,2018-02-14,9840,2018-02-07,0838,017903,NA,3,1,6,3394,0,1,3,NA,2,025,SR-60 W/B,HEACOCK ST,500,W,N,A,-,Y,NA,NA,60,NA,NA,NA,NA,NA,W,Y,4,0,1,3,A,-,03,22350,NA,N,C,C,A,A,H,-,A,D,0,NA,NA,NA,NA,Y,NA,D,22,0,0,1,0,0,0,0,0,0,-,-,33.94112014770508,-117.24462890625,RIVERSIDE,MORENO VALLEY,-117.24462890625,33.941162109375
90661176,2018,2018-02-14,9840,2018-02-03,1348,019242,NA,6,1,9,3300,0,3,5,NA,2,004,WASHINGTON STREET,VAN BUREN BLVD,630,N,N,A,-,N,NA,NA,NA,NA,NA,NA,NA,NA,NA,Y,3,0,4,2,A,-,01,23152,A,N,A,C,A,A,H,-,A,D,0,NA,NA,NA,NA,Y,Y,A,01,0,1,3,0,0,0,0,0,0,-,-,33.88370132446289,-117.36599731445313,RIVERSIDE,UNINCORPORATED,-117.36614227294922,33.88409423828125
90661516,2018,2018-02-14,9840,2018-02-13,0915,015705,NA,2,1,6,3345,0,1,3,NA,2,010,SR-60 W/B,LA RUE ST,528,W,N,A,-,Y,NA,NA,60,NA,NA,NA,NA,NA,W,N,4,0,1,2,A,-,03,22350,NA,N,C,C,A,A,H,-,A,D,0,NA,NA,NA,NA,Y,NA,A,01,0,0,1,0,0,0,0,0,0,-,-,34.006038665771484,-117.41497802734376,RIVERSIDE,JURUPA VALLEY,-117.41497802734376,34.006038665771484
9066347,2020,2020-08-13,3300,2020-04-21,2019,5632,507B,2,5,5,3341,0,0,0,NA,0,057,ANTELOPE RD,NEWPORT RD,0,NA,Y,-,-,N,NA,NA,NA,NA,NA,NA,NA,NA,NA,Y,4,0,2,2,A,-,09,21453,C,N,D,C,A,A,H,-,C,A,0,NA,NA,NA,NA,Y,NA,A,01,0,0,2,0,0,0,0,0,0,-,-,33.68516159057617,-117.1672134399414,RIVERSIDE,MENIFEE,-117.16722869873048,33.685089111328125
90663971,2018,2018-02-19,9840,2018-02-08,1830,020305,NA,4,2,7,3313,0,1,3,NA,2,021,SR-91 E/B,VAN BUREN BLVD,1500,W,N,A,-,Y,NA,NA,91,NA,NA,NA,NA,NA,E,N,4,0,1,2,A,-,08,22107,NA,N,B,C,A,A,H,-,C,D,0,NA,NA,NA,NA,Y,NA,-,-,0,0,1,0,0,0,0,0,0,-,-,33.9116096496582,-117.44735717773438,RIVERSIDE,RIVERSIDE,-117.44736480712892,33.911624908447266
90666946,2018,2018-02-22,9685,2018-02-11,1730,017285,NA,7,2,5,3335,0,1,1,NA,2,030,I-15 S/B,OVERLAND DRIVE,1500,S,N,A,-,Y,NA,NA,15,NA,NA,NA,NA,NA,S,Y,4,0,2,2,A,-,03,22350,NA,N,C,C,A,A,H,-,A,D,0,NA,NA,NA,NA,Y,NA,A,01,0,0,2,0,0,0,0,0,0,-,-,33.512550354003906,-117.15689849853516,RIVERSIDE,TEMECULA,-117.15694427490234,33.51253128051758
90668602,2018,2018-02-23,9840,2018-02-17,1147,020945,NA,6,1,9,3300,0,3,5,NA,2,003,ONTARIO AVE.,RUDELL RD.,0,NA,Y,A,-,N,NA,NA,NA,NA,NA,NA,NA,NA,NA,N,4,0,1,2,A,-,09,21801,A,N,D,C,A,A,H,-,A,D,0,NA,NA,NA,NA,Y,NA,A,01,0,0,1,0,0,0,0,0,0,-,-,33.83641815185547,-117.52371978759766,RIVERSIDE,UNINCORPORATED,-117.52368927001952,33.836490631103516
90670069,2018,2018-02-26,9630,2018-02-09,0900,021882,NA,5,1,9,3300,0,1,3,NA,2,111,SR-111,68TH AVE,150,S,N,A,-,Y,NA,NA,111,NA,NA,NA,NA,NA,NA,Y,4,0,9,4,A,-,03,22350,NA,N,C,C,A,A,H,-,A,D,0,NA,NA,NA,Y,Y,NA,G,25,0,0,9,0,0,0,0,0,0,-,-,33.47304916381836,-115.8849868774414,RIVERSIDE,UNINCORPORATED,-115.8849868774414,33.473052978515625
9067082,2020,2020-03-18,3313,2020-01-03,1151,1686,2,5,5,7,3313,0,0,0,NA,0,T58,IOWA AV,MARTIN LUTHER KING BL,14,N,N,A,-,N,NA,NA,NA,NA,NA,NA,NA,NA,NA,N,4,0,2,2,A,-,03,22350,NA,N,C,C,A,A,H,-,A,A,0,NA,NA,NA,NA,Y,NA,D,22,0,0,2,0,0,0,0,0,0,-,-,33.96797180175781,-117.3398666381836,RIVERSIDE,RIVERSIDE,-117.33992004394533,33.96833801269531
90670919,2018,2018-02-27,9840,2018-02-19,1440,019242,NA,1,2,9,3300,0,1,3,NA,1,038,SR-71 S/B,SR-91,2640,N,N,B,-,Y,NA,NA,71,NA,NA,NA,NA,NA,S,Y,4,0,1,2,A,-,08,22107,NA,N,B,C,A,A,H,-,A,D,0,NA,NA,NA,NA,Y,NA,A,01,0,0,1,0,0,0,0,0,0,-,-,33.89500045776367,-117.64679718017578,RIVERSIDE,UNINCORPORATED,-117.6467514038086,33.894996643066406
90672023,2018,2018-02-28,9685,2018-02-17,1130,013925,NA,6,1,4,3342,0,1,1,NA,2,034,INTERSTATE 215 SOUTHBOUND,LOS ALAMOS ROAD,1800,N,N,A,-,Y,NA,NA,215,NA,NA,NA,NA,NA,S,Y,3,0,2,4,A,-,03,22350,NA,N,C,C,A,A,H,-,A,D,0,NA,NA,NA,NA,Y,NA,A,07,0,1,1,0,0,0,0,0,0,-,-,33.58380889892578,-117.18097686767578,RIVERSIDE,MURRIETA,-117.18104553222656,33.58380889892578