CASE_ID,ACCIDENT_YEAR,PROC_DATE,JURIS,COLLISION_DATE,COLLISION_TIME,OFFICER_ID,REPORTING_DISTRICT,DAY_OF_WEEK,CHP_SHIFT,POPULATION,CNTY_CITY_LOC,SPECIAL_COND,BEAT_TYPE,CHP_BEAT_TYPE,CITY_DIVISION_LAPD,CHP_BEAT_CLASS,BEAT_NUMBER,PRIMARY_RD,SECONDARY_RD,DISTANCE,DIRECTION,INTERSECTION,WEATHER_1,WEATHER_2,STATE_HWY_IND,CALTRANS_COUNTY,CALTRANS_DISTRICT,STATE_ROUTE,ROUTE_SUFFIX,POSTMILE_PREFIX,POSTMILE,LOCATION_TYPE,RAMP_INTERSECTION,SIDE_OF_HWY,TOW_AWAY,COLLISION_SEVERITY,NUMBER_KILLED,NUMBER_INJURED,PARTY_COUNT,PRIMARY_COLL_FACTOR,PCF_CODE_OF_VIOL,PCF_VIOL_CATEGORY,PCF_VIOLATION,PCF_VIOL_SUBSECTION,HIT_AND_RUN,TYPE_OF_COLLISION,MVIW,PED_ACTION,ROAD_SURFACE,ROAD_COND_1,ROAD_COND_2,LIGHTING,CONTROL_DEVICE,CHP_ROAD_TYPE,PEDESTRIAN_ACCIDENT,BICYCLE_ACCIDENT,MOTORCYCLE_ACCIDENT,TRUCK_ACCIDENT,NOT_PRIVATE_PROPERTY,ALCOHOL_INVOLVED,STWD_VEHTYPE_AT_FAULT,CHP_VEHTYPE_AT_FAULT,COUNT_SEVERE_INJ,COUNT_VISIBLE_INJ,COUNT_COMPLAINT_PAIN,COUNT_PED_KILLED,COUNT_PED_INJURED,COUNT_BICYCLIST_KILLED,COUNT_BICYCLIST_INJURED,COUNT_MC_KILLED,COUNT_MC_INJURED,PRIMARY_RAMP,SECONDARY_RAMP,LATITUDE,LONGITUDE,COUNTY,CITY,POINT_X,POINT_Y
90765820,2018,2019-03-11,9840,2018-06-19,0704,021096,NA,2,1,7,3313,0,1,3,NA,2,021,SR-91 E/B,MISSION INN AVE,134,E,N,A,-,Y,NA,NA,91,NA,NA,NA,NA,NA,E,Y,3,0,1,3,A,-,08,22107,NA,N,B,C,A,A,H,-,A,D,0,NA,NA,NA,Y,Y,NA,A,01,0,1,0,0,0,0,0,0,0,-,-,33.9810905456543,-117.36856842041016,RIVERSIDE,RIVERSIDE,-117.36857604980467,33.98109817504883
90765915,2018,2018-07-10,9840,2018-07-09,2253,020360,NA,1,3,6,3345,0,1,3,NA,2,010,SR-60 W/B,PEDLEY RD,1500,E,N,A,-,Y,NA,NA,60,NA,NA,NA,NA,NA,W,Y,3,0,2,1,A,-,08,22107,NA,N,F,A,A,A,H,-,C,D,0,NA,NA,NA,NA,Y,NA,A,01,0,2,0,0,0,0,0,0,0,-,-,34.01856994628906,-117.47543334960938,RIVERSIDE,JURUPA VALLEY,-117.47544097900392,34.018531799316406
90766209,2018,2018-07-10,9630,2018-07-03,0925,018451,NA,2,1,9,3300,0,1,1,NA,2,302,I-10 E/B,HAYFIELD RD.,5280,W,N,A,-,Y,NA,NA,10,NA,NA,NA,NA,NA,E,Y,3,0,1,1,A,-,08,22107,NA,N,E,I,A,A,H,-,A,D,0,NA,NA,NA,NA,Y,NA,D,22,0,1,0,0,0,0,0,0,0,-,-,33.66672134399414,-115.67112731933594,RIVERSIDE,UNINCORPORATED,-115.67113494873048,33.66679763793945
9076996,2020,2020-07-13,3300,2020-03-23,1150,N7110,916B,1,5,4,3312,0,0,0,NA,0,916B,SAN JACINTO AV,REDLANDS AV,0,NA,Y,B,-,N,NA,NA,NA,NA,NA,NA,NA,NA,NA,N,4,0,1,2,A,-,03,22350,NA,N,C,C,A,B,H,-,A,A,0,NA,NA,NA,NA,Y,NA,A,01,0,0,1,0,0,0,0,0,0,-,-,33.78656005859375,-117.21549987792967,RIVERSIDE,PERRIS,-117.21533203125,33.78662109375
90771095,2018,2018-07-17,9840,2018-07-01,2037,019576,NA,7,2,9,3300,0,3,5,NA,2,004,WOOD RD,MARIPOSA AVE,0,NA,Y,A,-,N,NA,NA,NA,NA,NA,NA,NA,NA,NA,Y,4,0,1,2,A,-,12,22450,A,N,D,C,A,A,H,-,B,A,0,NA,NA,NA,NA,Y,NA,A,01,0,0,1,0,0,0,0,0,0,-,-,33.872718811035156,-117.33135223388672,RIVERSIDE,UNINCORPORATED,-117.33135223388672,33.872718811035156
90771846,2018,2018-07-18,9840,2018-07-16,0650,020305,NA,1,1,7,3313,0,1,3,NA,2,021,SR-91 E/B TO 14TH,4TH,300,W,N,A,-,Y,NA,NA,91,NA,NA,NA,R,NA,E,Y,4,0,2,3,A,-,03,22350,NA,N,C,C,A,A,H,-,A,D,0,NA,NA,NA,NA,Y,NA,A,01,0,0,2,0,0,0,0,0,0,-,-,33.97208023071289,-117.37378692626952,RIVERSIDE,RIVERSIDE,-117.37378692626952,33.97208023071289
90772869,2018,2018-07-19,9685,2018-07-10,0830,016838,NA,2,1,4,3342,0,1,1,NA,2,034,I-215 S/B,LOS ALAMOS ROAD,300,N,N,B,-,Y,NA,NA,215,NA,NA,NA,NA,NA,S,Y,4,0,3,2,A,-,03,22350,NA,N,C,C,A,A,H,-,A,D,0,NA,NA,NA,NA,Y,NA,A,01,0,0,3,0,0,0,0,0,0,-,-,33.5737190246582,-117.1808624267578,RIVERSIDE,MURRIETA,-117.18100738525392,33.5737190246582
90773047,2018,2018-07-19,9840,2018-07-17,1115,020305,NA,2,1,7,3313,0,1,1,NA,2,022,I-215 S/B,COLUMBIA AVE,900,N,N,A,-,Y,NA,NA,215,NA,NA,NA,NA,NA,S,N,4,0,1,2,A,-,03,22350,NA,N,C,C,A,A,H,-,A,D,0,NA,NA,NA,NA,Y,NA,A,01,0,0,1,0,0,0,0,0,0,-,-,34.00563049316406,-117.34912872314452,RIVERSIDE,RIVERSIDE,-117.34921264648438,34.00568389892578
90773374,2018,2018-07-20,9655,2018-07-15,1853,020054,NA,7,2,9,3300,0,1,3,NA,1,314,FLORIDA AVE,MERIDIAN ST,0,NA,Y,A,-,Y,NA,NA,NA,NA,NA,NA,NA,NA,NA,Y,4,0,1,3,A,-,12,21453,A,N,D,C,A,A,H,-,A,A,0,NA,NA,NA,NA,Y,Y,A,01,0,0,1,0,0,0,0,0,0,-,-,33.77412033081055,-116.92819213867188,RIVERSIDE,UNINCORPORATED,-116.9281768798828,33.74774169921875
90774091,2018,2018-07-23,9630,2018-07-13,1245,021921,NA,5,1,9,3300,0,1,1,NA,2,021,I-10 E/B,MONROE ST,528,E,N,A,-,Y,NA,NA,NA,NA,NA,NA,NA,NA,NA,N,4,0,1,2,A,-,07,21658,A,N,B,C,A,A,H,-,A,D,0,NA,NA,NA,NA,Y,NA,A,07,0,0,1,0,0,0,0,0,0,-,-,33.73923110961914,-116.22969818115234,RIVERSIDE,UNINCORPORATED,-116.23214721679688,33.73923110961914
90774530,2018,2018-07-23,9685,2018-07-10,0415,017304,NA,2,3,5,3341,0,1,1,NA,2,020,I-215 NORTHBOUND,SCOTT ROAD,8448,N,N,C,-,Y,NA,NA,NA,NA,NA,NA,NA,NA,NA,Y,3,0,1,1,A,-,08,22107,NA,N,F,A,A,B,H,-,C,D,0,NA,NA,NA,NA,Y,NA,A,07,0,1,0,0,0,0,0,0,0,-,-,33.3956184387207,-117.10150146484376,RIVERSIDE,MENIFEE,-117.17086029052734,33.66468811035156
90775680,2018,2018-07-24,9840,2018-07-05,2025,021198,NA,4,2,7,3313,0,1,1,NA,2,023,I-215 N/B,UNIVERSITY AVE,460,S,N,A,-,Y,NA,NA,215,NA,NA,NA,NA,NA,N,Y,2,0,1,1,A,-,01,23152,A,N,E,I,A,A,H,-,D,D,0,NA,NA,NA,NA,Y,Y,A,07,1,0,0,0,0,0,0,0,0,-,-,33.97468185424805,-117.33399963378906,RIVERSIDE,RIVERSIDE,-117.33403778076172,33.974639892578125
90776407,2018,2018-07-25,9840,2018-07-14,0215,018849,NA,6,3,6,3345,0,1,3,NA,2,010,SR-60 E/B,WINEVILLE RD.,720,E,N,A,-,Y,NA,NA,60,NA,NA,NA,NA,NA,E,Y,2,0,2,1,A,-,01,23152,A,N,E,I,A,A,H,-,D,D,0,NA,NA,NA,NA,Y,Y,A,01,1,1,0,0,0,0,0,0,0,-,-,34.0181999206543,-117.53759765625,RIVERSIDE,JURUPA VALLEY,-117.53759765625,34.01823043823242
90776527,2018,2018-07-25,9630,2018-07-18,1227,015876,NA,3,1,9,3300,0,1,1,NA,2,301,I-10 W/B,FRONTAGE ROAD,15840,W,N,B,-,Y,NA,NA,10,NA,NA,NA,NA,NA,W,Y,2,0,2,2,A,-,03,22350,NA,N,C,C,A,A,H,-,A,D,0,NA,NA,NA,Y,Y,NA,D,22,1,1,0,0,0,0,0,0,0,-,-,33.678810119628906,-115.96491241455078,RIVERSIDE,UNINCORPORATED,-115.96491241455078,33.67877960205078
90777407,2018,2018-07-27,9840,2018-07-17,1447,018611,NA,2,2,6,3315,0,1,3,NA,2,030,SR-91 W/B,MAIN STREET,2000,E,N,A,-,Y,NA,NA,91,NA,NA,NA,NA,NA,W,Y,4,0,1,2,A,-,03,22350,NA,N,C,C,A,A,H,-,A,D,0,NA,NA,NA,NA,Y,NA,A,07,0,0,1,0,0,0,0,0,0,-,-,33.8796501159668,-117.55786895751952,RIVERSIDE,CORONA,-117.55786895751952,33.8794059753418
90779976,2018,2018-07-30,9630,2018-07-21,2126,021515,NA,6,2,4,3311,0,1,1,NA,2,010,I-10 W/B,N. INDIAN CANYON DR,2350,W,N,A,-,Y,NA,NA,10,NA,NA,NA,NA,NA,W,N,3,0,1,1,A,-,03,22350,NA,N,F,A,A,A,H,-,C,D,0,NA,NA,Y,NA,Y,NA,C,02,0,1,0,0,0,0,0,0,1,-,-,33.904911041259766,-116.55323791503906,RIVERSIDE,PALM SPRINGS,-116.55323791503906,33.9050178527832
9078051,2020,2021-08-02,3300,2020-02-24,1500,4516,85B1,1,5,3,3305,0,0,0,NA,0,Y85,RT 86,AVENUE 52,0,NA,Y,A,-,Y,RIV,8,86,-,R,19.102,I,5,S,Y,4,0,1,3,A,-,12,21453,A,N,D,C,A,A,H,-,A,A,0,NA,NA,NA,NA,Y,NA,-,NA,0,0,1,0,0,0,0,0,0,-,-,NA,NA,RIVERSIDE,COACHELLA,-116.14773559570313,33.67386245727539
90781379,2018,2018-07-31,9630,2018-07-24,1050,018451,NA,2,1,9,3300,0,1,1,NA,2,301,I-10 W/B,FRONTAGE RD. U/C,4224,E,N,A,-,Y,NA,NA,10,NA,NA,NA,NA,NA,W,Y,4,0,1,2,D,-,00,NA,NA,M,C,C,A,A,H,-,A,D,0,NA,NA,NA,Y,Y,NA,-,-,0,0,1,0,0,0,0,0,0,-,-,33.66804885864258,-115.9027099609375,RIVERSIDE,UNINCORPORATED,-115.90270233154295,33.66807556152344
90781493,2018,2018-07-31,9630,2018-07-25,1117,015876,NA,3,1,9,3300,0,2,S,NA,2,403,DILLON ROAD,DESERT ROCK ROAD,247,E,N,A,-,N,NA,NA,NA,NA,NA,NA,NA,NA,NA,Y,3,0,1,1,A,-,08,22107,NA,N,F,A,A,A,H,-,A,D,0,NA,NA,NA,NA,Y,NA,A,01,0,1,0,0,0,0,0,0,0,-,-,33.82558822631836,-116.2177963256836,RIVERSIDE,UNINCORPORATED,-116.21755981445313,33.82550048828125
90781626,2018,2018-08-01,9840,2018-07-21,1452,021298,NA,6,2,7,3313,0,1,3,NA,2,020,SR-91 W/B,JACKSON ST,545,W,N,A,-,Y,NA,NA,91,NA,NA,NA,NA,NA,W,Y,3,0,2,3,A,-,03,22350,NA,N,F,A,A,A,H,-,A,D,0,NA,NA,Y,NA,Y,NA,C,02,0,2,0,0,0,0,0,0,2,-,-,33.917999267578125,-117.43609619140624,RIVERSIDE,RIVERSIDE,-117.43621063232422,33.91819763183594
90781918,2018,2018-08-01,9840,2018-07-25,1455,019242,NA,3,2,7,3313,0,1,3,NA,2,021,SR-91 E/B,ARLINGTON AVE,800,W,N,A,-,Y,NA,NA,91,NA,NA,NA,NA,NA,E,Y,4,0,1,2,A,-,03,22350,NA,N,B,C,A,A,H,-,A,D,0,NA,NA,NA,NA,Y,NA,A,01,0,0,1,0,0,0,0,0,0,-,-,33.94279861450195,-117.39350128173828,RIVERSIDE,RIVERSIDE,-117.39349365234376,33.94279098510742
90782318,2018,2018-08-01,9840,2018-07-27,1714,020535,NA,5,2,6,3345,0,1,3,NA,2,010,SR-60 E/B,CAMINO REAL,100,E,N,A,-,Y,NA,NA,60,NA,NA,NA,NA,NA,E,Y,4,0,1,2,A,-,03,22350,NA,N,C,C,A,A,H,-,A,D,0,NA,NA,NA,NA,Y,NA,A,07,0,0,1,0,0,0,0,0,0,-,-,34.01409912109375,-117.4497528076172,RIVERSIDE,JURUPA VALLEY,-117.44976806640624,34.013999938964844
90782851,2018,2018-08-02,9685,2018-07-24,1820,016502,NA,2,2,9,3300,0,1,3,NA,1,039,SR-79,SAGE RD.,0,NA,Y,A,-,Y,NA,NA,79,NA,NA,NA,NA,NA,NA,Y,4,0,1,2,A,-,06,21755,NA,N,C,C,A,A,H,-,A,D,0,NA,NA,NA,NA,Y,NA,D,22,0,0,1,0,0,0,0,0,0,-,-,33.46369934082031,-116.91439819335938,RIVERSIDE,UNINCORPORATED,-116.91434478759766,33.463844299316406
90783636,2018,2018-08-03,9840,2018-07-25,2120,019242,NA,3,2,7,3313,0,1,1,NA,2,022,I-215 N/B,SPRUCE ST,260,E,N,A,-,Y,NA,NA,NA,NA,NA,NA,NA,NA,NA,Y,4,0,3,1,A,-,08,22107,NA,N,F,A,A,A,H,-,C,D,0,NA,NA,NA,NA,Y,NA,A,07,0,0,3,0,0,0,0,0,0,-,-,33.991600036621094,-117.35829925537108,RIVERSIDE,RIVERSIDE,-117.34998321533205,33.98979949951172
90783690,2018,2018-08-03,9840,2018-07-30,2332,020210,NA,1,3,7,3313,0,1,1,NA,2,024,I-215 N/B,EASTRIDGE AVE,2500,S,N,A,-,Y,NA,NA,215,NA,NA,NA,NA,NA,N,Y,3,0,1,2,A,-,08,22107,NA,N,C,C,A,A,H,-,D,D,0,NA,NA,NA,Y,Y,NA,A,07,0,1,0,0,0,0,0,0,0,-,-,33.92412185668945,-117.2884521484375,RIVERSIDE,RIVERSIDE,-117.28849029541016,33.92411804199219
90783989,2018,2018-08-03,9840,2018-07-29,2055,019576,NA,7,2,9,3300,0,3,5,NA,2,004,CITRUS HEIGHTS DR.,CONSTANCE AVE,10,N,N,A,-,N,NA,NA,NA,NA,NA,NA,NA,NA,NA,N,2,0,1,2,A,-,11,21954,A,N,G,B,E,A,H,-,D,D,0,Y,NA,NA,NA,Y,NA,N,60,1,0,0,0,1,0,0,0,0,-,-,33.885528564453125,-117.4310302734375,RIVERSIDE,UNINCORPORATED,-117.4310302734375,33.885528564453125
90784154,2018,2018-08-06,9840,2018-07-24,2027,017504,NA,2,2,9,3300,0,3,5,NA,2,004,NANDINA AVE,ALEXANDER ST.,39,E,N,A,-,N,NA,NA,NA,NA,NA,NA,NA,NA,NA,Y,4,0,1,2,A,-,09,21802,A,N,D,C,A,A,H,-,B,A,0,NA,NA,NA,NA,Y,NA,A,01,0,0,1,0,0,0,0,0,0,-,-,33.865848541259766,-117.30480194091795,RIVERSIDE,UNINCORPORATED,-117.3049545288086,33.865779876708984
90785368,2018,2018-08-07,9840,2018-07-30,1428,021198,NA,1,2,7,3313,0,1,1,NA,2,023,I-215 S/B,W LINDEN ST.,285,S,N,A,-,Y,NA,NA,215,NA,NA,NA,NA,NA,S,N,3,0,2,2,A,-,03,22350,NA,N,C,C,A,A,H,-,A,D,0,NA,NA,NA,NA,Y,NA,A,01,0,2,0,0,0,0,0,0,0,-,-,33.978641510009766,-117.33841705322266,RIVERSIDE,RIVERSIDE,-117.33846282958984,33.97859573364258
90785642,2018,2018-08-07,9630,2018-07-26,1918,019228,NA,4,2,9,3300,0,1,3,NA,1,074,SR-74,PALOWET DR,19536,W,N,B,-,Y,NA,NA,74,NA,NA,NA,NA,NA,NA,Y,2,0,2,2,A,-,05,21460,A,N,A,C,A,A,H,-,B,D,0,NA,NA,Y,NA,Y,NA,C,02,1,1,0,0,0,0,0,0,1,-,-,33.64973068237305,-116.39494323730467,RIVERSIDE,UNINCORPORATED,-116.39495086669922,33.64975357055664
90786318,2018,2018-08-08,9655,2018-07-24,2054,019796,NA,2,2,9,3300,0,3,5,NA,2,003,DOMENIGONI PARKWAY,PATTERSON AVENUE,1584,E,N,A,-,N,NA,NA,NA,NA,NA,NA,NA,NA,NA,Y,1,2,0,2,A,-,05,21650,NA,N,A,C,A,A,H,-,D,D,0,NA,NA,NA,NA,Y,NA,A,01,0,0,0,0,0,0,0,0,0,-,-,33.696441650390625,-117.06977081298828,RIVERSIDE,UNINCORPORATED,-117.07089996337892,33.696109771728516
90786320,2018,2018-08-08,9840,2018-08-02,1606,015663,NA,4,2,6,3315,0,1,1,NA,2,034,I-15 S/B,E. SIXTH ST.,300,S,N,A,-,Y,NA,NA,15,NA,NA,NA,NA,NA,S,Y,3,0,2,3,A,-,03,22350,NA,N,C,C,A,A,H,-,A,D,0,NA,NA,NA,NA,Y,NA,A,01,0,2,0,0,0,0,0,0,0,-,-,33.87535858154297,-117.54544067382813,RIVERSIDE,CORONA,-117.54570770263672,33.875308990478516
90788311,2018,2018-08-10,9630,2018-08-06,1742,020845,NA,1,2,9,3300,0,2,S,NA,2,404,COOK ST,W/B I10 TO COOK ST.,0,NA,Y,A,-,N,NA,NA,NA,NA,NA,NA,NA,NA,NA,Y,3,0,2,2,A,-,12,21453,A,N,D,C,A,A,H,-,A,A,0,NA,NA,NA,NA,Y,NA,-,-,0,1,1,0,0,0,0,0,0,-,-,33.78739929199219,-116.35395050048828,RIVERSIDE,UNINCORPORATED,-116.353978,33.787153000000004
90790360,2018,2018-08-14,9840,2018-08-13,0750,014868,NA,1,1,6,3345,0,1,3,NA,2,010,SR-60 E/B,RUBIDOUX BLVD,2640,E,N,A,-,Y,NA,NA,60,NA,NA,NA,NA,NA,E,Y,4,0,1,2,A,-,03,22350,NA,N,C,C,A,A,H,-,A,D,0,NA,NA,NA,Y,Y,NA,G,25,0,0,1,0,0,0,0,0,0,-,-,34.00489044189453,-117.38784790039063,RIVERSIDE,JURUPA VALLEY,-117.38784790039063,34.00489807128906
90791590,2018,2018-08-15,9655,2018-08-06,1516,019796,NA,1,2,9,3300,0,1,3,NA,1,314,SR-74 E/B,HEMET ST.,0,NA,Y,A,-,Y,NA,NA,74,NA,NA,NA,NA,NA,E,Y,4,0,3,3,C,-,18,NA,NA,N,D,C,A,A,H,-,A,A,0,NA,NA,NA,NA,Y,NA,-,-,0,0,3,0,0,0,0,0,0,-,-,33.74755096435547,-116.92389678955078,RIVERSIDE,UNINCORPORATED,-116.92389678955078,33.74775695800781
9079300,2020,2020-09-15,3311,2020-03-12,1300,15842,NA,4,5,4,3311,0,0,0,NA,0,006,RT 111,MESQUITE AV,1056,S,N,B,C,Y,RIV,8,111,-,T,48.73,H,-,S,Y,3,0,1,1,A,-,03,22350,NA,N,F,A,A,B,H,-,A,D,0,NA,NA,NA,NA,Y,NA,D,22,0,1,0,0,0,0,0,0,0,-,-,33.80086135864258,-116.49285125732422,RIVERSIDE,PALM SPRINGS,-116.4929428100586,33.806419372558594
90794666,2018,2018-08-21,9630,2018-08-10,1434,019843,NA,5,2,9,3300,0,1,1,NA,2,301,I-10 E/B,DILLON ROAD,21120,E,N,A,-,Y,NA,NA,NA,NA,NA,NA,NA,NA,NA,Y,3,0,1,2,C,-,18,NA,NA,N,C,C,A,A,H,-,A,D,0,NA,NA,NA,NA,Y,NA,-,-,0,1,0,0,0,0,0,0,0,-,-,33.69853973388672,-116.10633087158205,RIVERSIDE,UNINCORPORATED,-116.10684967041016,33.698665618896484
90796064,2018,2018-08-22,9655,2018-08-13,1845,015795,NA,1,2,9,3300,0,1,3,NA,1,312,SR-74 E/B,SR-79,200,W,N,A,-,Y,NA,NA,74,NA,NA,NA,NA,NA,E,N,4,0,1,2,A,-,03,22350,NA,N,C,C,A,A,H,-,A,D,0,NA,NA,NA,NA,Y,NA,A,01,0,0,1,0,0,0,0,0,0,-,-,33.739051818847656,-117.07771301269533,RIVERSIDE,UNINCORPORATED,-117.07770538330078,33.73902130126953
90796145,2018,2018-08-22,9630,2018-08-15,1000,016325,NA,3,1,3,3305,0,1,1,NA,2,301,I-10 E/B,ALL AMERICA CANAL,6864,E,N,A,-,Y,NA,NA,10,NA,NA,NA,NA,NA,E,Y,2,0,3,2,A,-,08,22107,NA,N,D,C,A,A,H,-,A,D,0,NA,NA,NA,NA,Y,NA,A,01,1,1,1,0,0,0,0,0,0,-,-,33.69981002807617,-116.08892059326172,RIVERSIDE,COACHELLA,-116.08887481689452,33.69944763183594
90797119,2018,2018-08-23,9655,2018-08-16,0703,018383,NA,4,1,9,3300,0,1,3,NA,2,212,SR-60 W/B,GILMAN SPRINGS RD,7920,E,N,A,-,Y,NA,NA,60,NA,NA,NA,NA,NA,W,Y,2,0,1,1,A,-,08,22107,NA,N,F,A,A,A,H,-,A,D,0,NA,NA,Y,NA,Y,NA,C,02,1,0,0,0,0,0,0,0,1,-,-,33.93695068359375,-117.10511016845705,RIVERSIDE,UNINCORPORATED,-117.1051025390625,33.93692398071289
90797393,2018,2018-08-24,9840,2018-08-16,1542,021194,NA,4,2,7,3313,0,1,3,NA,2,021,SR-91 W/B,CENTRAL AVENUE,1584,W,N,A,-,Y,NA,NA,91,NA,NA,NA,NA,NA,W,Y,4,0,1,3,A,-,03,22350,NA,N,C,C,A,A,H,-,A,D,0,NA,NA,NA,NA,Y,NA,A,01,0,0,1,0,0,0,0,0,0,-,-,33.949859619140625,-117.3859634399414,RIVERSIDE,RIVERSIDE,-117.3858642578125,33.9498291015625
90799604,2018,2018-08-28,9655,2018-08-09,2045,020695,NA,4,2,9,3300,0,1,1,NA,2,206,"I-10 E/B, WHITEWATER OFF-RAMP",TIPTON RD,1226,W,N,A,-,Y,NA,NA,NA,NA,NA,NA,NA,NA,NA,Y,3,0,1,1,A,-,08,22107,NA,N,F,I,A,A,H,-,C,D,0,NA,NA,NA,Y,Y,NA,G,25,0,1,0,0,0,0,0,0,0,-,-,33.92197036743164,-116.647216796875,RIVERSIDE,UNINCORPORATED,NA,NA
90800955,2018,2018-08-29,9685,2018-08-20,1500,016502,NA,1,2,5,3335,0,1,1,NA,2,030,I-15 NORTHBOUND,RANCHO CALIFORNIA RD.,1200,N,N,A,-,Y,NA,NA,15,NA,NA,NA,NA,NA,N,Y,4,0,1,4,A,-,03,22350,NA,N,C,C,A,A,H,-,A,D,0,NA,NA,NA,NA,Y,NA,A,01,0,0,1,0,0,0,0,0,0,-,-,33.50410079956055,-117.15270233154295,RIVERSIDE,TEMECULA,-117.15269470214844,33.50410461425781
90801555,2018,2018-08-30,9840,2018-08-15,2240,020455,NA,3,3,6,3315,0,1,3,NA,2,030,SR-91 E/B,GREEN RIVER RD,100,W,N,A,-,Y,NA,NA,91,NA,NA,NA,NA,NA,E,Y,3,0,2,3,C,-,18,NA,NA,N,H,A,A,A,H,-,C,D,0,NA,NA,NA,Y,Y,NA,-,-,0,2,0,0,0,0,0,0,0,-,-,33.87841033935547,-117.65812683105467,RIVERSIDE,CORONA,-117.65799713134766,33.87822341918945
90801915,2018,2018-08-30,9655,2018-08-19,0808,018587,NA,7,1,9,3300,0,3,5,NA,2,003,GILMAN SPRINGS RD,SR-79,2112,E,N,A,-,N,NA,NA,NA,NA,NA,NA,NA,NA,NA,Y,3,0,1,1,A,-,03,22350,NA,N,F,A,A,A,H,-,A,D,0,NA,NA,Y,NA,Y,NA,C,02,0,1,0,0,0,0,0,0,1,-,-,33.84334182739258,-116.99677276611328,RIVERSIDE,UNINCORPORATED,-116.99151611328124,33.83760452270508
9080428,2020,2020-06-25,3313,2020-03-20,1809,1831,3,5,5,7,3313,0,0,0,NA,0,T45,TRAUTWEIN RD,MISSION GROVE PKWY,50,N,N,A,-,N,NA,NA,NA,NA,NA,NA,NA,NA,NA,N,4,0,2,3,A,-,03,22350,NA,N,C,D,A,A,H,-,A,A,0,NA,NA,NA,Y,Y,NA,F,26,0,0,2,0,0,0,0,0,0,-,-,33.90631103515625,-117.32913970947266,RIVERSIDE,RIVERSIDE,-117.32857513427734,33.908111572265625
9080619,2020,2020-05-15,3309,2020-01-07,1859,180,3309,2,5,4,3309,0,0,0,NA,0,001,INDIO BL,ARABIA ST,0,NA,Y,A,-,N,NA,NA,NA,NA,NA,NA,NA,NA,NA,N,3,0,2,1,A,-,03,22350,NA,N,A,C,A,A,H,-,C,D,0,NA,NA,NA,NA,Y,Y,A,07,0,2,0,0,0,0,0,0,0,-,-,NA,NA,RIVERSIDE,INDIO,-116.2245635986328,33.724998474121094
90808623,2018,2018-09-10,9840,2018-08-30,0735,013500,NA,4,1,7,3313,0,1,3,NA,2,201,SR-91 E/B,VAN BUREN BLVD.,500,E,N,A,-,Y,NA,NA,91,NA,NA,NA,NA,NA,E,Y,3,0,1,2,A,-,07,21658,A,N,B,C,A,A,H,-,A,D,0,NA,NA,Y,NA,Y,NA,A,08,0,1,0,0,0,0,0,0,1,-,-,33.91593933105469,-117.43943786621094,RIVERSIDE,RIVERSIDE,-117.43952178955078,33.916080474853516
90808852,2018,2018-09-10,9685,2018-08-12,1940,016381,NA,7,2,9,3300,0,1,1,NA,2,020,W/B SR-74 TO S/B I-215,BONNIE DR,15,N,N,A,-,Y,NA,NA,NA,NA,NA,NA,NA,NA,NA,Y,4,0,1,3,C,-,18,NA,NA,N,B,C,A,A,H,-,D,D,0,NA,NA,NA,NA,Y,NA,-,-,0,0,1,0,0,0,0,0,0,-,-,33.75640106201172,-117.19059753417967,RIVERSIDE,UNINCORPORATED,NA,NA
90810134,2018,2018-09-11,9685,2018-09-02,1530,016113,NA,7,2,4,3342,0,1,1,NA,2,030,I-15 SOUTHBOUND,NUTMEG STREET O/C,400,N,N,A,-,Y,NA,NA,15,NA,NA,NA,NA,NA,S,N,2,0,1,1,C,-,18,NA,NA,N,H,A,A,A,H,-,A,D,0,NA,NA,Y,NA,Y,NA,-,-,1,0,0,0,0,0,0,0,1,-,-,33.578548431396484,-117.2245635986328,RIVERSIDE,MURRIETA,-117.22454833984376,33.57856750488281
90811732,2018,2018-09-12,9630,2018-09-06,1535,020845,NA,4,2,9,3300,0,2,S,NA,2,404,THOUSAND PALMS CANYON RD,RAMON RD,5280,N,N,A,-,N,NA,NA,NA,NA,NA,NA,NA,NA,NA,Y,4,0,1,3,A,-,08,22107,NA,N,B,C,A,A,H,-,A,D,0,NA,NA,NA,NA,Y,NA,A,01,0,0,1,0,0,0,0,0,0,-,-,33.84497833251953,-116.31040954589844,RIVERSIDE,UNINCORPORATED,NA,NA