CASE_ID,ACCIDENT_YEAR,PROC_DATE,JURIS,COLLISION_DATE,COLLISION_TIME,OFFICER_ID,REPORTING_DISTRICT,DAY_OF_WEEK,CHP_SHIFT,POPULATION,CNTY_CITY_LOC,SPECIAL_COND,BEAT_TYPE,CHP_BEAT_TYPE,CITY_DIVISION_LAPD,CHP_BEAT_CLASS,BEAT_NUMBER,PRIMARY_RD,SECONDARY_RD,DISTANCE,DIRECTION,INTERSECTION,WEATHER_1,WEATHER_2,STATE_HWY_IND,CALTRANS_COUNTY,CALTRANS_DISTRICT,STATE_ROUTE,ROUTE_SUFFIX,POSTMILE_PREFIX,POSTMILE,LOCATION_TYPE,RAMP_INTERSECTION,SIDE_OF_HWY,TOW_AWAY,COLLISION_SEVERITY,NUMBER_KILLED,NUMBER_INJURED,PARTY_COUNT,PRIMARY_COLL_FACTOR,PCF_CODE_OF_VIOL,PCF_VIOL_CATEGORY,PCF_VIOLATION,PCF_VIOL_SUBSECTION,HIT_AND_RUN,TYPE_OF_COLLISION,MVIW,PED_ACTION,ROAD_SURFACE,ROAD_COND_1,ROAD_COND_2,LIGHTING,CONTROL_DEVICE,CHP_ROAD_TYPE,PEDESTRIAN_ACCIDENT,BICYCLE_ACCIDENT,MOTORCYCLE_ACCIDENT,TRUCK_ACCIDENT,NOT_PRIVATE_PROPERTY,ALCOHOL_INVOLVED,STWD_VEHTYPE_AT_FAULT,CHP_VEHTYPE_AT_FAULT,COUNT_SEVERE_INJ,COUNT_VISIBLE_INJ,COUNT_COMPLAINT_PAIN,COUNT_PED_KILLED,COUNT_PED_INJURED,COUNT_BICYCLIST_KILLED,COUNT_BICYCLIST_INJURED,COUNT_MC_KILLED,COUNT_MC_INJURED,PRIMARY_RAMP,SECONDARY_RAMP,LATITUDE,LONGITUDE,COUNTY,CITY,POINT_X,POINT_Y
90858784,2018,2018-11-13,9840,2018-11-04,1741,021194,NA,7,2,9,3300,0,2,4,NA,2,043,ALEXANDER STREET,MOORE STREET,0,NA,Y,A,-,N,NA,NA,NA,NA,NA,NA,NA,NA,NA,Y,3,0,3,2,A,-,01,23152,A,N,D,C,A,A,H,-,D,A,0,NA,NA,NA,NA,Y,Y,A,01,0,2,1,0,0,0,0,0,0,-,-,33.83951187133789,-117.30512237548828,RIVERSIDE,UNINCORPORATED,-117.30507659912108,33.83945083618164
90859947,2018,2018-11-14,9840,2018-11-08,1509,019719,NA,4,2,6,3394,0,1,3,NA,2,025,SR-60 W/B,PIGEON PASS RD,2163,E,N,A,-,Y,NA,NA,60,NA,NA,NA,NA,NA,W,N,4,0,1,3,A,-,03,22350,NA,N,C,C,A,A,H,-,A,D,0,NA,NA,NA,NA,Y,NA,D,22,0,0,1,0,0,0,0,0,0,-,-,33.941009521484375,-117.2542724609375,RIVERSIDE,MORENO VALLEY,-117.2542724609375,33.941036224365234
90860615,2018,2018-11-15,9840,2018-11-13,0500,017162,NA,2,3,9,3300,0,1,3,NA,2,030,SR-91 W/B,SERFAS CLUB DR,1900,W,N,A,-,Y,NA,NA,91,NA,NA,NA,NA,NA,W,N,4,0,1,3,A,-,03,22350,NA,N,C,C,A,A,H,-,B,D,0,NA,NA,NA,NA,Y,NA,A,07,0,0,1,0,0,0,0,0,0,-,-,33.88426971435547,-117.63761901855467,RIVERSIDE,UNINCORPORATED,-117.63764190673828,33.884368896484375
90861385,2018,2018-12-06,9840,2018-11-09,1813,020945,NA,5,2,6,3315,0,1,3,NA,2,030,SR-91 E/B,LINCOLN AVE.,100,W,N,A,-,Y,NA,NA,91,NA,NA,NA,NA,NA,E,N,3,0,1,2,A,-,07,21658,A,N,C,C,A,A,H,-,C,D,0,NA,NA,Y,NA,Y,NA,A,01,0,1,0,0,0,0,0,0,1,-,-,33.88201904296875,-117.5839614868164,RIVERSIDE,CORONA,-117.58396911621094,33.88193893432617
90861479,2018,2018-11-16,9655,2018-11-09,0558,014602,NA,5,3,9,3300,0,1,1,NA,2,204,I-10 E/B,MAIN ST,2707,W,N,A,-,Y,NA,NA,10,NA,NA,NA,NA,NA,E,Y,4,0,1,2,A,-,08,22107,NA,N,B,C,A,A,H,-,A,D,0,NA,NA,NA,Y,Y,NA,A,01,0,0,1,0,0,0,0,0,0,-,-,33.91862106323242,-116.78605651855467,RIVERSIDE,UNINCORPORATED,-116.78605651855467,33.918643951416016
90861997,2018,2018-11-16,9840,2018-11-06,1924,021641,NA,2,2,9,3300,0,2,4,NA,2,039,MAGNOLIA AVE,GRANT ST,0,NA,Y,A,-,N,NA,NA,NA,NA,NA,NA,NA,NA,NA,N,4,0,1,2,A,-,12,21453,A,N,D,C,A,A,H,-,C,A,0,NA,NA,NA,NA,Y,NA,A,01,0,0,1,0,0,0,0,0,0,-,-,33.87800979614258,-117.52073669433594,RIVERSIDE,UNINCORPORATED,-117.52085113525392,33.87821960449219
90863256,2018,2018-11-19,9685,2018-11-04,1712,015050,NA,7,2,9,3300,0,3,5,NA,2,003,MURRIETA HOT SPRINGS RD.,WILLOWS AVE.,20,E,N,A,-,N,NA,NA,NA,NA,NA,NA,NA,NA,NA,Y,3,0,1,2,A,-,08,22107,NA,N,E,I,A,A,H,-,C,A,0,NA,NA,NA,NA,Y,Y,A,01,0,1,0,0,0,0,0,0,0,-,-,33.552330017089844,-117.12296295166016,RIVERSIDE,UNINCORPORATED,-117.12303924560548,33.552513122558594
90864567,2018,2018-11-21,9840,2018-11-08,0758,015789,NA,4,1,9,3300,0,3,5,NA,2,004,RANCHO VIEJO DR.,VIA RANCHO,130,N,N,A,-,N,NA,NA,NA,NA,NA,NA,NA,NA,NA,N,3,0,1,2,A,-,03,22350,NA,N,C,E,A,A,H,-,A,D,0,NA,NA,NA,Y,Y,NA,A,01,0,1,0,0,0,0,0,0,0,-,-,33.88948059082031,-117.38082885742188,RIVERSIDE,UNINCORPORATED,-117.3805694580078,33.88932800292969
90865334,2018,2018-11-21,9685,2018-11-12,2135,016724,NA,1,2,9,3300,0,1,3,NA,1,045,SR-371 EASTBOUND,WILSON VALLEY ROAD,1056,E,N,A,-,Y,NA,NA,371,NA,NA,NA,NA,NA,E,Y,4,0,1,1,A,-,08,22107,NA,N,E,J,A,A,H,-,D,D,0,NA,NA,NA,NA,Y,NA,D,22,0,0,1,0,0,0,0,0,0,-,-,33.48653030395508,-116.83097076416016,RIVERSIDE,UNINCORPORATED,-116.83102416992188,33.486602783203125
90866011,2018,2019-01-31,9840,2018-11-12,0500,019890,NA,1,3,9,3300,0,2,4,NA,2,045,CAJALCO RD,EXTRAVAGANZA LN,532,E,N,A,-,N,NA,NA,NA,NA,NA,NA,NA,NA,NA,Y,2,0,2,2,A,-,05,21460,A,N,A,C,A,A,H,-,D,D,0,NA,NA,NA,NA,Y,Y,A,01,1,1,0,0,0,0,0,0,0,-,-,33.836181640625,-117.34503173828124,RIVERSIDE,UNINCORPORATED,-117.34048461914063,33.83629608154297
90867124,2018,2018-11-26,9660,2018-11-18,0035,021657,NA,7,3,9,3300,0,1,1,NA,2,030,I-10 W/B,CORN SPRINGS RD,4224,W,N,A,-,Y,NA,NA,10,NA,NA,NA,NA,NA,W,Y,4,0,1,2,A,-,08,22107,NA,N,C,C,A,A,H,-,D,D,0,NA,NA,NA,Y,Y,NA,A,01,0,0,1,0,0,0,0,0,0,-,-,33.688560485839844,-115.2631378173828,RIVERSIDE,UNINCORPORATED,-115.26314544677734,33.688533782958984
90867807,2018,2018-11-27,9840,2018-11-16,1217,015705,NA,5,1,7,3313,0,1,3,NA,2,020,SR-91 W/B,LA SIERRA AVE.,2112,E,N,A,-,Y,NA,NA,91,NA,NA,NA,NA,NA,W,Y,3,0,2,3,A,-,03,22350,NA,N,C,C,A,A,H,-,A,D,0,NA,NA,NA,NA,Y,NA,A,07,0,2,0,0,0,0,0,0,0,-,-,33.90285873413086,-117.46385955810548,RIVERSIDE,RIVERSIDE,-117.46385955810548,33.902854919433594
90870280,2018,2018-11-29,9685,2018-11-18,0400,015800,NA,7,3,9,3300,0,1,1,NA,2,020,I-215 SOUTHBOUND,4TH STREET,4500,S,N,A,-,Y,NA,NA,NA,NA,NA,NA,NA,NA,NA,Y,2,0,1,3,A,-,01,23152,A,N,C,C,A,A,H,-,C,D,0,NA,NA,NA,NA,Y,Y,A,07,1,0,0,0,0,0,0,0,0,-,-,33.77682113647461,-117.20458984375,RIVERSIDE,UNINCORPORATED,NA,NA
9087111,2019,2020-07-08,3342,2019-12-25,1955,665,NA,3,5,4,3342,0,0,0,NA,0,002,CLINTON KEITH RD,MC ELWAIN RD,0,NA,Y,B,-,N,NA,NA,NA,NA,NA,NA,NA,NA,NA,N,4,0,1,2,D,-,00,NA,NA,N,D,C,A,A,H,-,C,A,0,NA,NA,NA,NA,Y,NA,-,-,0,0,1,0,0,0,0,0,0,-,-,33.598690032958984,-117.17783355712892,RIVERSIDE,MURRIETA,-117.17787170410156,33.59870910644531
90872577,2018,2018-11-30,9655,2018-11-23,0535,019267,NA,5,3,9,3300,0,1,3,NA,2,315,SR-79 S/B,GARBANI RD,528,N,N,E,-,Y,NA,NA,79,NA,NA,NA,NA,NA,S,Y,4,0,1,2,A,-,03,22350,NA,N,C,D,A,A,H,-,D,D,0,NA,NA,NA,NA,Y,NA,A,01,0,0,1,0,0,0,0,0,0,-,-,33.65904998779297,-117.0846710205078,RIVERSIDE,UNINCORPORATED,-117.08451080322266,33.659053802490234
90873464,2018,2018-12-03,9630,2018-11-27,1908,021570,NA,2,2,9,3300,0,2,S,NA,2,502,FILMORE ST,AIRPORT BLVD,680,S,N,A,-,N,NA,NA,NA,NA,NA,NA,NA,NA,NA,Y,3,0,2,1,A,-,12,22450,A,N,E,I,A,A,H,-,D,A,0,NA,NA,NA,NA,Y,NA,A,01,0,1,1,0,0,0,0,0,0,-,-,33.640098571777344,-116.12149810791016,RIVERSIDE,UNINCORPORATED,-116.12920379638672,33.640220642089844
90876423,2018,2018-12-05,9630,2018-11-26,1345,016635,NA,1,1,9,3300,0,1,3,NA,2,014,SR-111 N/B,OVERTURE DR,2112,S,N,A,-,Y,NA,NA,NA,NA,NA,NA,NA,NA,NA,Y,2,0,2,2,A,-,08,22107,NA,N,B,C,A,A,H,-,A,D,0,NA,NA,NA,NA,Y,NA,A,01,1,0,1,0,0,0,0,0,0,-,-,33.53377914428711,-116.35511016845705,RIVERSIDE,UNINCORPORATED,NA,NA
90876536,2018,2018-12-05,9655,2018-11-28,1645,018677,NA,3,2,9,3300,0,3,5,NA,2,002,MAIN STREET,MORONGO TRAIL,300,E,N,A,-,N,NA,NA,NA,NA,NA,NA,NA,NA,NA,Y,4,0,3,1,C,-,18,NA,NA,N,F,A,A,A,H,-,D,D,0,NA,NA,NA,NA,Y,NA,-,-,0,0,3,0,0,0,0,0,0,-,-,33.91926956176758,-116.80512237548828,RIVERSIDE,UNINCORPORATED,NA,NA
90879150,2018,2018-12-10,9840,2018-12-02,0105,016159,NA,7,3,9,3300,0,3,5,NA,2,002,RECHE CANYON RD,WOODSON RD.,1214,N,N,A,-,N,NA,NA,NA,NA,NA,NA,NA,NA,NA,Y,4,0,1,1,C,-,18,NA,NA,N,E,H,A,A,H,-,D,D,0,NA,NA,NA,NA,Y,NA,-,-,0,0,1,0,0,0,0,0,0,-,-,34.005130767822266,-117.24559783935548,RIVERSIDE,UNINCORPORATED,-117.24551391601563,34.00511932373047
90880351,2018,2018-12-11,9630,2018-12-05,1445,019860,NA,3,2,9,3300,0,2,S,NA,2,404,VARNER RD,RAMON RD,528,N,N,C,-,N,NA,NA,NA,NA,NA,NA,NA,NA,NA,N,4,0,1,2,A,-,09,21804,A,N,D,C,A,B,H,-,A,D,0,NA,NA,NA,NA,Y,NA,D,22,0,0,1,0,0,0,0,0,0,-,-,33.8177490234375,-116.40242004394533,RIVERSIDE,UNINCORPORATED,-116.40218353271484,33.81756591796875
90880512,2018,2018-12-11,9840,2018-12-03,0545,012208,NA,1,3,4,3344,0,1,1,NA,2,011,I-15 N/B {ONTARIO FREEWAY},RIVERSIDE DRIVE,153,S,N,B,-,Y,NA,NA,NA,NA,NA,NA,NA,NA,NA,Y,4,0,4,2,A,-,03,22350,NA,N,C,C,A,A,D,-,A,D,0,NA,NA,NA,NA,Y,NA,A,07,0,0,4,0,0,0,0,0,0,-,-,33.01823043823242,-117.54985809326172,RIVERSIDE,EASTVALE,NA,NA
90881864,2018,2018-12-13,9840,2018-11-25,0256,021218,NA,7,3,6,3315,0,1,3,NA,2,031,SR-91 W/B TO N/B I-15,PROMENADE AVE,3168,W,N,A,-,Y,NA,NA,91,NA,NA,NA,R,NA,W,Y,3,0,1,1,A,-,01,23152,A,N,F,A,A,A,H,-,D,D,0,NA,NA,NA,NA,Y,NA,A,07,0,1,0,0,0,0,0,0,0,-,-,33.88330078125,-117.54720306396484,RIVERSIDE,CORONA,-117.54720306396484,33.88330078125
90882321,2018,2018-12-13,9655,2018-12-09,2345,019267,NA,7,3,9,3300,0,3,5,NA,2,003,DOMENIGONI PKY,SR-79,20,W,N,A,-,N,NA,NA,NA,NA,NA,NA,NA,NA,NA,N,4,0,2,2,A,-,03,22350,NA,N,C,C,A,A,H,-,C,D,0,NA,NA,NA,NA,Y,NA,D,22,0,0,2,0,0,0,0,0,0,-,-,33.69612121582031,-117.08513641357422,RIVERSIDE,UNINCORPORATED,-117.08490753173828,33.69626998901367
90882326,2018,2018-12-13,9840,2018-12-05,0905,015705,NA,3,1,7,3313,0,1,3,NA,2,020,SR-91 W/B,LA SIERRA AVE,1584,E,N,C,-,Y,NA,NA,91,NA,NA,NA,NA,NA,W,N,4,0,1,2,A,-,03,22350,NA,N,C,C,A,B,H,-,A,D,0,NA,NA,NA,NA,Y,NA,A,07,0,0,1,0,0,0,0,0,0,-,-,33.90242004394531,-117.46502685546876,RIVERSIDE,RIVERSIDE,-117.46503448486328,33.90242385864258
90884533,2018,2018-12-17,9840,2018-12-07,0700,019219,NA,5,1,7,3313,0,1,1,NA,2,023,I-215 SOUTHBOUND,FAIR ISLE DRIVE,1000,S,N,A,-,Y,NA,NA,215,NA,NA,NA,NA,NA,S,N,4,0,1,2,A,-,03,22350,NA,N,C,C,A,A,H,-,A,D,0,NA,NA,NA,NA,Y,NA,A,01,0,0,1,0,0,0,0,0,0,-,-,33.9456787109375,-117.29708099365234,RIVERSIDE,RIVERSIDE,-117.2970733642578,33.9456901550293
9088477,2019,2020-05-13,3308,2019-12-16,1542,10764,285,1,5,5,3308,0,0,0,NA,0,NORTH,ESPLANADE AV,LYON AV,173,W,N,A,-,N,NA,NA,NA,NA,NA,NA,NA,NA,NA,Y,4,0,1,2,A,-,08,22107,NA,N,D,C,A,A,H,-,A,D,0,NA,NA,NA,NA,Y,NA,D,22,0,0,1,0,0,0,0,0,0,-,-,33.772918701171875,-116.98912811279295,RIVERSIDE,HEMET,-116.9898681640625,33.772850036621094
9088478,2019,2020-09-10,3308,2019-12-23,0915,10764,517,1,5,5,3308,0,0,0,NA,0,NORTH,SAN JACINTO ST,LATHAM AV,0,NA,Y,C,-,Y,RIV,8,79,-,-,25.76,H,-,N,N,4,0,1,2,A,-,03,22350,NA,N,C,C,A,B,H,-,A,A,0,NA,NA,NA,NA,Y,NA,D,22,0,0,1,0,0,0,0,0,0,-,-,33.74930953979492,-116.95879364013672,RIVERSIDE,HEMET,-116.95866394042967,33.74921798706055
90885866,2018,2019-04-10,9840,2018-12-08,2320,019501,NA,6,3,7,3313,0,1,3,NA,2,021,SR-91 E/B,14TH ST,1162,E,N,A,-,Y,NA,NA,91,NA,NA,NA,NA,NA,E,Y,4,0,2,1,A,-,08,22107,NA,N,E,I,A,A,H,-,D,D,0,NA,NA,NA,NA,Y,NA,A,01,0,0,2,0,0,0,0,0,0,-,-,33.97711944580078,-117.37136840820313,RIVERSIDE,RIVERSIDE,-117.37159729003906,33.97718048095703
90886181,2018,2018-12-19,9840,2018-12-10,0730,017459,NA,1,1,6,3315,0,1,3,NA,2,031,SR-91 W/B,I-15,850,W,N,B,-,Y,NA,NA,91,NA,NA,NA,NA,NA,W,Y,3,0,1,3,A,-,03,22350,NA,N,C,C,A,A,H,-,A,D,0,NA,NA,NA,Y,Y,NA,F,26,0,1,0,0,0,0,0,0,0,-,-,33.88100051879883,-117.54959869384766,RIVERSIDE,CORONA,-117.54966735839844,33.88124084472656
90886660,2018,2018-12-19,9630,2018-12-11,1419,021796,NA,2,2,9,3300,0,2,S,NA,2,503,66TH AVE,PIERCE ST,0,NA,Y,A,-,N,NA,NA,NA,NA,NA,NA,NA,NA,NA,Y,3,0,1,2,A,-,09,21802,A,N,D,C,A,A,H,-,A,A,0,NA,NA,NA,NA,Y,NA,A,01,0,1,0,0,0,0,0,0,0,-,-,33.569820404052734,-116.10746002197266,RIVERSIDE,UNINCORPORATED,-116.11254119873048,33.56930923461914
90887157,2018,2018-12-20,9685,2018-12-13,1600,013925,NA,4,2,5,3335,0,1,1,NA,2,030,INTERSTATE 15 NORTHBOUND,OVERLAND AVENUE,1100,S,N,A,-,Y,NA,NA,15,NA,NA,NA,NA,NA,N,Y,4,0,1,2,A,-,03,22350,NA,N,B,C,A,A,H,-,A,D,0,NA,NA,Y,NA,Y,NA,C,02,0,0,1,0,0,0,0,0,1,-,-,33.516048431396484,-117.15853118896484,RIVERSIDE,TEMECULA,-117.15848541259766,33.516082763671875
90887370,2018,2018-12-20,9840,2018-12-13,1740,019527,NA,4,2,7,3313,0,1,3,NA,2,020,SR-91 W/B,LA SIERRA AVE,375,E,N,A,-,Y,NA,NA,91,NA,NA,NA,NA,NA,W,Y,3,0,2,2,A,-,03,22350,NA,N,C,C,A,A,H,-,C,D,0,NA,NA,NA,NA,Y,NA,A,01,0,2,0,0,0,0,0,0,0,-,-,33.900630950927734,-117.47210693359376,RIVERSIDE,RIVERSIDE,-117.47209167480467,33.90056228637695
90887789,2018,2018-12-21,9685,2018-12-15,1544,017285,NA,6,2,9,3300,0,1,3,NA,1,031,SR-79 (WINCHESTER ROAD),BENTON ROAD,0,NA,Y,A,-,Y,NA,NA,79,NA,NA,NA,NA,NA,NA,Y,4,0,1,3,A,-,12,21453,A,N,D,C,A,A,H,-,A,A,0,NA,NA,NA,NA,Y,NA,A,01,0,0,1,0,0,0,0,0,0,-,-,33.592079162597656,-117.12496185302734,RIVERSIDE,UNINCORPORATED,-117.12499237060548,33.59212875366211
90888005,2018,2018-12-21,9840,2018-12-20,1750,020360,NA,4,2,9,3300,0,2,4,NA,2,045,CAJALCO RD,DECKER RD,0,NA,Y,A,-,N,NA,NA,NA,NA,NA,NA,NA,NA,NA,Y,3,0,1,1,A,-,03,22350,NA,N,F,A,A,A,H,-,D,D,0,NA,NA,Y,NA,Y,NA,C,02,0,1,0,0,0,0,0,0,1,-,-,33.83734130859375,-117.2681121826172,RIVERSIDE,UNINCORPORATED,-117.26815032958984,33.83736038208008
90890055,2018,2018-12-26,9655,2018-12-20,1350,015795,NA,4,1,9,3300,0,3,5,NA,2,003,GILMAN SPRINGS ROAD,BRIDGE STREET,5280,W,N,A,-,N,NA,NA,NA,NA,NA,NA,NA,NA,NA,Y,3,0,2,4,A,-,05,21460,A,F,A,C,A,A,H,-,A,D,0,NA,NA,NA,NA,Y,NA,A,01,0,2,0,0,0,0,0,0,0,-,-,33.88026809692383,-117.05742645263672,RIVERSIDE,UNINCORPORATED,-117.08250427246094,33.897003173828125
90890315,2018,2018-12-26,9840,2018-12-13,2019,021198,NA,4,2,9,3300,0,3,5,NA,2,004,JUNIPER FLATS RD,STAGECOACH ROAD,400,N,N,A,-,N,NA,NA,NA,NA,NA,NA,NA,NA,NA,Y,2,0,2,2,A,-,05,21460,A,N,A,C,A,A,H,-,D,D,0,NA,NA,NA,NA,Y,NA,J,48,2,0,0,0,0,0,0,0,0,-,-,33.80241012573242,-117.09088897705078,RIVERSIDE,UNINCORPORATED,-117.0908660888672,33.80242919921875
90891283,2018,2018-12-27,9840,2018-12-17,1746,015663,NA,1,2,7,3313,0,1,3,NA,2,021,SR-91 W/B,CENTRAL AVE.,800,W,N,A,-,Y,NA,NA,91,NA,NA,NA,NA,NA,W,Y,2,0,4,3,A,-,03,22350,NA,N,C,C,A,A,H,-,D,D,0,NA,NA,NA,NA,Y,NA,A,01,1,0,3,0,0,0,0,0,0,-,-,33.95145034790039,-117.38522338867188,RIVERSIDE,RIVERSIDE,-117.38526916503906,33.951473236083984
90891730,2018,2018-12-27,9840,2018-12-17,1810,021047,NA,1,2,9,3300,0,1,1,NA,2,034,I-15 S/B,EL CERRITO RD,250,S,N,A,-,Y,NA,NA,15,NA,NA,NA,NA,NA,S,N,4,0,1,2,A,-,03,22350,NA,N,C,C,A,A,D,-,D,D,0,NA,NA,NA,NA,Y,NA,A,07,0,0,1,0,0,0,0,0,0,-,-,33.83135986328125,-117.52960968017578,RIVERSIDE,UNINCORPORATED,-117.52951049804688,33.8314208984375
90891873,2018,2018-12-27,9840,2018-12-18,2053,015663,NA,2,2,6,3345,0,1,3,NA,2,010,SR-60 W/B,WINEVILLE AVE,1235,W,N,A,-,Y,NA,NA,60,NA,NA,NA,NA,NA,W,Y,2,0,1,2,A,-,08,22107,NA,N,C,C,A,A,H,-,C,D,0,NA,NA,NA,NA,Y,NA,A,01,1,0,0,0,0,0,0,0,0,-,-,34.02064895629883,-117.54592895507813,RIVERSIDE,JURUPA VALLEY,-117.54590606689452,34.0207405090332
90894192,2018,2018-12-31,9655,2018-12-19,0602,018383,NA,3,1,3,3302,0,1,1,NA,2,202,I-10 E/B,OAK VALLEY PKWY,1500,W,N,A,-,Y,NA,NA,10,NA,NA,NA,NA,NA,E,Y,4,0,3,2,A,-,03,22350,NA,N,C,C,A,A,H,-,C,D,0,NA,NA,NA,Y,Y,NA,A,01,0,0,3,0,0,0,0,0,0,-,-,33.947818756103516,-117.00601959228516,RIVERSIDE,BEAUMONT,-117.00603485107422,33.94779968261719
90894430,2018,2018-12-31,9840,2018-11-14,1020,017441,NA,3,1,7,3313,0,1,3,NA,2,020,SR-91 W/B,LA SIERRA AVE.,2290,E,N,A,-,Y,NA,NA,91,NA,NA,NA,NA,NA,W,Y,4,0,1,3,A,-,03,22350,NA,N,C,C,A,A,H,-,A,D,0,NA,NA,NA,NA,Y,NA,A,01,0,0,1,0,0,0,0,0,0,-,-,33.90205001831055,-117.4661102294922,RIVERSIDE,RIVERSIDE,-117.4661102294922,33.90205001831055
90895255,2018,2019-01-01,9840,2018-12-21,1915,019527,NA,5,2,9,3300,0,3,5,NA,2,003,VIA SANTIAGO,PASEO GRANDE,0,NA,Y,A,-,N,NA,NA,NA,NA,NA,NA,NA,NA,NA,Y,4,0,1,2,A,-,09,21800,A,N,D,C,A,A,H,-,C,A,0,NA,NA,NA,NA,Y,NA,D,22,0,0,1,0,0,0,0,0,0,-,-,33.87738037109375,-117.60179901123048,RIVERSIDE,UNINCORPORATED,-117.60172271728516,33.87736892700195
90895993,2018,2019-01-02,9685,2018-12-21,2130,016838,NA,5,2,4,3342,0,1,1,NA,2,030,I-15 SOUTHBOUND,CALIFORNIA OAKS ROAD,380,N,N,A,-,Y,NA,NA,NA,NA,NA,NA,NA,NA,NA,Y,3,0,2,1,A,-,01,23152,A,N,F,A,A,A,H,-,C,D,0,NA,NA,NA,NA,Y,Y,A,01,0,1,1,0,0,0,0,0,0,-,-,33.565330505371094,-117.21101379394533,RIVERSIDE,MURRIETA,-117.20810699462892,33.566104888916016
90896625,2018,2019-01-03,9685,2018-12-25,0807,015743,NA,2,1,9,3300,0,1,3,NA,1,026,SR-74,DOCKERY LANE,350,W,N,B,C,Y,NA,NA,74,NA,NA,NA,NA,NA,NA,Y,3,0,1,1,A,-,08,22107,NA,F,E,I,A,B,H,-,A,D,0,NA,NA,NA,NA,Y,Y,A,01,0,1,0,0,0,0,0,0,0,-,-,33.775489807128906,-117.24722290039063,RIVERSIDE,UNINCORPORATED,-117.24714660644533,33.77544403076172
90897338,2018,2019-01-03,9660,2018-12-24,2206,022114,NA,1,3,3,3303,0,1,3,NA,1,034,SR-78 E/B,LUDY BLVD.,1056,W,N,A,-,Y,NA,NA,NA,NA,NA,NA,NA,NA,NA,Y,3,0,1,1,A,-,03,22350,NA,N,F,A,A,A,H,-,C,A,0,NA,NA,NA,Y,Y,NA,G,25,0,1,0,0,0,0,0,0,0,-,-,33.4781494140625,-114.73033905029295,RIVERSIDE,BLYTHE,-114.7304916381836,33.478111267089844
90899214,2018,2019-01-07,9630,2018-12-29,1306,021063,NA,6,1,9,3300,0,2,S,NA,2,405,42ND AVE. W/B,LIME HALL ROAD,0,NA,Y,A,-,N,NA,NA,NA,NA,NA,NA,NA,NA,NA,Y,4,0,1,2,A,-,12,21453,A,N,D,C,A,A,H,-,A,A,0,NA,NA,NA,NA,Y,NA,A,07,0,0,1,0,0,0,0,0,0,-,-,33.74374008178711,-116.29502868652344,RIVERSIDE,UNINCORPORATED,-116.29501342773438,33.74372863769531
90899398,2019,2019-01-07,9840,2019-01-05,2325,018983,NA,6,3,6,3315,0,1,S,NA,2,300,SR-91 W/B,SMITH AVENUE,250,E,N,C,-,Y,NA,NA,91,NA,NA,NA,NA,NA,W,Y,3,0,1,1,A,-,03,22350,NA,N,E,I,A,B,H,-,C,D,0,NA,NA,NA,NA,Y,NA,A,01,0,1,0,0,0,0,0,0,0,-,-,33.88188934326172,-117.5931396484375,RIVERSIDE,CORONA,-117.59314727783205,33.881935119628906
9090005,2019,2020-05-14,3308,2019-11-19,1623,10219,546,2,5,5,3308,0,0,0,NA,0,SOUTH,STATE ST,JOHNSTON AV,112,S,N,A,-,N,NA,NA,NA,NA,NA,NA,NA,NA,NA,Y,4,0,1,2,A,-,03,22350,NA,N,C,C,A,A,H,-,A,A,0,NA,NA,NA,NA,Y,NA,A,01,0,0,1,0,0,0,0,0,0,-,-,33.7330207824707,-116.97158050537108,RIVERSIDE,HEMET,-116.97158050537108,33.73269271850586
90900749,2019,2019-01-09,9840,2019-01-04,0530,014868,NA,5,3,7,3313,0,1,3,NA,2,010,SR-60 W/B,MAIN ST,528,E,N,A,-,Y,NA,NA,60,NA,NA,NA,NA,NA,W,Y,2,0,1,1,C,-,18,NA,NA,N,H,J,A,A,H,-,D,D,0,NA,NA,NA,NA,Y,NA,-,-,1,0,0,0,0,0,0,0,0,-,-,33.9964485168457,-117.36470794677734,RIVERSIDE,RIVERSIDE,-117.36467742919922,33.99654006958008
90901154,2019,2019-01-09,9685,2019-01-01,0550,017285,NA,2,3,4,3307,0,1,1,NA,2,010,I-15 S/B,BUNDY CANYON ROAD,3000,N,N,A,-,Y,NA,NA,NA,NA,NA,NA,NA,NA,NA,Y,3,0,2,2,A,-,07,21658,A,N,B,C,A,A,H,-,D,D,0,NA,NA,NA,NA,Y,NA,A,01,0,1,1,0,0,0,0,0,0,-,-,33.64850997924805,-117.28822326660156,RIVERSIDE,LAKE ELSINORE,NA,NA