CASE_ID,ACCIDENT_YEAR,PROC_DATE,JURIS,COLLISION_DATE,COLLISION_TIME,OFFICER_ID,REPORTING_DISTRICT,DAY_OF_WEEK,CHP_SHIFT,POPULATION,CNTY_CITY_LOC,SPECIAL_COND,BEAT_TYPE,CHP_BEAT_TYPE,CITY_DIVISION_LAPD,CHP_BEAT_CLASS,BEAT_NUMBER,PRIMARY_RD,SECONDARY_RD,DISTANCE,DIRECTION,INTERSECTION,WEATHER_1,WEATHER_2,STATE_HWY_IND,CALTRANS_COUNTY,CALTRANS_DISTRICT,STATE_ROUTE,ROUTE_SUFFIX,POSTMILE_PREFIX,POSTMILE,LOCATION_TYPE,RAMP_INTERSECTION,SIDE_OF_HWY,TOW_AWAY,COLLISION_SEVERITY,NUMBER_KILLED,NUMBER_INJURED,PARTY_COUNT,PRIMARY_COLL_FACTOR,PCF_CODE_OF_VIOL,PCF_VIOL_CATEGORY,PCF_VIOLATION,PCF_VIOL_SUBSECTION,HIT_AND_RUN,TYPE_OF_COLLISION,MVIW,PED_ACTION,ROAD_SURFACE,ROAD_COND_1,ROAD_COND_2,LIGHTING,CONTROL_DEVICE,CHP_ROAD_TYPE,PEDESTRIAN_ACCIDENT,BICYCLE_ACCIDENT,MOTORCYCLE_ACCIDENT,TRUCK_ACCIDENT,NOT_PRIVATE_PROPERTY,ALCOHOL_INVOLVED,STWD_VEHTYPE_AT_FAULT,CHP_VEHTYPE_AT_FAULT,COUNT_SEVERE_INJ,COUNT_VISIBLE_INJ,COUNT_COMPLAINT_PAIN,COUNT_PED_KILLED,COUNT_PED_INJURED,COUNT_BICYCLIST_KILLED,COUNT_BICYCLIST_INJURED,COUNT_MC_KILLED,COUNT_MC_INJURED,PRIMARY_RAMP,SECONDARY_RAMP,LATITUDE,LONGITUDE,COUNTY,CITY,POINT_X,POINT_Y
90901692,2018,2019-01-10,9685,2018-12-23,1402,016381,NA,7,2,9,3300,0,1,1,NA,2,020,I-215 SOUTHBOUND,NEWPORT RD,400,N,N,A,-,Y,NA,NA,NA,NA,NA,NA,NA,NA,NA,Y,4,0,2,2,A,-,03,22350,NA,N,C,C,A,A,H,-,A,D,0,NA,NA,NA,NA,Y,NA,D,22,0,0,2,0,0,0,0,0,0,-,-,33.68949890136719,-117.17410278320313,RIVERSIDE,UNINCORPORATED,NA,NA
90902858,2019,2019-01-11,9840,2019-01-02,1946,018611,NA,3,2,9,3300,0,1,1,NA,2,037,I-15 S/B,INDIAN TRUCK TRAIL,2100,S,N,A,-,Y,NA,NA,15,NA,NA,NA,NA,NA,S,Y,4,0,1,2,A,-,08,22107,NA,N,B,C,A,A,H,-,D,D,0,NA,NA,NA,NA,Y,NA,A,01,0,0,1,0,0,0,0,0,0,-,-,33.745338439941406,-117.4461669921875,RIVERSIDE,UNINCORPORATED,-117.4461669921875,33.74534225463867
90903519,2019,2019-01-14,9630,2019-01-04,1735,021556,NA,5,2,9,3300,0,3,5,NA,2,504,66TH AVE,COLFAX ST.,0,NA,Y,A,-,N,NA,NA,NA,NA,NA,NA,NA,NA,NA,Y,3,0,2,2,A,-,01,23152,A,F,D,C,A,A,H,-,D,D,0,NA,NA,NA,NA,Y,Y,A,01,0,1,1,0,0,0,0,0,0,-,-,33.56953811645508,-116.0352783203125,RIVERSIDE,UNINCORPORATED,-116.03528,33.569491
90904333,2019,2019-01-15,9840,2019-01-07,0737,018949,NA,1,1,7,3313,0,1,3,NA,2,020,SR-91 E/B,LA SIERRA AVE,2000,W,N,A,-,Y,NA,NA,91,NA,NA,NA,NA,NA,E,Y,4,0,1,3,A,-,03,22350,NA,N,C,C,A,A,H,-,A,D,0,NA,NA,NA,NA,Y,NA,D,22,0,0,1,0,0,0,0,0,0,-,-,33.89741897583008,-117.47930145263672,RIVERSIDE,RIVERSIDE,-117.4792709350586,33.89733123779297
9090715,2020,2020-07-01,3300,2020-03-10,1245,4883,1270,2,5,3,3305,0,0,0,NA,0,080,AVE 48,VAN BUREN ST,0,NA,Y,A,-,N,NA,NA,NA,NA,NA,NA,NA,NA,NA,N,3,0,1,3,-,-,-,NA,NA,N,C,C,A,A,H,-,A,A,0,NA,NA,NA,NA,Y,NA,A,01,0,1,0,0,0,0,0,0,0,-,-,NA,NA,RIVERSIDE,COACHELLA,-116.1990203857422,33.70038986206055
90907484,2019,2019-01-18,9840,2019-01-11,1310,017504,NA,5,1,6,3345,0,1,3,NA,2,010,SR-60 E/B,I-15,1067,W,N,B,-,Y,NA,NA,60,NA,NA,NA,NA,NA,E,Y,4,0,2,2,A,-,03,22350,NA,N,C,C,A,A,H,-,A,D,0,NA,NA,NA,Y,Y,NA,A,01,0,0,2,0,0,0,0,0,0,-,-,34.020530700683594,-117.54659271240234,RIVERSIDE,JURUPA VALLEY,-117.54657745361328,34.02057647705078
90907491,2019,2019-01-18,9685,2019-01-15,1925,016724,NA,2,2,9,3300,0,1,3,NA,1,039,SR-79 SOUTHBOUND,DRIPPING SPRINGS,528,S,N,B,C,Y,NA,NA,79,NA,NA,NA,NA,NA,S,Y,3,0,1,1,A,-,08,22107,NA,N,F,A,A,B,H,-,D,D,0,NA,NA,NA,NA,Y,NA,A,01,0,1,0,0,0,0,0,0,0,-,-,33.46535873413086,-116.9687728881836,RIVERSIDE,UNINCORPORATED,-116.9687728881836,33.46538543701172
90907641,2019,2019-01-18,9630,2019-01-08,1340,019228,NA,2,1,9,3300,0,1,1,NA,2,021,I-10 W/B,COOK STREET,1056,E,N,B,-,Y,NA,NA,NA,NA,NA,NA,NA,NA,NA,Y,4,0,2,3,D,-,00,NA,NA,N,B,C,A,A,H,-,A,D,0,NA,NA,NA,NA,Y,NA,-,-,0,0,2,0,0,0,0,0,0,-,-,33.68415069580078,-116.35140991210938,RIVERSIDE,UNINCORPORATED,-116.3517608642578,33.78445053100586
90907649,2019,2019-01-18,9840,2019-01-16,1125,016754,NA,3,1,9,3300,0,1,3,NA,1,038,SR-71 N/B,EUCLID AVE,2600,S,N,C,-,Y,NA,NA,71,NA,NA,NA,NA,NA,N,Y,4,0,1,2,A,-,03,22350,NA,N,B,C,A,B,H,-,A,D,0,NA,NA,NA,NA,Y,NA,A,07,0,0,1,0,0,0,0,0,0,-,-,33.923091888427734,-117.65440368652344,RIVERSIDE,UNINCORPORATED,-117.6545181274414,33.92302703857422
90907754,2018,2019-01-21,9840,2018-11-05,1310,017441,NA,1,1,7,3313,0,1,1,NA,2,022,I-215 N/B,CENTER ST.,1170,S,N,A,-,Y,NA,NA,215,NA,NA,NA,NA,NA,N,Y,4,0,2,1,A,-,03,22350,NA,N,E,I,A,A,H,-,A,D,0,NA,NA,NA,NA,Y,NA,A,07,0,0,2,0,0,0,0,0,0,-,-,34.01258087158203,-117.3444366455078,RIVERSIDE,RIVERSIDE,-117.34439849853516,34.01255416870117
90908271,2019,2019-01-22,9840,2019-01-12,0714,018248,NA,6,1,7,3313,0,1,1,NA,2,023,I-215 N/B,CENTRAL AVE,2112,N,N,B,C,Y,NA,NA,215,NA,NA,NA,NA,NA,N,Y,2,0,1,1,A,-,08,22107,NA,N,E,I,A,B,H,-,A,D,0,NA,NA,NA,NA,Y,NA,A,07,1,0,0,0,0,0,0,0,0,-,-,33.96110916137695,-117.31553649902344,RIVERSIDE,RIVERSIDE,-117.31552886962892,33.96086120605469
9091100,2020,2020-07-09,3300,2020-03-06,0744,4345,24A2,5,5,3,3317,0,0,0,NA,0,MO828,RAMON RD,RATTLER,120,E,N,A,-,N,NA,NA,NA,NA,NA,NA,NA,NA,NA,Y,3,0,4,3,A,-,03,22350,NA,N,C,C,A,A,H,-,A,A,0,NA,NA,NA,NA,Y,NA,A,01,0,1,3,0,0,0,0,0,0,-,-,NA,NA,RIVERSIDE,RANCHO MIRAGE,-116.43158721923828,33.8161735534668
90911002,2018,2019-01-24,9840,2018-11-18,1934,021198,NA,7,2,9,3300,0,3,5,NA,2,004,COWIE AVE,LOPEZ ST,50,N,N,A,-,N,NA,NA,NA,NA,NA,NA,NA,NA,NA,N,2,0,1,2,A,-,01,23152,A,M,C,C,A,A,H,-,C,A,0,NA,NA,NA,NA,Y,Y,D,22,1,0,0,0,0,0,0,0,0,-,-,33.783058166503906,-117.26992034912108,RIVERSIDE,UNINCORPORATED,-117.2698974609375,33.782997131347656
90911148,2019,2019-01-24,9840,2019-01-14,1820,021198,NA,1,2,9,3300,0,3,5,NA,2,002,SYCAMORE CANYON BLVD,MINNESOTA WAY,94,S,N,C,-,N,NA,NA,NA,NA,NA,NA,NA,NA,NA,Y,2,0,4,2,A,-,05,21460,A,N,A,C,A,B,H,-,C,D,0,NA,NA,NA,NA,Y,NA,A,01,3,1,0,0,0,0,0,0,0,-,-,33.955989837646484,-117.30658721923828,RIVERSIDE,UNINCORPORATED,-117.30665588378906,33.9560432434082
9091153,2020,2020-07-28,3300,2020-04-01,1718,5601,601C1,3,5,6,3394,0,0,0,NA,0,MV14,SPRINGCREST RD,WINDING RD,32,E,N,A,-,N,NA,NA,NA,NA,NA,NA,NA,NA,NA,NA,3,0,1,2,A,-,03,22350,NA,N,B,E,A,A,H,-,A,D,0,NA,Y,NA,NA,Y,NA,L,04,0,1,0,0,0,0,1,0,0,-,-,33.94818878173828,-117.28240203857422,RIVERSIDE,MORENO VALLEY,-117.28235626220705,33.94801712036133
90912353,2019,2019-01-25,9840,2019-01-17,0905,018949,NA,4,1,4,3307,0,1,1,NA,2,037,I-15 S/B,NICHOLS RD,600,S,N,B,C,Y,NA,NA,15,NA,NA,NA,NA,NA,S,Y,3,0,1,1,A,-,08,22107,NA,N,F,A,A,B,H,-,A,D,0,NA,NA,NA,NA,Y,NA,A,01,0,1,0,0,0,0,0,0,0,-,-,33.704429626464844,-117.35556030273438,RIVERSIDE,LAKE ELSINORE,-117.35548400878906,33.70452117919922
90915902,2019,2019-02-25,9685,2019-01-21,1450,015757,NA,1,2,5,3335,0,1,1,NA,2,030,I-15 S/B TO WINCHESER RD OFF RAMP,WINCHESTER RD,800,N,N,A,-,Y,NA,NA,15,NA,NA,NA,R,NA,S,N,4,0,1,2,A,-,03,22350,NA,F,C,C,A,A,H,-,A,D,0,NA,NA,NA,NA,Y,NA,A,01,0,0,1,0,0,0,0,0,0,-,-,33.52402114868164,-117.16455841064452,RIVERSIDE,TEMECULA,-117.16455841064452,33.52402114868164
90916917,2019,2019-01-31,9630,2019-01-27,0605,018451,NA,7,1,9,3300,0,1,1,NA,2,020,I-10 W/B,BOB HOPE DR.,8448,W,N,A,-,Y,NA,NA,10,NA,NA,NA,NA,NA,W,Y,2,0,2,2,A,-,03,22350,NA,N,C,C,A,A,H,-,C,D,0,NA,NA,NA,Y,Y,NA,A,07,1,0,1,0,0,0,0,0,0,-,-,33.834678649902344,-116.43321228027344,RIVERSIDE,UNINCORPORATED,-116.43324279785156,33.834625244140625
90921998,2019,2019-02-08,9655,2019-02-01,1643,021048,NA,5,2,9,3300,0,1,3,NA,1,314,SR-74,8TH ST,55,E,N,B,-,N,NA,NA,74,NA,NA,NA,NA,NA,NA,Y,3,0,2,2,A,-,09,21804,A,N,D,C,A,A,H,-,A,D,0,NA,NA,NA,NA,Y,NA,A,08,0,1,1,0,0,0,0,0,0,-,-,33.74782180786133,-116.89747619628906,RIVERSIDE,UNINCORPORATED,-116.8974838256836,33.747833251953125
90926915,2019,2019-02-14,9840,2019-02-13,1620,019242,NA,3,2,6,3315,0,1,3,NA,2,030,SR-91 E/B,GREEN RIVER RD,5200,W,N,B,-,Y,NA,NA,91,NA,NA,NA,NA,NA,E,Y,4,0,1,3,A,-,03,22350,NA,N,C,D,A,A,H,-,A,D,0,NA,NA,NA,NA,Y,NA,A,01,0,0,1,0,0,0,0,0,0,-,-,33.870399475097656,-117.66919708251952,RIVERSIDE,CORONA,-117.6692123413086,33.870445251464844
90929869,2019,2019-02-20,9655,2019-01-11,2157,019234,NA,5,2,9,3300,0,1,3,NA,1,314,STATE ROUTE 74 WESTBOUND,BLACKBURN ROAD,500,W,N,B,-,Y,NA,NA,74,NA,NA,NA,NA,NA,W,Y,1,1,1,2,A,-,01,23152,A,N,E,I,A,A,H,-,D,D,0,NA,NA,NA,NA,Y,Y,D,22,0,0,1,0,0,0,0,0,0,-,-,33.74129867553711,-116.8495864868164,RIVERSIDE,UNINCORPORATED,-116.84960174560548,33.74125289916992
90930369,2019,2019-02-20,9840,2019-02-10,1040,017459,NA,7,1,6,3345,0,1,3,NA,2,101,SR-60 E/B,CAMINO REAL,600,W,N,B,-,Y,NA,NA,60,NA,NA,NA,NA,NA,E,Y,2,0,1,3,A,-,03,22350,NA,N,E,I,E,B,F,-,A,A,0,Y,NA,NA,NA,Y,NA,A,01,1,0,0,0,1,0,0,0,0,-,-,34.014198303222656,-117.45069885253906,RIVERSIDE,JURUPA VALLEY,-117.4507064819336,34.01415252685547
90930474,2019,2019-02-20,9840,2019-02-15,2108,019719,NA,5,2,7,3313,0,1,3,NA,2,021,SR-91 E/B TO I-215 S/B,SPRUCE ST,116,E,N,C,-,Y,NA,NA,91,NA,NA,NA,R,NA,E,Y,4,0,1,1,A,-,08,22107,NA,N,E,I,A,B,H,-,C,D,0,NA,NA,NA,NA,Y,NA,A,07,0,0,1,0,0,0,0,0,0,-,-,33.9911994934082,-117.35836029052734,RIVERSIDE,RIVERSIDE,-117.35836029052734,33.9911994934082
90931050,2019,2019-02-21,9655,2019-02-09,1820,019440,NA,6,2,9,3300,0,1,1,NA,2,204,I-10 W/B,MALKI ROAD,0,NA,N,A,-,Y,NA,NA,10,NA,NA,NA,NA,NA,W,Y,4,0,3,2,A,-,03,22350,NA,N,C,A,A,A,H,-,C,D,0,NA,NA,NA,NA,Y,NA,A,01,0,0,3,0,0,0,0,0,0,-,-,33.930908203125,-116.83287811279295,RIVERSIDE,UNINCORPORATED,-116.83295440673828,33.93126678466797
90931439,2019,2019-02-21,9630,2019-02-15,1500,020445,NA,5,2,4,3325,0,1,1,NA,2,020,I-10 E/B,DATE PALM DRIVE,6336,W,N,B,-,Y,NA,NA,10,NA,NA,NA,NA,NA,E,N,4,0,1,2,A,-,03,22350,NA,N,C,C,A,A,H,-,A,D,0,NA,NA,NA,NA,Y,NA,A,01,0,0,1,0,0,0,0,0,0,-,-,33.859580993652344,-116.47604370117188,RIVERSIDE,CATHEDRAL CITY,-116.47601318359376,33.85962677001953
90931666,2019,2019-02-22,9630,2019-02-17,1553,020845,NA,7,2,9,3300,0,1,3,NA,1,074,SR-74,PALOWET DR,7392,W,N,B,C,Y,NA,NA,74,NA,NA,NA,NA,NA,NA,Y,4,0,1,1,A,-,08,22107,NA,N,F,A,A,B,H,-,A,D,0,NA,NA,NA,NA,Y,NA,A,01,0,0,1,0,0,0,0,0,0,-,-,33.66176986694336,-116.3991928100586,RIVERSIDE,UNINCORPORATED,-116.39917755126952,33.66176986694336
90933371,2019,2019-02-25,9840,2019-02-17,1356,021194,NA,7,1,9,3300,0,3,5,NA,2,002,POARCH ROAD,GERBERT ROAD,63,N,N,B,-,N,NA,NA,NA,NA,NA,NA,NA,NA,NA,Y,3,0,1,1,A,-,01,23152,A,N,E,I,A,A,H,-,A,D,0,NA,NA,NA,NA,Y,Y,D,22,0,1,0,0,0,0,0,0,0,-,-,33.96083068847656,-117.30998229980467,RIVERSIDE,UNINCORPORATED,-117.309936,33.960765
90933794,2019,2019-02-26,9840,2019-02-24,1413,020535,NA,7,2,9,3300,0,3,5,NA,2,004,LA SIERRA AVE,EL SOBRANTE RD,930,S,N,A,-,N,NA,NA,NA,NA,NA,NA,NA,NA,NA,Y,4,0,1,1,A,-,08,22107,NA,N,F,A,A,A,H,-,A,D,0,NA,NA,Y,NA,Y,Y,C,02,0,0,1,0,0,0,0,0,1,-,-,33.85581970214844,-117.45436096191406,RIVERSIDE,UNINCORPORATED,-117.45426177978516,33.855987548828125
90935389,2019,2019-02-27,9655,2019-02-26,1114,018336,NA,2,1,2,3336,0,1,1,NA,2,202,I-10 W/B,SINGLETON RD,2112,E,N,A,-,Y,NA,NA,10,NA,NA,NA,NA,NA,W,Y,4,0,2,2,A,-,03,22350,NA,N,C,C,A,A,H,-,A,D,0,NA,NA,NA,NA,Y,NA,A,01,0,0,2,0,0,0,0,0,0,-,-,33.974700927734375,-117.04508209228516,RIVERSIDE,CALIMESA,-117.04508209228516,33.97469711303711
90938340,2019,2019-03-04,9840,2019-01-20,1948,021198,NA,7,2,7,3313,0,1,3,NA,2,021,SR-91 E/B,MISSION INN AVE,890,E,N,A,-,Y,NA,NA,91,NA,NA,NA,NA,NA,E,Y,2,0,1,1,A,-,01,23152,A,M,E,I,A,A,H,-,D,D,0,NA,NA,NA,NA,Y,Y,A,01,1,0,0,0,0,0,0,0,0,-,-,33.98258972167969,-117.36710357666016,RIVERSIDE,RIVERSIDE,-117.3669891357422,33.982479095458984
90938490,2019,2019-03-12,9630,2019-02-24,1712,020445,NA,7,2,9,3300,0,3,5,NA,2,504,LINCOLN STREET,62ND AVENUE,1584,S,N,A,-,N,NA,NA,NA,NA,NA,NA,NA,NA,NA,Y,3,0,4,2,A,-,03,22350,NA,F,C,C,A,A,H,-,A,D,0,NA,NA,NA,NA,Y,NA,A,01,0,1,3,0,0,0,0,0,0,-,-,33.59349060058594,-116.0781478881836,RIVERSIDE,UNINCORPORATED,-116.07819366455078,33.5943489074707
90938937,2019,2019-03-04,9840,2019-02-25,1120,014868,NA,1,1,7,3313,0,1,1,NA,2,023,I-215 N/B,CENTRAL AVE,1000,S,N,A,-,Y,NA,NA,NA,NA,NA,NA,NA,NA,NA,N,4,0,1,4,A,-,03,22350,NA,N,C,C,A,A,H,-,A,D,0,NA,NA,NA,NA,Y,NA,D,22,0,0,1,0,0,0,0,0,0,-,-,33.95608139038086,-117.30603790283205,RIVERSIDE,RIVERSIDE,NA,NA
90940083,2019,2019-03-05,9685,2019-02-24,1648,017743,NA,7,2,9,3300,0,3,5,NA,2,003,RANCHO CALIFORNIA RD.,REID CT.,788,E,N,A,-,N,NA,NA,NA,NA,NA,NA,NA,NA,NA,Y,3,0,2,2,A,-,08,22107,NA,N,D,C,A,A,H,-,A,D,0,NA,NA,Y,NA,Y,NA,A,01,0,2,0,0,0,0,0,0,2,-,-,33.524139404296875,-117.07778167724608,RIVERSIDE,UNINCORPORATED,-117.07675933837892,33.52459716796875
90940693,2019,2019-03-13,9655,2019-03-01,1345,014743,NA,5,1,9,3300,0,1,3,NA,2,212,SR-60 E/B,GILMAN SPRINGS ROAD,8976,E,N,A,-,Y,NA,NA,60,NA,NA,NA,NA,NA,E,Y,4,0,2,4,A,-,03,22350,NA,N,C,C,A,A,H,-,A,D,0,NA,NA,NA,NA,Y,NA,A,01,0,0,2,0,0,0,0,0,0,-,-,33.93817901611328,-117.097412109375,RIVERSIDE,UNINCORPORATED,-117.09741973876952,33.93819808959961
9094101,2020,2020-07-08,3300,2020-03-18,0508,5363,916A,3,5,4,3312,0,0,0,NA,0,031,PERRIS BL,RAMONA EXPWY,200,N,N,A,-,N,NA,NA,NA,NA,NA,NA,NA,NA,NA,N,4,0,1,1,A,-,03,22350,NA,N,E,I,A,A,H,-,C,D,0,NA,NA,Y,NA,Y,NA,C,02,0,0,1,0,0,0,0,0,1,-,-,33.84458923339844,-117.22599792480467,RIVERSIDE,PERRIS,-117.22617340087892,33.845157623291016
90941089,2019,2019-03-06,9655,2019-03-02,0646,014743,NA,6,1,9,3300,0,1,3,NA,2,212,SR-60 W/B,GILMAN SPRINGS ROAD,14256,E,N,C,-,Y,NA,NA,60,NA,NA,NA,NA,NA,W,Y,4,0,1,2,A,-,03,22350,NA,N,A,C,A,B,H,-,A,D,0,NA,NA,NA,NA,Y,NA,D,22,0,0,1,0,0,0,0,0,0,-,-,33.94327163696289,-117.08258056640624,RIVERSIDE,UNINCORPORATED,-117.08258056640624,33.943294525146484
9094113,2020,2020-07-08,3300,2020-03-20,1411,4300,920H,5,5,4,3314,0,0,0,NA,0,074,HEWITT ST,ESPLANADE AV,20,S,N,B,-,N,NA,NA,NA,NA,NA,NA,NA,NA,NA,N,4,0,1,2,A,-,03,22350,NA,N,C,C,A,A,H,-,A,A,0,NA,NA,NA,NA,Y,NA,A,01,0,0,1,0,0,0,0,0,0,-,-,33.77225112915039,-116.95089721679688,RIVERSIDE,SAN JACINTO,-116.9509735107422,33.772315979003906
90942836,2019,2019-03-11,9630,2019-03-01,2025,021570,NA,5,2,9,3300,0,3,5,NA,2,402,22ND AVE,SKY RIDGE ROAD,30,E,N,A,-,N,NA,NA,NA,NA,NA,NA,NA,NA,NA,Y,3,0,1,1,A,-,01,23152,A,N,E,I,A,A,H,-,D,D,0,NA,NA,NA,NA,Y,Y,A,01,0,1,0,0,0,0,0,0,0,-,-,33.889198303222656,-116.37069702148438,RIVERSIDE,UNINCORPORATED,-116.37083435058594,33.88927459716797
90943079,2019,2019-03-11,9655,2019-03-03,0330,020704,NA,7,3,9,3300,0,3,5,NA,2,003,DOMENIGONI PKY,SR-79,1000,E,N,A,-,Y,NA,NA,NA,NA,NA,NA,NA,NA,NA,Y,3,0,2,2,A,-,01,23152,A,N,C,C,A,B,H,-,C,D,0,NA,NA,NA,NA,Y,Y,A,01,0,2,0,0,0,0,0,0,0,-,-,33.69636154174805,-117.08139038085938,RIVERSIDE,UNINCORPORATED,-117.0815658569336,33.69628143310547
90943175,2019,2019-03-11,9655,2019-03-03,1215,015795,NA,7,1,9,3300,0,3,5,NA,2,003,COLUMBIA STREET,SUNSET LANE,50,S,N,B,-,N,NA,NA,NA,NA,NA,NA,NA,NA,NA,Y,4,0,2,2,A,-,09,21804,A,N,A,C,A,A,H,-,A,D,0,NA,NA,NA,NA,Y,NA,A,01,0,0,2,0,0,0,0,0,0,-,-,33.73194122314453,-116.94545745849608,RIVERSIDE,UNINCORPORATED,-116.9455108642578,33.73216247558594
90944117,2019,2019-03-12,9655,2019-03-05,0900,015795,NA,2,1,9,3300,0,1,3,NA,2,212,SR-60 E/B,WESTERN KNOLLS AVENUE,3168,W,N,B,-,Y,NA,NA,60,NA,NA,NA,NA,NA,E,Y,4,0,1,1,A,-,08,22107,NA,N,F,A,A,A,H,-,A,D,0,NA,NA,NA,Y,Y,NA,G,25,0,0,1,0,0,0,0,0,0,-,-,33.9334602355957,-117.00952911376952,RIVERSIDE,UNINCORPORATED,-117.00952911376952,33.93354034423828
90944934,2019,2019-03-13,9840,2019-03-05,1535,019890,NA,2,2,6,3345,0,1,3,NA,2,010,SR-60 E/B,PEDLEY RD,2640,W,N,A,-,Y,NA,NA,60,NA,NA,NA,NA,NA,E,Y,4,0,1,2,A,-,03,22350,NA,N,C,C,A,A,H,-,A,D,0,NA,NA,NA,NA,Y,NA,A,01,0,0,1,0,0,0,0,0,0,-,-,34.01924133300781,-117.49382019042967,RIVERSIDE,JURUPA VALLEY,-117.49382019042967,34.019187927246094
90947283,2019,2019-03-15,9840,2019-03-05,1535,021037,NA,2,2,6,3315,0,1,3,NA,2,031,SR-91 WB TO I-15 SB,E. SIXTH ST.,800,N,N,A,-,Y,NA,NA,NA,NA,NA,NA,NA,NA,NA,N,4,0,1,2,A,-,08,22107,NA,N,B,C,A,A,D,-,A,D,0,NA,NA,NA,NA,Y,NA,A,07,0,0,1,0,0,0,0,0,0,-,-,33.876529693603516,-117.54627990722656,RIVERSIDE,CORONA,-117.60099792480467,33.88065719604492
90947413,2019,2019-03-18,9840,2019-03-06,1230,017162,NA,3,1,6,3315,0,1,1,NA,2,034,I-15 S/B,EL CERRITO RD,528,N,N,B,C,Y,NA,NA,NA,NA,NA,NA,NA,NA,NA,Y,4,0,1,1,A,-,01,23152,F,N,E,I,A,B,D,-,A,D,0,NA,NA,NA,NA,Y,NA,D,22,0,0,1,0,0,0,0,0,0,-,-,33.12834930419922,-117.231201171875,RIVERSIDE,CORONA,NA,NA
90948846,2019,2019-03-19,9840,2019-03-10,0151,017546,NA,7,3,7,3313,0,1,3,NA,2,020,SR-91 W/B,TYLER ST,400,W,N,A,-,Y,NA,NA,91,NA,NA,NA,NA,NA,W,Y,2,0,1,2,A,-,03,22350,NA,N,C,C,A,A,C,-,D,D,0,NA,NA,NA,NA,Y,NA,A,07,1,0,0,0,0,0,0,0,0,-,-,33.90568923950195,-117.45807647705078,RIVERSIDE,RIVERSIDE,-117.45809173583984,33.905704498291016
90949660,2019,2019-03-20,9840,2019-03-12,0555,015705,NA,2,3,6,3345,0,1,1,NA,2,011,I-15 N/B,CANTU-GALLEANO RANCH RD.,3168,N,N,C,-,Y,NA,NA,15,NA,NA,NA,NA,NA,N,Y,4,0,1,3,A,-,08,22107,NA,N,B,C,A,B,H,-,D,D,0,NA,NA,NA,NA,Y,NA,D,22,0,0,1,0,0,0,0,0,0,-,-,34.012718200683594,-117.55004119873048,RIVERSIDE,JURUPA VALLEY,-117.55006408691406,34.01272201538086
90950172,2019,2019-03-20,9685,2019-03-08,0845,016347,NA,5,1,5,3341,0,1,1,NA,2,020,I-215 N/B TO NEWPORT ROAD,NEWPORT ROAD,25,S,N,B,-,Y,NA,NA,215,NA,NA,NA,R,NA,N,N,4,0,1,2,A,-,03,22350,NA,N,C,C,A,A,H,-,A,A,0,NA,NA,NA,NA,Y,NA,J,48,0,0,1,0,0,0,0,0,0,-,-,33.68497848510742,-117.16959381103516,RIVERSIDE,MENIFEE,-117.16959381103516,33.68497848510742
90951835,2019,2019-03-22,9685,2019-02-17,1310,015360,NA,7,1,9,3300,0,3,5,NA,2,003,CAMARON RD.,DE ANZA RD.,1500,W,N,B,-,N,NA,NA,NA,NA,NA,NA,NA,NA,NA,Y,4,0,2,2,A,-,05,21460,A,N,A,C,A,A,H,-,A,D,0,NA,NA,NA,NA,Y,NA,A,01,0,0,2,0,0,0,0,0,0,-,-,33.14738082885742,-117.17765045166016,RIVERSIDE,UNINCORPORATED,-117.26250457763672,33.462371826171875
90951880,2019,2019-04-26,9685,2019-03-02,2325,017013,NA,6,3,4,3342,0,1,1,NA,2,020,I-215 NORTHBOUND,KELLER ROAD,873,N,N,B,-,Y,NA,NA,NA,NA,NA,NA,NA,NA,NA,Y,2,0,2,2,A,-,01,23152,G,N,C,C,A,B,H,-,C,D,0,NA,NA,NA,NA,Y,Y,A,01,1,1,0,0,0,0,0,0,0,-,-,NA,NA,RIVERSIDE,MURRIETA,-117.17105102539063,33.629371643066406
9095194,2020,2020-07-21,3315,2020-03-19,0816,11119,8E,4,5,6,3315,0,0,0,NA,0,004,SERFAS CLUB DR,GREEN RIVER RD,1056,N,N,A,-,N,NA,NA,NA,NA,NA,NA,NA,NA,NA,Y,4,0,1,1,A,-,07,21658,A,N,E,I,A,A,H,-,A,D,0,NA,NA,NA,NA,Y,NA,A,01,0,0,1,0,0,0,0,0,0,-,-,NA,NA,RIVERSIDE,CORONA,-117.61912536621094,33.87216567993164
90952019,2019,2019-03-25,9840,2019-03-13,1100,017162,NA,3,1,6,3315,0,1,1,NA,2,034,I-15 N/B,MAGNOLIA AVE,300,S,N,A,-,Y,NA,NA,NA,NA,NA,NA,NA,NA,NA,Y,4,0,1,2,A,-,03,22350,NA,N,C,C,A,A,H,-,A,D,0,NA,NA,NA,NA,Y,NA,D,22,0,0,1,0,0,0,0,0,0,-,-,33.387481689453125,-117.7104721069336,RIVERSIDE,CORONA,-117.54203033447266,33.865848541259766