CASE_ID,ACCIDENT_YEAR,PROC_DATE,JURIS,COLLISION_DATE,COLLISION_TIME,OFFICER_ID,REPORTING_DISTRICT,DAY_OF_WEEK,CHP_SHIFT,POPULATION,CNTY_CITY_LOC,SPECIAL_COND,BEAT_TYPE,CHP_BEAT_TYPE,CITY_DIVISION_LAPD,CHP_BEAT_CLASS,BEAT_NUMBER,PRIMARY_RD,SECONDARY_RD,DISTANCE,DIRECTION,INTERSECTION,WEATHER_1,WEATHER_2,STATE_HWY_IND,CALTRANS_COUNTY,CALTRANS_DISTRICT,STATE_ROUTE,ROUTE_SUFFIX,POSTMILE_PREFIX,POSTMILE,LOCATION_TYPE,RAMP_INTERSECTION,SIDE_OF_HWY,TOW_AWAY,COLLISION_SEVERITY,NUMBER_KILLED,NUMBER_INJURED,PARTY_COUNT,PRIMARY_COLL_FACTOR,PCF_CODE_OF_VIOL,PCF_VIOL_CATEGORY,PCF_VIOLATION,PCF_VIOL_SUBSECTION,HIT_AND_RUN,TYPE_OF_COLLISION,MVIW,PED_ACTION,ROAD_SURFACE,ROAD_COND_1,ROAD_COND_2,LIGHTING,CONTROL_DEVICE,CHP_ROAD_TYPE,PEDESTRIAN_ACCIDENT,BICYCLE_ACCIDENT,MOTORCYCLE_ACCIDENT,TRUCK_ACCIDENT,NOT_PRIVATE_PROPERTY,ALCOHOL_INVOLVED,STWD_VEHTYPE_AT_FAULT,CHP_VEHTYPE_AT_FAULT,COUNT_SEVERE_INJ,COUNT_VISIBLE_INJ,COUNT_COMPLAINT_PAIN,COUNT_PED_KILLED,COUNT_PED_INJURED,COUNT_BICYCLIST_KILLED,COUNT_BICYCLIST_INJURED,COUNT_MC_KILLED,COUNT_MC_INJURED,PRIMARY_RAMP,SECONDARY_RAMP,LATITUDE,LONGITUDE,COUNTY,CITY,POINT_X,POINT_Y
9111919,2020,2020-09-14,3313,2020-06-13,1124,1756,5,6,5,7,3313,0,0,0,NA,0,2R45,PHILBIN AV,VAN BUREN BL,290,W,N,A,-,N,NA,NA,NA,NA,NA,NA,NA,NA,NA,N,3,0,1,3,A,-,03,22350,NA,F,C,C,A,A,H,-,A,A,0,NA,NA,NA,NA,Y,NA,I,11,0,1,0,0,0,0,0,0,0,-,-,33.938411712646484,-117.46421813964844,RIVERSIDE,RIVERSIDE,-117.45503997802734,33.93897247314453
91119319,2019,2019-11-13,9685,2019-11-04,1710,016096,NA,1,2,9,3300,0,2,4,NA,2,016,GRAND AVE,BLACKWELL BLVD.,410,S,N,A,-,N,NA,NA,NA,NA,NA,NA,NA,NA,NA,Y,4,0,1,2,A,-,01,23152,F,N,C,C,A,A,H,-,C,D,0,NA,NA,NA,NA,Y,NA,A,07,0,0,1,0,0,0,0,0,0,-,-,33.63969039916992,-117.34587097167967,RIVERSIDE,UNINCORPORATED,-117.3449478149414,33.639183044433594
9111942,2020,2020-08-27,3300,2020-05-29,0854,4024,803A,5,5,4,3307,0,0,0,NA,0,083,PALOMAR  ST,WESLEY ST,40,S,N,A,-,N,NA,NA,NA,NA,NA,NA,NA,NA,NA,Y,3,0,1,3,A,-,03,22350,NA,N,C,C,A,A,H,-,A,A,0,NA,NA,NA,NA,Y,NA,D,22,0,1,0,0,0,0,0,0,0,-,-,33.610191345214844,-117.28379058837892,RIVERSIDE,LAKE ELSINORE,-117.28338623046876,33.610313415527344
9111946,2020,2020-08-31,3300,2020-06-10,2350,5397,800B,3,5,3,3343,0,0,0,NA,0,080,BUNDY CANYON RD,ORANGE ST,150,E,N,A,-,N,NA,NA,NA,NA,NA,NA,NA,NA,NA,NA,4,0,1,2,A,-,08,22107,NA,N,B,C,A,A,H,-,C,D,0,NA,NA,NA,Y,Y,NA,F,26,0,0,1,0,0,0,0,0,0,-,-,33.62800979614258,-117.2754364013672,RIVERSIDE,WILDOMAR,-117.27488708496094,33.62683868408203
91120143,2019,2019-11-14,9840,2019-11-04,1730,016619,NA,1,2,6,3345,0,1,3,NA,2,010,SR-60 E/B,HALL AVE,300,E,N,A,-,Y,NA,NA,NA,NA,NA,NA,NA,NA,NA,N,4,0,1,2,A,-,03,22350,NA,N,C,C,A,A,H,-,D,D,0,NA,NA,NA,NA,Y,NA,A,01,0,0,1,0,0,0,0,0,0,-,-,34.01850128173828,-117.23300170898438,RIVERSIDE,JURUPA VALLEY,-117.39240264892578,34.00514602661133
91120299,2019,2019-11-14,9840,2019-11-04,0705,015444,NA,1,1,6,3315,0,1,1,NA,2,034,I-15 N/B,ONTARIO AVENUE,2000,S,N,A,-,Y,NA,NA,15,NA,NA,NA,NA,NA,N,Y,4,0,1,3,A,-,03,22350,NA,N,C,C,A,A,H,-,A,D,0,NA,NA,NA,NA,Y,NA,D,22,0,0,1,0,0,0,0,0,0,-,-,33.838470458984375,-117.53333282470705,RIVERSIDE,CORONA,-117.53327178955078,33.8385009765625
91121516,2019,2019-11-15,9655,2019-11-08,1710,019630,NA,5,2,9,3300,0,3,5,NA,2,003,DOMENIGONI PKY,SR-79,900,E,N,A,-,N,NA,NA,NA,NA,NA,NA,NA,NA,NA,N,4,0,2,2,A,-,03,22350,NA,N,C,C,A,A,H,-,B,D,0,NA,NA,NA,NA,Y,NA,D,22,0,0,2,0,0,0,0,0,0,-,-,33.69626998901367,-117.08135223388672,RIVERSIDE,UNINCORPORATED,-117.08189392089844,33.69628143310547
91122507,2019,2019-11-18,9685,2019-11-09,1905,016185,NA,6,2,5,3335,0,1,1,NA,2,030,I-15 N/B,WINCHESTER ROAD,2640,S,N,A,-,Y,NA,NA,15,NA,NA,NA,NA,NA,N,Y,3,0,1,2,A,-,03,22350,NA,N,C,C,A,A,H,-,D,D,0,NA,NA,NA,NA,Y,NA,A,07,0,1,0,0,0,0,0,0,0,-,-,33.513099670410156,-117.15699768066406,RIVERSIDE,TEMECULA,-117.15682983398438,33.51318359375
91122666,2019,2019-11-18,9840,2019-11-06,1830,019492,NA,3,2,6,3315,0,1,3,NA,2,031,SR-91 E/B,I-15,500,W,N,A,-,Y,NA,NA,91,NA,NA,NA,NA,NA,E,Y,4,0,1,2,A,-,03,22350,NA,N,C,C,A,A,H,-,C,D,0,NA,NA,NA,NA,Y,NA,A,01,0,0,1,0,0,0,0,0,0,-,-,33.88174057006836,-117.54714965820313,RIVERSIDE,CORONA,-117.54717254638672,33.8818244934082
91122731,2019,2019-11-18,9685,2019-11-12,0855,016347,NA,2,1,4,3342,0,1,1,NA,2,034,I-215 S/B,MURRIETA HOT SPRINGS,2112,N,N,A,-,Y,NA,NA,215,NA,NA,NA,NA,NA,S,Y,4,0,1,2,A,-,03,22350,NA,N,C,C,A,A,H,-,A,D,0,NA,NA,NA,NA,Y,NA,A,01,0,0,1,0,0,0,0,0,0,-,-,33.56174850463867,-117.18092346191406,RIVERSIDE,MURRIETA,-117.18099212646484,33.56175231933594
91123962,2019,2019-11-19,9840,2019-11-01,1445,021198,NA,5,2,7,3313,0,1,3,NA,2,020,SR-91 E/B,VAN BUREN BLVD,1650,E,N,A,-,Y,NA,NA,91,NA,NA,NA,NA,NA,E,N,4,0,1,2,A,-,03,22350,NA,N,C,C,A,A,H,-,A,D,0,NA,NA,NA,NA,Y,NA,A,08,0,0,1,0,0,0,0,0,0,-,-,33.9174690246582,-117.43711090087892,RIVERSIDE,RIVERSIDE,-117.43711090087892,33.917476654052734
91123998,2019,2019-11-25,9840,2019-11-09,2235,021481,NA,6,3,9,3300,0,2,4,NA,2,043,RAMONA EXPY,LAKEVIEW AVE,0,NA,Y,A,-,N,NA,NA,NA,NA,NA,NA,NA,NA,NA,Y,2,0,3,2,A,-,01,23152,A,N,A,C,A,A,H,-,C,A,0,NA,NA,NA,NA,Y,Y,A,01,1,0,2,0,0,0,0,0,0,-,-,33.83768844604492,-117.12371826171876,RIVERSIDE,UNINCORPORATED,-117.12374877929688,33.83768844604492
91124432,2019,2019-11-20,9655,2019-11-12,0800,017526,NA,2,1,3,3302,0,1,1,NA,2,202,I-10 W/B,BROOKSIDE AVE O/C,4752,E,N,A,-,Y,NA,NA,10,NA,NA,NA,NA,NA,W,Y,4,0,2,3,A,-,03,22350,NA,N,C,C,A,A,H,-,A,D,0,NA,NA,NA,NA,Y,NA,A,07,0,0,2,0,0,0,0,0,0,-,-,33.95302963256836,-117.01287841796876,RIVERSIDE,BEAUMONT,-117.01283264160156,33.95309829711914
91124459,2019,2019-11-20,9655,2019-11-10,0100,020774,NA,7,3,9,3300,0,3,5,NA,2,003,SR-74 E/B,BLACK BURN RD.,10454,E,N,A,-,Y,NA,NA,74,NA,NA,NA,NA,NA,E,Y,3,0,1,1,A,-,01,23152,A,N,F,A,A,A,H,-,D,D,0,NA,NA,NA,NA,Y,Y,A,01,0,1,0,0,0,0,0,0,0,-,-,33.73474884033203,-116.81427001953124,RIVERSIDE,UNINCORPORATED,-116.81423950195313,33.73480224609375
91125565,2019,2019-11-21,9655,2019-11-12,0725,014743,NA,2,1,9,3300,0,3,5,NA,2,003,GILMAN SPRINGS ROAD,BRIDGE STREET,2640,E,N,A,-,N,NA,NA,NA,NA,NA,NA,NA,NA,NA,N,4,0,1,2,A,-,08,22107,NA,N,E,J,A,A,H,-,A,D,0,NA,NA,NA,NA,Y,NA,A,01,0,0,1,0,0,0,0,0,0,-,-,33.86642837524414,-117.03658294677734,RIVERSIDE,UNINCORPORATED,-117.06288909912108,33.88456726074219
91125685,2019,2019-11-21,9840,2019-11-12,0715,012208,NA,2,1,9,3300,0,3,5,NA,2,004,GAVILAN ROAD,LAKE MATHEWS DRIVE,0,NA,Y,A,-,N,NA,NA,NA,NA,NA,NA,NA,NA,NA,Y,4,0,1,3,A,-,09,21801,A,N,A,C,A,A,H,-,A,A,0,NA,NA,NA,NA,Y,NA,D,22,0,0,1,0,0,0,0,0,0,-,-,33.792869567871094,-117.35907745361328,RIVERSIDE,UNINCORPORATED,-117.35906219482422,33.79288101196289
91125697,2019,2019-11-21,9655,2019-11-12,0735,014743,NA,2,1,9,3300,0,3,5,NA,2,003,GILMAN SPRINGS ROAD,BRIDGE STREET,2640,E,N,A,-,N,NA,NA,NA,NA,NA,NA,NA,NA,NA,Y,4,0,5,5,A,-,03,22350,NA,N,C,C,A,A,H,-,A,D,0,NA,NA,NA,NA,Y,NA,A,07,0,0,5,0,0,0,0,0,0,-,-,33.86643981933594,-117.03645324707033,RIVERSIDE,UNINCORPORATED,-117.06288909912108,33.88456726074219
91126084,2019,2019-11-21,9840,2019-11-13,2140,021218,NA,3,2,9,3300,0,3,5,NA,2,003,TEMESCAL CANYON RD,DAWSON CANYON RD,500,N,N,A,-,N,NA,NA,NA,NA,NA,NA,NA,NA,NA,N,4,0,1,2,A,-,08,22107,NA,F,H,G,A,A,H,-,D,D,0,NA,Y,NA,NA,Y,NA,-,99,0,0,1,0,0,0,1,0,0,-,-,33.7841796875,-117.48992919921876,RIVERSIDE,UNINCORPORATED,-117.489829,33.784157
91127654,2019,2019-11-22,9840,2019-11-12,0840,014868,NA,2,1,6,3345,0,1,1,NA,2,011,I-15 S/B,LIMONITE AVE,2112,S,N,A,-,Y,NA,NA,15,NA,NA,NA,NA,NA,S,Y,4,0,1,2,A,-,03,22350,NA,N,F,A,A,A,D,H,A,D,0,NA,NA,Y,NA,Y,NA,C,02,0,0,1,0,0,0,0,0,1,-,-,33.967350006103516,-117.54889678955078,RIVERSIDE,JURUPA VALLEY,-117.54904174804688,33.967350006103516
9112785,2020,2020-09-15,3300,2020-06-11,1850,N6906,24B3,4,5,3,3317,0,0,0,NA,0,024,BOB HOPE DR,GINGER ROGERS RD,0,NA,Y,A,-,N,NA,NA,NA,NA,NA,NA,NA,NA,NA,Y,4,0,1,2,A,-,12,21453,A,N,D,C,A,A,H,-,A,A,0,NA,NA,NA,NA,Y,NA,A,01,0,0,1,0,0,0,0,0,0,-,-,NA,NA,RIVERSIDE,RANCHO MIRAGE,-116.4060287475586,33.79441833496094
9112966,2020,2020-09-14,3311,2020-06-07,1831,16128,NA,7,5,4,3311,0,0,0,NA,0,004,VISTA CHINO,CLUBHOUSE VIEW,34,W,N,A,G,N,NA,NA,NA,NA,NA,NA,NA,NA,NA,Y,3,0,2,2,A,-,03,22350,NA,N,C,-,A,A,H,-,A,A,0,NA,NA,NA,NA,Y,NA,A,01,0,1,1,0,0,0,0,0,0,-,-,33.844871520996094,-116.5022201538086,RIVERSIDE,PALM SPRINGS,-116.50211334228516,33.84492111206055
9112978,2020,2020-09-04,3300,2020-06-09,1306,N6000,506F,2,5,5,3341,0,0,0,NA,0,056,HAUN RD,MARKETPLACE,0,NA,Y,A,-,N,NA,NA,NA,NA,NA,NA,NA,NA,NA,NA,4,0,1,2,A,-,08,22107,NA,N,B,C,A,A,H,-,A,A,0,NA,NA,Y,NA,Y,NA,A,01,0,0,1,0,0,0,0,0,1,-,-,NA,NA,RIVERSIDE,MENIFEE,-117.1756591796875,33.68326187133789
91130921,2019,2019-11-27,9840,2019-11-18,0618,015705,NA,1,1,7,3313,0,1,3,NA,2,010,SR-60 W/B,MARKET ST.,950,E,N,A,-,Y,NA,NA,60,NA,NA,NA,NA,NA,W,Y,3,0,1,2,A,-,03,22350,NA,N,C,C,A,A,H,-,A,D,0,NA,NA,NA,NA,Y,NA,A,01,0,1,0,0,0,0,0,0,0,-,-,33.998409271240234,-117.36945343017578,RIVERSIDE,RIVERSIDE,-117.3694305419922,33.99845504760742
91132147,2019,2019-12-02,9685,2019-11-24,1236,015165,NA,7,1,9,3300,0,3,5,NA,2,002,MCWADE AVENUE,NAUMANN AVENUE,1,W,N,A,-,N,NA,NA,NA,NA,NA,NA,NA,NA,NA,Y,4,0,1,1,A,-,01,23152,A,N,E,I,A,A,H,-,A,A,0,NA,NA,NA,NA,Y,NA,A,01,0,0,1,0,0,0,0,0,0,-,-,33.40850830078125,-117.1138916015625,RIVERSIDE,UNINCORPORATED,-117.11395263671876,33.740291595458984
91132413,2019,2019-12-02,9630,2019-11-24,1724,020445,NA,7,2,9,3300,0,3,5,NA,2,502,GRAPEFRUIT BOULEVARD,4TH STREET,58,N,N,A,-,N,NA,NA,NA,NA,NA,NA,NA,NA,NA,Y,3,0,4,2,A,-,01,23152,A,N,C,C,A,A,H,-,C,A,0,NA,NA,NA,NA,Y,Y,A,07,0,2,2,0,0,0,0,0,0,-,-,33.57115173339844,-116.0797119140625,RIVERSIDE,UNINCORPORATED,-116.1755828857422,33.68171691894531
91133020,2019,2019-12-02,9840,2019-11-16,0348,021261,NA,6,3,6,3345,0,1,3,NA,2,010,SR-60 W/B TO RUBIDUOX BLVD,RUBIDOUX BLVD,850,E,N,A,-,Y,NA,NA,60,NA,NA,NA,R,NA,W,Y,3,0,1,2,A,-,01,23152,A,N,A,C,A,A,D,-,C,D,0,NA,NA,NA,NA,Y,Y,D,22,0,1,0,0,0,0,0,0,0,-,-,34.005069732666016,-117.39716339111328,RIVERSIDE,JURUPA VALLEY,-117.39716339111328,34.005069732666016
9113345,2020,2020-08-11,3313,2020-05-29,1751,1831,5,5,5,7,3313,0,0,0,NA,0,T45,MAGNOLIA AV,LA SIERRA AV,0,NA,Y,A,-,Y,NA,NA,NA,NA,NA,NA,NA,NA,NA,NA,4,0,1,3,A,-,09,21453,C,F,D,D,A,A,H,-,A,A,0,NA,NA,NA,NA,Y,NA,A,01,0,0,1,0,0,0,0,0,0,-,-,33.90333938598633,-117.4761199951172,RIVERSIDE,RIVERSIDE,-117.47635650634766,33.90353012084961
91134132,2019,2019-12-03,9840,2019-11-23,0855,017546,NA,6,1,9,3300,0,3,5,NA,2,004,ALEXANDER ST,WARREN RD,0,NA,Y,A,-,N,NA,NA,NA,NA,NA,NA,NA,NA,NA,Y,4,0,1,2,A,-,08,22107,NA,F,D,C,A,A,H,-,A,D,0,NA,NA,NA,NA,Y,NA,D,22,0,0,1,0,0,0,0,0,0,-,-,33.86212921142578,-117.30512237548828,RIVERSIDE,UNINCORPORATED,-117.30506134033205,33.86212921142578
91136573,2019,2019-12-05,9840,2019-11-14,2224,021037,NA,4,3,9,3300,0,3,5,NA,2,003,TEMESCAL CANYON RD,LAWSON RD.,1220,N,N,A,-,N,NA,NA,NA,NA,NA,NA,NA,NA,NA,N,4,0,1,1,A,-,03,22350,NA,N,F,A,A,A,H,-,C,D,0,NA,NA,Y,NA,Y,NA,C,02,0,0,1,0,0,0,0,0,1,-,-,33.77326965332031,-117.48792266845705,RIVERSIDE,UNINCORPORATED,-117.48802185058594,33.773956298828125
91140352,2019,2019-12-10,9630,2019-11-30,1218,021063,NA,6,1,9,3300,0,3,5,NA,2,504,68TH AVE,WHEELER ST,0,NA,Y,A,-,N,NA,NA,NA,NA,NA,NA,NA,NA,NA,Y,4,0,1,2,A,-,03,22350,NA,N,D,C,A,A,B,-,A,A,0,NA,NA,NA,NA,Y,NA,A,01,0,0,1,0,0,0,0,0,0,-,-,33.55493927001953,-116.0177993774414,RIVERSIDE,UNINCORPORATED,-116.017822265625,33.55495071411133
91140506,2019,2019-12-10,9655,2019-12-01,1307,018905,NA,7,1,9,3300,0,1,3,NA,1,316,SR-74,BEE CANYON TRUCK TRAIL,3168,E,N,A,-,Y,NA,NA,74,NA,NA,NA,NA,NA,NA,Y,2,0,6,2,A,-,09,21804,A,N,D,C,A,A,H,-,A,D,0,NA,NA,NA,NA,Y,NA,A,07,1,1,4,0,0,0,0,0,0,-,-,33.73542022705078,-116.81494140625,RIVERSIDE,UNINCORPORATED,-116.81492614746094,33.735435485839844
91142410,2019,2019-12-12,9655,2019-12-05,0645,015795,NA,4,1,9,3300,0,1,3,NA,2,315,SR-79 N/B,SCOTT ROAD,500,N,N,B,E,Y,NA,NA,79,NA,NA,NA,NA,NA,N,Y,4,0,2,3,A,-,05,21651,A,N,D,C,A,B,H,-,B,D,0,NA,NA,NA,NA,Y,NA,D,22,0,0,2,0,0,0,0,0,0,-,-,33.64366912841797,-117.083740234375,RIVERSIDE,UNINCORPORATED,-117.08372497558594,33.64366912841797
91145077,2019,2019-12-17,9685,2019-12-10,1725,015050,NA,2,2,4,3307,0,1,1,NA,2,010,I-15 NORTHBOUND,RAILROAD CANYON RD.,2112,S,N,A,-,Y,NA,NA,15,NA,NA,NA,NA,NA,N,N,4,0,1,2,A,-,03,22350,NA,N,C,C,A,A,H,-,D,A,0,NA,NA,NA,NA,Y,NA,A,01,0,0,1,0,0,0,0,0,0,-,-,33.658470153808594,-117.294677734375,RIVERSIDE,LAKE ELSINORE,-117.29480743408205,33.65836715698242
91147041,2019,2019-12-19,9840,2019-12-10,1750,021862,NA,2,2,9,3300,0,3,5,NA,2,003,KNABE RD.,FOREST BOUNDARY RD,1335,N,N,A,-,N,NA,NA,NA,NA,NA,NA,NA,NA,NA,Y,4,0,1,1,A,-,08,22107,NA,N,E,I,A,A,H,-,C,D,0,NA,NA,NA,NA,Y,NA,D,22,0,0,1,0,0,0,0,0,0,-,-,33.800228118896484,-117.50418853759766,RIVERSIDE,UNINCORPORATED,-117.50405883789063,33.80019760131836
91147095,2019,2019-12-19,9630,2019-12-10,2211,021796,NA,2,3,9,3300,0,1,3,NA,2,086,SR-86 S/B,DILLON RD,3168,S,N,A,-,Y,NA,NA,NA,NA,NA,NA,NA,NA,NA,Y,3,0,1,1,A,-,01,23152,A,N,F,A,A,A,H,-,D,D,0,NA,NA,NA,NA,Y,Y,D,22,0,1,0,0,0,0,0,0,0,-,-,33.7011604309082,-116.17568969726563,RIVERSIDE,UNINCORPORATED,NA,NA
91147408,2019,2019-12-19,9840,2019-12-12,2320,019893,NA,4,3,7,3313,0,1,1,NA,2,023,I-215 S/B,LAINE STREET,510,N,N,A,-,Y,NA,NA,215,NA,NA,NA,NA,NA,S,Y,4,0,1,4,A,-,03,22350,NA,N,C,C,A,A,H,-,C,D,0,NA,NA,NA,NA,Y,NA,A,01,0,0,1,0,0,0,0,0,0,-,-,33.984771728515625,-117.3447265625,RIVERSIDE,RIVERSIDE,-117.34476470947266,33.98473358154297
91147469,2019,2019-12-19,9840,2019-11-22,1714,021198,NA,5,2,7,3313,0,1,3,NA,2,021,SR-91 E/B,SPRUCE ST,1620,W,N,A,-,Y,NA,NA,91,NA,NA,NA,NA,NA,E,Y,2,0,1,4,A,-,03,22350,NA,F,C,C,A,A,H,-,D,D,0,NA,NA,NA,NA,Y,NA,A,01,1,0,0,0,0,0,0,0,0,-,-,33.98783874511719,-117.36290740966795,RIVERSIDE,RIVERSIDE,-117.36285400390624,33.98777770996094
91148991,2019,2019-12-20,9655,2019-12-12,2220,019346,NA,4,3,3,3302,0,1,1,NA,2,202,I-10 E/B,CHERRY VALLEY BLVD,300,W,N,A,-,Y,NA,NA,NA,NA,NA,NA,NA,NA,NA,Y,2,0,3,4,A,-,08,22107,NA,N,B,C,A,A,H,-,C,D,0,NA,NA,NA,Y,Y,NA,G,27,1,0,2,0,0,0,0,0,0,-,-,33.96942901611328,-117.03771209716795,RIVERSIDE,BEAUMONT,-117.03670501708984,33.96867752075195
91151631,2019,2019-12-24,9685,2019-12-13,2143,015027,NA,5,2,9,3300,0,1,1,NA,2,030,S/B I-15,CALIFORNIA OAKS ROAD,50,S,N,A,-,Y,NA,NA,NA,NA,NA,NA,NA,NA,NA,Y,4,0,2,2,A,-,03,22350,NA,N,C,C,A,A,H,-,D,D,0,NA,NA,NA,NA,Y,NA,A,07,0,0,2,0,0,0,0,0,0,-,-,33.565528869628906,-117.20713043212892,RIVERSIDE,UNINCORPORATED,NA,NA
91151706,2019,2019-12-24,9840,2019-12-17,0440,021311,NA,2,3,9,3300,0,3,5,NA,2,002,RECHE CANYON RD.,MERCADANTE LN.,850,N,N,A,-,N,NA,NA,NA,NA,NA,NA,NA,NA,NA,Y,4,0,1,1,C,-,18,NA,NA,N,H,H,A,A,H,-,D,D,0,NA,NA,NA,NA,Y,NA,-,-,0,0,1,0,0,0,0,0,0,-,-,33.9964599609375,-117.23204803466795,RIVERSIDE,UNINCORPORATED,-117.23207855224608,33.99651336669922
9115201,2020,2020-07-30,3300,2020-06-10,1554,N6000,509A,3,5,5,3341,0,0,0,NA,0,059,MENIFEE RD,PACIFIC BLUFF ST,0,NA,Y,A,-,N,NA,NA,NA,NA,NA,NA,NA,NA,NA,Y,4,0,1,2,A,-,09,21453,C,N,A,C,A,A,H,-,A,A,0,NA,NA,NA,NA,Y,NA,A,01,0,0,1,0,0,0,0,0,0,-,-,33.65993118286133,-117.1553192138672,RIVERSIDE,MENIFEE,-117.15540313720705,33.65898895263672
91152054,2019,2019-12-24,9840,2019-12-22,0205,019874,NA,7,3,4,3312,0,1,1,NA,2,041,I-215 S/B,D ST,1500,N,N,A,-,Y,NA,NA,215,NA,NA,NA,NA,NA,S,Y,2,0,1,1,A,-,08,22107,NA,N,E,I,A,A,H,-,C,D,0,NA,NA,NA,NA,Y,NA,A,07,1,0,0,0,0,0,0,0,0,-,-,33.79351043701172,-117.22992706298828,RIVERSIDE,PERRIS,-117.22989654541016,33.79353332519531
91152313,2019,2019-12-25,9840,2019-12-23,1559,020058,NA,1,2,9,3300,0,3,5,NA,2,003,CAJALCO RD,TEMESCAL CANYON RD,4000,E,N,B,C,N,NA,NA,NA,NA,NA,NA,NA,NA,NA,Y,4,0,1,3,A,-,05,21460,A,N,D,C,A,B,H,-,D,D,0,NA,NA,NA,NA,Y,NA,A,01,0,0,1,0,0,0,0,0,0,-,-,33.824951171875,-117.5001220703125,RIVERSIDE,UNINCORPORATED,-117.5184326171875,33.82096862792969
91156025,2019,2019-12-31,9840,2019-12-20,1240,014868,NA,5,1,7,3313,0,1,1,NA,2,022,I-215 S/B,COLUMBIA AVE,1056,N,N,A,-,Y,NA,NA,215,NA,NA,NA,NA,NA,S,Y,4,0,2,2,A,-,03,22350,NA,N,C,C,A,A,H,-,A,D,0,NA,NA,NA,NA,Y,NA,A,01,0,0,2,0,0,0,0,0,0,-,-,34.005638122558594,-117.34932708740234,RIVERSIDE,RIVERSIDE,-117.34926605224608,34.00559997558594
91156234,2019,2019-12-31,9655,2019-12-23,1105,015795,NA,1,1,9,3300,0,1,1,NA,2,202,I-10 W/B,BROOKSIDE AVENUE O/C,200,E,N,B,C,Y,NA,NA,10,NA,NA,NA,NA,NA,W,N,4,0,1,2,A,-,03,22350,NA,N,C,C,A,B,H,-,A,D,0,NA,NA,NA,NA,Y,NA,M,47,0,0,1,0,0,0,0,0,0,-,-,33.95994186401367,-117.02316284179688,RIVERSIDE,UNINCORPORATED,-117.02307891845705,33.96006393432617
91157307,2019,2020-01-02,9840,2019-12-23,0650,017546,NA,1,1,6,3345,0,1,3,NA,2,010,SR-60 E/B,CAMINO REAL,330,W,N,B,C,Y,NA,NA,60,NA,NA,NA,NA,NA,E,Y,3,0,3,3,A,-,08,22107,NA,N,C,C,A,B,H,-,A,D,0,NA,NA,NA,NA,Y,NA,D,22,0,2,1,0,0,0,0,0,0,-,-,34.01433181762695,-117.451171875,RIVERSIDE,JURUPA VALLEY,-117.45118713378906,34.01423263549805
9115852,2020,2020-07-14,3300,2020-02-28,1624,5585,002Q,5,5,6,3345,0,0,0,NA,0,024,JURUPA RD,PEDLEY RD,0,NA,Y,A,-,N,NA,NA,NA,NA,NA,NA,NA,NA,NA,NA,3,0,1,2,A,-,12,22450,NA,N,D,C,A,A,H,-,A,A,0,NA,NA,NA,NA,Y,NA,A,01,0,1,0,0,0,0,0,0,0,-,-,33.99822998046875,-117.47454833984376,RIVERSIDE,JURUPA VALLEY,-117.47544097900392,33.999488830566406
91159733,2019,2020-01-06,9840,2019-12-26,0322,020220,NA,4,3,6,3315,0,1,3,NA,2,030,SR-91 W/B,SERFAS CLUB DR,1000,W,N,B,C,Y,NA,NA,91,NA,NA,NA,NA,NA,W,Y,4,0,1,1,A,-,08,22107,NA,N,E,I,A,B,H,-,C,D,0,NA,NA,NA,NA,Y,NA,A,01,0,0,1,0,0,0,0,0,0,-,-,33.88138961791992,-117.61575317382813,RIVERSIDE,CORONA,-117.61577606201172,33.88118362426758
91159761,2019,2020-01-06,9685,2019-12-28,1350,015906,NA,6,1,5,3335,0,1,1,NA,2,030,I-15 SOUTHBOUND,WINCHESTER ROAD O/C,1056,N,N,A,-,Y,NA,NA,15,NA,NA,NA,NA,NA,S,N,3,0,2,2,A,-,03,22350,NA,N,C,C,A,A,H,-,A,D,0,NA,NA,NA,NA,Y,NA,A,01,0,1,1,0,0,0,0,0,0,-,-,33.525638580322266,-117.16535186767578,RIVERSIDE,TEMECULA,-117.16531372070313,33.525665283203125
91160926,2019,2020-01-07,9685,2019-12-30,2002,015027,NA,1,2,9,3300,0,1,1,NA,2,030,S/B I-15,RAINBOW VALLEY BLVD,1584,N,N,A,-,Y,NA,NA,15,NA,NA,NA,NA,NA,NA,Y,2,0,3,1,A,-,08,22107,NA,N,F,A,A,A,H,-,D,D,0,NA,NA,NA,NA,Y,NA,A,07,1,0,2,0,0,0,0,0,0,-,-,33.44620895385742,-117.13675689697266,RIVERSIDE,UNINCORPORATED,-117.1366729736328,33.44618225097656