CASE_ID,ACCIDENT_YEAR,PROC_DATE,JURIS,COLLISION_DATE,COLLISION_TIME,OFFICER_ID,REPORTING_DISTRICT,DAY_OF_WEEK,CHP_SHIFT,POPULATION,CNTY_CITY_LOC,SPECIAL_COND,BEAT_TYPE,CHP_BEAT_TYPE,CITY_DIVISION_LAPD,CHP_BEAT_CLASS,BEAT_NUMBER,PRIMARY_RD,SECONDARY_RD,DISTANCE,DIRECTION,INTERSECTION,WEATHER_1,WEATHER_2,STATE_HWY_IND,CALTRANS_COUNTY,CALTRANS_DISTRICT,STATE_ROUTE,ROUTE_SUFFIX,POSTMILE_PREFIX,POSTMILE,LOCATION_TYPE,RAMP_INTERSECTION,SIDE_OF_HWY,TOW_AWAY,COLLISION_SEVERITY,NUMBER_KILLED,NUMBER_INJURED,PARTY_COUNT,PRIMARY_COLL_FACTOR,PCF_CODE_OF_VIOL,PCF_VIOL_CATEGORY,PCF_VIOLATION,PCF_VIOL_SUBSECTION,HIT_AND_RUN,TYPE_OF_COLLISION,MVIW,PED_ACTION,ROAD_SURFACE,ROAD_COND_1,ROAD_COND_2,LIGHTING,CONTROL_DEVICE,CHP_ROAD_TYPE,PEDESTRIAN_ACCIDENT,BICYCLE_ACCIDENT,MOTORCYCLE_ACCIDENT,TRUCK_ACCIDENT,NOT_PRIVATE_PROPERTY,ALCOHOL_INVOLVED,STWD_VEHTYPE_AT_FAULT,CHP_VEHTYPE_AT_FAULT,COUNT_SEVERE_INJ,COUNT_VISIBLE_INJ,COUNT_COMPLAINT_PAIN,COUNT_PED_KILLED,COUNT_PED_INJURED,COUNT_BICYCLIST_KILLED,COUNT_BICYCLIST_INJURED,COUNT_MC_KILLED,COUNT_MC_INJURED,PRIMARY_RAMP,SECONDARY_RAMP,LATITUDE,LONGITUDE,COUNTY,CITY,POINT_X,POINT_Y
91162189,2020,2020-01-09,9655,2020-01-01,0040,020704,NA,3,3,9,3300,0,3,5,NA,2,002,SAN TIMOTEO CANYON RD,REDLANDS BLVD,2000,E,N,A,-,N,NA,NA,NA,NA,NA,NA,NA,NA,NA,Y,3,0,1,1,A,-,01,23152,A,N,F,A,A,A,H,-,D,D,0,NA,NA,NA,NA,Y,Y,A,01,0,1,0,0,0,0,0,0,0,-,-,33.98986053466797,-117.15006256103516,RIVERSIDE,UNINCORPORATED,-117.14915466308594,33.988895416259766
91163879,2020,2020-01-13,9655,2020-01-04,2105,019630,NA,6,2,9,3300,0,3,5,NA,2,003,CATLIN AVE,SR-79,340,W,N,A,-,N,NA,NA,NA,NA,NA,NA,NA,NA,NA,Y,4,0,1,2,A,-,01,23152,A,N,A,C,A,A,H,-,D,D,0,NA,NA,NA,NA,Y,Y,A,07,0,0,1,0,0,0,0,0,0,-,-,33.735408782958984,-117.07740020751952,RIVERSIDE,UNINCORPORATED,-117.077471,33.735388
91163906,2019,2020-01-13,9840,2019-12-23,2255,021047,NA,1,3,7,3313,0,1,1,NA,2,022,I-215 N/B,COLUMBIA AVE.,2225,S,N,A,-,Y,NA,NA,215,NA,NA,NA,NA,NA,N,Y,3,0,1,2,A,-,08,22107,NA,F,B,C,A,A,H,-,D,D,0,NA,NA,NA,NA,Y,NA,-,99,0,1,0,0,0,0,0,0,0,-,-,33.99586868286133,-117.35552978515624,RIVERSIDE,RIVERSIDE,-117.35550689697266,33.995853424072266
91164216,2020,2020-01-13,9685,2020-01-06,1505,016185,NA,1,2,9,3300,0,1,3,NA,1,026,SR-74 W/B,SULTANAS ROAD,168,E,N,A,-,Y,NA,NA,74,NA,NA,NA,NA,NA,W,Y,3,0,1,2,A,-,03,22350,NA,N,C,C,A,A,H,-,A,D,0,NA,NA,Y,NA,Y,NA,C,02,0,1,0,0,0,0,0,0,1,-,-,33.74330139160156,-117.12709808349608,RIVERSIDE,UNINCORPORATED,-117.12709808349608,33.74325942993164
9116423,2020,2020-08-25,3300,2020-06-07,2006,5132,002,7,5,6,3345,0,0,0,NA,0,020,MISSION BL,CONNING ST,964,E,N,A,-,N,NA,NA,NA,NA,NA,NA,NA,NA,NA,Y,3,0,1,1,A,-,07,21658,A,N,E,J,A,A,H,-,B,D,0,NA,NA,NA,NA,Y,NA,A,01,0,1,0,0,0,0,0,0,0,-,-,34.01525115966797,-117.50383758544922,RIVERSIDE,JURUPA VALLEY,-117.50178527832033,34.013423919677734
91164926,2020,2020-01-14,9840,2020-01-08,1615,016619,NA,3,2,6,3345,0,1,3,NA,2,010,SR-60 W/B,ETIWANDA AVE,1584,E,N,A,-,Y,NA,NA,NA,NA,NA,NA,NA,NA,NA,Y,3,0,2,2,A,-,08,22107,NA,N,B,C,A,A,H,-,A,D,0,NA,NA,NA,NA,Y,NA,A,01,0,2,0,0,0,0,0,0,0,-,-,34.175498962402344,-117.31124877929688,RIVERSIDE,JURUPA VALLEY,-117.51929473876952,34.018524169921875
91165207,2020,2020-01-14,9655,2020-01-09,1415,015892,NA,4,2,9,3300,0,1,3,NA,1,117,STATE ROUTE 74,KEEN CAMP ROAD,4752,E,N,B,D,Y,NA,NA,74,NA,NA,NA,NA,NA,NA,Y,3,0,1,1,A,-,03,22350,NA,N,E,I,A,C,H,-,A,D,0,NA,NA,NA,NA,Y,NA,A,01,0,1,0,0,0,0,0,0,0,-,-,33.690521240234375,-116.70806884765624,RIVERSIDE,UNINCORPORATED,-116.70804595947266,33.69057846069336
91165777,2020,2020-01-15,9685,2020-01-13,1100,015757,NA,1,1,4,3342,0,1,1,NA,2,034,I-215 N/B (ESCONDIDO FWY),SCOTT RD,5280,S,N,A,-,Y,NA,NA,215,NA,NA,NA,NA,NA,N,N,3,0,1,1,C,-,18,NA,NA,N,H,A,A,A,H,-,A,D,0,NA,NA,NA,NA,Y,NA,-,-,0,1,0,0,0,0,0,0,0,-,-,33.62575912475586,-117.17127227783205,RIVERSIDE,MURRIETA,-117.17104339599608,33.625755310058594
91165865,2019,2020-01-15,9840,2019-12-08,2312,021042,NA,7,3,6,3315,0,1,1,NA,2,034,I-15 N/B,SR-91,1055,S,N,B,-,Y,NA,NA,15,NA,NA,NA,NA,NA,N,Y,3,0,2,1,A,-,08,22107,NA,N,E,I,A,B,H,-,C,D,0,NA,NA,NA,NA,Y,Y,A,01,0,1,1,0,0,0,0,0,0,-,-,33.87942123413086,-117.54644012451172,RIVERSIDE,CORONA,-117.54627227783205,33.87947082519531
91166059,2020,2020-01-15,9655,2020-01-12,0155,020704,NA,7,3,9,3300,0,1,1,NA,2,204,W/B I-10,HARGRAVE ST,2000,E,N,A,-,Y,NA,NA,NA,NA,NA,NA,NA,NA,NA,Y,4,0,1,1,A,-,01,23152,A,N,E,I,A,A,H,-,D,D,0,NA,NA,NA,NA,Y,Y,A,07,0,0,1,0,0,0,0,0,0,-,-,33.9246711730957,-116.86094665527344,RIVERSIDE,UNINCORPORATED,NA,NA
91167561,2020,2020-01-17,9840,2020-01-16,1416,015663,NA,4,2,6,3315,0,1,1,NA,2,034,I-15 N/B,MAGNOLIA AVE,685,N,N,A,-,Y,NA,NA,15,NA,NA,NA,NA,NA,N,N,4,0,1,2,A,-,03,22350,NA,N,C,C,A,A,H,-,A,D,0,NA,NA,NA,NA,Y,NA,D,22,0,0,1,0,0,0,0,0,0,-,-,33.8678092956543,-117.54328918457033,RIVERSIDE,CORONA,-117.5432586669922,33.86782455444336
9116805,2020,2020-09-14,3313,2020-06-12,2208,1968,5,5,5,7,3313,0,0,0,NA,0,3R56,INDIANA AV,VANCE ST,72,W,N,A,-,N,NA,NA,NA,NA,NA,NA,NA,NA,NA,NA,4,0,2,2,A,-,01,23152,A,N,C,C,A,A,H,-,C,D,0,NA,NA,NA,Y,Y,Y,F,26,0,0,2,0,0,0,0,0,0,-,-,33.92470169067383,-117.42252349853516,RIVERSIDE,RIVERSIDE,-117.42268371582033,33.92479705810547
9116829,2020,2020-09-15,3313,2020-06-25,1408,1991,3,4,5,7,3313,0,0,0,NA,0,T74,OLD 215 FRONTAGE RD,COTTONWOOD AV,890,S,N,A,-,N,NA,NA,NA,NA,NA,NA,NA,NA,NA,Y,4,0,1,2,A,-,03,22350,NA,N,C,C,A,A,H,-,A,D,0,NA,NA,NA,NA,Y,NA,A,01,0,0,1,0,0,0,0,0,0,-,-,NA,NA,RIVERSIDE,RIVERSIDE,-117.28548431396484,33.921783447265625
91173841,2020,2020-01-27,9840,2020-01-12,1915,020659,NA,7,2,7,3313,0,1,1,NA,2,022,I-215 S/B,CENTER ST.,2830,S,N,A,-,Y,NA,NA,NA,NA,NA,NA,NA,NA,NA,Y,3,0,1,2,A,-,03,22350,NA,N,C,C,A,A,H,-,D,D,0,NA,NA,NA,Y,Y,NA,G,25,0,1,0,0,0,0,0,0,0,-,-,33.01539993286133,-117.34262847900392,RIVERSIDE,RIVERSIDE,NA,NA
91174121,2020,2020-01-27,9630,2020-01-19,2100,020845,NA,7,2,9,3300,0,3,5,NA,2,401,DILLON RD,LONG CANYON RD,15,W,N,A,-,N,NA,NA,NA,NA,NA,NA,NA,NA,NA,Y,3,0,1,2,A,-,12,22450,A,N,D,C,A,A,H,-,A,A,0,NA,NA,NA,NA,Y,NA,A,01,0,1,0,0,0,0,0,0,0,-,-,33.925289154052734,-116.45812225341795,RIVERSIDE,UNINCORPORATED,-116.45819091796876,33.92527770996094
91174556,2020,2020-01-27,9840,2020-01-24,1640,021311,NA,5,2,7,3313,0,1,3,NA,2,025,SR-60 W/B,DAY ST,1300,W,N,A,-,Y,NA,NA,60,NA,NA,NA,NA,NA,W,N,4,0,1,2,A,-,03,22350,NA,N,C,C,A,A,H,-,A,D,0,NA,NA,NA,NA,Y,NA,A,01,0,0,1,0,0,0,0,0,0,-,-,33.94322967529297,-117.2829818725586,RIVERSIDE,RIVERSIDE,-117.28295135498048,33.94340133666992
91176748,2020,2020-01-30,9840,2020-01-16,1300,014366,NA,4,1,9,3300,0,1,1,NA,2,037,I-15 N/B,INDIAN TRUCK TRAIL,1074,N,N,A,-,Y,NA,NA,15,NA,NA,NA,NA,NA,N,Y,4,0,1,2,A,-,07,21658,A,N,B,C,A,A,H,-,A,D,0,NA,NA,NA,Y,Y,NA,A,01,0,0,1,0,0,0,0,0,0,-,-,33.767799377441406,-117.47830200195313,RIVERSIDE,UNINCORPORATED,-117.47830200195313,33.76779556274414
91178390,2020,2020-02-03,9685,2020-01-26,0023,015906,NA,7,3,4,3342,0,1,1,NA,2,030,I-15 N/B,CALIFORNIA OAKS ROAD,3168,N,N,A,-,Y,NA,NA,15,NA,NA,NA,NA,NA,N,Y,3,0,1,3,A,-,01,23152,A,N,C,C,A,A,H,-,D,D,0,NA,NA,Y,NA,Y,Y,C,02,0,1,0,0,0,0,0,0,1,-,-,33.57135009765625,-117.21443939208984,RIVERSIDE,MURRIETA,-117.21444702148438,33.57133483886719
91178550,2020,2020-02-03,9840,2020-01-30,1803,020455,NA,4,2,6,3315,0,1,3,NA,2,030,SR-91 W/B,SR-71,500,E,N,A,-,Y,NA,NA,91,NA,NA,NA,NA,NA,W,Y,3,0,2,4,A,-,03,22350,NA,M,C,C,A,A,H,-,C,D,0,NA,NA,NA,NA,Y,NA,A,01,0,2,0,0,0,0,0,0,0,-,-,33.88399124145508,-117.63909149169922,RIVERSIDE,CORONA,-117.63909912109376,33.8840446472168
91178567,2020,2020-02-03,9840,2020-01-31,2228,018849,NA,5,3,6,3345,0,1,3,NA,2,010,I-15 S/B TO SR-60 E/B,WINEVILLE RD,415,E,N,A,-,Y,NA,NA,NA,NA,NA,NA,NA,NA,NA,Y,4,0,1,1,A,-,08,22107,NA,N,E,I,A,A,H,-,D,D,0,NA,NA,NA,NA,Y,NA,A,01,0,0,1,0,0,0,0,0,0,-,-,34.0186882019043,-117.54038238525392,RIVERSIDE,JURUPA VALLEY,NA,NA
9118055,2020,2020-10-20,3300,2020-06-18,1243,5221,30J1,4,5,4,3318,0,0,0,NA,0,MO872,RT 111,CABRILLO AV,0,NA,Y,A,-,N,NA,NA,NA,NA,NA,NA,NA,NA,NA,Y,2,0,1,2,A,-,12,21453,A,N,D,C,A,A,H,-,A,A,0,NA,NA,Y,NA,Y,NA,C,02,1,0,0,0,0,0,0,0,1,-,-,33.72126007080078,-116.37100982666016,RIVERSIDE,PALM DESERT,-116.37081909179688,33.721378326416016
91180623,2020,2020-02-05,9840,2020-01-14,1900,021198,NA,2,2,7,3313,0,1,1,NA,2,022,I-215 S/B,CENTER ST,1915,S,N,A,-,Y,NA,NA,215,NA,NA,NA,NA,NA,S,Y,3,0,1,1,A,-,01,23152,A,N,E,C,A,A,H,-,A,D,0,NA,NA,NA,NA,Y,Y,A,01,0,1,0,0,0,0,0,0,0,-,-,34.01081848144531,-117.3457489013672,RIVERSIDE,RIVERSIDE,-117.34576416015624,34.01082992553711
91181243,2020,2020-02-06,9840,2020-01-27,1025,017441,NA,1,1,7,3313,0,1,1,NA,2,023,I-215 N/B,CENTRAL AVE.,1650,N,N,A,-,Y,NA,NA,215,NA,NA,NA,NA,NA,N,Y,4,0,1,2,A,-,03,22350,NA,N,C,C,A,A,H,-,A,D,0,NA,NA,NA,NA,Y,NA,D,22,0,0,1,0,0,0,0,0,0,-,-,33.96091842651367,-117.31436920166016,RIVERSIDE,RIVERSIDE,-117.31436920166016,33.96090316772461
91181390,2020,2020-02-06,9840,2020-01-31,1435,017504,NA,5,2,9,3300,0,3,5,NA,2,004,ELLIS AVE.,READ ST.,854,W,N,A,-,N,NA,NA,NA,NA,NA,NA,NA,NA,NA,N,4,0,1,2,A,-,03,22350,NA,N,C,C,A,A,H,-,A,D,0,NA,NA,NA,NA,Y,NA,D,22,0,0,1,0,0,0,0,0,0,-,-,33.77193069458008,-117.29161071777344,RIVERSIDE,UNINCORPORATED,-117.29153442382813,33.771881103515625
9118149,2020,2020-11-14,3315,2020-06-19,1429,003187,6E,5,5,6,3315,0,0,0,NA,0,001,LINCOLN AV,RT 91,0,NA,Y,A,-,Y,RIV,8,91,-,-,5.548,R,4,W,N,4,0,1,2,A,-,03,22350,NA,N,D,C,A,A,H,-,A,A,0,NA,NA,NA,NA,Y,NA,A,01,0,0,1,0,0,0,0,0,0,-,WF,33.882408142089844,-117.58245849609376,RIVERSIDE,CORONA,-117.57964324951172,33.88164138793945
91182662,2020,2020-02-07,9685,2020-01-31,1715,016185,NA,5,2,4,3342,0,1,1,NA,2,034,I-215 N/B FROM CLINTON KEITH ROAD,CLINTON KEITH ROAD,32,N,N,A,-,Y,NA,NA,215,NA,NA,NA,R,NA,N,Y,3,0,1,2,A,-,03,22350,NA,N,C,C,A,A,H,-,B,A,0,NA,NA,NA,NA,Y,NA,D,22,0,1,0,0,0,0,0,0,0,-,-,33.598201751708984,-117.17420196533205,RIVERSIDE,MURRIETA,-117.17420196533205,33.598201751708984
91183777,2020,2020-02-10,9655,2020-01-31,1900,018677,NA,5,2,9,3300,0,1,3,NA,2,217,SR-111 N/B,I-10 W/B,200,N,N,A,-,Y,NA,NA,NA,NA,NA,NA,NA,NA,NA,Y,4,0,1,2,A,-,03,22350,NA,N,C,C,A,A,H,-,D,D,0,NA,NA,NA,NA,Y,NA,A,08,0,0,1,0,0,0,0,0,0,-,-,33.92321014404297,-116.6816864013672,RIVERSIDE,UNINCORPORATED,NA,NA
91183790,2020,2020-02-10,9685,2020-02-04,1002,017285,NA,2,1,4,3342,0,1,1,NA,2,030,I-15 S/B,WINCHESTER ROAD,5808,N,N,A,-,Y,NA,NA,15,NA,NA,NA,NA,NA,S,Y,4,0,1,3,A,-,07,21658,A,N,D,C,A,A,H,-,A,D,0,NA,NA,NA,Y,Y,NA,A,01,0,0,1,0,0,0,0,0,0,-,-,33.53767013549805,-117.17352294921876,RIVERSIDE,MURRIETA,-117.17337799072266,33.53776550292969
91183815,2020,2020-02-10,9655,2020-02-01,1115,018905,NA,6,1,9,3300,0,3,5,NA,2,003,STETSON AVE,YALE ST,195,W,N,A,-,N,NA,NA,NA,NA,NA,NA,NA,NA,NA,Y,4,0,1,2,A,-,09,21801,A,N,A,C,A,A,H,-,A,A,0,NA,NA,NA,NA,Y,NA,A,01,0,0,1,0,0,0,0,0,0,-,-,33.72949981689453,-116.95046997070313,RIVERSIDE,UNINCORPORATED,-116.95044708251952,33.72949981689453
91184624,2020,2020-02-11,9840,2020-02-11,0805,017546,NA,2,1,7,3313,0,1,3,NA,2,201,SR-91 W/B,LA SIERRA AVE,1600,E,N,A,G,Y,NA,NA,91,NA,NA,NA,NA,NA,W,Y,4,0,1,3,A,-,08,22107,NA,N,B,C,A,A,H,-,A,D,0,NA,NA,Y,NA,Y,NA,C,02,0,0,1,0,0,0,0,0,1,-,-,33.90140914916992,-117.46810150146484,RIVERSIDE,RIVERSIDE,-117.46811676025392,33.90145492553711
91188200,2020,2020-02-18,9840,2020-02-11,1710,019242,NA,2,2,9,3300,0,3,5,NA,2,003,CAJALCO ROAD,LA SIERRA AVE,5280,W,N,A,-,N,NA,NA,NA,NA,NA,NA,NA,NA,NA,Y,3,0,5,2,A,-,05,21460,A,N,A,C,A,A,H,-,A,D,0,NA,NA,NA,NA,Y,NA,A,01,0,2,3,0,0,0,0,0,0,-,-,33.82809829711914,-117.47509765625,RIVERSIDE,UNINCORPORATED,-117.4749755859375,33.827964782714844
91188923,2020,2020-02-19,9840,2020-02-05,0509,018849,NA,3,3,9,3300,0,1,3,NA,2,030,SR-91 W/B,SERFAS CLUB DR.,1960,W,N,A,-,Y,NA,NA,91,NA,NA,NA,NA,NA,W,Y,2,0,1,3,A,-,07,21658,A,N,B,C,A,A,H,-,C,D,0,NA,NA,Y,NA,Y,NA,D,22,1,0,0,0,0,0,0,0,1,-,-,33.88174819946289,-117.61966705322266,RIVERSIDE,UNINCORPORATED,-117.61968231201172,33.881656646728516
91189791,2020,2020-02-20,9840,2020-02-08,0358,021261,NA,6,3,9,3300,0,2,4,NA,2,042,VAN BUREN BLVD,MOCKINGBIRD CNYN RD,830,E,N,A,-,N,NA,NA,NA,NA,NA,NA,NA,NA,NA,Y,4,0,1,1,A,-,01,23152,A,N,E,I,A,A,H,-,D,D,0,NA,NA,NA,NA,Y,Y,A,01,0,0,1,0,0,0,0,0,0,-,-,33.88230895996094,-117.4031219482422,RIVERSIDE,UNINCORPORATED,-117.40330505371094,33.88229751586914
91190503,2020,2020-02-20,9840,2020-02-17,1610,014571,NA,1,2,9,3300,0,2,4,NA,2,045,CARPINUS DR.,CAJALCO RD.,0,NA,Y,A,-,N,NA,NA,NA,NA,NA,NA,NA,NA,NA,Y,4,0,1,2,A,-,09,21802,A,N,D,C,A,A,H,-,A,A,0,NA,NA,NA,NA,Y,NA,A,01,0,0,1,0,0,0,0,0,0,-,-,33.83700180053711,-117.31990051269533,RIVERSIDE,UNINCORPORATED,-117.32061767578124,33.83702850341797
91190575,2020,2020-02-20,9840,2020-02-17,1722,018611,NA,1,2,9,3300,0,1,3,NA,2,030,SR-91 E/B,SR-71,150,W,N,A,-,Y,NA,NA,91,NA,NA,NA,NA,NA,E,N,4,0,1,2,A,-,03,22350,NA,N,C,C,A,A,H,-,A,D,0,NA,NA,NA,NA,Y,NA,A,08,0,0,1,0,0,0,0,0,0,-,-,33.88328170776367,-117.64035034179688,RIVERSIDE,UNINCORPORATED,-117.6404037475586,33.88346481323242
91193073,2020,2020-02-25,9840,2020-02-12,0645,014868,NA,3,1,7,3313,0,1,3,NA,2,010,SR-60 W/B,ORANGE ST,100,E,N,A,-,Y,NA,NA,60,NA,NA,NA,NA,NA,W,Y,4,0,1,2,A,-,07,21658,A,N,C,C,A,A,H,-,A,D,0,NA,NA,NA,NA,Y,NA,A,07,0,0,1,0,0,0,0,0,0,-,-,33.996280670166016,-117.36380004882813,RIVERSIDE,RIVERSIDE,-117.36383056640624,33.99620819091797
91193180,2020,2020-12-16,9685,2020-02-08,1320,017285,NA,6,1,3,3343,0,1,1,NA,2,010,I-15 N/B,BAXTER ROAD,2640,N,N,A,-,Y,NA,NA,15,NA,NA,NA,NA,NA,N,Y,2,0,5,2,A,-,07,21658,A,F,B,C,A,A,H,-,A,D,0,NA,NA,NA,NA,Y,NA,A,01,2,0,3,0,0,0,0,0,0,-,-,33.61845016479492,-117.26551055908205,RIVERSIDE,WILDOMAR,-117.26539611816406,33.618553161621094
91193397,2020,2020-02-25,9840,2020-02-11,1640,013968,NA,2,2,4,3310,0,1,1,NA,2,011,I-15 N/B,DETROIT ST.,191,N,N,A,-,Y,NA,NA,15,NA,NA,NA,NA,NA,N,N,4,0,1,3,A,-,03,22350,NA,N,F,A,A,A,D,-,A,D,0,NA,NA,Y,NA,Y,NA,C,02,0,0,1,0,0,0,0,0,1,-,-,33.941490173339844,-117.5553970336914,RIVERSIDE,NORCO,-117.5554656982422,33.941497802734375
91193661,2020,2020-02-26,9840,2020-02-19,0338,018072,NA,3,3,9,3300,0,1,1,NA,2,040,I-215 N/B,VAN BUREN BOULEVARD,2500,S,N,E,-,Y,NA,NA,215,NA,NA,NA,NA,NA,N,Y,4,0,1,2,A,-,03,22350,NA,N,C,C,A,A,H,-,D,D,0,NA,NA,NA,NA,Y,Y,A,01,0,0,1,0,0,0,0,0,0,-,-,33.877159118652344,-117.2658233642578,RIVERSIDE,UNINCORPORATED,-117.26586151123048,33.87714385986328
91199473,2020,2020-03-02,9655,2020-02-20,0840,013757,NA,4,1,9,3300,0,1,3,NA,2,315,SR-79,SR-74,40,W,N,A,-,Y,NA,NA,79,NA,NA,NA,NA,NA,NA,N,4,0,1,2,A,-,03,22350,NA,N,D,C,A,A,H,-,A,A,0,NA,NA,NA,Y,Y,NA,D,22,0,0,1,0,0,0,0,0,0,-,-,33.73881912231445,-117.07647705078124,RIVERSIDE,UNINCORPORATED,-117.07646942138672,33.73881912231445
91202778,2020,2020-03-05,9840,2020-03-03,1540,021481,NA,2,2,7,3313,0,1,1,NA,2,023,I-215 N/B FROM MARTIN LUTHER KING BLVD,MARTIN LUTHER KING BLVD,528,S,N,A,-,Y,NA,NA,215,NA,NA,NA,R,NA,N,Y,4,0,1,2,A,-,03,22350,NA,N,C,C,A,A,H,-,A,A,0,NA,NA,NA,NA,Y,NA,A,01,0,0,1,0,0,0,0,0,0,-,-,33.97032928466797,-117.32994842529295,RIVERSIDE,RIVERSIDE,-117.32994842529295,33.97032928466797
91207859,2020,2020-03-13,9840,2020-03-08,0805,017882,NA,7,1,9,3300,0,2,4,NA,2,045,CAJALCO RD.,HARLEY JOHN RD.,1105,W,N,A,-,N,NA,NA,NA,NA,NA,NA,NA,NA,NA,N,3,0,1,2,A,-,08,22107,NA,N,B,G,A,A,H,-,A,D,0,NA,Y,NA,NA,Y,NA,A,01,0,1,0,0,0,0,1,0,0,-,-,33.83409881591797,-117.3572006225586,RIVERSIDE,UNINCORPORATED,-117.35730743408205,33.83405685424805
91210279,2020,2020-03-17,9840,2020-03-13,1630,014571,NA,5,2,9,3300,0,2,4,NA,2,042,VAN BUREN BLVD. W/B,RIDGEWAY AVE.,348,E,N,B,-,N,NA,NA,NA,NA,NA,NA,NA,NA,NA,Y,4,0,1,1,A,-,08,22107,NA,N,E,I,A,A,H,-,A,D,0,NA,NA,NA,NA,Y,NA,A,01,0,0,1,0,0,0,0,0,0,-,-,33.88719940185547,-117.34329986572266,RIVERSIDE,UNINCORPORATED,-117.3432159423828,33.88721466064453
91210735,2020,2020-03-18,9840,2020-03-14,2008,021297,NA,6,2,9,3300,0,2,4,NA,2,045,CAJALCO RD,WOOD RD,30,E,N,B,-,N,NA,NA,NA,NA,NA,NA,NA,NA,NA,Y,3,0,2,2,A,-,05,21651,B,N,A,C,A,B,H,-,D,D,0,NA,NA,NA,NA,Y,NA,D,22,0,2,0,0,0,0,0,0,0,-,-,33.83660888671875,-117.30819702148438,RIVERSIDE,UNINCORPORATED,-117.33102416992188,33.836544036865234
91210739,2020,2020-03-18,9840,2020-03-11,1010,019361,NA,3,1,6,3345,0,1,3,NA,2,010,SR-60 W/B,RUBIDOUX BOULEVARD,420,E,N,B,-,Y,NA,NA,60,NA,NA,NA,NA,NA,W,Y,3,0,3,2,A,-,03,22350,NA,N,C,C,A,A,H,-,A,D,0,NA,NA,NA,NA,Y,NA,A,01,0,1,2,0,0,0,0,0,0,-,-,34.004798889160156,-117.3986587524414,RIVERSIDE,JURUPA VALLEY,-117.39866638183594,34.00483703613281
91210809,2020,2020-03-18,9840,2020-03-16,2312,020102,NA,1,3,7,3313,0,1,1,NA,2,023,I-215 N/B,CENTRAL AVE,350,S,N,B,C,Y,NA,NA,NA,NA,NA,NA,NA,NA,NA,Y,4,0,1,2,A,-,08,22107,NA,N,E,I,A,B,H,-,C,D,0,NA,NA,NA,NA,Y,NA,A,01,0,0,1,0,0,0,0,0,0,-,-,33.95827102661133,-117.30853271484376,RIVERSIDE,RIVERSIDE,NA,NA
9121247,2020,2020-10-07,3313,2020-07-01,1612,1989,Z,3,5,7,3313,0,0,0,NA,0,T43,CHICAGO AV,HIBISCUS AV,40,N,N,A,-,N,NA,NA,NA,NA,NA,NA,NA,NA,NA,Y,4,0,1,1,A,-,03,22350,NA,N,E,I,A,A,H,-,A,B,0,NA,NA,NA,NA,Y,NA,A,07,0,0,1,0,0,0,0,0,0,-,-,NA,NA,RIVERSIDE,RIVERSIDE,-117.34867095947266,33.890968322753906
91212666,2020,2020-03-20,9840,2020-03-12,1330,021311,NA,4,1,6,3315,0,1,3,NA,2,030,SR-91 W/B,GREEN RIVER RD,600,E,N,B,C,Y,NA,NA,91,NA,NA,NA,NA,NA,W,N,4,0,1,2,A,-,08,22107,NA,N,D,C,A,B,H,-,A,D,0,NA,NA,NA,NA,Y,NA,D,22,0,0,1,0,0,0,0,0,0,-,-,33.87950897216797,-117.65641021728516,RIVERSIDE,CORONA,-117.65637969970705,33.87945556640625
91212740,2020,2020-03-20,9840,2020-03-19,1454,018611,NA,4,2,4,3310,0,1,1,NA,2,011,I-15 N/B,HIDDEN VALLEY PARKWAY,800,N,N,B,C,Y,NA,NA,15,NA,NA,NA,NA,NA,N,N,4,0,1,1,A,-,03,22350,NA,N,E,I,A,B,D,H,A,D,0,NA,NA,NA,NA,Y,NA,A,01,0,0,1,0,0,0,0,0,0,-,-,33.901119232177734,-117.55998992919922,RIVERSIDE,NORCO,-117.56004333496094,33.90111541748047
91213137,2020,2020-03-20,9685,2020-03-15,2335,016347,NA,7,3,9,3300,0,1,3,NA,2,011,SR-74 E/B (ORTEGA HWY),DECKER CANYON ROAD,177,W,N,A,-,Y,NA,NA,74,NA,NA,NA,NA,NA,E,Y,3,0,1,1,A,-,01,23152,A,N,E,I,A,A,H,-,D,D,0,NA,NA,Y,NA,Y,Y,C,02,0,1,0,0,0,0,0,0,1,-,-,33.619998931884766,-117.42310333251952,RIVERSIDE,UNINCORPORATED,-117.42308044433594,33.619998931884766