CASE_ID,ACCIDENT_YEAR,PROC_DATE,JURIS,COLLISION_DATE,COLLISION_TIME,OFFICER_ID,REPORTING_DISTRICT,DAY_OF_WEEK,CHP_SHIFT,POPULATION,CNTY_CITY_LOC,SPECIAL_COND,BEAT_TYPE,CHP_BEAT_TYPE,CITY_DIVISION_LAPD,CHP_BEAT_CLASS,BEAT_NUMBER,PRIMARY_RD,SECONDARY_RD,DISTANCE,DIRECTION,INTERSECTION,WEATHER_1,WEATHER_2,STATE_HWY_IND,CALTRANS_COUNTY,CALTRANS_DISTRICT,STATE_ROUTE,ROUTE_SUFFIX,POSTMILE_PREFIX,POSTMILE,LOCATION_TYPE,RAMP_INTERSECTION,SIDE_OF_HWY,TOW_AWAY,COLLISION_SEVERITY,NUMBER_KILLED,NUMBER_INJURED,PARTY_COUNT,PRIMARY_COLL_FACTOR,PCF_CODE_OF_VIOL,PCF_VIOL_CATEGORY,PCF_VIOLATION,PCF_VIOL_SUBSECTION,HIT_AND_RUN,TYPE_OF_COLLISION,MVIW,PED_ACTION,ROAD_SURFACE,ROAD_COND_1,ROAD_COND_2,LIGHTING,CONTROL_DEVICE,CHP_ROAD_TYPE,PEDESTRIAN_ACCIDENT,BICYCLE_ACCIDENT,MOTORCYCLE_ACCIDENT,TRUCK_ACCIDENT,NOT_PRIVATE_PROPERTY,ALCOHOL_INVOLVED,STWD_VEHTYPE_AT_FAULT,CHP_VEHTYPE_AT_FAULT,COUNT_SEVERE_INJ,COUNT_VISIBLE_INJ,COUNT_COMPLAINT_PAIN,COUNT_PED_KILLED,COUNT_PED_INJURED,COUNT_BICYCLIST_KILLED,COUNT_BICYCLIST_INJURED,COUNT_MC_KILLED,COUNT_MC_INJURED,PRIMARY_RAMP,SECONDARY_RAMP,LATITUDE,LONGITUDE,COUNTY,CITY,POINT_X,POINT_Y
91306755,2020,2020-09-17,9685,2020-09-10,0400,015800,NA,4,3,5,3335,0,1,1,NA,2,030,I-15 SOUTHBOUND,TEMECULA PARKWAY,25,N,N,A,-,Y,NA,NA,15,NA,NA,NA,NA,NA,S,Y,3,0,2,2,A,-,03,22350,NA,N,C,C,A,A,H,-,C,D,0,NA,NA,NA,NA,Y,NA,A,01,0,2,0,0,0,0,0,0,0,-,-,33.481651306152344,-117.14128875732422,RIVERSIDE,TEMECULA,-117.14128112792967,33.481651306152344
91308422,2020,2020-09-21,9840,2020-09-12,0052,018849,NA,6,3,9,3300,0,3,5,NA,2,004,GAVILAN RD,ELDERIDGE DR,280,S,N,A,-,N,NA,NA,NA,NA,NA,NA,NA,NA,NA,Y,3,0,1,1,A,-,01,23152,A,N,E,I,A,A,H,-,D,D,0,NA,NA,NA,NA,Y,Y,A,01,0,1,0,0,0,0,0,0,0,-,-,33.82691955566406,-117.36293029785156,RIVERSIDE,UNINCORPORATED,-117.36293029785156,33.8270378112793
91308467,2020,2020-09-21,9685,2020-08-28,2135,017919,NA,5,2,9,3300,0,1,3,NA,1,026,SR-74,HOMELAND AVE.,5,W,N,A,-,N,NA,NA,74,NA,NA,NA,NA,NA,NA,Y,2,0,1,2,A,-,10,21950,A,F,G,B,D,A,H,-,C,D,0,Y,NA,Y,NA,Y,NA,C,02,1,0,0,0,1,0,0,0,0,-,-,33.74327850341797,-117.11260986328124,RIVERSIDE,UNINCORPORATED,-117.11260986328124,33.74326705932617
91318136,2020,2020-12-21,9840,2020-09-28,0420,019844,NA,1,3,7,3313,0,1,3,NA,2,020,SR-91 W/B,ADAMS ST,1500,W,N,A,-,Y,NA,NA,91,NA,NA,NA,NA,NA,W,Y,4,0,2,3,A,-,03,22350,NA,N,C,C,A,A,H,-,D,D,0,NA,NA,NA,NA,Y,NA,A,01,0,0,2,0,0,0,0,0,0,-,-,33.92362976074219,-117.42637634277344,RIVERSIDE,RIVERSIDE,-117.42643737792967,33.923736572265625
9131899,2020,2020-10-13,3313,2020-07-21,1026,1783,3,2,5,7,3313,0,0,0,NA,0,M18,ALESSANDRO BL,MISSION GROVE PKWY,60,E,N,A,-,N,NA,NA,NA,NA,NA,NA,NA,NA,NA,NA,4,0,1,2,A,-,03,22350,NA,N,C,C,A,A,H,-,A,A,0,NA,NA,NA,NA,Y,NA,A,01,0,0,1,0,0,0,0,0,0,-,-,33.91651153564453,-117.32460021972656,RIVERSIDE,RIVERSIDE,-117.32453155517578,33.9164924621582
9131900,2020,2020-10-13,3313,2020-07-21,1152,1686,1,2,5,7,3313,0,0,0,NA,0,T58,MAGNOLIA AV,ELIZABETH ST,6,S,N,A,-,N,NA,NA,NA,NA,NA,NA,NA,NA,NA,NA,3,0,1,2,A,-,05,21650,1,N,D,G,A,A,H,-,A,D,0,NA,Y,NA,NA,Y,NA,L,04,0,1,0,0,0,0,1,0,0,-,-,33.95833969116211,-117.39260864257813,RIVERSIDE,RIVERSIDE,-117.39268493652344,33.9594841003418
9131902,2020,2020-10-13,3313,2020-07-19,2046,1736,5,7,5,7,3313,0,0,0,NA,0,T49,POLK ST,HOLLENBECK DR,45,N,N,A,-,N,NA,NA,NA,NA,NA,NA,NA,NA,NA,Y,4,0,1,2,A,-,08,22107,NA,N,C,E,A,A,H,-,C,A,0,NA,NA,NA,NA,Y,NA,A,01,0,0,1,0,0,0,0,0,0,-,-,33.916229248046875,-117.47598266601563,RIVERSIDE,RIVERSIDE,-117.47607421875,33.91651916503906
91319256,2020,2020-10-07,9685,2020-10-02,1605,018539,NA,5,2,9,3300,0,1,1,NA,2,030,I-15 N/B,RAINBOW VALLEY BLVD,5280,N,N,A,-,Y,NA,NA,15,NA,NA,NA,NA,NA,N,Y,4,0,1,2,A,-,03,22350,NA,N,C,C,A,A,H,-,A,D,0,NA,NA,NA,NA,Y,NA,D,22,0,0,1,0,0,0,0,0,0,-,-,33.44337844848633,-117.13706207275392,RIVERSIDE,UNINCORPORATED,-117.13714599609376,33.44340896606445
91322124,2020,2020-10-12,9840,2020-07-24,2027,021096,NA,5,2,9,3300,0,3,5,NA,2,004,LAKEVIEW AVENUE,STALDER AVENUE,35,S,N,A,-,N,NA,NA,NA,NA,NA,NA,NA,NA,NA,N,1,1,0,2,A,-,11,21954,A,N,G,B,E,A,H,-,D,D,0,Y,NA,NA,NA,Y,NA,N,60,0,0,0,1,0,0,0,0,0,-,-,33.803260803222656,-117.14521026611328,RIVERSIDE,UNINCORPORATED,-117.14514923095705,33.80330276489258
91322200,2020,2020-10-12,9655,2020-10-03,2355,021048,NA,6,3,4,3301,0,1,1,NA,2,204,I-10 W/B,SAN GORGONIO AVE,75,W,N,A,-,Y,NA,NA,10,NA,NA,NA,NA,NA,W,Y,3,0,1,1,A,-,01,23152,A,N,E,I,A,A,D,H,D,D,0,NA,NA,NA,NA,Y,Y,A,01,0,1,0,0,0,0,0,0,0,-,-,33.924259185791016,-116.87960815429688,RIVERSIDE,BANNING,-116.87960815429688,33.92438888549805
91322243,2020,2020-10-12,9655,2020-10-04,1425,020695,NA,7,2,9,3300,0,1,1,NA,2,204,I-10 W/B,MAIN STREET,1800,W,N,A,-,Y,NA,NA,10,NA,NA,NA,NA,NA,W,N,4,0,1,2,A,-,03,22350,NA,N,C,C,A,A,D,-,A,D,0,NA,NA,NA,NA,Y,NA,A,07,0,0,1,0,0,0,0,0,0,-,-,33.91883850097656,-116.78317260742188,RIVERSIDE,UNINCORPORATED,-116.78317260742188,33.91890335083008
91324432,2020,2020-10-15,9685,2020-10-06,0220,016986,NA,2,3,5,3335,0,1,1,NA,2,030,I-15 NORTHBOUND,RANCHO CALIFORNIA RD.,1584,S,N,A,-,Y,NA,NA,15,NA,NA,NA,NA,NA,N,Y,4,0,1,2,A,-,03,22350,NA,N,C,C,A,A,H,-,D,D,0,NA,NA,NA,NA,Y,NA,A,07,0,0,1,0,0,0,0,0,0,-,-,33.49747848510742,-117.14881896972656,RIVERSIDE,TEMECULA,-117.1488037109375,33.497493743896484
91324453,2020,2020-10-15,9685,2020-10-07,2318,017903,NA,3,3,9,3300,0,3,5,NA,2,003,VIA TORNADO (45000 BLOCK),VIA SANTA ROSA,2112,E,N,A,-,N,NA,NA,NA,NA,NA,NA,NA,NA,NA,Y,4,0,1,1,A,-,03,22350,NA,N,F,A,A,A,H,-,D,D,0,NA,NA,NA,NA,Y,NA,A,07,0,0,1,0,0,0,0,0,0,-,-,33.47959899902344,-117.1676025390625,RIVERSIDE,UNINCORPORATED,-117.16780090332033,33.47871017456055
9132469,2020,2020-10-20,3300,2020-07-26,2300,N6519,602A2,7,5,6,3394,0,0,0,NA,0,MV22,CHERRYLAUREL AV,WITCHHAZEL AV,286,N,N,A,-,N,NA,NA,NA,NA,NA,NA,NA,NA,NA,N,4,0,1,2,A,-,03,22350,NA,F,G,B,C,A,H,-,C,D,0,Y,NA,NA,NA,Y,NA,D,22,0,0,1,0,1,0,0,0,0,-,-,33.925689697265625,-117.27532958984376,RIVERSIDE,MORENO VALLEY,-117.27535247802734,33.92646408081055
91324872,2020,2020-10-16,9840,2020-10-15,0130,016358,NA,4,3,7,3313,0,1,1,NA,2,023,I-215 N/B,CENTRAL AVE,1056,S,N,A,-,Y,NA,NA,NA,NA,NA,NA,NA,NA,NA,Y,3,0,2,1,A,-,08,22107,NA,N,E,I,A,A,H,-,C,D,0,NA,NA,NA,NA,Y,NA,A,01,0,1,1,0,0,0,0,0,0,-,-,33.954978942871094,-117.30516815185548,RIVERSIDE,RIVERSIDE,NA,NA
9133059,2020,2020-11-25,3300,2020-07-03,2025,5228,910F,5,5,5,3335,0,0,0,NA,0,062,WINCHESTER RD,RT 15,0,NA,Y,A,-,Y,RIV,8,15,-,-,6.45,R,4,S,Y,4,0,1,2,A,-,17,21461,A,N,D,C,A,A,H,-,B,A,0,NA,NA,NA,NA,Y,NA,A,01,0,0,1,0,0,0,0,0,0,-,SO,NA,NA,RIVERSIDE,TEMECULA,-117.16172027587892,33.52029037475586
91330597,2020,2020-10-26,9655,2020-10-13,0535,021008,NA,2,3,9,3300,0,1,3,NA,2,311,GILMAN SPRINGS ROAD,STATE ROUTE 79,5808,W,N,A,-,N,NA,NA,NA,NA,NA,NA,NA,NA,NA,Y,2,0,2,3,A,-,05,21650,NA,N,A,C,A,A,H,-,D,D,0,NA,NA,NA,NA,Y,NA,A,01,1,1,0,0,0,0,0,0,0,-,-,33.85560989379883,-117.01775360107422,RIVERSIDE,UNINCORPORATED,-117.01145935058594,33.84897232055664
91330814,2020,2020-10-26,9685,2020-09-20,0535,017056,NA,7,3,5,3335,0,1,1,NA,2,030,I-15 N/B TO RANCHO CALIFORNIA RD,RANCHO CALIFORNIA RD.,1056,S,N,A,-,Y,NA,NA,15,NA,NA,NA,R,NA,N,Y,4,0,1,2,A,-,08,22107,NA,F,C,C,A,A,H,-,C,D,0,NA,NA,NA,NA,Y,NA,D,22,0,0,1,0,0,0,0,0,0,-,-,33.49834060668945,-117.14929962158205,RIVERSIDE,TEMECULA,-117.14929962158205,33.49834060668945
91331983,2020,2020-10-27,9840,2020-10-17,1705,021950,NA,6,2,6,3315,0,1,1,NA,2,034,I-15 N/B,CAJALCO RD.,1500,N,N,A,-,Y,NA,NA,15,NA,NA,NA,NA,NA,N,Y,3,0,1,3,A,-,01,23152,A,N,B,C,A,A,D,-,A,D,0,NA,NA,NA,NA,Y,Y,A,01,0,1,0,0,0,0,0,0,0,-,-,33.82698059082031,-117.5251922607422,RIVERSIDE,CORONA,-117.52522277832033,33.82693862915039
91332826,2020,2020-10-28,9840,2020-10-16,0821,014868,NA,5,1,9,3300,0,1,1,NA,2,023,I-215 N/B,CENTRAL AVE,1000,S,N,A,-,Y,NA,NA,215,NA,NA,NA,NA,NA,N,Y,4,0,1,3,A,-,03,22350,NA,N,C,C,A,A,H,-,A,D,0,NA,NA,NA,NA,Y,NA,A,01,0,0,1,0,0,0,0,0,0,-,-,33.957740783691406,-117.30787658691406,RIVERSIDE,UNINCORPORATED,-117.30782318115234,33.95781326293945
91333546,2020,2020-10-28,9685,2020-10-21,1448,015957,NA,3,2,9,3300,0,3,5,NA,2,003,MURRIETA HOT SPRINGS RD,SKY CANYON DR,200,E,N,A,-,N,NA,NA,NA,NA,NA,NA,NA,NA,NA,Y,4,0,1,2,A,-,03,22350,NA,N,C,C,A,A,H,-,A,A,0,NA,NA,NA,NA,Y,NA,A,08,0,0,1,0,0,0,0,0,0,-,-,33.55244827270508,-117.13651275634766,RIVERSIDE,UNINCORPORATED,-117.13704681396484,33.552425384521484
91333582,2020,2020-10-29,9840,2020-10-16,1800,021037,NA,5,2,7,3313,0,1,3,NA,2,010,SR-60 EASTBOUND,MARKET ST.,1500,W,N,A,-,Y,NA,NA,60,NA,NA,NA,NA,NA,E,N,4,0,2,2,A,-,03,22350,NA,N,C,C,A,A,H,-,A,D,0,NA,NA,NA,NA,Y,NA,A,07,0,0,2,0,0,0,0,0,0,-,-,34.0023193359375,-117.3791732788086,RIVERSIDE,RIVERSIDE,-117.379150390625,34.00237274169922
91334228,2020,2020-10-29,9685,2020-10-23,2110,013925,NA,5,2,9,3300,0,1,3,NA,1,026,STATE ROUTE 74,AGNEW AVENUE,67,W,N,A,-,N,NA,NA,74,NA,NA,NA,NA,NA,NA,Y,3,0,1,2,A,-,01,23152,G,N,C,C,A,A,D,-,C,D,0,NA,NA,NA,Y,Y,Y,A,07,0,1,0,0,0,0,0,0,0,-,-,33.743438720703125,-117.10796356201172,RIVERSIDE,UNINCORPORATED,-117.10796356201172,33.743431091308594
91335930,2020,2021-02-09,9685,2020-10-17,0035,015800,NA,6,3,9,3300,0,1,1,NA,2,020,I-215 SOUTHBOUND,SCOTT ROAD,5500,N,N,A,-,Y,NA,NA,NA,NA,NA,NA,NA,NA,NA,Y,2,0,2,2,A,-,01,23152,A,M,C,C,A,A,H,-,C,D,0,NA,NA,NA,NA,Y,Y,D,22,1,1,0,0,0,0,0,0,0,-,-,33.649658203125,-117.64911651611328,RIVERSIDE,UNINCORPORATED,NA,NA
91337727,2020,2020-11-03,9630,2020-10-23,2310,021652,T608,5,3,9,3300,0,3,5,NA,2,503,TYLER STREET,66TH AVE,35,S,N,A,-,N,NA,NA,NA,NA,NA,NA,NA,NA,NA,Y,3,0,1,3,A,-,01,23152,A,N,E,I,A,A,H,-,D,D,0,NA,NA,NA,NA,Y,Y,A,01,0,1,0,0,0,0,0,0,0,-,-,33.56901931762695,-116.16426849365234,RIVERSIDE,UNINCORPORATED,-116.16416168212892,33.56907272338867
91337865,2020,2020-11-03,9630,2020-10-24,2014,021796,NA,6,2,9,3300,0,1,1,NA,2,020,I-10 E/B TO BOB HOPE DR,BOB HOPE DR,10,W,N,A,-,Y,NA,NA,10,NA,NA,NA,R,NA,E,Y,4,0,1,2,A,-,03,22350,NA,M,C,C,A,A,H,-,C,A,0,NA,NA,NA,NA,Y,NA,-,99,0,0,1,0,0,0,0,0,0,-,-,33.81966018676758,-116.40988159179688,RIVERSIDE,UNINCORPORATED,-116.40988159179688,33.81966018676758
91338182,2020,2020-11-03,9840,2020-10-28,0751,012208,NA,3,1,7,3313,0,1,1,NA,2,024,INTERSTATE-215 N/B {ARMED FORCES FWY},ALESSANDRO BOULEVARD,2545,N,N,A,-,Y,NA,NA,215,NA,NA,NA,NA,NA,N,N,4,0,1,2,A,-,08,22107,NA,N,B,C,A,A,H,-,A,D,0,NA,NA,NA,NA,Y,NA,A,01,0,0,1,0,0,0,0,0,0,-,-,33.92388153076172,-117.28854370117188,RIVERSIDE,RIVERSIDE,-117.28848266601563,33.92388153076172
91338713,2020,2020-11-04,9840,2020-10-29,1405,015663,NA,4,2,6,3315,0,1,3,NA,2,030,SR-91 E/B,GREEN RIVER RD.,4900,W,N,A,-,Y,NA,NA,91,NA,NA,NA,NA,NA,E,N,4,0,1,2,A,-,03,22350,NA,N,C,C,A,A,H,-,A,D,0,NA,NA,NA,NA,Y,NA,A,01,0,0,1,0,0,0,0,0,0,-,-,33.869998931884766,-117.67025756835938,RIVERSIDE,CORONA,-117.6702880859375,33.87007141113281
91340981,2020,2020-11-06,9655,2020-10-29,2025,020695,NA,4,2,9,3300,0,1,3,NA,2,311,GILMAN SPRINGS RD,BIG NASH RD,1889,E,N,A,-,N,NA,NA,NA,NA,NA,NA,NA,NA,NA,Y,2,0,3,3,A,-,05,21460,A,N,D,C,A,A,H,-,D,D,0,NA,NA,NA,Y,Y,NA,D,22,1,2,0,0,0,0,0,0,0,-,-,33.90303039550781,-117.08782196044922,RIVERSIDE,UNINCORPORATED,-117.087886,33.903158
91341307,2020,2020-11-06,9840,2020-11-01,1200,017882,NA,7,1,9,3300,0,1,1,NA,2,040,I-215 S/B,VAN BUREN BLVD,1000,N,N,A,-,Y,NA,NA,215,NA,NA,NA,NA,NA,S,Y,4,0,8,2,A,-,03,22350,NA,N,C,C,A,A,H,-,A,D,0,NA,NA,NA,NA,Y,NA,A,01,0,0,8,0,0,0,0,0,0,-,-,33.89820098876953,-117.27529907226563,RIVERSIDE,UNINCORPORATED,-117.27535247802734,33.89817810058594
91341637,2020,2020-11-09,9840,2020-10-30,0015,019576,NA,5,3,9,3300,0,3,5,NA,2,002,RECHE CANYON RD,WOODSON RD,900,N,N,A,-,N,NA,NA,NA,NA,NA,NA,NA,NA,NA,Y,3,0,2,2,A,-,05,21460,A,N,A,C,A,A,H,-,D,D,0,NA,NA,NA,NA,Y,NA,A,01,0,2,0,0,0,0,0,0,0,-,-,34.00440979003906,-117.24388885498048,RIVERSIDE,UNINCORPORATED,-117.24456024169922,34.004798889160156
91341715,2020,2020-11-09,9840,2020-11-01,0100,019893,NA,7,3,6,3315,0,1,3,NA,2,031,SR-91 E/B,PROMENADE AVENUE,1724,E,N,A,-,Y,NA,NA,91,NA,NA,NA,NA,NA,E,Y,4,0,1,2,A,-,08,22107,NA,N,C,C,A,A,H,-,D,D,0,NA,NA,NA,NA,Y,NA,A,01,0,0,1,0,0,0,0,0,0,-,-,33.88351058959961,-117.53225708007813,RIVERSIDE,CORONA,-117.53226470947266,33.883583068847656
91343167,2020,2020-11-10,9840,2020-10-31,0630,019527,NA,6,1,7,3313,0,1,1,NA,2,023,I-215 N/B,SPRUCE ST,515,N,N,A,-,Y,NA,NA,215,NA,NA,NA,NA,NA,N,Y,3,0,1,1,A,-,08,22107,NA,N,E,I,A,A,H,-,B,D,0,NA,NA,NA,NA,Y,NA,A,07,0,1,0,0,0,0,0,0,0,-,-,33.9912109375,-117.35236358642578,RIVERSIDE,RIVERSIDE,-117.35232543945313,33.99127960205078
9134367,2020,2020-10-20,3300,2020-07-21,1635,N5330,002U,2,5,6,3345,0,0,0,NA,0,024,VAN BUREN BL,CLAY ST,107,S,N,A,-,N,NA,NA,NA,NA,NA,NA,NA,NA,NA,N,4,0,1,2,A,-,03,22350,NA,M,C,C,A,A,H,-,A,A,0,NA,NA,NA,NA,Y,NA,A,07,0,0,1,0,0,0,0,0,0,-,-,33.96731948852539,-117.46681213378906,RIVERSIDE,JURUPA VALLEY,-117.46646118164063,33.96688461303711
91343718,2020,2020-11-12,9840,2020-11-04,1400,017882,NA,3,2,7,3313,0,1,1,NA,2,023,I-215 N/B,MARTIN LUTHER KING BLVD.,20,N,N,A,-,Y,NA,NA,215,NA,NA,NA,NA,NA,N,Y,3,0,1,2,A,-,07,21658,A,N,B,C,A,A,H,-,A,D,0,NA,NA,Y,NA,Y,NA,A,01,0,1,0,0,0,0,0,0,1,-,-,33.96889877319336,-117.32839965820313,RIVERSIDE,RIVERSIDE,-117.3284149169922,33.96888732910156
91344323,2020,2020-11-12,9630,2020-10-31,0505,021128,NA,6,3,9,3300,0,1,1,NA,2,010,I-10 E/B,SR-62,1056,E,N,A,-,Y,NA,NA,10,NA,NA,NA,NA,NA,E,Y,3,0,3,2,A,-,08,22107,NA,N,B,C,A,A,H,-,D,D,0,NA,NA,NA,Y,Y,NA,A,01,0,3,0,0,0,0,0,0,0,-,-,33.91175842285156,-116.59174346923828,RIVERSIDE,UNINCORPORATED,-116.59174346923828,33.9117431640625
91344565,2020,2020-11-13,9840,2020-11-05,0905,015705,NA,4,1,7,3313,0,1,3,NA,2,010,SR-60 E/B,ORANGE ST.,1220,E,N,A,-,Y,NA,NA,60,NA,NA,NA,NA,NA,E,Y,3,0,1,4,A,-,03,22350,NA,N,C,C,A,A,H,-,A,D,0,NA,NA,NA,NA,Y,NA,D,22,0,1,0,0,0,0,0,0,0,-,-,33.99378967285156,-117.35856628417967,RIVERSIDE,RIVERSIDE,-117.35856628417967,33.99378967285156
9134516,2020,2020-09-24,3313,2020-07-24,1445,1499,2,5,5,7,3313,0,0,0,NA,0,M34,SYCAMORE CANYON BL,EASTRIDGE AV,45,N,N,A,-,N,NA,NA,NA,NA,NA,NA,NA,NA,NA,NA,3,0,2,3,A,-,08,22107,NA,M,B,C,A,A,H,-,A,A,0,NA,NA,NA,NA,Y,NA,-,99,0,1,1,0,0,0,0,0,0,-,-,33.93144989013672,-117.29659271240234,RIVERSIDE,RIVERSIDE,-117.29661560058594,33.93147277832031
91345860,2020,2020-11-16,9840,2020-11-07,0832,018248,NA,6,1,6,3315,0,1,1,NA,2,034,I-15 N/B,SR-91 E/B,792,S,N,B,C,Y,NA,NA,15,NA,NA,NA,NA,NA,N,Y,3,0,1,1,A,-,08,22107,NA,N,F,A,A,B,D,-,A,D,0,NA,NA,NA,NA,Y,NA,A,01,0,1,0,0,0,0,0,0,0,-,-,33.88010025024414,-117.5461196899414,RIVERSIDE,CORONA,-117.5464324951172,33.8800048828125
91347136,2020,2020-11-17,9655,2020-11-08,1847,019222,NA,7,2,9,3300,0,3,5,NA,2,003,SIMPSON RD,LEON RD,0,NA,Y,A,-,N,NA,NA,NA,NA,NA,NA,NA,NA,NA,Y,2,0,2,3,A,-,01,23152,A,N,D,C,A,A,H,-,D,A,0,NA,NA,NA,NA,Y,Y,D,22,1,1,0,0,0,0,0,0,0,-,-,33.7069091796875,-117.11972045898438,RIVERSIDE,UNINCORPORATED,-117.11974334716795,33.70695877075195
91348454,2020,2020-11-19,9685,2020-11-14,1430,017919,NA,6,2,9,3300,0,1,3,NA,1,031,SR-79 NORTHBOUND,BOREL RD,1025,N,N,A,-,N,NA,NA,79,NA,NA,NA,NA,NA,N,Y,4,0,1,2,A,-,03,22350,NA,N,C,C,A,A,H,-,A,A,0,NA,NA,NA,NA,Y,NA,A,01,0,0,1,0,0,0,0,0,0,-,-,33.57167053222656,-117.1357421875,RIVERSIDE,UNINCORPORATED,-117.13583374023438,33.57169723510742
91350105,2020,2020-11-20,9840,2020-11-14,0330,019650,NA,6,3,6,3315,0,3,5,NA,2,003,CAJALCO RD,TEMESCAL CANYON RD.,990,E,N,A,-,N,NA,NA,NA,NA,NA,NA,NA,NA,NA,Y,4,0,1,1,A,-,08,22107,NA,N,E,I,A,A,H,-,D,D,0,NA,NA,NA,NA,Y,NA,A,01,0,0,1,0,0,0,0,0,0,-,-,33.82495880126953,-117.49999237060548,RIVERSIDE,CORONA,-117.512939453125,33.822696685791016
91350250,2020,2020-11-20,9840,2020-11-10,1225,014335,NA,2,1,9,3300,0,1,1,NA,2,037,I-15 NORTHBOUND,TEMESCAL CANYON ROAD,240,S,N,A,-,Y,NA,NA,15,NA,NA,NA,NA,NA,N,Y,4,0,1,1,A,-,08,22107,NA,N,E,I,A,A,H,-,A,D,0,NA,NA,NA,NA,Y,NA,A,01,0,0,1,0,0,0,0,0,0,-,-,33.76150131225586,-117.47080230712892,RIVERSIDE,UNINCORPORATED,-117.47077941894533,33.76155471801758
91351207,2020,2020-11-23,9630,2020-11-16,1235,018647,NA,1,1,9,3300,0,1,1,NA,2,301,I-10 W/B,FRONTAGE RD,100,W,N,A,-,Y,NA,NA,10,NA,NA,NA,NA,NA,W,Y,3,0,3,2,A,-,03,22350,NA,N,C,C,A,A,H,-,A,D,0,NA,NA,NA,NA,Y,NA,A,01,0,2,1,0,0,0,0,0,0,-,-,33.66975021362305,-115.91245269775392,RIVERSIDE,UNINCORPORATED,-115.91244506835938,33.669761657714844
91351250,2020,2020-11-23,9685,2020-11-13,0525,14338,NA,5,3,9,3300,0,3,5,NA,2,002,MARGARTH ST.,MARIE ST.,0,NA,Y,A,-,N,NA,NA,NA,NA,NA,NA,NA,NA,NA,Y,2,0,1,2,A,-,12,22450,A,N,D,C,A,A,H,-,D,A,0,NA,NA,NA,NA,Y,NA,A,07,1,0,0,0,0,0,0,0,0,-,-,33.75014877319336,-117.26715087890624,RIVERSIDE,UNINCORPORATED,-117.2668914794922,33.7501106262207
9135234,2020,2020-09-15,3300,2020-06-29,2005,N3074,NA,1,5,3,3305,0,0,0,NA,0,315,AVENUE 48,VAN BUREN ST,49,S,N,A,-,N,NA,NA,NA,NA,NA,NA,NA,NA,NA,Y,4,0,1,2,A,-,03,22350,NA,N,D,C,A,A,A,-,A,A,0,NA,NA,NA,NA,Y,NA,A,01,0,0,1,0,0,0,0,0,0,-,-,NA,NA,RIVERSIDE,COACHELLA,-116.1990203857422,33.70038986206055
9135243,2020,2020-09-23,3300,2020-06-05,1621,4468,905K,5,5,4,3307,0,0,0,NA,0,094,COLLIER AV,EDISON POLE #4106892E,116,N,N,A,-,N,NA,NA,NA,NA,NA,NA,NA,NA,NA,Y,4,0,2,2,-,-,-,NA,B,N,B,C,A,A,H,-,A,D,0,NA,NA,NA,NA,Y,NA,A,01,0,0,2,0,0,0,0,0,0,-,-,NA,NA,RIVERSIDE,LAKE ELSINORE,NA,NA
91352510,2020,2020-11-24,9685,2020-11-20,0430,14338,NA,5,3,9,3300,0,1,3,NA,1,012,SR-74,THEDA ST.,50,W,N,A,-,Y,NA,NA,74,NA,NA,NA,NA,NA,NA,N,4,0,1,2,A,-,03,22350,NA,N,C,C,A,A,H,-,C,A,0,NA,NA,NA,NA,Y,NA,A,01,0,0,1,0,0,0,0,0,0,-,-,33.75613021850586,-117.27320861816406,RIVERSIDE,UNINCORPORATED,-117.27324676513672,33.756160736083984
91355488,2020,2020-11-30,9840,2020-09-05,0300,019844,NA,6,3,6,3315,0,1,1,NA,2,034,INTERSTATE 15 NORTHBOUND,MAGNOLIA AVENUE,1744,S,N,A,-,Y,NA,NA,15,NA,NA,NA,NA,NA,N,Y,1,2,1,1,A,-,01,23152,G,N,E,I,A,A,D,-,C,D,0,NA,NA,NA,NA,Y,Y,A,01,0,1,0,0,0,0,0,0,0,-,-,33.86233901977539,-117.53814697265624,RIVERSIDE,CORONA,-117.53822326660156,33.862274169921875
9135677,2020,2020-11-23,3300,2020-08-03,1215,N1673,30D3,1,5,5,3335,0,0,0,NA,0,T30,EL PASEO,RT 74,0,NA,Y,A,-,N,NA,NA,NA,NA,NA,NA,NA,NA,NA,Y,3,0,1,2,A,-,12,21453,A,N,D,A,A,A,H,-,A,A,0,NA,NA,NA,NA,Y,Y,A,01,0,1,0,0,0,0,0,0,0,-,-,33.71971893310547,-116.3907470703125,RIVERSIDE,TEMECULA,-116.39079,33.71965