CASE_ID,ACCIDENT_YEAR,PROC_DATE,JURIS,COLLISION_DATE,COLLISION_TIME,OFFICER_ID,REPORTING_DISTRICT,DAY_OF_WEEK,CHP_SHIFT,POPULATION,CNTY_CITY_LOC,SPECIAL_COND,BEAT_TYPE,CHP_BEAT_TYPE,CITY_DIVISION_LAPD,CHP_BEAT_CLASS,BEAT_NUMBER,PRIMARY_RD,SECONDARY_RD,DISTANCE,DIRECTION,INTERSECTION,WEATHER_1,WEATHER_2,STATE_HWY_IND,CALTRANS_COUNTY,CALTRANS_DISTRICT,STATE_ROUTE,ROUTE_SUFFIX,POSTMILE_PREFIX,POSTMILE,LOCATION_TYPE,RAMP_INTERSECTION,SIDE_OF_HWY,TOW_AWAY,COLLISION_SEVERITY,NUMBER_KILLED,NUMBER_INJURED,PARTY_COUNT,PRIMARY_COLL_FACTOR,PCF_CODE_OF_VIOL,PCF_VIOL_CATEGORY,PCF_VIOLATION,PCF_VIOL_SUBSECTION,HIT_AND_RUN,TYPE_OF_COLLISION,MVIW,PED_ACTION,ROAD_SURFACE,ROAD_COND_1,ROAD_COND_2,LIGHTING,CONTROL_DEVICE,CHP_ROAD_TYPE,PEDESTRIAN_ACCIDENT,BICYCLE_ACCIDENT,MOTORCYCLE_ACCIDENT,TRUCK_ACCIDENT,NOT_PRIVATE_PROPERTY,ALCOHOL_INVOLVED,STWD_VEHTYPE_AT_FAULT,CHP_VEHTYPE_AT_FAULT,COUNT_SEVERE_INJ,COUNT_VISIBLE_INJ,COUNT_COMPLAINT_PAIN,COUNT_PED_KILLED,COUNT_PED_INJURED,COUNT_BICYCLIST_KILLED,COUNT_BICYCLIST_INJURED,COUNT_MC_KILLED,COUNT_MC_INJURED,PRIMARY_RAMP,SECONDARY_RAMP,LATITUDE,LONGITUDE,COUNTY,CITY,POINT_X,POINT_Y
91524362,2021,2021-07-20,9630,2021-07-09,1343,021409,NA,5,1,9,3300,0,3,5,NA,2,502,AIRPORT BLVD,HARRISON ST,0,NA,Y,A,-,N,NA,NA,NA,NA,NA,NA,NA,NA,NA,Y,3,0,2,2,A,-,09,21801,A,N,A,C,A,A,H,-,A,A,0,NA,NA,NA,NA,Y,NA,A,01,0,2,0,0,0,0,0,0,0,-,-,33.64202880859375,-116.1811981201172,RIVERSIDE,UNINCORPORATED,-116.18118286132813,33.64203643798828
91524409,2021,2021-07-20,9685,2021-07-12,2235,017304,NA,1,3,4,3312,0,1,1,NA,2,020,I-215 SOUTHBOUND,LOWER SR-74,1162,N,N,A,-,Y,NA,NA,215,NA,NA,NA,NA,NA,S,Y,3,0,1,1,A,-,08,22107,NA,N,A,I,A,A,H,-,D,D,0,NA,NA,NA,NA,Y,NA,A,01,0,1,0,0,0,0,0,0,0,-,-,33.75791931152344,-117.18946075439452,RIVERSIDE,PERRIS,-117.18936920166016,33.75791931152344
91525287,2021,2021-07-21,9630,2021-07-14,1532,021416,NA,3,2,9,3300,0,1,3,NA,2,086,SR-86 N/B,66TH AVE,220,S,N,A,-,Y,NA,NA,86,NA,NA,NA,NA,NA,N,Y,4,0,1,2,A,-,03,22350,NA,N,C,C,A,A,H,-,A,A,0,NA,NA,NA,NA,Y,NA,A,01,0,0,1,0,0,0,0,0,0,-,-,33.568668365478516,-116.09243011474608,RIVERSIDE,UNINCORPORATED,-116.09236907958984,33.56866455078125
91525693,2021,2021-07-21,9655,2021-07-12,1458,014516,NA,1,2,9,3300,0,1,3,NA,2,212,SR-60 W/B,33 JACK RABBIT TRL,11933,W,N,A,-,Y,NA,NA,60,NA,NA,NA,NA,NA,W,Y,3,0,1,4,A,-,03,22350,NA,N,C,C,A,A,D,-,A,D,0,NA,NA,NA,Y,Y,NA,A,01,0,1,0,0,0,0,0,0,0,-,-,33.94628143310547,-117.06826019287108,RIVERSIDE,UNINCORPORATED,-117.06822967529295,33.94611740112305
9152663,2020,2020-11-23,3315,2020-09-09,2117,002089,3B,3,5,6,3315,0,0,0,NA,0,003,ONTARIO AV,MAGNOLIA AV,0,NA,Y,A,-,N,NA,NA,NA,NA,NA,NA,NA,NA,NA,Y,4,0,1,2,A,-,12,21453,A,M,D,C,A,A,H,-,C,A,0,NA,NA,NA,NA,Y,NA,-,NA,0,0,1,0,0,0,0,0,0,-,-,NA,NA,RIVERSIDE,CORONA,-117.56153869628906,33.85493087768555
9152702,2020,2020-10-07,3308,2020-07-27,1146,10746,545,1,5,5,3308,0,0,0,NA,0,SOUTH,STETSON AV,LYON AV,525,W,N,A,-,N,NA,NA,NA,NA,NA,NA,NA,NA,NA,Y,4,0,1,2,A,-,05,21650,NA,N,D,C,A,A,H,-,A,A,0,NA,NA,NA,NA,Y,NA,A,07,0,0,1,0,0,0,0,0,0,-,-,33.72951126098633,-116.98902130126952,RIVERSIDE,HEMET,-116.99072265625,33.729339599609375
91527409,2021,2021-07-23,9840,2021-07-16,0615,014335,NA,5,1,6,3315,0,1,3,NA,2,030,SR-91 WESTBOUND,SERFAS CLUB DR,1000,E,N,A,-,Y,NA,NA,91,NA,NA,NA,NA,NA,W,Y,3,0,1,2,A,-,03,22350,NA,N,C,C,A,A,H,-,A,D,0,NA,NA,NA,NA,Y,NA,D,22,0,1,0,0,0,0,0,0,0,-,-,33.88029098510742,-117.60865783691406,RIVERSIDE,CORONA,-117.60867309570313,33.88019561767578
91527632,2021,2021-07-23,9685,2021-07-15,0715,016347,NA,4,1,4,3312,0,1,1,NA,2,020,I-215 S/B,ETHANAC ROAD,4963,S,N,A,-,Y,NA,NA,NA,NA,NA,NA,NA,NA,NA,Y,3,0,1,4,A,-,03,22350,NA,N,C,C,A,A,H,-,A,D,0,NA,NA,NA,NA,Y,NA,A,01,0,1,0,0,0,0,0,0,0,-,-,33.729408264160156,-117.189453125,RIVERSIDE,PERRIS,-117.18942260742188,33.72938537597656
91527666,2021,2021-07-23,9840,2021-07-14,0845,019042,NA,3,1,9,3300,0,3,5,NA,2,002,RECHE CANYON RD,WOODSON RD,4300,N,N,A,-,N,NA,NA,NA,NA,NA,NA,NA,NA,NA,Y,4,0,2,2,A,-,03,22350,NA,N,C,C,A,A,H,-,A,D,0,NA,NA,NA,NA,Y,NA,A,01,0,0,2,0,0,0,0,0,0,-,-,34.006080627441406,-117.2530517578125,RIVERSIDE,UNINCORPORATED,-117.25544738769533,34.00665283203125
91527787,2021,2021-07-23,9840,2021-07-12,2109,022028,NA,1,2,9,3300,0,1,1,NA,2,040,I-215 NB,VAN BUREN BLVD,2640,N,N,A,-,Y,NA,NA,215,NA,NA,NA,NA,NA,N,Y,3,0,1,1,A,-,08,22107,NA,N,F,A,A,A,H,-,D,D,0,NA,NA,NA,NA,Y,NA,A,01,0,1,0,0,0,0,0,0,0,-,-,33.89447021484375,-117.27333831787108,RIVERSIDE,UNINCORPORATED,-117.2734146118164,33.89443588256836
91529120,2021,2021-07-26,9840,2021-07-18,1716,022457,NA,7,2,9,3300,0,3,5,NA,2,003,CAJALCO RD.,TEMESCAL CANYON RD,2860,E,N,A,-,N,NA,NA,NA,NA,NA,NA,NA,NA,NA,Y,2,0,1,1,A,-,08,22107,NA,N,E,I,A,A,H,-,A,D,0,NA,NA,Y,NA,Y,NA,C,02,1,0,0,0,0,0,0,0,1,-,-,33.82448959350586,-117.50064849853516,RIVERSIDE,UNINCORPORATED,-117.51876068115234,33.82130813598633
91529142,2021,2021-07-26,9840,2021-07-19,1610,021873,NA,1,2,7,3313,0,1,3,NA,2,025,SR-60,DAY ST,240,W,N,A,-,Y,NA,NA,60,NA,NA,NA,NA,NA,NA,N,3,0,2,2,A,-,03,22350,NA,N,C,C,A,A,H,-,A,D,0,NA,NA,NA,NA,Y,NA,A,01,0,2,0,0,0,0,0,0,0,-,-,33.94289016723633,-117.27986145019533,RIVERSIDE,RIVERSIDE,-117.27986145019533,33.94287872314453
91529187,2021,2021-07-26,9655,2021-07-14,1512,018383,NA,3,2,9,3300,0,3,5,NA,2,002,GILMAN SPRINGS RD,BRIDGE ST,3055,W,N,A,-,N,NA,NA,NA,NA,NA,NA,NA,NA,NA,Y,4,0,3,3,A,-,03,22350,NA,N,C,C,A,A,H,-,A,D,0,NA,NA,NA,NA,Y,NA,A,07,0,0,3,0,0,0,0,0,0,-,-,33.875450134277344,-117.05172729492188,RIVERSIDE,UNINCORPORATED,-117.0788345336914,33.891963958740234
9153055,2020,2020-09-21,3313,2020-08-27,2012,1523,5,4,5,7,3313,0,0,0,NA,0,M22,LA SIERRA AV,CAMPBELL AV,0,NA,Y,A,-,N,NA,NA,NA,NA,NA,NA,NA,NA,NA,Y,4,0,5,3,A,-,01,23152,A,N,D,C,A,A,H,-,C,A,0,NA,NA,NA,NA,Y,Y,D,22,0,0,5,0,0,0,0,0,0,-,-,33.932491302490234,-117.49549865722656,RIVERSIDE,RIVERSIDE,-117.49555206298828,33.932369232177734
91531945,2021,2021-07-29,9840,2021-07-22,1347,018611,NA,4,1,6,3315,0,1,3,NA,2,031,SR-91 W/B,I-15,2600,W,N,A,-,Y,NA,NA,91,NA,NA,NA,NA,NA,W,Y,4,0,1,2,A,-,08,22107,NA,N,B,C,A,A,H,-,A,D,0,NA,NA,NA,NA,Y,NA,A,01,0,0,1,0,0,0,0,0,0,-,-,33.87931823730469,-117.5559310913086,RIVERSIDE,CORONA,-117.55594635009766,33.8795280456543
91533731,2021,2021-07-30,9655,2021-07-23,0749,021017,NA,5,1,9,3300,0,1,1,NA,2,202,I-10 W/B,CHERRY VALLEY BLVD,2640,W,N,A,-,Y,NA,NA,NA,NA,NA,NA,NA,NA,NA,N,4,0,1,2,A,-,03,22350,NA,N,C,C,A,A,H,-,A,D,0,NA,NA,NA,NA,Y,NA,D,22,0,0,1,0,0,0,0,0,0,-,-,33.9730110168457,-117.04170989990234,RIVERSIDE,UNINCORPORATED,-117.04199981689452,33.97320556640625
91534640,2021,2021-08-02,9840,2021-07-23,0840,019042,NA,5,1,9,3300,0,3,5,NA,2,002,RECHE CANYON RD,RECHE VISTA DR,6019,N,N,A,-,N,NA,NA,NA,NA,NA,NA,NA,NA,NA,Y,4,0,1,1,A,-,08,22107,NA,N,E,I,A,A,H,-,A,D,0,NA,NA,NA,NA,Y,NA,A,01,0,0,1,0,0,0,0,0,0,-,-,33.00276184082031,-117.23741912841795,RIVERSIDE,UNINCORPORATED,-117.2371826171875,34.00270462036133
91534694,2021,2021-08-02,9655,2021-07-21,2134,020704,NA,3,2,9,3300,0,1,3,NA,1,116,SR-74,MCGAUGH ROAD,10560,W,N,A,-,Y,NA,NA,74,NA,NA,NA,NA,NA,NA,Y,4,0,1,1,A,-,08,22107,NA,N,E,I,A,A,H,-,D,D,0,NA,NA,NA,NA,Y,NA,A,01,0,0,1,0,0,0,0,0,0,-,-,33.700538635253906,-116.7614974975586,RIVERSIDE,UNINCORPORATED,-116.76162719726563,33.70051956176758
91536075,2021,2021-08-03,9685,2021-07-18,0126,016986,NA,7,3,5,3335,0,1,1,NA,2,030,I-15 SOUTHBOUND,WINCHESTER RD.,56,N,N,A,-,Y,NA,NA,15,NA,NA,NA,NA,NA,S,Y,3,0,1,1,A,-,08,22107,NA,N,F,A,A,A,H,-,B,D,0,NA,NA,NA,NA,Y,NA,A,01,0,1,0,0,0,0,0,0,0,-,-,33.52259826660156,-117.1632080078125,RIVERSIDE,TEMECULA,-117.16325378417967,33.52256774902344
91537184,2021,2021-08-05,9840,2021-07-22,1100,019042,NA,4,1,7,3313,0,1,3,NA,2,020,SR-91 W/B,LA SIERRA AVE,1500,E,N,A,-,Y,NA,NA,91,NA,NA,NA,NA,NA,W,Y,4,0,2,3,A,-,03,22350,NA,N,C,C,A,A,H,-,A,D,0,NA,NA,NA,NA,Y,NA,A,01,0,0,2,0,0,0,0,0,0,-,-,33.90129089355469,-117.46861267089844,RIVERSIDE,RIVERSIDE,-117.46861267089844,33.901309967041016
91539826,2021,2021-08-09,9840,2021-07-24,1525,021194,NA,6,2,9,3300,0,1,1,NA,2,023,I-215 N/B,CENTRAL AVE,1584,S,N,A,-,Y,NA,NA,215,NA,NA,NA,NA,NA,N,Y,4,0,2,3,A,-,01,23152,A,M,C,C,A,A,H,-,A,D,0,NA,NA,NA,NA,Y,Y,A,01,0,0,2,0,0,0,0,0,0,-,-,33.95568084716797,-117.30567169189452,RIVERSIDE,UNINCORPORATED,-117.30574035644533,33.95561981201172
91540497,2021,2021-08-09,9685,2021-07-31,1610,016096,NA,6,2,5,3335,0,1,1,NA,2,030,I-15  N/B  FREEWAY,WINCHESTER ROAD,400,S,N,A,-,Y,NA,NA,15,NA,NA,NA,NA,NA,N,Y,3,0,1,2,A,-,03,22350,NA,N,C,C,A,A,H,-,A,D,0,NA,NA,NA,NA,Y,NA,A,01,0,1,0,0,0,0,0,0,0,-,-,33.52164077758789,-117.16197967529295,RIVERSIDE,TEMECULA,-117.162109375,33.52155685424805
91540861,2021,2021-08-10,9840,2021-08-01,1651,020220,NA,7,2,9,3300,0,3,5,NA,2,004,INNOVATION DRIVE,MERIDIAN PARKWAY,0,NA,Y,A,-,N,NA,NA,NA,NA,NA,NA,NA,NA,NA,Y,4,0,2,2,A,-,12,22450,A,N,D,C,A,A,H,-,A,A,0,NA,NA,NA,NA,Y,NA,A,01,0,0,2,0,0,0,0,0,0,-,-,33.90119934082031,-117.28517150878906,RIVERSIDE,UNINCORPORATED,-117.28526306152344,33.901126861572266
91541333,2021,2021-08-10,9840,2021-07-30,0910,017893,NA,5,1,6,3345,0,1,3,NA,2,010,SR-60 E/B,RUBIDOUX BLVD,500,W,N,A,-,Y,NA,NA,60,NA,NA,NA,NA,NA,E,Y,3,0,1,1,A,-,08,22107,NA,N,E,I,A,A,H,-,A,D,0,NA,NA,NA,NA,Y,NA,D,22,0,1,0,0,0,0,0,0,0,-,-,34.004398345947266,-117.40135955810548,RIVERSIDE,JURUPA VALLEY,-117.40135955810548,34.00440979003906
91542564,2021,2021-08-11,9685,2021-08-05,1750,013925,NA,4,2,5,3341,0,1,1,NA,2,020,INTERSTATE 215 SOUTHBOUND,NEWPORT ROAD,700,S,N,A,-,Y,NA,NA,215,NA,NA,NA,NA,NA,S,Y,4,0,1,3,A,-,03,22350,NA,N,C,C,A,A,H,-,A,D,0,NA,NA,NA,NA,Y,NA,A,01,0,0,1,0,0,0,0,0,0,-,-,33.69089126586914,-117.17485809326172,RIVERSIDE,MENIFEE,-117.17481994628906,33.690914154052734
91542748,2021,2021-08-11,9840,2021-08-03,1507,015663,NA,2,2,6,3315,0,1,3,NA,2,031,SR-91 E/B,MAIN ST,2860,W,N,A,-,Y,NA,NA,91,NA,NA,NA,NA,NA,E,Y,4,0,1,3,A,-,03,22350,NA,N,C,C,A,A,H,-,A,A,0,NA,NA,NA,NA,Y,NA,A,01,0,0,1,0,0,0,0,0,0,-,-,33.88098907470703,-117.57512664794922,RIVERSIDE,CORONA,-117.57512664794922,33.880985260009766
91542799,2021,2021-08-11,9840,2021-08-04,0640,017802,NA,3,1,7,3313,0,1,3,NA,2,010,SR-60 W/B,MAIN ST.,800,W,N,A,-,Y,NA,NA,60,NA,NA,NA,NA,NA,W,N,3,0,1,4,A,-,03,22350,NA,N,C,C,A,A,H,-,A,D,0,NA,NA,NA,NA,Y,NA,D,22,0,1,0,0,0,0,0,0,0,-,-,33.998008728027344,-117.36846160888672,RIVERSIDE,RIVERSIDE,-117.36843872070313,33.99806594848633
9154415,2020,2021-01-26,3313,2020-09-07,1026,1686,5,1,5,7,3313,0,0,0,NA,0,T58,MAGNOLIA AV,HOLE AV,44,W,N,A,-,N,NA,NA,NA,NA,NA,NA,NA,NA,NA,N,4,0,3,2,A,-,03,22350,NA,N,C,C,A,A,H,-,A,B,0,NA,NA,NA,NA,Y,NA,A,08,0,0,3,0,0,0,0,0,0,-,-,33.91360092163086,-117.45809173583984,RIVERSIDE,RIVERSIDE,-117.45790863037108,33.91399383544922
91546083,2021,2021-08-16,9840,2021-08-06,1930,021297,NA,5,2,9,3300,0,3,5,NA,2,004,GAVILAN RD,MULTIVEW DR,50,S,N,A,-,N,NA,NA,NA,NA,NA,NA,NA,NA,NA,Y,2,0,1,1,A,-,08,22107,NA,N,F,A,A,A,H,-,D,D,0,NA,NA,Y,NA,Y,NA,C,02,1,0,0,0,0,0,0,0,1,-,-,33.8194694519043,-117.36020660400392,RIVERSIDE,UNINCORPORATED,-117.35987854003906,33.81940460205078
91546657,2021,2021-08-17,9840,2021-08-04,0300,021037,NA,3,3,7,3313,0,1,3,NA,2,020,SR-91 E/B,MAGNOLIA AVE.,60,W,N,A,-,Y,NA,NA,91,NA,NA,NA,NA,NA,E,Y,2,0,1,1,A,-,01,23152,A,N,E,J,A,A,H,-,C,D,0,NA,NA,NA,NA,Y,Y,A,01,1,0,0,0,0,0,0,0,0,-,-,33.896949768066406,-117.48747253417967,RIVERSIDE,RIVERSIDE,-117.48746490478516,33.896995544433594
91546972,2021,2021-08-17,9840,2021-08-10,0015,020102,NA,2,3,7,3313,0,1,3,NA,2,025,SR-60 E/B,REDLANDS BLVD,2315,E,N,A,-,Y,NA,NA,NA,NA,NA,NA,NA,NA,NA,Y,3,0,1,2,A,-,03,22350,NA,N,C,C,A,A,H,-,C,A,0,NA,NA,NA,Y,Y,NA,A,07,0,1,0,0,0,0,0,0,0,-,-,33.939300537109375,-117.16448211669922,RIVERSIDE,RIVERSIDE,-117.15660858154295,33.939170837402344
91552050,2021,2021-08-23,9685,2021-08-06,0955,015880,NA,5,1,9,3300,0,3,5,NA,2,003,POURROY ROAD (38400 BLOCK),ENCANTO ROAD,27,N,N,A,-,N,NA,NA,NA,NA,NA,NA,NA,NA,NA,N,3,0,1,2,A,-,03,22350,NA,N,C,C,A,A,H,-,A,A,0,NA,NA,NA,NA,Y,NA,A,01,0,1,0,0,0,0,0,0,0,-,-,33.56269073486328,-117.1077880859375,RIVERSIDE,UNINCORPORATED,-117.10777282714844,33.56258773803711
91553111,2021,2021-08-24,9840,2021-08-20,1703,018611,NA,5,2,6,3315,0,1,3,NA,2,311,SR-91 E/B,MCKINLEY STREET,445,W,N,A,-,Y,NA,NA,91,NA,NA,NA,NA,NA,E,Y,4,0,1,2,A,-,03,22350,NA,N,C,C,A,A,H,-,A,D,0,NA,NA,NA,NA,Y,NA,A,01,0,0,1,0,0,0,0,0,0,-,-,33.8856315612793,-117.51901245117188,RIVERSIDE,CORONA,-117.51903533935548,33.885684967041016
91554690,2021,2021-08-26,9840,2021-08-16,1910,021297,NA,1,2,9,3300,0,3,5,NA,2,003,SANTIAGO CANYON ROAD,DE PALMA ROAD,1105,W,N,A,-,N,NA,NA,NA,NA,NA,NA,NA,NA,NA,Y,4,0,4,3,A,-,03,22350,NA,N,C,C,A,A,H,-,A,D,0,NA,NA,NA,NA,Y,NA,A,01,0,0,4,0,0,0,0,0,0,-,-,33.74393844604492,-117.4547119140625,RIVERSIDE,UNINCORPORATED,-117.45401000976563,33.74320602416992
91557221,2021,2021-08-27,9685,2021-08-24,0800,015360,NA,2,1,9,3300,0,3,5,NA,2,003,MURRIETA HOT SPRINGS RD.,CROWN RANCH RD,500,E,N,A,-,N,NA,NA,NA,NA,NA,NA,NA,NA,NA,Y,3,0,2,2,A,-,08,22107,NA,N,B,C,A,A,H,-,A,B,0,NA,NA,NA,NA,Y,NA,A,07,0,1,1,0,0,0,0,0,0,-,-,33.55424118041992,-117.11380004882813,RIVERSIDE,UNINCORPORATED,-117.1136474609375,33.55427932739258
91558596,2021,2021-08-30,9660,2021-08-24,1821,021189,NA,2,2,9,3300,0,1,3,NA,1,034,SR-78,20TH AVENUE,0,NA,Y,A,-,Y,NA,NA,78,NA,NA,NA,NA,NA,NA,Y,3,0,1,1,A,-,01,23152,A,N,F,A,A,A,H,-,A,D,0,NA,NA,NA,NA,Y,Y,D,22,0,1,0,0,0,0,0,0,0,-,-,33.559181213378906,-114.65682220458984,RIVERSIDE,UNINCORPORATED,-114.65680694580078,33.55917739868164
91559405,2021,2021-08-31,9840,2021-08-28,1725,017546,NA,6,2,6,3345,0,1,1,NA,2,011,I-15 N/B,SR-60,165,S,N,A,-,Y,NA,NA,15,NA,NA,NA,NA,NA,N,N,4,0,1,2,A,-,07,21658,A,N,B,C,A,A,H,-,A,D,0,NA,NA,NA,NA,Y,NA,A,08,0,0,1,0,0,0,0,0,0,-,-,34.02090835571289,-117.55004119873048,RIVERSIDE,JURUPA VALLEY,-117.55007934570313,34.02090835571289
91559422,2021,2021-08-31,9630,2021-08-26,1642,020845,NA,4,2,4,3309,0,1,1,NA,2,021,I-10 W/B,MONROE ST.,6336,W,N,A,-,Y,NA,NA,10,NA,NA,NA,NA,NA,W,Y,4,0,2,1,A,-,08,22107,NA,N,F,A,A,A,H,-,A,D,0,NA,NA,NA,NA,Y,NA,A,01,0,0,2,0,0,0,0,0,0,-,-,33.74005889892578,-116.25171661376952,RIVERSIDE,INDIO,-116.25173950195313,33.740013122558594
9155959,2020,2021-01-19,3300,2020-09-17,1150,5531,002K,4,5,6,3345,0,0,0,NA,0,022,VAN BUREN BL,ETIWANDA AV,80,E,N,A,-,N,NA,NA,NA,NA,NA,NA,NA,NA,NA,N,3,0,1,2,A,-,08,22107,NA,N,B,C,A,A,H,-,A,A,0,NA,NA,Y,NA,Y,NA,A,01,0,1,0,0,0,0,0,0,1,-,-,NA,NA,RIVERSIDE,JURUPA VALLEY,-117.5242919921875,34.016334533691406
91559659,2021,2021-08-31,9685,2021-08-29,1305,016347,NA,7,1,4,3342,0,1,1,NA,2,034,I-215 S/B,LOS ALAMOS ROAD,1848,N,N,A,-,Y,NA,NA,215,NA,NA,NA,NA,NA,S,N,4,0,2,3,A,-,03,22350,NA,N,C,C,A,A,H,-,A,A,0,NA,NA,NA,NA,Y,NA,D,22,0,0,2,0,0,0,0,0,0,-,-,33.577999114990234,-117.18103790283205,RIVERSIDE,MURRIETA,-117.1810302734375,33.577999114990234
9156015,2020,2020-12-02,3313,2020-09-13,0808,1905,1,7,5,7,3313,0,0,0,NA,0,2R15,ORANGE ST,FIRST ST,42,S,N,A,-,N,NA,NA,NA,NA,NA,NA,NA,NA,NA,Y,2,0,3,4,A,-,08,22107,NA,N,B,E,A,A,H,-,A,A,0,NA,NA,NA,Y,Y,NA,F,26,1,0,2,0,0,0,0,0,0,-,-,33.98807907104492,-117.36879730224608,RIVERSIDE,RIVERSIDE,-117.36882781982422,33.9880485534668
91560264,2021,2021-09-01,9840,2021-08-11,2055,019361,NA,3,2,9,3300,0,2,4,NA,2,042,VAN BUREN BOULEVARD,I-215,10,E,N,A,-,N,NA,NA,NA,NA,NA,NA,NA,NA,NA,N,4,0,1,1,A,-,01,23152,A,N,E,I,A,A,H,-,C,D,0,NA,NA,NA,NA,Y,Y,D,22,0,0,1,0,0,0,0,0,0,-,-,33.88774871826172,-117.27043151855467,RIVERSIDE,UNINCORPORATED,-117.26976776123048,33.88760757446289
91562069,2021,2021-09-03,9840,2021-08-09,2325,021042,NA,1,3,6,3394,0,1,3,NA,2,025,SR-60 W/B,REDLANDS BLVD,1330,E,N,A,-,Y,NA,NA,60,NA,NA,NA,NA,NA,W,Y,3,0,2,3,A,-,08,22107,NA,N,G,E,E,A,H,-,C,D,0,Y,NA,NA,NA,Y,NA,D,22,0,2,0,0,1,0,0,0,0,-,-,33.939178466796875,-117.15232849121094,RIVERSIDE,MORENO VALLEY,-117.15232849121094,33.93941116333008
91563549,2021,2021-09-06,9840,2021-08-27,1000,018248,NA,5,1,6,3315,0,1,1,NA,2,034,I-15 S/B,PARKRIDGE AVE,370,N,N,A,-,Y,NA,NA,15,NA,NA,NA,NA,NA,S,N,3,0,1,2,A,-,03,22350,NA,N,C,C,A,A,D,-,A,D,0,NA,NA,NA,NA,Y,NA,A,01,0,1,0,0,0,0,0,0,0,-,-,33.88679885864258,-117.55117034912108,RIVERSIDE,CORONA,-117.5512466430664,33.88673400878906
9156532,2020,2020-10-19,3308,2020-08-25,0009,10686,574,2,5,5,3308,0,0,0,NA,0,SOUTH,DOMENIGONI PKWY,ALAMAR MESA DR,1969,E,N,A,-,N,NA,NA,NA,NA,NA,NA,NA,NA,NA,Y,3,0,1,2,A,-,05,21651,B,N,A,C,A,A,H,-,D,D,0,NA,NA,NA,NA,Y,NA,D,22,0,1,0,0,0,0,0,0,0,-,-,NA,NA,RIVERSIDE,HEMET,-117.01516723632813,33.7109260559082
9156746,2020,2020-11-10,3300,2020-09-21,2012,N5860,NA,1,5,5,3335,0,0,0,NA,0,NA,MEADOWS PKWY,DE PORTOLA RD,0,NA,Y,A,-,N,NA,NA,NA,NA,NA,NA,NA,NA,NA,N,4,0,1,2,A,-,-,NA,NA,N,A,C,A,A,H,-,C,A,0,NA,NA,NA,NA,Y,NA,-,-,0,0,1,0,0,0,0,0,0,-,-,33.487850189208984,-117.0954818725586,RIVERSIDE,TEMECULA,-117.09549713134766,33.4876594543457
91568380,2021,2021-09-13,9840,2021-08-14,0304,021261,NA,6,3,7,3313,0,1,1,NA,2,024,I-215 N/B TO I-215 N/B,FAIR ISLE DR,2700,S,N,A,-,Y,NA,NA,215,NA,NA,NA,R,NA,N,N,4,0,1,2,A,-,08,22107,NA,M,B,2,A,A,H,-,D,D,0,NA,NA,NA,NA,Y,NA,A,01,0,0,1,0,0,0,0,0,0,-,-,33.9445915222168,-117.29324340820313,RIVERSIDE,RIVERSIDE,-117.29324340820313,33.9445915222168
91568381,2021,2021-09-13,9840,2021-09-04,1510,022028,NA,6,2,9,3300,0,3,5,NA,2,004,MENIFEE RD,CENTRAL AVE,50,S,N,A,-,N,NA,NA,NA,NA,NA,NA,NA,NA,NA,N,4,0,1,2,A,-,03,22350,NA,N,C,C,A,A,H,-,A,A,0,NA,NA,NA,NA,Y,NA,A,08,0,0,1,0,0,0,0,0,0,-,-,33.7936897277832,-117.1563720703125,RIVERSIDE,UNINCORPORATED,-117.1563720703125,33.79380416870117
91569560,2021,2021-09-14,9840,2021-09-06,2127,020220,NA,1,2,9,3300,0,2,4,NA,2,043,RAMONA EXPRESSWAY,5TH STREET,935,E,N,A,-,N,NA,NA,NA,NA,NA,NA,NA,NA,NA,Y,3,0,1,2,A,-,01,23152,A,M,C,C,A,A,H,-,D,D,0,NA,NA,NA,NA,Y,Y,A,01,0,1,0,0,0,0,0,0,0,-,-,33.83995056152344,-117.09806060791016,RIVERSIDE,UNINCORPORATED,-117.09811401367188,33.83987808227539
91569914,2021,2021-09-14,9655,2021-09-07,0710,014743,NA,2,1,9,3300,0,1,3,NA,2,212,SR-60 W/B,JACK RABBIT TRAIL,17424,W,N,A,-,Y,NA,NA,60,NA,NA,NA,NA,NA,W,Y,3,0,1,2,A,-,16,24002,A,N,E,9,A,A,H,-,A,D,0,NA,NA,NA,NA,Y,NA,A,01,0,1,0,0,0,0,0,0,0,-,-,33.942989349365234,-117.08644104003906,RIVERSIDE,UNINCORPORATED,-117.08639526367188,33.94284439086914