CASE_ID,ACCIDENT_YEAR,PROC_DATE,JURIS,COLLISION_DATE,COLLISION_TIME,OFFICER_ID,REPORTING_DISTRICT,DAY_OF_WEEK,CHP_SHIFT,POPULATION,CNTY_CITY_LOC,SPECIAL_COND,BEAT_TYPE,CHP_BEAT_TYPE,CITY_DIVISION_LAPD,CHP_BEAT_CLASS,BEAT_NUMBER,PRIMARY_RD,SECONDARY_RD,DISTANCE,DIRECTION,INTERSECTION,WEATHER_1,WEATHER_2,STATE_HWY_IND,CALTRANS_COUNTY,CALTRANS_DISTRICT,STATE_ROUTE,ROUTE_SUFFIX,POSTMILE_PREFIX,POSTMILE,LOCATION_TYPE,RAMP_INTERSECTION,SIDE_OF_HWY,TOW_AWAY,COLLISION_SEVERITY,NUMBER_KILLED,NUMBER_INJURED,PARTY_COUNT,PRIMARY_COLL_FACTOR,PCF_CODE_OF_VIOL,PCF_VIOL_CATEGORY,PCF_VIOLATION,PCF_VIOL_SUBSECTION,HIT_AND_RUN,TYPE_OF_COLLISION,MVIW,PED_ACTION,ROAD_SURFACE,ROAD_COND_1,ROAD_COND_2,LIGHTING,CONTROL_DEVICE,CHP_ROAD_TYPE,PEDESTRIAN_ACCIDENT,BICYCLE_ACCIDENT,MOTORCYCLE_ACCIDENT,TRUCK_ACCIDENT,NOT_PRIVATE_PROPERTY,ALCOHOL_INVOLVED,STWD_VEHTYPE_AT_FAULT,CHP_VEHTYPE_AT_FAULT,COUNT_SEVERE_INJ,COUNT_VISIBLE_INJ,COUNT_COMPLAINT_PAIN,COUNT_PED_KILLED,COUNT_PED_INJURED,COUNT_BICYCLIST_KILLED,COUNT_BICYCLIST_INJURED,COUNT_MC_KILLED,COUNT_MC_INJURED,PRIMARY_RAMP,SECONDARY_RAMP,LATITUDE,LONGITUDE,COUNTY,CITY,POINT_X,POINT_Y
91688765,2022,2022-01-28,9655,2022-01-17,1744,019983,NA,1,2,9,3300,0,1,3,NA,2,213,SR-79 N/B,COUNTY LANDFILL ROAD,4224,S,N,B,-,Y,RIV,NA,79,NA,NA,36.414,H,NA,R,N,4,0,1,3,A,-,04,21703,NA,N,C,C,A,B,H,-,C,D,0,NA,NA,NA,NA,Y,NA,-,-,0,0,1,0,0,0,0,0,0,-,-,33.87165832519531,-116.99453735351563,RIVERSIDE,UNINCORPORATED,-116.99462127685548,33.8717155456543
91689438,2022,2022-01-31,9685,2022-01-19,1920,016185,NA,3,2,4,3342,0,1,1,NA,2,034,I-215 SOUTHBOUND,LOS ALAMOS ROAD,2429,N,N,A,-,Y,RIV,NA,215,NA,R,11.083,H,NA,L,N,3,0,1,2,A,-,03,22350,NA,F,C,C,A,A,H,-,D,D,0,NA,NA,NA,Y,Y,NA,A,01,0,1,0,0,0,0,0,0,0,-,-,33.57929992675781,-117.1810302734375,RIVERSIDE,MURRIETA,-117.18104553222656,33.57929992675781
91690643,2022,2022-02-01,9655,2022-01-19,1549,018168,NA,3,2,9,3300,0,3,5,NA,2,002,LIVE OAK CANYON RD,SAN TIMOTEO CANYON RD,4224,N,N,A,-,N,NA,NA,NA,NA,NA,NA,NA,NA,NA,N,2,0,1,2,A,-,05,21460,A,N,D,C,A,A,H,-,A,D,0,NA,NA,Y,NA,Y,NA,C,02,1,0,0,0,0,0,0,0,1,-,-,34.00419998168945,-117.15029144287108,RIVERSIDE,UNINCORPORATED,-117.15299987792967,34.00422286987305
91690713,2022,2022-02-01,9685,2022-01-23,2320,017169,NA,7,3,9,3300,0,1,1,NA,2,010,I-15 S/B,BUNDY CANYON,2323,S,N,A,-,Y,RIV,NA,15,NA,NA,15.855,H,NA,L,N,3,0,1,2,A,-,01,23152,A,N,C,C,A,A,H,-,D,D,0,NA,NA,NA,NA,Y,Y,A,01,0,1,0,0,0,0,0,0,0,-,-,33.62137985229492,-117.26870727539063,RIVERSIDE,UNINCORPORATED,-117.26866149902344,33.62141036987305
91690791,2022,2022-02-01,9685,2022-01-25,1640,016113,NA,2,2,9,3300,0,1,3,NA,1,026,SR-74,HOMELAND AVENUE,0,NA,Y,A,-,Y,RIV,NA,74,NA,NA,32.182,H,NA,R,Y,2,0,1,2,A,-,09,21801,A,N,D,C,A,A,H,-,A,D,0,NA,NA,Y,NA,Y,NA,A,01,1,0,0,0,0,0,0,0,1,-,-,33.74327087402344,-117.11244201660156,RIVERSIDE,UNINCORPORATED,-117.11244201660156,33.74327087402344
91691054,2022,2022-02-01,9685,2022-01-27,0602,016347,NA,4,1,9,3300,0,1,3,NA,1,026,SR-74 E/B,MELBA AVENUE,150,E,N,A,-,Y,RIV,NA,74,NA,NA,32.758,H,NA,R,Y,3,0,2,2,A,-,09,21802,A,N,C,C,A,A,H,-,D,D,0,NA,NA,NA,NA,Y,NA,D,22,0,1,1,0,0,0,0,0,0,-,-,33.74224090576172,-117.10279083251952,RIVERSIDE,UNINCORPORATED,-117.10279083251952,33.742244720458984
91691393,2022,2022-02-02,9840,2022-01-21,1316,018248,NA,5,1,9,3300,0,3,5,NA,2,003,MAYHEW CANYON RD,CAMPBELL RANCH RD,8,W,N,A,-,N,NA,NA,NA,NA,NA,NA,NA,NA,NA,N,3,0,1,2,A,-,11,21950,B,N,G,B,B,A,H,-,A,A,0,Y,NA,NA,NA,Y,NA,N,60,0,1,0,0,1,0,0,0,0,-,-,33.7529182434082,-117.45838928222656,RIVERSIDE,UNINCORPORATED,-117.46874237060548,33.75967025756836
91691446,2022,2022-02-02,9840,2022-01-24,1046,017802,NA,1,1,7,3313,0,1,3,NA,2,025,I-215 N/B,FAIR ISLE DR.,2000,S,N,A,-,Y,RIV,NA,60,NA,R,12.324,H,NA,L,N,3,0,1,2,A,-,03,22350,NA,N,C,C,A,A,H,-,A,D,0,NA,NA,NA,NA,Y,NA,A,01,0,1,0,0,0,0,0,0,0,-,-,33.944820404052734,-117.29045867919922,RIVERSIDE,RIVERSIDE,-117.29048919677734,33.94469451904297
9169154,2020,2020-11-19,3300,2020-09-08,1930,5876,80C5,2,5,3,3305,0,0,0,NA,0,080,48TH AV,JACKSON SQUARE,0,NA,Y,A,-,NA,NA,NA,NA,NA,NA,NA,NA,NA,NA,NA,4,0,1,2,A,-,07,21658,A,F,D,C,A,A,H,-,B,A,0,NA,NA,NA,NA,Y,NA,-,-,0,0,1,0,0,0,0,0,0,-,-,33.70038986206055,-116.18153381347656,RIVERSIDE,COACHELLA,-116.21643829345705,33.7003288269043
9169451,2020,2020-12-22,3300,2020-10-12,1622,N4588,001L4,1,5,6,3345,0,0,0,NA,0,016,MISSION BL,AVALON ST,136,E,N,A,-,N,NA,NA,NA,NA,NA,NA,NA,NA,NA,Y,3,0,1,1,A,-,08,22107,NA,N,E,I,A,A,H,-,A,A,0,NA,NA,NA,NA,Y,NA,D,22,0,1,0,0,0,0,0,0,0,-,-,33.996559143066406,-117.40888214111328,RIVERSIDE,JURUPA VALLEY,-117.40947723388672,33.99808120727539
91695712,2022,2022-02-08,9840,2022-01-20,1800,016619,NA,4,2,6,3345,0,1,3,NA,2,010,SR-60 E/B,HALL AVENUE,500,E,N,A,-,Y,NA,NA,NA,NA,NA,NA,NA,NA,NA,N,4,0,1,2,A,-,03,22350,NA,N,C,C,A,A,H,-,D,D,0,NA,NA,NA,NA,Y,NA,A,01,0,0,1,0,0,0,0,0,0,-,-,33.00505828857422,-117.39083862304688,RIVERSIDE,JURUPA VALLEY,-117.39314270019533,34.0051155090332
91696790,2022,2022-02-09,9685,2022-02-01,1725,017285,NA,2,2,5,3335,0,1,1,NA,2,030,I-15 N/B,WINCHESTER ROAD,2640,N,N,A,-,Y,NA,NA,NA,NA,NA,NA,NA,NA,NA,Y,3,0,1,4,A,-,03,22350,NA,N,C,C,A,A,H,-,D,D,0,NA,NA,NA,Y,Y,NA,F,26,0,1,0,0,0,0,0,0,0,-,-,33.319358825683594,-117.10153198242188,RIVERSIDE,TEMECULA,-117.16696166992188,33.52877426147461
91696835,2022,2022-02-09,9685,2022-01-29,0130,016347,NA,6,3,9,3300,0,1,3,NA,1,012,BETTY ROAD,PHILLIPS STREET,0,NA,Y,B,-,N,NA,NA,NA,NA,NA,NA,NA,NA,NA,Y,4,0,1,1,A,-,03,22350,NA,M,E,I,A,A,H,-,D,D,0,NA,NA,NA,NA,Y,NA,A,01,0,0,1,0,0,0,0,0,0,-,-,33.761199951171875,-117.25399017333984,RIVERSIDE,UNINCORPORATED,-117.25405883789063,33.76114273071289
9169850,2020,2021-01-11,3300,2020-09-24,1353,N5791,002U,4,5,6,3345,0,0,0,NA,0,024,CLAY ST,VAN BUREN BL,30,E,N,A,-,N,NA,NA,NA,NA,NA,NA,NA,NA,NA,Y,4,0,2,2,A,-,08,22107,NA,N,D,C,A,A,H,-,A,A,0,NA,NA,NA,NA,Y,NA,A,08,0,0,2,0,0,0,0,0,0,-,-,33.96731948852539,-117.46681213378906,RIVERSIDE,JURUPA VALLEY,-117.46654510498048,33.967185974121094
91700573,2022,2022-05-03,9655,2022-02-03,1310,020051,NA,4,1,9,3300,0,2,4,NA,2,322,STETSON AVE,YALE ST,0,NA,Y,A,-,N,NA,NA,NA,NA,NA,NA,NA,NA,NA,N,4,0,1,2,A,-,03,22350,NA,N,B,C,A,A,H,-,A,D,0,NA,NA,Y,NA,Y,NA,C,02,0,0,1,0,0,0,0,0,1,-,-,33.72945022583008,-116.94992065429688,RIVERSIDE,UNINCORPORATED,-116.94981384277344,33.72949981689453
91703155,2022,2022-02-17,9840,2022-02-06,0238,021872,NA,7,3,7,3313,0,1,3,NA,2,020,SR-91 W/B,VAN BUREN BLVD,1700,W,N,A,-,Y,RIV,NA,91,NA,NA,13.732,H,NA,L,Y,3,0,1,1,C,-,18,NA,NA,N,E,J,A,A,H,-,D,D,0,NA,NA,Y,NA,Y,NA,-,-,0,1,0,0,0,0,0,0,1,-,-,33.91212844848633,-117.44702911376952,RIVERSIDE,RIVERSIDE,-117.44696044921876,33.91204833984375
91707758,2022,2022-02-24,9840,2022-02-18,2036,021194,NA,5,2,6,3394,0,1,3,NA,2,025,SR-60 E/B,FREDERICK ST,1584,E,N,A,-,Y,RIV,NA,60,NA,NA,14.56,H,NA,R,N,4,0,1,2,A,-,03,22350,NA,N,C,C,A,A,H,-,D,D,0,NA,NA,NA,NA,Y,NA,A,01,0,0,1,0,0,0,0,0,0,-,-,33.94081115722656,-117.257568359375,RIVERSIDE,MORENO VALLEY,-117.257568359375,33.9407844543457
91708099,2022,2022-02-24,9840,2022-02-18,1438,021194,NA,5,2,9,3300,0,3,5,NA,2,002,BOX SPRINGS RD,I-215 N/B,147,W,N,A,-,N,NA,NA,NA,NA,NA,NA,NA,NA,NA,Y,4,0,2,2,A,-,08,22101,D,N,B,C,A,A,H,-,A,A,0,NA,NA,NA,NA,Y,NA,-,99,0,0,2,0,0,0,0,0,0,-,-,33.94866943359375,-117.30008697509766,RIVERSIDE,UNINCORPORATED,-117.30120086669922,33.94835662841797
91709775,2022,2022-02-25,9685,2022-02-15,1743,015757,NA,2,2,5,3335,0,1,1,NA,2,030,I-15 N/B (TEMECULA VALLEY FWY),WINCHESTER RD,785,N,N,B,-,Y,NA,NA,NA,NA,NA,NA,NA,NA,NA,Y,2,0,3,3,A,-,03,22350,NA,N,C,C,A,B,H,-,A,D,0,NA,NA,Y,NA,Y,NA,C,02,1,1,1,0,0,0,0,0,3,-,-,33.52613830566406,-117.16417694091795,RIVERSIDE,TEMECULA,-117.16486358642578,33.52568817138672
91709795,2022,2022-02-25,9685,2022-02-16,0741,016347,NA,3,1,9,3300,0,1,3,NA,1,031,SR-79 (WINCHESTER ROAD),POURROY ROAD,0,NA,Y,A,-,Y,RIV,NA,79,NA,R,10.498,H,NA,R,Y,4,0,2,2,A,-,12,21453,A,N,D,C,A,A,H,-,A,A,0,NA,NA,NA,NA,Y,NA,A,01,0,0,2,0,0,0,0,0,0,-,-,33.62031936645508,-117.09935760498048,RIVERSIDE,UNINCORPORATED,-117.099365234375,33.62032699584961
91711493,2022,2022-02-28,9630,2022-02-20,1545,021416,NA,7,2,9,3300,0,3,5,NA,2,404,WASHINGTON ST,COYOTE SONG WAY,4224,N,N,A,-,N,NA,NA,NA,NA,NA,NA,NA,NA,NA,Y,4,0,1,1,A,-,08,22107,NA,N,F,A,A,A,H,-,A,D,0,NA,NA,NA,NA,Y,NA,A,07,0,0,1,0,0,0,0,0,0,-,-,33.80984878540039,-116.30271911621094,RIVERSIDE,UNINCORPORATED,-116.30220794677734,33.80965042114258
91712359,2022,2022-03-01,9840,2022-02-15,1430,014868,NA,2,2,7,3313,0,1,3,NA,2,201,SR-91 E/B,LA SIERRA AVE,1800,E,N,B,-,Y,RIV,NA,91,NA,NA,12.384,H,NA,R,N,4,0,1,5,A,-,03,22350,NA,N,C,C,A,A,B,-,A,D,0,NA,NA,NA,NA,Y,NA,A,01,0,0,1,0,0,0,0,0,0,-,-,33.9015998840332,-117.46676635742188,RIVERSIDE,RIVERSIDE,-117.466796875,33.90166091918945
9171487,2020,2021-01-12,3300,2020-10-20,1445,3536,602E2,2,5,6,3394,0,0,0,NA,0,MV28,KITCHING ST,WEDMORE DR,76,S,N,A,-,N,NA,NA,NA,NA,NA,NA,NA,NA,NA,NA,4,0,1,1,A,-,03,22350,NA,N,E,I,A,A,H,-,A,D,0,NA,NA,NA,NA,Y,NA,D,22,0,0,1,0,0,0,0,0,0,-,-,33.93321990966797,-117.21758270263672,RIVERSIDE,MORENO VALLEY,-117.21764373779295,33.93300247192383
91715798,2022,2022-03-07,9655,2022-03-04,0256,021017,NA,5,3,9,3300,0,1,3,NA,2,212,SR-60 W/B,GILMAN SPRINGS RD,6864,E,N,B,C,Y,RIV,NA,60,NA,NA,23.453,H,NA,L,Y,4,0,1,1,A,-,03,22350,NA,N,E,I,A,B,D,-,D,D,0,NA,NA,NA,NA,Y,NA,A,01,0,0,1,0,0,0,0,0,0,-,-,33.93709182739258,-117.10437774658205,RIVERSIDE,UNINCORPORATED,-117.10437774658205,33.93709182739258
91719656,2022,2022-03-10,9840,2022-03-09,0735,017546,NA,3,1,6,3394,0,1,3,NA,2,025,SR-60 W/B,DAY STREET,450,W,N,A,-,Y,RIV,NA,60,NA,NA,13.225,H,NA,L,N,4,0,1,2,A,-,03,22350,NA,N,C,C,A,A,H,-,A,D,0,NA,NA,NA,Y,Y,NA,G,25,0,0,1,0,0,0,0,0,0,-,-,33.942989349365234,-117.28050231933594,RIVERSIDE,MORENO VALLEY,-117.28050231933594,33.942989349365234
91722154,2022,2022-03-14,9685,2022-02-27,1903,016185,NA,7,2,9,3300,0,3,5,NA,2,001,CLINTON KEITH ROAD,AVENIDA LA CRESTA,5280,E,N,A,-,N,NA,NA,NA,NA,NA,NA,NA,NA,NA,Y,2,0,2,2,A,-,01,23152,A,N,B,C,A,A,H,-,D,D,0,NA,NA,NA,NA,Y,Y,A,01,1,1,0,0,0,0,0,0,0,-,-,33.560630798339844,-117.263671875,RIVERSIDE,UNINCORPORATED,-117.26441192626952,33.55929946899414
91723263,2022,2022-03-15,9840,2022-03-10,1320,019042,NA,4,1,7,3313,0,1,3,NA,2,201,SR-91 E/B,VAN BUREN BLVD.,155,E,N,A,-,Y,RIV,NA,91,NA,NA,14.119,H,NA,R,Y,3,0,1,1,A,-,08,22107,NA,N,F,A,A,A,H,-,A,D,0,NA,NA,Y,NA,Y,NA,C,02,0,1,0,0,0,0,0,0,1,-,-,33.91511917114258,-117.44126892089844,RIVERSIDE,RIVERSIDE,-117.44125366210938,33.915096282958984
9172371,2020,2020-11-24,3308,2020-09-03,1737,10801,517,4,5,5,3308,0,0,0,NA,0,SOUTH,FLORIDA AV,TAYLOR ST,224,W,N,A,-,Y,RIV,8,74,-,-,40.98,H,-,E,N,4,0,1,4,A,-,03,22350,NA,N,C,C,A,A,H,-,A,A,0,NA,NA,NA,NA,Y,NA,A,01,0,0,1,0,0,0,0,0,0,-,-,33.747589111328125,-116.96414947509766,RIVERSIDE,HEMET,-116.96487426757813,33.74753189086914
91726657,2021,2022-03-18,9840,2021-04-04,0229,021037,NA,7,3,6,3315,0,1,3,NA,2,030,SR-91 EASTBOUND (RIVERSIDE FREEWAY),GREEN RIVER ROAD,4232,W,N,A,-,Y,NA,NA,91,NA,NA,NA,NA,NA,E,Y,1,1,2,2,A,-,01,23152,A,N,C,C,A,A,C,-,D,D,0,NA,NA,NA,NA,Y,Y,A,01,0,1,1,0,0,0,0,0,0,-,-,33.87070083618164,-117.66826629638672,RIVERSIDE,CORONA,-117.66828918457033,33.870758056640625
91727830,2022,2022-03-21,9840,2022-03-09,1120,017441,NA,3,1,6,3345,0,1,3,NA,2,010,SR-60 E/B,RUBIDOUX BLVD,2175,W,N,A,-,Y,RIV,NA,60,NA,NA,9.133,H,NA,R,Y,3,0,2,2,A,-,03,22350,NA,N,C,C,A,A,H,-,A,D,0,NA,NA,NA,NA,Y,NA,A,01,0,1,1,0,0,0,0,0,0,-,-,34.00410079956055,-117.40779876708984,RIVERSIDE,JURUPA VALLEY,-117.40779113769533,34.00417709350586
91728411,2022,2022-03-21,9685,2022-03-18,1521,017285,NA,5,2,4,3312,0,1,1,NA,2,020,I-215 N/B,REDLANDS AVENUE,1160,S,N,A,-,Y,NA,NA,NA,NA,NA,NA,NA,NA,NA,Y,4,0,1,1,A,-,08,22107,NA,N,E,I,A,A,H,-,A,D,0,NA,NA,NA,NA,Y,NA,A,01,0,0,1,0,0,0,0,0,0,-,-,33.46977996826172,-117.1286163330078,RIVERSIDE,PERRIS,-117.2161102294922,33.7842903137207
91735196,2022,2022-03-28,9840,2022-03-22,1456,018281,NA,2,2,9,3300,0,3,5,NA,2,003,11TH ST,TERETICORNIS AVE,465,N,N,A,-,N,NA,NA,NA,NA,NA,NA,NA,NA,NA,Y,4,0,2,2,A,-,03,22350,NA,N,B,C,A,A,H,-,A,D,0,NA,NA,NA,NA,Y,NA,-,-,0,0,2,0,0,0,0,0,0,-,-,33.70513916015625,-117.34274291992188,RIVERSIDE,UNINCORPORATED,-117.3427276611328,33.705142974853516
91736953,2022,2022-03-30,9840,2022-03-25,1421,018611,NA,5,2,4,3310,0,1,1,NA,2,011,I-15 S/B,SIXTH STREET,1000,N,N,A,-,Y,RIV,NA,15,NA,NA,45.771,H,NA,L,Y,4,0,1,2,A,-,03,22350,NA,N,C,C,A,A,H,-,A,D,0,NA,NA,NA,NA,Y,NA,A,07,0,0,1,0,0,0,0,0,0,-,-,33.940330505371094,-117.55592346191406,RIVERSIDE,NORCO,-117.555908203125,33.940330505371094
91737147,2022,2022-03-30,9840,2022-03-19,1209,018248,NA,6,1,6,3315,0,1,1,NA,2,034,I-15 S/B,ONTARIO AVE,4277,N,N,A,-,Y,RIV,NA,15,NA,NA,39.528,H,NA,L,N,4,0,1,2,A,-,03,22350,NA,N,C,C,A,A,H,-,A,D,0,NA,NA,NA,NA,Y,NA,A,01,0,0,1,0,0,0,0,0,0,-,-,33.855751037597656,-117.53582000732422,RIVERSIDE,CORONA,-117.53575897216795,33.85575485229492
91741522,2022,2022-04-05,9840,2022-03-27,1914,021096,NA,7,2,9,3300,0,1,3,NA,2,010,PICO AVENUE,NUEVO RD.,580,S,N,A,-,N,NA,NA,NA,NA,NA,NA,NA,NA,NA,N,3,0,2,1,A,-,08,22107,NA,N,F,A,A,A,H,-,D,D,0,NA,NA,NA,NA,Y,NA,A,01,0,1,1,0,0,0,0,0,0,-,-,33.799591064453125,-117.16504669189452,RIVERSIDE,UNINCORPORATED,-117.16507720947266,33.79963302612305
91742676,2022,2022-04-07,9630,2022-03-29,1600,021570,NA,2,2,9,3300,0,1,1,NA,2,021,I-10 E/B,COOK STREET,450,W,N,A,-,Y,RIV,NA,10,NA,NA,46.794,H,NA,R,Y,3,0,1,1,A,-,08,22107,NA,N,E,I,A,A,H,-,A,D,0,NA,NA,NA,NA,Y,NA,A,01,0,1,0,0,0,0,0,0,0,-,-,33.78683853149414,-116.3560791015625,RIVERSIDE,UNINCORPORATED,-116.35614776611328,33.78675842285156
91743137,2022,2022-04-19,9840,2022-03-27,0240,022457,NA,7,3,9,3300,0,1,1,NA,2,041,I-215 S/B,W. PLACENTIA AVE.,5,N,N,B,-,Y,RIV,NA,215,NA,R,29.409,H,NA,L,Y,4,0,2,4,A,-,03,22350,NA,N,C,C,A,A,H,-,D,D,0,NA,NA,NA,NA,Y,NA,A,01,0,0,2,0,0,0,0,0,0,-,-,33.82326889038086,-117.24144744873048,RIVERSIDE,UNINCORPORATED,-117.24147033691406,33.82326126098633
91744922,2022,2022-04-11,9840,2022-04-03,1603,021096,NA,7,2,6,3394,0,1,3,NA,2,025,SR-60 E/B,PIGEON PASS RD,2370,E,N,B,-,Y,RIV,NA,60,NA,NA,14.794,H,NA,R,N,4,0,3,2,A,-,03,22350,NA,N,C,C,A,A,H,-,A,D,0,NA,NA,NA,NA,Y,NA,A,01,0,0,3,0,0,0,0,0,0,-,-,33.94084930419922,-117.25350952148438,RIVERSIDE,MORENO VALLEY,-117.25350952148438,33.94085693359375
91746219,2022,2022-04-12,9840,2022-04-04,2210,021943,NA,1,3,9,3300,0,3,5,NA,2,004,WOOD ROAD,MARKHAM STREET,0,NA,Y,A,-,N,NA,NA,NA,NA,NA,NA,NA,NA,NA,Y,4,0,2,2,A,-,12,21453,A,N,D,C,A,A,H,-,C,A,0,NA,NA,NA,NA,Y,NA,A,01,0,0,2,0,0,0,0,0,0,-,-,33.85811996459961,-117.33138275146484,RIVERSIDE,UNINCORPORATED,-117.3313217163086,33.8581428527832
91746408,2022,2022-04-12,9655,2022-04-05,0428,018905,NA,2,3,9,3300,0,1,1,NA,2,206,I-10 E/B,MAIN STREET,9504,E,N,A,-,Y,RIV,NA,10,NA,R,21.415,H,NA,R,Y,4,0,1,3,A,-,03,22350,NA,N,C,C,A,A,D,-,D,D,0,NA,NA,NA,Y,Y,NA,G,25,0,0,1,0,0,0,0,0,0,-,-,33.922969818115234,-116.74241638183594,RIVERSIDE,UNINCORPORATED,-116.74242401123048,33.9229850769043
91746513,2022,2022-04-12,9685,2022-03-20,1810,016347,NA,7,2,9,3300,0,1,3,NA,1,039,SR-79,VAIL OAK ROAD,0,NA,Y,B,-,Y,RIV,NA,79,NA,NA,8.23,H,NA,R,Y,3,0,1,2,A,-,05,21650,NA,F,D,C,A,A,H,-,A,D,0,NA,NA,NA,NA,Y,NA,A,07,0,1,0,0,0,0,0,0,0,-,-,33.47010040283203,-116.95343780517578,RIVERSIDE,UNINCORPORATED,-116.95343017578124,33.470062255859375
91747954,2022,2022-04-14,9630,2022-04-02,0920,019153,NA,6,1,9,3300,0,3,5,NA,2,502,58TH AVE,HARRY RAU RD.,6,W,N,A,-,N,NA,NA,NA,NA,NA,NA,NA,NA,NA,Y,2,0,3,2,A,-,09,21801,A,N,D,C,A,A,H,-,A,D,0,NA,NA,NA,NA,Y,NA,A,01,1,1,1,0,0,0,0,0,0,-,-,33.62749099731445,-116.2289810180664,RIVERSIDE,UNINCORPORATED,-116.23008728027344,33.627418518066406
91748099,2022,2022-04-14,9630,2022-04-03,0345,021513,NA,7,3,9,3300,0,1,1,NA,2,021,I-10 E/B,JEFFERSON ST,6336,W,N,A,-,Y,RIV,NA,10,NA,NA,51.26,H,NA,R,Y,2,0,1,1,A,-,01,23152,A,N,E,I,A,A,H,-,D,D,0,NA,NA,NA,NA,Y,Y,A,07,1,0,0,0,0,0,0,0,0,-,-,33.75598907470703,-116.28851318359376,RIVERSIDE,UNINCORPORATED,-116.28856658935548,33.75585174560547
9174850,2020,2020-12-12,3300,2020-10-13,0812,4254,905K,2,5,4,3307,0,0,0,NA,0,093,CLEMENT ST,JESSICA ST,0,NA,Y,A,-,N,NA,NA,NA,NA,NA,NA,NA,NA,NA,Y,4,0,1,2,A,-,09,21801,A,N,A,C,A,A,H,-,A,D,0,NA,NA,NA,NA,Y,NA,A,07,0,0,1,0,0,0,0,0,0,-,-,33.689491271972656,-117.37606811523438,RIVERSIDE,LAKE ELSINORE,-117.3762435913086,33.689369201660156
9174860,2020,2020-12-12,3300,2020-10-22,0653,4490,910Q,4,5,5,3335,0,0,0,NA,0,069,DEER HOLLOW WY,VIA LA COLORADA,0,NA,Y,A,-,N,NA,NA,NA,NA,NA,NA,NA,NA,NA,N,4,0,1,2,A,-,10,21950,A,N,G,B,B,A,H,-,A,A,0,Y,NA,NA,NA,Y,NA,A,07,0,0,1,0,1,0,0,0,0,-,-,33.45539855957031,-117.09046173095705,RIVERSIDE,TEMECULA,-117.09056854248048,33.455379486083984
91748949,2022,2022-04-15,9840,2022-04-08,1120,019527,NA,5,1,6,3345,0,1,3,NA,2,101,SR-60 E/B,PACIFIC AVE,1500,W,N,A,-,Y,RIV,NA,60,NA,NA,8.105,H,NA,R,Y,3,0,1,1,A,-,03,22350,NA,N,F,A,A,A,H,-,A,D,0,NA,NA,Y,NA,Y,NA,C,02,0,1,0,0,0,0,0,0,1,-,-,34.008888244628906,-117.42459869384766,RIVERSIDE,JURUPA VALLEY,-117.4246063232422,34.00887680053711
91749908,2022,2022-04-18,9685,2022-04-13,1735,016502,NA,3,2,5,3335,0,1,1,NA,2,030,I-15 NORTHBOUND,WARM SPRINGS,800,S,N,A,-,Y,RIV,NA,15,NA,NA,7.631,H,NA,R,Y,4,0,1,4,A,-,03,22350,NA,N,C,C,A,A,H,-,A,D,0,NA,NA,NA,NA,Y,NA,D,22,0,0,1,0,0,0,0,0,0,-,-,33.5355110168457,-117.17131805419922,RIVERSIDE,TEMECULA,-117.1713638305664,33.53548812866211
91752888,2022,2022-04-20,9655,2022-04-08,1545,019440,NA,5,2,9,3300,0,1,1,NA,2,206,I-10 E/B,MAIN STREET,2775,W,N,A,-,Y,RIV,NA,10,NA,R,18.864,H,NA,R,N,3,0,1,1,A,-,08,22107,NA,N,F,A,A,A,D,-,A,D,0,NA,NA,Y,NA,Y,NA,C,02,0,1,0,0,0,0,0,0,1,-,-,33.91857147216797,-116.786376953125,RIVERSIDE,UNINCORPORATED,-116.786376953125,33.918643951416016
91754400,2022,2022-04-22,9840,2022-04-07,2319,022180,NA,4,3,7,3313,0,1,1,NA,2,022,I-215 S/B TO COLUMBIA AVE,COLUMBIA AVENUE,90,N,N,A,-,Y,NA,NA,NA,NA,NA,NA,NA,NA,NA,Y,4,0,1,2,A,-,03,22350,NA,N,E,8,A,A,H,-,D,D,0,NA,NA,NA,NA,Y,NA,A,07,0,0,1,0,0,0,0,0,0,-,-,34.00265121459961,-117.35169219970705,RIVERSIDE,RIVERSIDE,-117.35169219970705,34.00265121459961
91754454,2022,2022-04-22,9630,2022-04-18,1525,016635,NA,1,2,9,3300,0,3,5,NA,2,001,NORTH INDIAN CANYON DR,PIERSON BLVD,1584,S,N,A,-,N,NA,NA,NA,NA,NA,NA,NA,NA,NA,Y,4,0,1,2,A,-,03,22350,NA,N,C,C,A,A,H,-,A,D,0,NA,NA,NA,NA,Y,NA,A,01,0,0,1,0,0,0,0,0,0,-,-,33.553279876708984,-116.36019134521484,RIVERSIDE,UNINCORPORATED,-116.54508209228516,33.95710372924805