CASE_ID,ACCIDENT_YEAR,PROC_DATE,JURIS,COLLISION_DATE,COLLISION_TIME,OFFICER_ID,REPORTING_DISTRICT,DAY_OF_WEEK,CHP_SHIFT,POPULATION,CNTY_CITY_LOC,SPECIAL_COND,BEAT_TYPE,CHP_BEAT_TYPE,CITY_DIVISION_LAPD,CHP_BEAT_CLASS,BEAT_NUMBER,PRIMARY_RD,SECONDARY_RD,DISTANCE,DIRECTION,INTERSECTION,WEATHER_1,WEATHER_2,STATE_HWY_IND,CALTRANS_COUNTY,CALTRANS_DISTRICT,STATE_ROUTE,ROUTE_SUFFIX,POSTMILE_PREFIX,POSTMILE,LOCATION_TYPE,RAMP_INTERSECTION,SIDE_OF_HWY,TOW_AWAY,COLLISION_SEVERITY,NUMBER_KILLED,NUMBER_INJURED,PARTY_COUNT,PRIMARY_COLL_FACTOR,PCF_CODE_OF_VIOL,PCF_VIOL_CATEGORY,PCF_VIOLATION,PCF_VIOL_SUBSECTION,HIT_AND_RUN,TYPE_OF_COLLISION,MVIW,PED_ACTION,ROAD_SURFACE,ROAD_COND_1,ROAD_COND_2,LIGHTING,CONTROL_DEVICE,CHP_ROAD_TYPE,PEDESTRIAN_ACCIDENT,BICYCLE_ACCIDENT,MOTORCYCLE_ACCIDENT,TRUCK_ACCIDENT,NOT_PRIVATE_PROPERTY,ALCOHOL_INVOLVED,STWD_VEHTYPE_AT_FAULT,CHP_VEHTYPE_AT_FAULT,COUNT_SEVERE_INJ,COUNT_VISIBLE_INJ,COUNT_COMPLAINT_PAIN,COUNT_PED_KILLED,COUNT_PED_INJURED,COUNT_BICYCLIST_KILLED,COUNT_BICYCLIST_INJURED,COUNT_MC_KILLED,COUNT_MC_INJURED,PRIMARY_RAMP,SECONDARY_RAMP,LATITUDE,LONGITUDE,COUNTY,CITY,POINT_X,POINT_Y
91968054,2023,2023-01-13,9840,2023-01-03,455,021873,NA,2,3,9,3300,0,1,1,NA,2,037,I-15 S/B,LAKE ST,5000,N,N,C,-,Y,NA,NA,NA,NA,NA,NA,NA,NA,NA,Y,4,0,1,1,A,-,08,22107,NA,N,F,I,A,B,H,-,B,D,0,NA,NA,NA,NA,Y,NA,D,22,0,0,1,0,0,0,0,0,0,-,-,33.73286056518555,-117.41552734375,RIVERSIDE,UNINCORPORATED,-117.41549682617188,33.73319625854492
91968789,2023,2023-01-16,9685,2023-01-12,1500,016096,NA,4,2,9,3300,0,1,3,NA,2,011,SR-74,LOS PINOS CAMP,0,NA,Y,A,-,Y,RIV,NA,74,NA,NA,5.271,H,NA,R,Y,3,0,2,2,A,-,06,21750,NA,N,B,C,A,A,H,-,A,D,0,NA,NA,Y,NA,Y,NA,C,02,0,2,0,0,0,0,0,0,2,-,-,33.63750076293945,-117.42214965820313,RIVERSIDE,UNINCORPORATED,-117.4221420288086,33.63749694824219
91969830,2022,2023-01-17,9840,2022-12-31,0512,022028,NA,6,3,7,3313,0,1,3,NA,2,021,SR-91 WB,14TH STREET,300,E,N,C,-,Y,RIV,NA,91,NA,NA,20.135,H,NA,L,Y,3,0,1,3,A,-,08,22107,NA,N,B,2,A,B,H,-,C,D,0,NA,NA,NA,Y,Y,NA,F,25,0,1,0,0,0,0,0,0,0,-,-,33.97563171386719,-117.37226104736328,RIVERSIDE,RIVERSIDE,-117.37222290039063,33.97562026977539
91971011,2023,2023-01-18,9630,2023-01-07,1138,019267,NA,6,1,9,3300,0,1,1,NA,2,301,I-10 E/B,COTTONWOOD SPRINGS RD,6336,W,N,A,-,Y,RIV,NA,10,NA,R,80.397,H,NA,R,Y,3,0,2,2,A,-,03,22350,NA,N,C,C,A,A,H,-,A,D,0,NA,NA,NA,NA,Y,NA,A,01,0,1,1,0,0,0,0,0,0,-,-,33.660850524902344,-115.82211303710938,RIVERSIDE,UNINCORPORATED,-115.82211303710938,33.660797119140625
91971224,2023,2023-01-18,9630,2023-01-09,1045,019943,NA,1,1,9,3300,0,1,1,NA,2,010,I-10 E/B,WALL ROAD,3696,W,N,B,-,Y,RIV,NA,10,NA,NA,30.257,H,NA,R,N,3,0,1,1,C,-,18,NA,NA,N,E,J,A,A,C,-,A,D,0,NA,NA,NA,NA,Y,NA,-,-,0,1,0,0,0,0,0,0,0,-,-,33.9122314453125,-116.59439849853516,RIVERSIDE,UNINCORPORATED,-116.59438323974608,33.91227340698242
91971742,2023,2023-01-19,9630,2023-01-11,735,021897,NA,3,1,9,3300,0,1,1,NA,2,020,I-10 E/B,DATE PALM DR,2112,W,N,A,-,Y,RIV,NA,10,NA,NA,39.028,H,NA,R,Y,4,0,2,5,A,-,03,22350,NA,N,C,C,A,A,H,-,A,D,0,NA,NA,NA,NA,Y,NA,A,07,0,0,2,0,0,0,0,0,0,-,-,33.85308074951172,-116.46502685546876,RIVERSIDE,UNINCORPORATED,-116.46499633789063,33.853118896484375
91971760,2023,2023-01-19,9630,2023-01-08,932,019758,NA,7,1,9,3300,0,3,5,NA,2,404,SAN MIGUELITO DR,PINE VALLEY ST.,528,S,N,A,-,N,NA,NA,NA,NA,NA,NA,NA,NA,NA,N,4,0,1,2,A,-,08,22107,NA,N,G,B,F,A,H,-,A,D,0,Y,NA,NA,NA,Y,NA,A,01,0,0,1,0,1,0,0,0,0,-,-,33.812721252441406,-116.38284301757813,RIVERSIDE,UNINCORPORATED,-116.3832778930664,33.81298828125
9197285,2020,2021-01-30,3313,2020-11-14,0133,1855,4,6,5,7,3313,0,0,0,NA,0,1R41,MADISON ST,MAGNOLIA AV,0,NA,Y,A,-,N,NA,NA,NA,NA,NA,NA,NA,NA,NA,Y,4,0,3,4,A,-,12,21453,A,N,D,C,A,A,H,-,C,A,0,NA,NA,NA,Y,Y,NA,A,07,0,0,3,0,0,0,0,0,0,-,-,33.941688537597656,-117.40947723388672,RIVERSIDE,RIVERSIDE,-117.40950012207033,33.941490173339844
91974627,2023,2023-01-23,9840,2023-01-10,810,020535,NA,2,1,9,3300,0,1,3,NA,2,030,SR-91 W/B,GREENRIVER ROAD,4034,E,N,C,-,Y,RIV,NA,91,NA,R,1.783,H,NA,L,N,4,0,1,3,A,-,03,22350,NA,N,C,C,A,B,H,-,A,D,0,NA,NA,NA,NA,Y,NA,A,07,0,0,1,0,0,0,0,0,0,-,-,33.88254165649414,-117.64569091796876,RIVERSIDE,UNINCORPORATED,-117.64566040039063,33.88246154785156
91974981,2023,2023-01-23,9630,2023-01-14,1801,020344,NA,6,2,9,3300,0,3,5,NA,2,505,OFF HIGHWAY- OPEN DESERT,72ND AVE.,422,N,N,A,-,N,NA,NA,NA,NA,NA,NA,NA,NA,NA,N,4,0,1,1,B,-,22,NA,NA,N,F,A,A,A,G,-,D,D,0,NA,NA,Y,NA,Y,NA,C,06,0,0,1,0,0,0,0,0,1,-,-,33.537750244140625,-115.92034912109376,RIVERSIDE,UNINCORPORATED,NA,NA
91975038,2023,2023-01-23,9630,2023-01-16,1155,019943,NA,1,1,9,3300,0,3,5,NA,2,401,DILLON ROAD,DESERT CREST AVE,2112,E,N,B,-,N,NA,NA,NA,NA,NA,NA,NA,NA,NA,Y,2,0,1,1,A,-,08,22107,NA,N,E,I,A,B,H,-,A,D,0,NA,NA,NA,NA,Y,NA,A,01,1,0,0,0,0,0,0,0,0,-,-,33.9522705078125,-116.44377136230467,RIVERSIDE,UNINCORPORATED,-116.44458770751952,33.92525100708008
91975589,2023,2023-01-24,9840,2023-01-14,1322,018248,NA,6,1,6,3315,0,1,S,NA,2,300,SR-91 W/B,SR-71 N/B,2006,E,N,B,C,Y,RIV,NA,91,NA,R,2.483,H,NA,L,Y,4,0,2,2,A,-,08,22107,NA,N,D,C,A,B,H,-,A,D,0,NA,NA,NA,NA,Y,NA,A,07,0,0,2,0,0,0,0,0,0,-,-,33.88481140136719,-117.63394165039063,RIVERSIDE,CORONA,-117.63394927978516,33.884918212890625
91976049,2023,2023-01-24,9655,2023-01-16,1725,018677,NA,1,2,9,3300,0,1,3,NA,2,213,STATE ROUTE 79 SOUTHBOUND,COUNTY LANDFILL ROAD,5280,N,N,B,C,Y,RIV,NA,79,NA,NA,37.931,H,NA,L,Y,3,0,1,2,A,-,07,21658,A,N,B,C,A,B,H,-,B,D,0,NA,NA,NA,NA,Y,NA,A,01,0,1,0,0,0,0,0,0,0,-,-,33.89276885986328,-116.9881591796875,RIVERSIDE,UNINCORPORATED,-116.98815155029295,33.89276885986328
9197652,2020,2021-01-15,3309,2020-11-19,1719,425,3309,4,5,4,3309,0,0,0,NA,0,004,CLINTON ST,FRANCIS AV,50,N,N,A,-,N,NA,NA,NA,NA,NA,NA,NA,NA,NA,N,4,0,2,2,A,-,03,22350,NA,N,C,C,A,A,H,-,C,A,0,NA,NA,NA,NA,Y,NA,A,01,0,0,2,0,0,0,0,0,0,-,-,NA,NA,RIVERSIDE,INDIO,-116.2426986694336,33.72297668457031
91976902,2023,2023-01-25,9840,2023-01-16,710,014335,NA,1,1,4,3310,0,1,1,NA,2,011,I-15 NB,SANTA ANA RIVER,160,N,N,B,C,Y,RIV,NA,15,NA,NA,46.486,H,NA,R,N,4,0,1,1,A,-,03,22350,NA,N,E,I,A,B,H,-,A,D,0,NA,NA,NA,NA,Y,NA,B,01,0,0,1,0,0,0,0,0,0,-,-,33.95014190673828,-117.55197143554688,RIVERSIDE,NORCO,-117.552001953125,33.950157165527344
91977036,2023,2023-01-25,9840,2023-01-18,555,014916,NA,3,3,7,3313,0,1,3,NA,2,025,SR-60 W/B,DAY ST,739,W,N,A,-,Y,RIV,NA,60,NA,NA,13.163,H,NA,L,N,3,0,1,2,A,-,03,22350,NA,M,C,C,A,A,H,-,B,D,0,NA,NA,NA,NA,Y,NA,-,99,0,1,0,0,0,0,0,0,0,-,-,33.943138122558594,-117.2815170288086,RIVERSIDE,RIVERSIDE,-117.2815170288086,33.94316482543945
91977187,2023,2023-01-25,9655,2023-01-16,1035,019630,NA,1,1,3,3302,0,1,1,NA,2,202,INTERSTATE 10,OAK VALLEY PARKWAY,580,W,N,C,-,Y,RIV,NA,10,NA,R,5.424,H,NA,L,N,4,0,2,1,A,-,03,22350,NA,N,F,A,A,B,H,-,A,D,0,NA,NA,NA,NA,Y,NA,A,07,0,0,2,0,0,0,0,0,0,-,-,33.9464111328125,-117.00379180908205,RIVERSIDE,BEAUMONT,-117.0040283203125,33.94624710083008
9197944,2020,2021-02-03,3313,2020-11-01,0008,1906,3,7,5,7,3313,0,0,0,NA,0,1R39,BOUNTIFUL ST,TRAUTWEIN RD,0,NA,Y,A,-,N,NA,NA,NA,NA,NA,NA,NA,NA,NA,NA,4,0,1,1,A,-,12,22450,A,N,E,I,A,A,H,-,C,D,0,NA,NA,Y,NA,Y,NA,C,02,0,0,1,0,0,0,0,0,1,-,-,33.88983154296875,-117.32575225830078,RIVERSIDE,RIVERSIDE,-117.32491302490234,33.89154815673828
9198007,2020,2021-02-04,3313,2020-12-26,0812,1880,4,6,5,7,3313,0,0,0,NA,0,T40,ARLINGTON AV,CALIFORNIA AV,166,W,N,A,-,N,NA,NA,NA,NA,NA,NA,NA,NA,NA,NA,3,0,1,2,A,-,11,21950,B,N,G,B,D,A,H,-,A,D,0,Y,NA,NA,NA,Y,NA,N,60,0,1,0,0,1,0,0,0,0,-,-,33.946388244628906,-117.41737365722656,RIVERSIDE,RIVERSIDE,-117.41905212402344,33.94606018066406
9198016,2020,2021-02-04,3313,2020-12-10,1021,1880,5,4,5,7,3313,0,0,0,NA,0,T40,VAN BUREN BL,CALIFORNIA AV,380,N,N,A,-,N,NA,NA,NA,NA,NA,NA,NA,NA,NA,NA,4,0,2,2,A,-,12,21453,A,N,D,C,A,A,H,-,A,A,0,NA,NA,NA,NA,Y,NA,-,-,0,0,2,0,0,0,0,0,0,-,-,33.92599868774414,-117.45207214355467,RIVERSIDE,RIVERSIDE,-117.45246124267578,33.927425384521484
91982141,2023,2023-01-30,9685,2023-01-27,1415,016185,NA,5,2,9,3300,0,1,3,NA,1,026,SR-74,HOMELAND AVENUE,0,NA,Y,A,-,Y,RIV,NA,74,NA,NA,32.185,H,NA,R,N,4,0,1,2,A,-,09,21801,A,N,D,C,A,A,H,-,A,D,0,NA,NA,NA,NA,Y,NA,A,01,0,0,1,0,0,0,0,0,0,-,-,33.74330139160156,-117.11239624023438,RIVERSIDE,UNINCORPORATED,-117.11239624023438,33.74327087402344
91983911,2023,2023-02-01,9630,2023-01-23,814,019153,NA,1,1,9,3300,0,1,1,NA,2,302,I-10 E/B,BOX CANYON RD,9504,E,N,A,G,Y,RIV,NA,10,NA,R,83.338,H,NA,R,Y,4,0,1,1,C,-,18,NA,NA,N,F,A,A,A,H,-,A,D,0,NA,NA,NA,NA,Y,NA,-,-,0,0,1,0,0,0,0,0,0,-,-,33.659828186035156,-115.77117156982422,RIVERSIDE,UNINCORPORATED,-115.77117156982422,33.65992736816406
91984564,2023,2023-02-02,9685,2023-01-27,1740,018539,NA,5,2,5,3335,0,1,1,NA,2,030,I-15  N/B,TEMECULA PARKWAY,2060,S,N,A,-,Y,RIV,NA,15,NA,NA,3.031,H,NA,R,Y,3,0,1,2,A,-,03,22350,NA,N,B,C,A,A,H,-,A,D,0,NA,NA,Y,NA,Y,NA,C,02,0,1,0,0,0,0,0,0,1,-,-,33.47499084472656,-117.13854217529295,RIVERSIDE,TEMECULA,-117.13851165771484,33.47499465942383
91987403,2023,2023-02-06,9685,2023-01-31,525,015757,NA,2,3,5,3341,0,1,1,NA,2,020,I-215 S/B (ESCONDIDO FWY),SCOTT RD,4488,N,N,A,-,Y,RIV,NA,215,NA,R,16.398,H,NA,L,Y,4,0,1,2,A,-,03,22350,NA,N,C,C,A,A,H,-,D,A,0,NA,NA,NA,NA,Y,NA,A,01,0,0,1,0,0,0,0,0,0,-,-,33.65433883666992,-117.17127990722656,RIVERSIDE,MENIFEE,-117.17131042480467,33.65433883666992
91987565,2022,2023-02-06,9685,2022-12-02,0627,015295,NA,5,1,9,3300,0,2,4,NA,2,016,GRAND AVENUE,CHURCHILL STREET,202,N,N,B,C,N,NA,NA,NA,NA,NA,NA,NA,NA,NA,N,2,0,1,2,A,-,08,22107,NA,F,G,B,E,B,H,-,B,D,0,Y,NA,NA,NA,Y,NA,A,07,1,0,0,0,1,0,0,0,0,-,-,33.63737106323242,-117.34190368652344,RIVERSIDE,UNINCORPORATED,-117.34211730957033,33.63740158081055
91989155,2023,2023-02-08,9840,2023-02-02,1008,019219,NA,4,1,9,3300,0,3,5,NA,2,004,ELLIS AVENUE,THEDA STREET,400,E,N,A,-,N,NA,NA,NA,NA,NA,NA,NA,NA,NA,N,4,0,3,2,A,-,03,22350,NA,N,C,C,A,A,H,-,A,D,0,NA,NA,NA,NA,Y,NA,A,01,0,0,3,0,0,0,0,0,0,-,-,33.77198028564453,-117.27449798583984,RIVERSIDE,UNINCORPORATED,-117.2743911743164,33.77201843261719
91990213,2023,2023-02-09,9685,2023-01-31,1840,015880,NA,2,2,9,3300,0,3,5,NA,2,001,GRAND AVENUE (18700 BLOCK),GREGORY PLACE,0,NA,Y,A,-,N,NA,NA,NA,NA,NA,NA,NA,NA,NA,Y,4,0,1,2,A,-,12,21453,A,F,D,2,A,A,H,-,E,A,0,NA,NA,NA,NA,Y,NA,D,22,0,0,1,0,0,0,0,0,0,-,-,33.626319885253906,-117.32408905029295,RIVERSIDE,UNINCORPORATED,-117.32410430908205,33.626285552978516
91991658,2023,2023-02-10,9655,2023-01-31,2042,022361,NA,2,2,4,3301,0,2,S,NA,2,901,RAMSEY STREET,HARGRAVE STREET,25,W,N,A,-,N,NA,NA,NA,NA,NA,NA,NA,NA,NA,N,4,0,1,2,A,-,01,23152,A,N,C,C,A,A,H,-,C,A,0,NA,NA,NA,NA,Y,Y,A,01,0,0,1,0,0,0,0,0,0,-,-,33.92536926269531,-116.8681411743164,RIVERSIDE,BANNING,-116.86803436279295,33.925392150878906
91993512,2022,2023-02-13,9685,2022-12-07,2305,017013,NA,3,3,5,3335,0,1,1,NA,2,030,I-15 N/B,SANTIAGO ROAD OVERCROSSING,2640,N,N,A,-,Y,RIV,NA,15,NA,NA,4.225,H,NA,R,Y,4,0,2,2,A,-,08,22107,NA,F,B,C,A,A,H,-,D,D,0,NA,NA,NA,NA,Y,NA,-,99,0,0,2,0,0,0,0,0,0,-,-,33.491519927978516,-117.1444091796875,RIVERSIDE,TEMECULA,-117.14444732666016,33.49150848388672
91994584,2023,2023-02-15,9685,2023-02-11,1211,017285,NA,6,1,5,3335,0,1,1,NA,2,030,I-15 S/B,SANTIAGO ROAD,550,N,N,A,-,Y,RIV,NA,15,NA,NA,4.251,H,NA,L,Y,4,0,1,2,C,-,18,NA,NA,N,B,C,A,A,H,-,A,D,0,NA,NA,NA,NA,Y,NA,-,-,0,0,1,0,0,0,0,0,0,-,-,33.492069244384766,-117.14505004882813,RIVERSIDE,TEMECULA,-117.14505004882813,33.492069244384766
91997359,2023,2023-02-17,9840,2023-02-16,945,019219,NA,4,1,9,3300,0,2,4,NA,2,045,CAJALCO ROAD,BROWN STREET,20,E,N,A,-,N,NA,NA,NA,NA,NA,NA,NA,NA,NA,N,4,0,1,2,A,-,03,22350,NA,N,C,C,A,A,H,-,A,A,0,NA,NA,NA,NA,Y,NA,D,22,0,0,1,0,0,0,0,0,0,-,-,33.837158203125,-117.29624938964844,RIVERSIDE,UNINCORPORATED,-117.29631805419922,33.83713150024414
91997521,2023,2023-02-17,9655,2023-02-07,755,020051,NA,2,1,9,3300,0,1,3,NA,2,315,SR-79 N/B,NEWPORT RD,50,S,N,A,-,Y,RIV,NA,79,NA,R,15.133,H,NA,R,N,3,0,1,2,A,-,03,22350,NA,N,C,C,A,A,H,-,A,A,0,NA,NA,NA,NA,Y,NA,A,01,0,1,0,0,0,0,0,0,0,-,-,33.68523025512695,-117.08438110351563,RIVERSIDE,UNINCORPORATED,-117.08432769775392,33.68523406982422
92000471,2023,2023-02-23,9685,2023-02-17,1930,016185,NA,5,2,5,3335,0,1,1,NA,2,030,I-15 NORTHBOUND,RANCHO CALIFORNIA ROAD,528,N,N,A,-,Y,RIV,NA,15,NA,NA,5.096,H,NA,R,N,3,0,2,2,A,-,03,22350,NA,N,C,C,A,A,H,-,C,D,0,NA,NA,NA,NA,Y,NA,A,01,0,2,0,0,0,0,0,0,0,-,-,33.502559661865234,-117.15193176269533,RIVERSIDE,TEMECULA,-117.1519775390625,33.50254440307617
92004488,2023,2023-03-02,9685,2023-02-21,1055,015295,NA,2,1,9,3300,0,3,5,NA,2,003,MESA ROAD,GLEN OAKS ROAD,2640,N,N,B,-,N,NA,NA,NA,NA,NA,NA,NA,NA,NA,Y,3,0,2,2,A,-,05,21460,A,N,A,C,A,A,H,-,A,D,0,NA,NA,NA,NA,Y,NA,D,22,0,2,0,0,0,0,0,0,0,-,-,33.56182861328125,-117.00227355957033,RIVERSIDE,UNINCORPORATED,-117.00225067138672,33.56243896484375
92004525,2023,2023-02-28,9840,2023-02-20,1804,020220,NA,1,2,9,3300,0,1,1,NA,2,040,I-215 S/B FROM VAN BUREN BOULEVARD,VAN BUREN BOULEVARD,805,S,N,A,-,Y,RIV,NA,215,NA,R,34.002,H,NA,L,Y,4,0,2,2,A,-,03,22350,NA,N,C,C,A,A,H,-,D,A,0,NA,NA,NA,NA,Y,NA,A,01,0,0,2,0,0,0,0,0,0,-,-,33.885440826416016,-117.26976013183594,RIVERSIDE,UNINCORPORATED,-117.26946258544922,33.885498046875
92005258,2023,2023-02-28,9840,2023-02-19,1625,021080,NA,7,2,7,3313,0,1,3,NA,2,020,SR-91 W/B,MAGNOLIA AVE,2112,E,N,A,-,Y,RIV,NA,91,NA,NA,11.647,H,NA,L,N,4,0,2,2,A,-,03,22350,NA,M,C,C,A,A,H,-,A,D,0,NA,NA,NA,NA,Y,NA,A,01,0,0,2,0,0,0,0,0,0,-,-,33.89765930175781,-117.47862243652344,RIVERSIDE,RIVERSIDE,-117.47863006591795,33.897682189941406
92006932,2023,2023-03-01,9840,2023-02-21,1528,017441,NA,2,2,7,3313,0,1,3,NA,2,020,SR-91 E/B,VAN BUREN BLVD,710,W,N,B,-,Y,RIV,NA,91,NA,NA,13.934,H,NA,R,Y,4,0,2,3,A,-,03,22350,NA,N,C,C,A,A,H,-,A,D,0,NA,NA,NA,NA,Y,NA,-,-,0,0,2,0,0,0,0,0,0,-,-,33.91360855102539,-117.44396209716795,RIVERSIDE,RIVERSIDE,-117.44393157958984,33.91357421875
92008251,2023,2023-03-02,9840,2023-02-14,2250,021943,NA,2,3,9,3300,0,3,5,NA,2,004,ORANGE AVENUE,CLARK STREET,675,E,N,B,-,N,NA,NA,NA,NA,NA,NA,NA,NA,NA,N,4,0,1,1,A,-,08,22107,NA,N,E,I,A,B,H,-,D,D,0,NA,NA,NA,NA,Y,Y,A,07,0,0,1,0,0,0,0,0,0,-,-,33.816139221191406,-117.28520965576172,RIVERSIDE,UNINCORPORATED,-117.28543090820313,33.816070556640625
92010295,2023,2023-03-06,9685,2023-02-23,1434,017903,NA,4,2,9,3300,0,3,5,NA,2,003,LEON ROAD,BRUSSELS ROAD,0,NA,Y,B,-,N,NA,NA,NA,NA,NA,NA,NA,NA,NA,Y,3,0,2,2,A,-,09,21801,A,N,A,C,A,B,H,-,A,A,0,NA,NA,NA,NA,Y,NA,A,07,0,2,0,0,0,0,0,0,0,-,-,33.594058990478516,-117.11753082275392,RIVERSIDE,UNINCORPORATED,-117.11758422851563,33.59406661987305
92013789,2023,2023-03-09,9840,2023-02-23,1150,017802,NA,4,1,6,3394,0,1,3,NA,2,025,SR-60 W/B,INDIAN AVE,880,E,N,C,-,Y,RIV,NA,60,NA,NA,16.027,H,NA,L,N,3,0,1,1,A,-,08,22107,NA,N,E,I,A,B,H,-,A,D,0,NA,NA,NA,NA,Y,NA,A,01,0,1,0,0,0,0,0,0,0,-,-,33.941131591796875,-117.23207855224608,RIVERSIDE,MORENO VALLEY,-117.23210906982422,33.9410285949707
92013827,2023,2023-03-09,9840,2023-02-28,1825,020455,NA,2,2,7,3313,0,1,3,NA,2,021,SR-91 E/B,14TH ST,1000,W,N,B,-,Y,RIV,NA,91,NA,NA,19.757,H,NA,R,Y,3,0,2,2,A,-,03,22350,NA,N,C,C,A,A,H,-,C,D,0,NA,NA,NA,NA,Y,NA,D,22,0,1,1,0,0,0,0,0,0,-,-,33.97063064575195,-117.37499237060548,RIVERSIDE,RIVERSIDE,-117.37516784667967,33.97071075439453
92014306,2023,2023-03-10,9840,2023-02-24,1445,020989,NA,5,2,9,3300,0,3,5,NA,2,003,TEMESCAL CANYON (20200 BLOCK),TOMS BARNES ST,375,S,N,B,-,N,NA,NA,NA,NA,NA,NA,NA,NA,NA,N,3,0,2,2,A,-,08,22107,NA,N,B,C,A,A,H,-,A,D,0,NA,NA,NA,Y,Y,NA,G,25,0,1,1,0,0,0,0,0,0,-,-,33.82796859741211,-117.51332855224608,RIVERSIDE,UNINCORPORATED,NA,NA
92015153,2023,2023-03-10,9655,2023-03-04,255,022260,NA,6,3,9,3300,0,1,1,NA,2,206,INTERSTATE 10 WESTBOUND,TIPTON RD,148,E,N,A,-,Y,RIV,NA,10,NA,NA,27.281,H,NA,L,Y,3,0,1,2,A,-,01,23152,A,N,C,E,A,A,H,-,D,D,0,NA,NA,NA,Y,Y,Y,D,22,0,1,0,0,0,0,0,0,0,-,-,33.92377853393555,-116.64379119873048,RIVERSIDE,UNINCORPORATED,-116.64379119873048,33.923770904541016
92017586,2022,2023-03-14,9655,2022-11-20,1844,021908,NA,7,2,3,3302,0,1,1,NA,2,202,INTERSATE 10 EASTBOUND,OAK VALLEY PARKWAY,352,E,N,A,-,Y,RIV,NA,10,NA,R,5.578,H,NA,R,N,1,1,0,2,A,-,11,21956,A,N,G,B,E,A,H,-,D,D,0,Y,NA,NA,NA,Y,NA,N,60,0,0,0,1,0,0,0,0,0,-,-,33.94432067871094,-117.00273895263672,RIVERSIDE,BEAUMONT,-117.00269317626952,33.94435119628906
92017604,2023,2023-03-14,9685,2023-03-05,1720,017833,NA,7,2,9,3300,0,3,5,NA,2,003,PAUBA RD,LOS CABALLOS RD,226,S,N,B,-,N,NA,NA,NA,NA,NA,NA,NA,NA,NA,Y,3,0,1,1,A,-,01,23152,A,N,E,I,A,A,H,-,A,D,0,NA,NA,NA,NA,Y,NA,D,22,0,1,0,0,0,0,0,0,0,-,-,33.492088317871094,-117.0255889892578,RIVERSIDE,UNINCORPORATED,-117.02542114257813,33.49205780029297
92018441,2023,2023-06-26,9660,2023-03-09,1433,021994,NA,4,2,9,3300,0,1,1,NA,2,030,INTERSTATE 10,CORN SPRINGS RD O/C,21120,E,N,A,-,Y,RIV,NA,10,NA,R,118.454,H,NA,R,Y,4,0,5,3,A,-,03,22350,NA,N,C,C,A,A,H,-,A,D,0,NA,NA,NA,Y,Y,NA,G,25,0,0,5,0,0,0,0,0,0,-,-,33.66263961791992,-115.1772918701172,RIVERSIDE,UNINCORPORATED,-115.17729949951172,33.6626091003418
92020908,2023,2023-03-17,9840,2023-03-13,310,022180,NA,1,3,7,3313,0,1,3,NA,2,021,SR-91 W/B,MADISON STREET,2110,E,N,B,-,Y,RIV,NA,91,NA,NA,17.067,H,NA,L,Y,3,0,2,2,A,-,01,23152,A,N,C,2,A,A,H,-,D,D,0,NA,NA,NA,NA,Y,Y,A,01,0,1,1,0,0,0,0,0,0,-,-,33.939308166503906,-117.3990478515625,RIVERSIDE,RIVERSIDE,-117.39901733398438,33.93927001953125
92023319,2023,2023-03-21,9630,2023-03-19,1150,019943,NA,7,1,9,3300,0,1,1,NA,2,020,I-10 E/B,MONTEREY AVENUE,20,W,N,A,-,Y,NA,NA,NA,NA,NA,NA,NA,NA,NA,N,4,0,1,2,A,-,21,22106,NA,N,C,C,A,A,H,-,A,A,0,NA,NA,NA,NA,Y,NA,A,01,0,0,1,0,0,0,0,0,0,-,-,33.80588912963867,-116.38823699951172,RIVERSIDE,UNINCORPORATED,-116.38808441162108,33.80623245239258
92023517,2023,2023-03-21,9685,2023-03-15,215,016986,NA,3,3,5,3341,0,1,1,NA,2,020,I-215 SOUTHBOUND,SCOTT RD.,3696,N,N,C,-,Y,RIV,NA,215,NA,R,16.229,H,NA,L,Y,3,0,1,1,A,-,03,22350,NA,N,F,I,A,B,H,-,D,D,0,NA,NA,NA,NA,Y,NA,A,01,0,1,0,0,0,0,0,0,0,-,-,33.65188980102539,-117.17144775390624,RIVERSIDE,MENIFEE,-117.17131042480467,33.65188980102539
92025647,2022,2023-03-22,9655,2022-07-29,2035,020695,NA,5,2,4,3301,0,1,1,NA,2,204,INTERSTATE 10 WESTBOUND TO RAMSEY STREET,HATHAWAY STREET,1346,E,N,B,-,N,NA,NA,NA,NA,NA,NA,NA,NA,NA,Y,1,2,2,2,A,-,01,23152,G,N,E,I,A,A,H,-,C,D,0,NA,NA,NA,NA,Y,Y,A,08,2,0,0,0,0,0,0,0,0,-,-,33.92601013183594,-116.85478973388672,RIVERSIDE,BANNING,-116.85478973388672,33.92601013183594