CASE_ID,ACCIDENT_YEAR,PROC_DATE,JURIS,COLLISION_DATE,COLLISION_TIME,OFFICER_ID,REPORTING_DISTRICT,DAY_OF_WEEK,CHP_SHIFT,POPULATION,CNTY_CITY_LOC,SPECIAL_COND,BEAT_TYPE,CHP_BEAT_TYPE,CITY_DIVISION_LAPD,CHP_BEAT_CLASS,BEAT_NUMBER,PRIMARY_RD,SECONDARY_RD,DISTANCE,DIRECTION,INTERSECTION,WEATHER_1,WEATHER_2,STATE_HWY_IND,CALTRANS_COUNTY,CALTRANS_DISTRICT,STATE_ROUTE,ROUTE_SUFFIX,POSTMILE_PREFIX,POSTMILE,LOCATION_TYPE,RAMP_INTERSECTION,SIDE_OF_HWY,TOW_AWAY,COLLISION_SEVERITY,NUMBER_KILLED,NUMBER_INJURED,PARTY_COUNT,PRIMARY_COLL_FACTOR,PCF_CODE_OF_VIOL,PCF_VIOL_CATEGORY,PCF_VIOLATION,PCF_VIOL_SUBSECTION,HIT_AND_RUN,TYPE_OF_COLLISION,MVIW,PED_ACTION,ROAD_SURFACE,ROAD_COND_1,ROAD_COND_2,LIGHTING,CONTROL_DEVICE,CHP_ROAD_TYPE,PEDESTRIAN_ACCIDENT,BICYCLE_ACCIDENT,MOTORCYCLE_ACCIDENT,TRUCK_ACCIDENT,NOT_PRIVATE_PROPERTY,ALCOHOL_INVOLVED,STWD_VEHTYPE_AT_FAULT,CHP_VEHTYPE_AT_FAULT,COUNT_SEVERE_INJ,COUNT_VISIBLE_INJ,COUNT_COMPLAINT_PAIN,COUNT_PED_KILLED,COUNT_PED_INJURED,COUNT_BICYCLIST_KILLED,COUNT_BICYCLIST_INJURED,COUNT_MC_KILLED,COUNT_MC_INJURED,PRIMARY_RAMP,SECONDARY_RAMP,LATITUDE,LONGITUDE,COUNTY,CITY,POINT_X,POINT_Y
92336097,2024,2024-03-12,9630,2024-03-01,2340,022321,NA,5,3,9,3300,0,1,1,NA,2,302,I-10 E/B,SR-177,2640,W,N,A,-,Y,RIV,NA,10,NA,R,104.584,H,NA,R,Y,2,0,1,1,A,-,08,22107,NA,N,F,0,A,A,H,-,D,D,0,NA,NA,NA,NA,Y,NA,D,22,1,0,0,0,0,0,0,0,0,-,-,33.71015930175781,-115.40924835205078,RIVERSIDE,UNINCORPORATED,-115.40924835205078,33.71021270751953
92338457,2024,2024-03-14,9685,2024-03-09,1720,016113,NA,6,2,9,3300,0,2,4,NA,2,023,SCOTT ROAD,LEON ROAD,1426,E,N,A,-,N,NA,NA,NA,NA,NA,NA,NA,NA,NA,Y,3,0,2,2,A,-,09,21804,A,N,D,C,A,A,H,-,A,D,0,NA,NA,NA,NA,Y,NA,A,07,0,1,1,0,0,0,0,0,0,-,-,33.64167022705078,-117.11441040039063,RIVERSIDE,UNINCORPORATED,-117.11444091796876,33.64167022705078
92340615,2024,2024-03-18,9655,2024-03-09,2135,021924,NA,6,2,9,3300,0,1,1,NA,2,206,I-10 W/B,TIPTON RD,60,E,N,A,-,Y,RIV,NA,10,NA,NA,27.249,H,NA,L,Y,3,0,1,1,A,-,08,22107,NA,N,F,A,A,A,H,-,D,D,0,NA,NA,NA,NA,Y,NA,A,01,0,1,0,0,0,0,0,0,0,-,-,33.923789978027344,-116.64434814453124,RIVERSIDE,UNINCORPORATED,-116.64434051513672,33.9237174987793
92340964,2024,2024-03-18,9655,2024-03-13,1220,019630,NA,3,1,9,3300,0,2,4,NA,2,322,STETSON AVENUE,GIRARD STREET,300,W,N,B,-,N,NA,NA,NA,NA,NA,NA,NA,NA,NA,N,4,0,1,2,A,-,03,22350,NA,N,C,C,A,A,H,-,A,D,0,NA,NA,NA,NA,Y,NA,A,07,0,0,1,0,0,0,0,0,0,-,-,33.729530334472656,-116.955322265625,RIVERSIDE,UNINCORPORATED,-116.95516967773438,33.729469299316406
92341705,2024,2024-03-19,9840,2024-03-08,1445,021311,NA,5,2,9,3300,0,3,5,NA,2,004,ALESSANDRO BLVD.,BROWN ST.,50,E,N,A,-,N,NA,NA,NA,NA,NA,NA,NA,NA,NA,Y,4,0,4,2,A,-,03,22350,NA,N,C,C,A,A,H,-,A,D,0,NA,NA,NA,NA,Y,NA,A,01,0,0,4,0,0,0,0,0,0,-,-,33.91659164428711,-117.29592895507813,RIVERSIDE,UNINCORPORATED,NA,NA
92342074,2024,2024-03-19,9840,2024-03-02,1719,021080,NA,6,2,6,3315,0,1,1,NA,2,034,I-15 SB,CAJALCO RD,581,S,N,A,-,Y,RIV,NA,15,NA,NA,36.721,H,NA,L,N,4,0,2,3,A,-,03,22350,NA,N,C,C,A,A,H,-,A,D,0,NA,NA,NA,NA,Y,NA,A,07,0,0,2,0,0,0,0,0,0,-,-,33.820091247558594,-117.51715087890624,RIVERSIDE,CORONA,-117.51724243164063,33.820011138916016
92343110,2024,2024-03-20,9840,2024-03-10,1244,020913,NA,7,1,6,3394,0,1,3,NA,2,025,SR-60 E/B,GILMAN SPRINGS RD,2100,W,N,A,-,Y,RIV,NA,60,NA,NA,21.695,H,NA,R,N,4,0,2,1,A,-,08,22107,NA,N,E,I,A,A,H,-,A,D,0,NA,NA,NA,NA,Y,NA,A,01,0,0,2,0,0,0,0,0,0,-,-,33.93833923339844,-117.13375854492188,RIVERSIDE,MORENO VALLEY,-117.13378143310548,33.93827819824219
92343835,2024,2024-03-21,9840,2024-03-11,1814,019650,NA,1,2,7,3313,0,1,3,NA,2,021,SR-91,ARLINGTON AVE.,155,W,N,A,-,Y,RIV,NA,91,NA,NA,17.721,H,NA,R,Y,4,0,1,2,A,-,03,22350,NA,N,C,C,A,A,H,-,A,D,0,NA,NA,NA,NA,Y,NA,A,01,0,0,1,0,0,0,0,0,0,-,-,33.945411682128906,-117.39028167724608,RIVERSIDE,RIVERSIDE,-117.3901138305664,33.945247650146484
92344182,2024,2024-03-21,9655,2024-03-19,527,020695,NA,2,3,4,3301,0,1,1,NA,2,204,I-10 E/B,MORONGO TRAIL,2206,W,N,A,-,Y,RIV,NA,10,NA,R,17.247,H,NA,R,Y,3,0,1,1,A,-,08,22107,NA,N,E,I,A,A,H,-,C,D,0,NA,NA,NA,NA,Y,NA,A,01,0,1,0,0,0,0,0,0,0,-,-,33.92488098144531,-116.81240844726563,RIVERSIDE,BANNING,-116.8125,33.924800872802734
92344788,2024,2024-03-22,9840,2024-03-02,2015,021862,NA,6,2,7,3313,0,1,1,NA,2,022,I-215 S/B,COLUMBIA AVE,1267,N,N,C,-,Y,RIV,NA,215,NA,NA,44.134,H,NA,L,N,4,0,1,2,A,-,03,22350,NA,N,C,C,A,B,H,-,C,D,0,NA,NA,NA,NA,Y,NA,B,07,0,0,1,0,0,0,0,0,0,-,-,34.00447082519531,-117.35005950927734,RIVERSIDE,RIVERSIDE,-117.35003662109376,34.004459381103516
92344973,2024,2024-03-22,9630,2024-03-13,645,019153,NA,3,1,9,3300,0,1,1,NA,2,020,I-10 W/B,BOB HOPE DR,3168,W,N,A,-,Y,RIV,NA,10,NA,NA,42.349,H,NA,L,Y,3,0,2,2,A,-,01,23152,A,N,C,2,A,A,H,-,B,D,0,NA,NA,NA,NA,Y,Y,A,07,0,2,0,0,0,0,0,0,0,-,-,33.82542037963867,-116.41768646240234,RIVERSIDE,UNINCORPORATED,-116.41767120361328,33.825443267822266
92346149,2024,2024-03-25,9840,2024-03-16,0,021218,NA,6,3,6,3345,0,1,3,NA,2,010,SR-60 W/B,VAN BUREN BLVD,2165,W,N,B,-,Y,RIV,NA,60,NA,R,1.405,H,NA,L,Y,4,0,1,2,A,-,01,23152,A,N,B,C,A,B,F,-,C,D,0,NA,NA,NA,NA,Y,Y,A,01,0,0,1,0,0,0,0,0,0,-,-,34.01826095581055,-117.53505706787108,RIVERSIDE,JURUPA VALLEY,-117.53507232666016,34.01814270019531
92346603,2024,2024-03-25,9840,2024-03-20,740,017459,NA,3,1,6,3315,0,1,3,NA,2,030,SR-91 W/B,SERFAS CLUB DRIVE,2200,E,N,A,-,Y,RIV,NA,91,NA,NA,4.05,H,NA,L,N,4,0,1,2,A,-,03,22350,NA,N,C,C,A,A,H,-,A,D,0,NA,NA,NA,NA,Y,NA,A,01,0,0,1,0,0,0,0,0,0,-,-,33.880088806152344,-117.60543060302734,RIVERSIDE,CORONA,-117.6054229736328,33.88003921508789
92347212,2024,2024-03-26,9840,2024-03-11,1700,019566,NA,1,2,6,3315,0,1,3,NA,2,031,SR-91 E/B,MAIN ST,1200,E,N,A,-,Y,RIV,NA,91,NA,NA,6.759,H,NA,R,Y,4,0,1,2,A,-,08,22107,NA,N,C,C,A,A,H,-,A,D,0,NA,NA,NA,NA,Y,NA,A,01,0,0,1,0,0,0,0,0,0,-,-,33.8790283203125,-117.55870056152344,RIVERSIDE,CORONA,-117.55869293212892,33.879173278808594
92347454,2024,2024-03-26,9840,2024-03-22,615,018611,NA,5,1,9,3300,0,1,3,NA,1,038,SR-71 S/B,THE SANTA ANA RIVER,3500,N,N,A,-,Y,RIV,NA,71,NA,NA,2.196,H,NA,L,N,4,0,1,2,A,-,03,22350,NA,N,C,C,A,A,H,-,D,D,0,NA,NA,NA,NA,Y,NA,A,01,0,0,1,0,0,0,0,0,0,-,-,33.89332962036133,-117.64691162109376,RIVERSIDE,UNINCORPORATED,-117.6467514038086,33.8933219909668
92348463,2024,2024-03-27,9840,2024-03-26,1425,018611,NA,2,2,6,3394,0,1,3,NA,2,025,SR-60 W/B,DAY STREET,4000,W,N,A,-,Y,RIV,NA,60,NA,R,12.242,H,NA,L,Y,4,0,1,2,A,-,03,22350,NA,N,C,C,A,A,H,-,A,D,0,NA,NA,NA,NA,Y,NA,E,22,0,0,1,0,0,0,0,0,0,-,-,33.944908142089844,-117.2922592163086,RIVERSIDE,MORENO VALLEY,-117.29225158691406,33.9449577331543
92350426,2024,2024-03-29,9685,2024-03-21,948,016885,NA,4,1,4,3342,0,1,1,NA,2,034,I-215 SOUTHBOUND,LOS ALAMOS ROAD,1100,S,N,A,-,Y,RIV,NA,215,NA,R,10.441,H,NA,L,Y,3,0,1,2,A,-,03,22350,NA,N,F,A,A,A,H,-,A,D,0,NA,NA,Y,NA,Y,NA,C,02,0,1,0,0,0,0,0,0,1,-,-,33.56977081298828,-117.18102264404295,RIVERSIDE,MURRIETA,-117.18099975585938,33.56977081298828
92350812,2024,2024-03-29,9630,2024-03-28,1620,019943,NA,4,2,9,3300,0,1,1,NA,2,021,I-10 E/B,MONTEREY AVE,3168,E,N,A,-,Y,RIV,NA,10,NA,NA,45.098,H,NA,R,Y,4,0,1,3,A,-,03,22350,NA,N,C,C,A,A,H,-,A,D,0,NA,NA,NA,NA,Y,NA,D,22,0,0,1,0,0,0,0,0,0,-,-,33.800960540771484,-116.38009643554688,RIVERSIDE,UNINCORPORATED,-116.38009643554688,33.80096435546875
92353669,2024,2024-04-03,9840,2024-04-02,1335,017802,NA,2,1,7,3313,0,1,3,NA,2,021,SR-91 E/B,ADAMS ST.,1450,W,N,A,-,Y,RIV,NA,91,NA,NA,15.345,H,NA,R,N,3,0,1,2,A,-,03,22350,NA,N,C,C,A,A,H,-,A,D,0,NA,NA,NA,NA,Y,NA,A,01,0,1,0,0,0,0,0,0,0,-,-,33.925071716308594,-117.42375183105467,RIVERSIDE,RIVERSIDE,-117.42373657226563,33.925052642822266
92356548,2024,2024-04-04,9685,2024-03-26,2045,016185,NA,2,2,9,3300,0,1,3,NA,1,012,SR-74 WESTBOUND,SOPHIE STREET,118,W,N,B,-,Y,NA,NA,NA,NA,NA,NA,NA,NA,NA,Y,3,0,2,2,A,-,08,22107,NA,N,E,8,A,A,H,-,D,D,0,NA,NA,NA,NA,Y,NA,A,01,0,2,0,0,0,0,0,0,0,-,-,33.76615905761719,-117.25935363769533,RIVERSIDE,UNINCORPORATED,-117.2593002319336,33.766082763671875
92359139,2024,2024-04-08,9655,2024-04-07,1132,019630,NA,7,1,9,3300,0,1,3,NA,1,314,STATE ROUTE 74,RAMONA EXPRESSWAY,0,NA,Y,A,-,Y,RIV,NA,74,NA,NA,44.667,H,NA,R,Y,4,0,1,2,A,-,01,23152,A,M,D,C,A,A,H,-,A,A,0,NA,NA,NA,NA,Y,Y,D,22,0,0,1,0,0,0,0,0,0,-,-,33.74784851074219,-116.9007568359375,RIVERSIDE,UNINCORPORATED,-116.9007568359375,33.74776077270508
92361446,2024,2024-04-10,9840,2024-03-06,2055,018949,NA,3,2,4,3307,0,1,1,NA,2,037,I-15 N/B,LAKE ST,8030,N,N,B,C,Y,RIV,NA,15,NA,NA,28.246,H,NA,R,Y,4,0,1,2,A,-,03,22350,NA,N,B,C,A,B,H,-,D,D,0,NA,NA,NA,NA,Y,NA,A,01,0,0,1,0,0,0,0,0,0,-,-,33.73434066772461,-117.41966247558594,RIVERSIDE,LAKE ELSINORE,-117.41964721679688,33.73436737060547
92362586,2024,2024-04-12,9685,2024-04-07,1000,016096,NA,7,1,9,3300,0,1,3,NA,2,011,SR-74,GRAND AVENUE,15840,W,N,A,-,Y,RIV,NA,74,NA,NA,8.725,H,NA,R,N,2,0,1,1,A,-,01,23152,A,N,F,I,A,A,H,-,A,D,0,NA,NA,NA,NA,Y,Y,-,-,1,0,0,0,0,0,0,0,0,-,-,33.64963912963867,-117.38591766357422,RIVERSIDE,UNINCORPORATED,-117.38595581054688,33.649566650390625
92363284,2024,2024-04-12,9685,2024-03-29,1418,016765,NA,5,2,4,3342,0,1,1,NA,2,030,I-15 NORTHBOUND,I-215,5280,S,N,A,-,Y,RIV,NA,15,NA,NA,7.504,H,NA,R,N,3,0,1,2,A,-,07,21658,A,N,B,C,A,A,H,-,A,D,0,NA,NA,NA,NA,Y,NA,A,07,0,1,0,0,0,0,0,0,0,-,-,33.53384017944336,-117.17035675048828,RIVERSIDE,MURRIETA,-117.17028045654295,33.533878326416016
92364177,2024,2024-05-23,9655,2024-04-05,1440,020664,NA,5,2,4,3301,0,1,1,NA,2,204,I-10 E/B,HARGRAVE AVE.,650,W,N,A,-,Y,RIV,NA,10,NA,NA,13.736,H,NA,R,Y,4,0,1,2,A,-,03,22350,NA,N,B,C,A,A,H,-,A,D,0,NA,NA,NA,NA,Y,NA,A,01,0,0,1,0,0,0,0,0,0,-,-,33.92409133911133,-116.87019348144533,RIVERSIDE,BANNING,-116.87019348144533,33.924171447753906
9236469,2020,2021-03-08,3342,2020-09-11,1306,1212,300,5,5,4,3342,0,0,0,NA,0,003,ANTELOPE RD,MAPLETPON AV,2305,N,N,A,-,N,NA,NA,NA,NA,NA,NA,NA,NA,NA,N,4,0,1,1,A,-,08,22107,NA,N,E,I,A,A,H,-,A,D,0,NA,NA,NA,NA,Y,NA,A,07,0,0,1,0,0,0,0,0,0,-,-,33.63203811645508,-117.1706085205078,RIVERSIDE,MURRIETA,-117.169686,33.638204
9236478,2020,2021-03-08,3342,2020-09-29,1635,1146,255,2,5,4,3342,0,0,0,NA,0,002,HANCOCK AV,SNOW GUM LN,474,S,N,A,-,N,NA,NA,NA,NA,NA,NA,NA,NA,NA,N,3,0,1,2,A,-,09,21804,A,N,D,C,A,A,D,-,A,A,0,NA,NA,NA,NA,Y,NA,A,01,0,1,0,0,0,0,0,0,0,-,-,33.57358169555664,-117.1867904663086,RIVERSIDE,MURRIETA,-117.18580627441406,33.57257843017578
92365898,2024,2024-04-16,9655,2024-04-15,2133,022260,NA,1,2,4,3301,0,1,1,NA,2,204,I-10 EB FROM 8TH ST,8TH ST,420,E,N,A,-,Y,NA,NA,NA,NA,NA,NA,NA,NA,NA,Y,4,0,1,1,A,-,08,22107,NA,M,F,0,A,A,H,-,D,D,0,NA,NA,NA,NA,Y,NA,A,07,0,0,1,0,0,0,0,0,0,-,-,33.9238395690918,-116.88365173339844,RIVERSIDE,BANNING,-116.88555145263672,33.92435836791992
92368307,2024,2024-04-19,9840,2024-04-12,355,021261,NA,5,3,6,3345,0,1,1,NA,2,011,I-15 N/B,CANTU-GALLEANO RANCH RD,2323,N,N,A,-,Y,RIV,NA,15,NA,NA,50.596,H,NA,R,Y,4,0,1,2,A,-,03,22350,NA,N,C,C,A,A,H,-,C,D,0,NA,NA,NA,NA,Y,NA,D,22,0,0,1,0,0,0,0,0,0,-,-,34.009029388427734,-117.55023193359376,RIVERSIDE,JURUPA VALLEY,-117.55011749267578,34.009029388427734
9236872,2021,2021-04-02,3313,2021-02-25,1459,1523,1,4,5,7,3313,0,0,0,NA,0,M22,MAGNOLIA AV,PALM AV,0,NA,Y,A,-,NA,NA,NA,NA,NA,NA,NA,NA,NA,NA,Y,4,0,2,2,A,-,12,21453,A,N,D,C,A,A,H,-,A,A,0,NA,NA,NA,NA,Y,NA,-,-,0,0,2,0,0,0,0,0,0,-,-,33.94755935668945,-117.40025329589844,RIVERSIDE,RIVERSIDE,-117.40035247802734,33.94738006591797
92369000,2024,2024-04-19,9840,2024-04-16,1720,019566,NA,2,2,9,3300,0,3,5,NA,2,004,CAJALCO RD E/B,LA SIERRA AVE,8500,E,N,A,-,N,NA,NA,NA,NA,NA,NA,NA,NA,NA,Y,3,0,2,3,A,-,08,22107,NA,N,A,C,A,A,H,-,A,D,0,NA,NA,NA,NA,Y,NA,A,01,0,1,1,0,0,0,0,0,0,-,-,33.82622146606445,-117.43720245361328,RIVERSIDE,UNINCORPORATED,-117.43418884277344,33.82493591308594
92372307,2024,2024-04-22,9840,2024-04-19,1629,021862,NA,5,2,7,3313,0,1,3,NA,2,021,SR-91 E/B,CENTRAL AVE,1800,E,N,A,-,Y,RIV,NA,91,NA,NA,18.793,H,NA,R,N,4,0,1,2,A,-,03,22350,NA,N,C,C,A,A,H,-,A,D,0,NA,NA,NA,NA,Y,NA,D,22,0,0,1,0,0,0,0,0,0,-,-,33.957340240478516,-117.37908172607422,RIVERSIDE,RIVERSIDE,-117.37908935546876,33.95734405517578
9237463,2020,2021-03-12,3342,2020-06-18,0637,577,323,4,5,4,3342,0,0,0,NA,0,006,MURRIETA HOT SPRINGS RD,SCHOOL HOUSE WY,25,E,N,A,-,N,NA,NA,NA,NA,NA,NA,NA,NA,NA,Y,4,0,1,1,A,-,03,22350,NA,N,E,I,A,A,H,-,A,A,0,NA,NA,NA,NA,Y,NA,A,07,0,0,1,0,0,0,0,0,0,-,-,33.55513000488281,-117.16354370117188,RIVERSIDE,MURRIETA,-117.16348266601563,33.55527114868164
9237494,2020,2021-03-17,3342,2020-08-01,1834,1212,289,6,5,4,3342,0,0,0,NA,0,002,LOS ALAMOS RD,HANCOCK AV,0,NA,Y,A,-,N,NA,NA,NA,NA,NA,NA,NA,NA,NA,N,4,0,1,2,A,-,03,22350,NA,N,C,C,A,A,H,-,A,A,0,NA,NA,NA,NA,Y,NA,A,01,0,0,1,0,0,0,0,0,0,-,-,33.56996154785156,-117.18422698974608,RIVERSIDE,MURRIETA,-117.18422698974608,33.57057189941406
9237496,2020,2021-03-17,3342,2020-08-24,1441,1098,555,1,5,4,3342,0,0,0,NA,0,005,WHITEWOOD RD,MURRIETA HOT SPRINGS RD,208,N,N,A,-,N,NA,NA,NA,NA,NA,NA,NA,NA,NA,N,4,0,1,1,A,-,03,22350,NA,N,E,I,A,A,H,-,A,D,0,NA,NA,NA,NA,Y,NA,A,01,0,0,1,0,0,0,0,0,0,-,-,35.54365158081055,-117.16799926757813,RIVERSIDE,MURRIETA,-117.1679458618164,33.555057525634766
92375377,2024,2024-04-25,9630,2024-04-19,1700,022508,NA,5,2,9,3300,0,1,1,NA,2,020,I-10 E/B,MONTEREY AVE,528,W,N,A,-,Y,RIV,NA,10,NA,NA,44.315,H,NA,R,N,3,0,1,3,A,-,03,22350,NA,N,C,C,A,A,H,-,A,D,0,NA,NA,NA,NA,Y,NA,A,01,0,1,0,0,0,0,0,0,0,-,-,33.80759048461914,-116.3910903930664,RIVERSIDE,UNINCORPORATED,-116.39110565185548,33.807559967041016
9237573,2020,2021-03-15,3308,2020-12-29,1833,10686,600,2,5,5,3308,0,0,0,NA,0,NORTH,MOUNTAIN AV,LAKE ST,362,W,N,A,-,N,NA,NA,NA,NA,NA,NA,NA,NA,NA,N,3,0,1,2,A,-,08,22107,NA,F,C,G,A,A,H,-,D,D,0,NA,Y,NA,NA,Y,NA,A,01,0,1,0,0,0,0,1,0,0,-,-,33.761940002441406,-116.91510009765624,RIVERSIDE,HEMET,-116.9163055419922,33.76227569580078
92377369,2024,2024-04-29,9840,2024-04-19,1607,019527,NA,5,2,4,3344,0,1,1,NA,2,011,I-15 S/B FROM CANTU-GALLEANO RANCH RD.,CANTU-GALLEANO RANCH RD.,122,N,N,A,-,Y,RIV,NA,15,NA,NA,50.162,H,NA,L,Y,4,0,2,2,A,-,03,22350,NA,N,C,C,A,A,H,-,A,A,0,NA,NA,NA,NA,Y,NA,A,07,0,0,2,0,0,0,0,0,0,-,-,34.002681732177734,-117.55078887939452,RIVERSIDE,EASTVALE,-117.55052185058594,34.002681732177734
92377615,2024,2024-04-29,9685,2024-04-21,743,016347,NA,7,1,9,3300,0,1,3,NA,1,012,FESTUS CIRCLE,SR-74,60,S,N,A,-,Y,NA,NA,NA,NA,NA,NA,NA,NA,NA,Y,4,0,2,3,A,-,09,21802,A,F,E,8,A,A,H,-,A,A,0,NA,NA,NA,NA,Y,NA,-,99,0,0,2,0,0,0,0,0,0,-,-,33.73984909057617,-117.28314208984376,RIVERSIDE,UNINCORPORATED,-117.28336334228516,33.73992919921875
92379323,2024,2024-05-01,9655,2024-04-20,835,020051,NA,6,1,3,3302,0,1,3,NA,2,212,SR-60 W/B,WESTERN KNOLLS AVE.,1215,E,N,B,-,Y,RIV,NA,60,NA,NA,30.204,H,NA,L,N,4,0,1,1,A,-,03,22350,NA,N,H,A,A,A,H,-,A,D,0,NA,NA,NA,NA,Y,NA,A,07,0,0,1,0,0,0,0,0,0,-,-,33.93328094482422,-116.9950714111328,RIVERSIDE,BEAUMONT,-116.99506378173828,33.933345794677734
92382577,2024,2024-05-06,9840,2024-04-27,1757,021218,NA,6,2,9,3300,0,3,5,NA,2,004,KRAMERIA AVE,BUNDY AVE,950,W,N,A,-,N,NA,NA,NA,NA,NA,NA,NA,NA,NA,Y,4,0,2,2,A,-,09,21801,A,N,D,C,A,A,H,-,A,D,0,NA,NA,NA,NA,Y,NA,A,01,0,0,2,0,0,0,0,0,0,-,-,33.8813591003418,-117.29730224609376,RIVERSIDE,UNINCORPORATED,NA,NA
92383941,2024,2024-08-14,9840,2024-02-25,345,023114,NA,7,3,7,3313,0,1,1,NA,2,041,RT 215,RAMONA EXPY,0,S,N,A,-,Y,RIV,NA,215,NA,R,30.931,H,NA,R,Y,2,0,1,1,A,-,08,22107,NA,N,E,J,A,A,H,-,C,D,0,NA,NA,NA,NA,Y,Y,A,07,1,0,0,0,0,0,0,0,0,-,-,33.843780517578125,-117.25067138671876,RIVERSIDE,RIVERSIDE,-117.2506866455078,33.84377670288086
92384714,2024,2024-05-08,9655,2024-04-27,1200,015892,NA,6,1,9,3300,0,1,3,NA,1,118,STATE ROUTE 74,SANTA ROSA ROAD,1056,W,N,A,-,Y,RIV,NA,74,NA,NA,74.732,H,NA,R,Y,3,0,2,2,A,-,09,21801,A,N,D,C,A,A,H,-,A,D,0,NA,NA,Y,NA,Y,NA,A,01,0,2,0,0,0,0,0,0,2,-,-,33.56106185913086,-116.54380035400392,RIVERSIDE,UNINCORPORATED,-116.54379272460938,33.56110763549805
92386051,2024,2024-05-09,9630,2024-05-01,1727,021897,NA,3,2,9,3300,0,3,5,NA,2,002,VAN BUREN ST,LEYTE AVE,108,N,N,A,-,N,NA,NA,NA,NA,NA,NA,NA,NA,NA,Y,3,0,1,2,A,-,08,22107,NA,N,D,C,A,A,H,-,A,D,0,NA,NA,NA,NA,Y,NA,D,22,0,1,0,0,0,0,0,0,0,-,-,33.70344161987305,-116.19898986816406,RIVERSIDE,UNINCORPORATED,-116.19905853271484,33.703426361083984
9239104,2021,2021-04-16,3309,2021-02-02,2156,346,3309,2,5,4,3309,0,0,0,NA,0,002,DILLON RD,LANDFILL RD,317,S,N,A,-,N,NA,NA,NA,NA,NA,NA,NA,NA,NA,Y,4,0,1,3,A,-,13,22504,A,N,C,C,A,A,H,-,D,D,0,NA,NA,NA,NA,Y,NA,A,07,0,0,1,0,0,0,0,0,0,-,-,NA,NA,RIVERSIDE,INDIO,-116.16414642333984,33.73419189453125
92391609,2024,2024-05-16,9685,2024-05-12,2205,021828,NA,7,3,9,3300,0,1,3,NA,2,011,SR-74 (ORTEGA HIGHWAY),MAIN DIVIDE TRUCK TRAIL,6336,W,N,A,-,Y,RIV,NA,74,NA,R,4.056,H,NA,R,N,4,0,1,1,A,-,08,22107,NA,N,E,I,A,A,H,-,D,D,0,NA,NA,NA,NA,Y,NA,D,22,0,0,1,0,0,0,0,0,0,-,-,33.62152099609375,-117.4248275756836,RIVERSIDE,UNINCORPORATED,-117.4250030517578,33.621585845947266
92395050,2023,2024-12-04,9630,2023-12-24,204,023092,NA,7,3,4,3309,0,1,1,NA,2,021,INTERSTATE 10 WESTBOUND,JEFFERSON STREET,528,E,N,A,-,Y,RIV,NA,10,NA,R,52.624,H,NA,L,Y,1,1,1,1,A,-,01,23152,A,N,E,I,A,A,H,-,C,D,0,NA,NA,NA,NA,Y,Y,A,01,0,1,0,0,0,0,0,0,0,-,-,33.74871826171875,-116.2668685913086,RIVERSIDE,INDIO,-116.2668685913086,33.748722076416016
92395243,2024,2025-04-14,9655,2024-05-03,750,020051,NA,5,1,9,3300,0,1,3,NA,2,213,SR-79 S/B,CALIFORNIA AVE,660,N,N,B,E,Y,RIV,NA,79,NA,NA,39.433,H,NA,L,Y,2,0,1,2,A,-,08,22107,NA,N,E,I,A,A,H,-,B,D,0,NA,NA,NA,NA,Y,NA,A,07,1,0,0,0,0,0,0,0,0,-,-,33.91270065307617,-116.9794464111328,RIVERSIDE,UNINCORPORATED,-116.97943878173828,33.91269302368164
92396115,2024,2024-05-22,9840,2024-05-14,644,018248,NA,2,1,7,3313,0,1,3,NA,2,021,SR-91 E/B,JEFFERSON ST,32,E,N,B,-,Y,RIV,NA,91,NA,NA,16.15,H,NA,R,Y,4,0,2,3,A,-,03,22350,NA,N,C,C,A,A,H,-,A,D,0,NA,NA,NA,NA,Y,NA,A,07,0,0,2,0,0,0,0,0,0,-,-,33.931671142578125,-117.412109375,RIVERSIDE,RIVERSIDE,-117.41212463378906,33.93168640136719
92396490,2024,2024-05-22,9655,2024-05-16,530,019325,NA,4,3,9,3300,0,3,5,NA,2,003,RAMONA EXPY W/B,WARREN RD,2112,W,N,A,-,N,NA,NA,NA,NA,NA,NA,NA,NA,NA,Y,4,0,1,2,A,-,03,22350,NA,N,C,C,A,A,H,-,D,D,0,NA,NA,NA,NA,Y,NA,A,07,0,0,1,0,0,0,0,0,0,-,-,33.82633972167969,-117.04015350341795,RIVERSIDE,UNINCORPORATED,-117.03975677490234,33.826072692871094