CASE_ID,ACCIDENT_YEAR,PROC_DATE,JURIS,COLLISION_DATE,COLLISION_TIME,OFFICER_ID,REPORTING_DISTRICT,DAY_OF_WEEK,CHP_SHIFT,POPULATION,CNTY_CITY_LOC,SPECIAL_COND,BEAT_TYPE,CHP_BEAT_TYPE,CITY_DIVISION_LAPD,CHP_BEAT_CLASS,BEAT_NUMBER,PRIMARY_RD,SECONDARY_RD,DISTANCE,DIRECTION,INTERSECTION,WEATHER_1,WEATHER_2,STATE_HWY_IND,CALTRANS_COUNTY,CALTRANS_DISTRICT,STATE_ROUTE,ROUTE_SUFFIX,POSTMILE_PREFIX,POSTMILE,LOCATION_TYPE,RAMP_INTERSECTION,SIDE_OF_HWY,TOW_AWAY,COLLISION_SEVERITY,NUMBER_KILLED,NUMBER_INJURED,PARTY_COUNT,PRIMARY_COLL_FACTOR,PCF_CODE_OF_VIOL,PCF_VIOL_CATEGORY,PCF_VIOLATION,PCF_VIOL_SUBSECTION,HIT_AND_RUN,TYPE_OF_COLLISION,MVIW,PED_ACTION,ROAD_SURFACE,ROAD_COND_1,ROAD_COND_2,LIGHTING,CONTROL_DEVICE,CHP_ROAD_TYPE,PEDESTRIAN_ACCIDENT,BICYCLE_ACCIDENT,MOTORCYCLE_ACCIDENT,TRUCK_ACCIDENT,NOT_PRIVATE_PROPERTY,ALCOHOL_INVOLVED,STWD_VEHTYPE_AT_FAULT,CHP_VEHTYPE_AT_FAULT,COUNT_SEVERE_INJ,COUNT_VISIBLE_INJ,COUNT_COMPLAINT_PAIN,COUNT_PED_KILLED,COUNT_PED_INJURED,COUNT_BICYCLIST_KILLED,COUNT_BICYCLIST_INJURED,COUNT_MC_KILLED,COUNT_MC_INJURED,PRIMARY_RAMP,SECONDARY_RAMP,LATITUDE,LONGITUDE,COUNTY,CITY,POINT_X,POINT_Y
92444844,2024,2024-07-22,9685,2024-07-17,2030,016113,NA,3,2,5,3341,0,1,1,NA,2,020,I-215 (SOUTHBOUND),ETHANAC ROAD,5280,S,N,A,-,Y,RIV,NA,215,NA,NA,21.773,H,NA,L,Y,4,0,3,2,A,-,03,22350,NA,N,C,C,A,A,H,-,D,D,0,NA,NA,NA,NA,Y,NA,A,01,0,0,3,0,0,0,0,0,0,-,-,33.728599548339844,-117.18946075439452,RIVERSIDE,MENIFEE,-117.18942260742188,33.728599548339844
9247795,2021,2021-04-28,3313,2021-03-25,0654,1686,5,4,5,7,3313,0,0,0,NA,0,T58,VAN BUREN BL,MORRIS ST,0,NA,Y,A,-,N,NA,NA,NA,NA,NA,NA,NA,NA,NA,Y,4,0,2,2,A,-,12,21453,A,N,D,C,A,A,H,-,A,A,0,NA,NA,NA,NA,Y,NA,-,-,0,0,2,0,0,0,0,0,0,-,-,33.9528694152832,-117.45453643798828,RIVERSIDE,RIVERSIDE,-117.45442962646484,33.9527702331543
9247796,2021,2021-04-28,3313,2021-03-21,1753,1827,5,7,5,7,3313,0,0,0,NA,0,T43,MAGNOLIA AV,LA SIERRA AV,0,NA,Y,A,-,N,NA,NA,NA,NA,NA,NA,NA,NA,NA,Y,3,0,5,3,A,-,09,21453,C,N,D,C,A,A,H,-,A,A,0,NA,NA,NA,NA,Y,NA,A,01,0,1,4,0,0,0,0,0,0,-,-,33.90333938598633,-117.4761199951172,RIVERSIDE,RIVERSIDE,-117.4763641357422,33.90353012084961
9247861,2021,2021-04-22,3300,2021-03-24,1546,5632,916D,3,5,4,3312,0,0,0,NA,0,035,D ST,SAN JACINTO AV,0,NA,Y,A,-,N,NA,NA,NA,NA,NA,NA,NA,NA,NA,Y,4,0,1,2,A,-,21,22106,NA,N,C,C,A,A,H,-,A,D,0,NA,NA,NA,NA,Y,NA,A,07,0,0,1,0,0,0,0,0,0,-,-,33.78654098510742,-117.22808074951172,RIVERSIDE,PERRIS,-117.22821044921876,33.786556243896484
9248067,2021,2021-04-23,3309,2021-02-28,2239,2018,3309,7,5,4,3309,0,0,0,NA,0,003,MONROE ST,RT 111,0,NA,N,A,-,N,NA,NA,NA,NA,NA,NA,NA,NA,NA,N,4,0,1,2,A,-,11,21950,B,N,G,B,B,A,H,-,C,A,0,Y,NA,NA,NA,Y,NA,N,60,0,0,1,0,1,0,0,0,0,-,-,NA,NA,RIVERSIDE,INDIO,-116.23383331298828,33.71456527709961
92481426,2024,2024-08-14,9840,2024-06-27,2058,021096,NA,4,2,6,3345,0,1,3,NA,2,010,STATE ROUTE 60 EASTBOUND,COUNTRY VILLAGE ROAD,962,W,N,A,-,Y,RIV,NA,60,NA,R,2.855,H,NA,R,Y,1,1,0,1,A,-,08,22107,NA,N,E,I,A,A,H,-,C,D,0,NA,NA,NA,NA,Y,NA,A,01,0,0,0,0,0,0,0,0,0,-,-,34.018470764160156,-117.50975036621094,RIVERSIDE,JURUPA VALLEY,-117.50975799560548,34.01860809326172
9249065,2021,2021-04-30,3308,2021-03-19,2221,10801,514,5,5,5,3308,0,0,0,NA,0,NORTH,FLORIDA AV,GOLDEN VILLAGE,104,E,N,A,-,Y,RIV,8,74,-,-,38.25,H,-,W,Y,3,0,1,2,A,-,03,22350,NA,N,C,C,A,A,H,-,C,A,0,NA,NA,NA,NA,Y,Y,A,01,0,1,0,0,0,0,0,0,0,FR,-,33.74501037597656,-117.00742340087892,RIVERSIDE,HEMET,-117.01056671142578,33.74699783325195
9249953,2021,2021-05-03,3308,2021-03-22,1207,10610,586,1,5,5,3308,0,0,0,NA,0,SOUTH,STATE ST,CHAMBERS ST,2750,S,N,A,-,N,NA,NA,NA,NA,NA,NA,NA,NA,NA,Y,4,0,2,2,A,-,08,22107,NA,N,B,C,A,A,H,-,A,A,0,NA,NA,NA,NA,Y,NA,A,01,0,0,2,0,0,0,0,0,0,-,-,33.722049713134766,-116.97160339355467,RIVERSIDE,HEMET,-116.97144317626952,33.71451950073242
9249959,2021,2021-05-03,3308,2021-03-27,2349,10801,527,6,5,5,3308,0,0,0,NA,0,SOUTH,SAN JACINTO ST,MORTON PL,0,NA,Y,A,-,N,NA,NA,NA,NA,NA,NA,NA,NA,NA,Y,4,0,1,2,A,-,05,21460,A,N,A,C,A,A,H,-,C,D,0,NA,NA,NA,NA,Y,Y,A,07,0,0,1,0,0,0,0,0,0,-,-,33.74660110473633,-116.95855712890624,RIVERSIDE,HEMET,-116.95864105224608,33.74669647216797
9250542,2021,2021-04-28,3325,2021-02-25,1905,NA,NA,4,5,4,3325,0,0,0,NA,0,001,EAST PALM CANYON DR,CATHEDRAL CANYON DR,104,W,N,A,-,N,NA,NA,NA,NA,NA,NA,NA,NA,NA,Y,4,0,1,3,A,-,03,22350,NA,N,C,-,A,A,H,-,C,A,0,NA,NA,NA,NA,Y,NA,A,01,0,0,1,0,0,0,0,0,0,-,-,NA,NA,RIVERSIDE,CATHEDRAL CITY,-116.46714782714844,33.780494689941406
9253908,2020,2021-04-26,3308,2020-12-06,1122,10801,295,7,5,5,3308,0,0,0,NA,0,NORTH,LYON AV,FRUITVALE AV,593,N,N,A,-,N,NA,NA,NA,NA,NA,NA,NA,NA,NA,Y,2,0,1,2,A,-,03,22350,NA,N,F,I,A,A,H,-,A,D,0,NA,NA,NA,NA,Y,NA,A,01,1,0,0,0,0,0,0,0,0,-,-,NA,NA,RIVERSIDE,HEMET,-116.98925018310548,33.763553619384766
9255021,2021,2021-05-05,3313,2021-04-24,1538,1489,3,6,5,7,3313,0,0,0,NA,0,T44,TRAUTWEIN RD,VAN BUREN BL,1800,N,N,A,-,N,NA,NA,NA,NA,NA,NA,NA,NA,NA,N,4,0,1,2,A,-,09,21453,C,N,D,C,A,A,H,-,A,A,0,NA,NA,NA,NA,Y,NA,D,22,0,0,1,0,0,0,0,0,0,-,-,33.8884391784668,-117.32430267333984,RIVERSIDE,RIVERSIDE,-117.32495880126952,33.89339828491211
9256109,2021,2021-05-11,3313,2021-02-02,1803,0282,4,2,5,7,3313,0,0,0,NA,0,T48,INDIANA AV,LILA ST,13,E,N,A,-,N,NA,NA,NA,NA,NA,NA,NA,NA,NA,N,1,1,0,2,A,-,11,21956,A,N,G,B,D,A,H,-,C,D,0,Y,NA,NA,NA,Y,NA,N,60,0,0,0,1,0,0,0,0,0,-,-,33.92955017089844,-117.41294097900392,RIVERSIDE,RIVERSIDE,-117.41261291503906,33.930519104003906
9256348,2021,2023-06-17,3313,2021-04-26,1615,0282,4,1,5,7,3313,0,0,0,NA,0,T48,VICTORIA AV,JEFFERSON ST,261,E,N,A,-,N,NA,NA,NA,NA,NA,NA,NA,NA,NA,Y,1,1,0,1,A,-,01,23152,A,N,E,I,A,A,H,-,A,D,0,NA,NA,NA,NA,Y,Y,A,01,0,0,0,0,0,0,0,0,0,-,-,33.920570373535156,-117.40457916259766,RIVERSIDE,RIVERSIDE,-117.40345001220705,33.922080993652344
9259664,2020,2021-05-21,3300,2020-08-03,0950,3343,002P,1,5,6,3345,0,0,0,NA,0,024,VAN BUREN BL,RUTILE ST,20,N,N,A,-,N,NA,NA,NA,NA,NA,NA,NA,NA,NA,N,4,0,1,2,A,-,03,22350,NA,N,C,C,A,A,H,-,A,A,0,NA,NA,NA,NA,Y,NA,A,01,0,0,1,0,0,0,0,0,0,-,-,34.0036506652832,-117.49765777587892,RIVERSIDE,JURUPA VALLEY,-117.49781799316406,34.00369644165039
92602184,2024,2024-07-25,9840,2024-07-21,558,021080,NA,7,3,9,3300,0,1,1,NA,2,034,I-15 S/B,CAJALCO RD,3696,S,N,A,-,Y,RIV,NA,15,NA,NA,36.065,H,NA,L,N,3,0,1,1,A,-,08,22107,NA,N,E,I,A,A,H,-,A,D,0,NA,NA,NA,NA,Y,NA,A,07,0,1,0,0,0,0,0,0,0,-,-,33.8124885559082,-117.51029205322266,RIVERSIDE,UNINCORPORATED,-117.51041412353516,33.81244659423828
9260432,2021,2021-06-18,3301,2021-04-05,1550,U473,17,1,5,4,3301,0,0,0,NA,0,001,S SAN GORGONIO AV,S SAN GORGONIO AV 629,0,NA,Y,A,-,N,NA,NA,NA,NA,NA,NA,NA,NA,NA,N,4,0,1,2,A,-,05,21460,A,M,A,C,A,A,H,-,A,D,0,NA,NA,Y,NA,Y,Y,C,03,0,0,1,0,0,0,0,0,1,-,-,33.92557144165039,-116.87641143798828,RIVERSIDE,BANNING,-116.876708984375,33.92173767089844
9266121,2021,2021-06-03,3313,2021-04-30,1844,1489,3,5,5,7,3313,0,0,0,NA,0,T44,ALESSANDRO BL,BARTON ST,60,E,N,A,-,N,NA,NA,NA,NA,NA,NA,NA,NA,NA,N,4,0,1,3,A,-,03,22350,NA,N,C,C,A,B,H,-,A,A,0,NA,NA,NA,NA,Y,NA,A,01,0,0,1,0,0,0,0,0,0,-,-,33.91653823852539,-117.31375122070313,RIVERSIDE,RIVERSIDE,-117.31358337402344,33.916419982910156
9266207,2021,2021-06-03,3309,2021-04-02,1920,474,3309,5,5,4,3309,0,0,0,NA,0,002,INDIO SPRINGS PKWY,LAKEVIEW DR,556,W,N,A,-,N,NA,NA,NA,NA,NA,NA,NA,NA,NA,N,4,0,1,2,A,-,05,21650,1,N,D,G,A,A,H,-,C,A,0,NA,Y,NA,NA,Y,NA,L,04,0,0,1,0,0,0,1,0,0,-,-,NA,NA,RIVERSIDE,INDIO,-116.19664764404295,33.722408294677734
9266437,2021,2021-06-14,3309,2021-03-16,1319,180,3309,2,5,4,3309,0,0,0,NA,0,005,INDO BL,HOOVER ST,0,NA,Y,A,-,N,NA,NA,NA,NA,NA,NA,NA,NA,NA,N,4,0,2,2,A,-,12,21453,A,N,D,C,A,A,H,-,A,A,0,NA,NA,NA,NA,Y,NA,D,22,0,0,2,0,0,0,0,0,0,-,-,NA,NA,RIVERSIDE,INDIO,-116.23769378662108,33.7315673828125
9266646,2021,2021-06-15,3313,2021-05-14,1741,1523,4,5,5,7,3313,0,0,0,NA,0,M22,MADISON ST,PETERS ST,108,N,N,A,-,N,NA,NA,NA,NA,NA,NA,NA,NA,NA,NA,4,0,1,2,A,-,03,22350,NA,N,C,C,A,A,H,-,A,A,0,NA,NA,NA,NA,Y,NA,A,01,0,0,1,0,0,0,0,0,0,-,-,33.93190002441406,-117.4016571044922,RIVERSIDE,RIVERSIDE,-117.40174102783205,33.931983947753906
9269041,2021,2021-05-28,3308,2021-04-14,1155,10610,534,3,5,5,3308,0,0,0,NA,0,SOUTH,SANDERSON AV,WENTWORTH DR,480,S,N,A,-,N,NA,NA,NA,NA,NA,NA,NA,NA,NA,N,4,0,1,3,A,-,03,22350,NA,N,C,C,A,A,H,-,A,A,0,NA,NA,NA,NA,Y,NA,D,22,0,0,1,0,0,0,0,0,0,-,-,33.735721588134766,-117.00657653808594,RIVERSIDE,HEMET,-117.00666046142578,33.73450469970703
9269790,2021,2021-06-01,3325,2021-03-14,1758,1702,NA,7,5,4,3325,0,0,0,NA,0,003,DATE PALM DR,VICTORIA RD,0,NA,Y,A,-,N,NA,NA,NA,NA,NA,NA,NA,NA,NA,Y,4,0,1,2,A,-,12,21453,A,N,A,C,A,A,H,-,A,A,0,NA,NA,NA,NA,Y,NA,-,NA,0,0,1,0,0,0,0,0,0,-,-,NA,NA,RIVERSIDE,CATHEDRAL CITY,-116.45806884765624,33.79778289794922
92726500,2024,2024-07-26,9840,2024-07-20,605,021481,NA,6,1,7,3313,0,1,3,NA,2,021,SR-91 E/B,MADISON ST,1584,E,N,A,-,Y,RIV,NA,91,NA,NA,17.045,H,NA,R,N,4,0,1,2,A,-,03,22350,NA,N,C,C,A,A,H,-,A,D,0,NA,NA,NA,NA,Y,NA,A,01,0,0,1,0,0,0,0,0,0,-,-,33.93899154663086,-117.39926147460938,RIVERSIDE,RIVERSIDE,-117.39925384521484,33.9389762878418
9272751,2021,2021-06-29,3308,2021-05-23,1022,10800,524,7,5,5,3308,0,0,0,NA,0,SOUTH,SANDERSON AVE,TANYA AV,91,N,N,A,-,N,NA,NA,NA,NA,NA,NA,NA,NA,NA,Y,3,0,1,3,A,-,03,22350,NA,N,C,C,A,A,H,-,A,A,0,NA,NA,NA,NA,Y,Y,A,01,0,1,0,0,0,0,0,0,0,-,-,33.73234939575195,-117.00659942626952,RIVERSIDE,HEMET,-117.00666809082033,33.732627868652344
92794481,2024,2024-07-26,9685,2024-02-18,2500,016986,NA,7,4,9,3300,0,1,3,NA,1,045,STATE ROUTE-371,WILSON VALLEY ROAD,613,N,N,A,-,Y,RIV,NA,371,NA,NA,60.317,H,NA,R,Y,1,1,0,1,A,-,01,23152,A,N,E,I,A,A,H,-,D,D,0,NA,NA,NA,NA,Y,Y,D,22,0,0,0,0,0,0,0,0,0,-,-,33.48497009277344,-116.8339385986328,RIVERSIDE,UNINCORPORATED,-116.83393096923828,33.484962463378906
9279577,2021,2021-06-24,3308,2021-04-22,1135,10610,514,4,5,5,3308,0,0,0,NA,0,NORTH,SANDERSON AV,DEVONSHIRE AV,140,N,N,A,-,N,NA,NA,NA,NA,NA,NA,NA,NA,NA,N,4,0,1,2,A,-,08,22107,NA,N,B,C,A,A,H,-,A,A,0,NA,NA,NA,NA,Y,NA,A,07,0,0,1,0,0,0,0,0,0,-,-,33.75115966796875,-117.00659942626952,RIVERSIDE,HEMET,-117.00655364990234,33.7513427734375
92800880,2024,2024-07-29,9840,2024-07-25,2345,023041,NA,4,3,6,3345,0,1,1,NA,2,011,I-15 N/B,MISSION BLVD,400,S,N,A,-,Y,RIV,NA,15,NA,NA,51.746,H,NA,R,Y,3,0,1,1,A,-,01,23152,A,N,E,I,A,A,H,-,D,D,0,NA,NA,NA,NA,Y,Y,A,01,0,1,0,0,0,0,0,0,0,-,-,34.025630950927734,-117.55017852783205,RIVERSIDE,JURUPA VALLEY,-117.55007934570313,34.02562713623047
92800936,2024,2024-07-29,9840,2024-07-26,1545,021261,NA,5,2,7,3313,0,1,3,NA,2,010,SR-60 E/B,MARKET ST,1050,E,N,A,-,Y,RIV,NA,60,NA,NA,11.322,H,NA,R,N,4,0,1,2,A,-,07,21658,A,N,B,C,A,A,H,-,A,D,0,NA,NA,NA,Y,Y,NA,D,22,0,0,1,0,0,0,0,0,0,-,-,33.998958587646484,-117.37123870849608,RIVERSIDE,RIVERSIDE,-117.37119293212892,33.99903869628906
9280215,2021,2021-06-24,3308,2021-05-26,2143,10686,527,3,5,5,3308,0,0,0,NA,0,SOUTH,FLORIDA AV,BUENA VISTA ST,24,W,N,A,-,Y,RIV,8,74,-,-,40.82,H,-,E,N,4,0,1,2,A,-,21,22106,NA,N,C,C,A,A,H,-,C,A,0,NA,NA,NA,NA,Y,NA,A,07,0,0,1,0,0,0,0,0,0,-,-,33.747589111328125,-116.96739196777344,RIVERSIDE,HEMET,-116.96765899658205,33.74750518798828
9283418,2021,2021-07-14,3325,2021-05-10,1015,2715,RD01,1,5,4,3325,0,0,0,NA,0,003,VARNER RD,BOB HOPE DR,1643,W,N,A,-,N,NA,NA,NA,NA,NA,NA,NA,NA,NA,Y,3,0,1,1,A,-,08,22107,NA,N,E,I,A,A,A,-,A,D,0,NA,NA,NA,NA,Y,NA,A,01,0,1,0,0,0,0,0,0,0,-,-,NA,NA,RIVERSIDE,CATHEDRAL CITY,-116.41012573242188,33.82598876953125
9283450,2021,2021-07-12,3313,2021-03-01,2115,2030,4,1,5,7,3313,0,0,0,NA,0,3R42,CALIFORNIA AV,SHERMAN DR,0,NA,Y,A,-,N,NA,NA,NA,NA,NA,NA,NA,NA,NA,Y,3,0,1,1,A,-,08,22107,NA,N,E,I,A,A,H,-,C,A,0,NA,NA,NA,NA,Y,Y,A,01,0,1,0,0,0,0,0,0,0,-,-,33.93244934082031,-117.44126129150392,RIVERSIDE,RIVERSIDE,-117.44130706787108,33.9324836730957
9284219,2021,2021-07-21,3313,2021-06-21,1427,1488,5,1,5,7,3313,0,0,0,NA,0,M20,TYLER ST,KIDD ST,0,NA,Y,A,-,N,NA,NA,NA,NA,NA,NA,NA,NA,NA,Y,3,0,3,3,A,-,12,21453,A,N,D,C,F,A,H,-,A,A,0,Y,NA,NA,NA,Y,NA,A,01,0,2,1,0,1,0,0,0,0,-,-,33.91619873046875,-117.46492004394533,RIVERSIDE,RIVERSIDE,-117.46475219726563,33.91605758666992
9285246,2021,2021-07-13,3313,2021-05-29,1513,2012,5,6,5,7,3313,0,0,0,NA,0,3R50,VAN BUREN BL,JURUPA AV,409,S,N,A,-,N,NA,NA,NA,NA,NA,NA,NA,NA,NA,N,4,0,1,2,A,-,03,22350,NA,N,C,C,A,A,H,-,A,A,0,NA,NA,NA,NA,Y,NA,A,08,0,0,1,0,0,0,0,0,0,-,-,33.95817184448242,-117.4614715576172,RIVERSIDE,RIVERSIDE,-117.46062469482422,33.958003997802734
9287034,2021,2021-08-09,3301,2021-06-11,1451,U469,2,5,5,4,3301,0,0,0,NA,0,002,W RAMSEY ST,16TH ST,460,W,N,A,-,N,NA,NA,NA,NA,NA,NA,NA,NA,NA,Y,4,0,2,3,A,-,09,21804,A,N,D,C,A,A,H,-,D,D,0,NA,NA,NA,NA,Y,NA,A,01,0,0,2,0,0,0,0,0,0,-,-,33.9250602722168,-116.89600372314452,RIVERSIDE,BANNING,-116.89582061767578,33.92539978027344
9287741,2021,2022-05-04,3313,2021-07-01,1626,1537,4,4,5,7,3313,0,0,0,NA,0,M16,INDIAN AV,JANE ST,241,E,N,A,-,N,NA,NA,NA,NA,NA,NA,NA,NA,NA,N,1,1,0,2,A,-,08,22102,NA,N,D,C,A,A,H,-,A,A,0,NA,NA,Y,NA,Y,NA,A,07,0,0,0,0,0,0,0,1,0,-,-,33.944400787353516,-117.39006042480467,RIVERSIDE,RIVERSIDE,NA,NA
92884988,2024,2024-07-30,9630,2024-07-19,1115,022321,NA,5,1,9,3300,0,3,5,NA,2,001,DILLON RD,DRISCOLL RD,180,E,N,A,-,N,NA,NA,NA,NA,NA,NA,NA,NA,NA,Y,2,0,2,2,A,-,06,21750,A,N,B,C,A,A,H,-,A,D,0,NA,NA,Y,NA,Y,NA,C,02,2,0,0,0,0,0,0,0,2,-,-,33.91965866088867,-116.40084075927734,RIVERSIDE,UNINCORPORATED,-116.40087127685548,33.91968536376953
92898383,2024,2024-07-30,9685,2024-07-18,655,018321,NA,4,1,3,3343,0,1,1,NA,2,010,I-15 NB,WILDOMAR TRL,1950,S,N,A,-,Y,RIV,NA,15,NA,NA,14.688,H,NA,R,N,4,0,1,2,A,-,07,21658,A,N,C,C,A,A,H,-,A,D,0,NA,NA,NA,Y,Y,NA,D,22,0,0,1,0,0,0,0,0,0,-,-,33.608028411865234,-117.2558135986328,RIVERSIDE,WILDOMAR,-117.25580596923828,33.6080322265625
92898527,2024,2024-07-30,9655,2024-07-26,1810,023543,NA,5,2,9,3300,0,3,5,NA,2,003,STATE ST,BATZ RD,100,S,N,A,-,N,NA,NA,NA,NA,NA,NA,NA,NA,NA,Y,4,0,1,1,A,-,08,22107,NA,N,E,8,A,A,H,-,A,D,0,NA,NA,NA,NA,Y,NA,A,01,0,0,1,0,0,0,0,0,0,-,-,33.67829895019531,-116.97109985351563,RIVERSIDE,UNINCORPORATED,-116.97119903564452,33.67821502685547
9290282,2021,2021-09-13,3300,2021-07-05,0252,5510,001B,1,5,6,3345,0,0,0,NA,0,010,AVALON ST,30TH ST,150,S,N,A,-,N,NA,NA,NA,NA,NA,NA,NA,NA,NA,Y,3,0,1,2,A,-,03,22350,NA,F,G,-,E,A,H,-,C,D,0,Y,NA,NA,NA,Y,NA,A,01,0,1,0,0,1,0,0,0,0,-,-,34.00661087036133,-117.40184783935548,RIVERSIDE,JURUPA VALLEY,-117.40206909179688,34.00635528564453
9295210,2021,2021-08-09,3309,2021-06-17,1015,332,3309,4,5,4,3309,0,0,0,NA,0,004,CLINTON ST,PALMWOOD DR,18,N,N,A,-,N,NA,NA,NA,NA,NA,NA,NA,NA,NA,N,3,0,4,2,A,-,09,21802,A,N,D,C,A,A,H,-,A,A,0,NA,NA,NA,NA,Y,NA,A,01,0,1,3,0,0,0,0,0,0,-,-,NA,NA,RIVERSIDE,INDIO,-116.24266815185548,33.717018127441406
9297599,2021,2021-08-06,3309,2021-05-08,1317,2003,3309,6,5,4,3309,0,0,0,NA,0,004,SHIELDS RD,JASMINE LN,0,NA,Y,A,-,N,NA,NA,NA,NA,NA,NA,NA,NA,NA,N,4,0,2,2,A,-,09,21802,A,N,D,C,A,A,H,-,A,A,0,NA,NA,NA,NA,Y,NA,A,01,0,0,2,0,0,0,0,0,0,-,-,NA,NA,RIVERSIDE,INDIO,-116.26007843017578,33.71139144897461
9299089,2021,2021-10-13,3308,2021-01-09,1112,10743,586,6,5,5,3308,0,0,0,NA,0,SOUTH,STATE ST,DOMENIGONI PKWY,2325,N,N,A,-,N,NA,NA,NA,NA,NA,NA,NA,NA,NA,Y,4,0,1,2,A,-,03,22350,NA,F,C,C,A,A,H,-,A,A,0,NA,NA,NA,NA,Y,NA,D,22,0,0,1,0,0,0,0,0,0,-,-,33.702980041503906,-116.97161865234376,RIVERSIDE,HEMET,-116.9714126586914,33.70937728881836
9299710,2021,2021-09-13,3308,2021-07-10,1629,10671,546,6,5,5,3308,0,0,0,NA,0,SOUTH,STETSON AV,ELK ST,0,NA,Y,A,-,N,NA,NA,NA,NA,NA,NA,NA,NA,NA,Y,4,0,1,2,A,-,09,21801,A,N,D,C,A,A,H,-,A,A,0,NA,NA,NA,NA,Y,NA,A,01,0,0,1,0,0,0,0,0,0,-,-,33.72945022583008,-116.98516082763672,RIVERSIDE,HEMET,-116.98509979248048,33.72936248779297
92997320,2024,2024-07-31,9685,2024-07-26,1137,015757,NA,5,1,5,3341,0,1,1,NA,2,020,I-215 S/B (ESCONDIDO FWY),NEWPORT RD,4224,N,N,A,-,Y,RIV,NA,215,NA,R,19.319,H,NA,L,Y,3,0,2,1,A,-,01,23152,A,N,E,I,A,A,H,-,A,D,0,NA,NA,NA,NA,Y,Y,A,07,0,2,0,0,0,0,0,0,0,-,-,33.69538879394531,-117.1778564453125,RIVERSIDE,MENIFEE,-117.17780303955078,33.69541549682617
9301688,2021,2023-06-17,3313,2021-07-12,0113,1788,2,1,5,7,3313,0,0,0,NA,0,001,TYLER ST,ADOBE AV,350,N,N,A,-,N,NA,NA,NA,NA,NA,NA,NA,NA,NA,Y,1,1,1,2,A,-,08,22107,NA,N,A,C,A,A,H,-,C,D,0,NA,NA,NA,NA,Y,Y,A,01,1,0,0,0,0,0,0,0,0,-,-,33.92068862915039,-117.4687728881836,RIVERSIDE,RIVERSIDE,-117.46947479248048,33.921756744384766
9301767,2021,2022-12-16,3313,2021-05-08,0313,1921,5,6,5,7,3313,0,0,0,NA,0,1R51,COLLETT AV,PIERCE ST,395,W,N,A,-,N,NA,NA,NA,NA,NA,NA,NA,NA,NA,Y,1,1,0,1,A,-,01,23152,A,N,E,I,A,A,H,-,C,D,0,NA,NA,NA,NA,Y,Y,A,01,0,0,0,0,0,0,0,0,0,-,-,33.90288162231445,-117.49830627441406,RIVERSIDE,RIVERSIDE,-117.49859619140624,33.90237808227539
9301791,2021,2021-09-16,3325,2021-06-05,1303,2715,RD01,6,5,4,3325,0,0,0,NA,0,001,DINAH SHORE DR,CATHEDRAL CANYON DR,128,W,N,A,-,N,NA,NA,NA,NA,NA,NA,NA,NA,NA,Y,1,1,1,4,A,-,01,23152,F,N,C,C,A,A,H,-,A,A,0,NA,NA,NA,NA,Y,NA,A,01,0,0,1,0,0,0,0,0,0,-,-,NA,NA,RIVERSIDE,CATHEDRAL CITY,-116.46718597412108,33.80133056640625
9301826,2020,2022-06-14,3300,2020-09-25,1811,5447,NA,5,5,6,3345,0,0,0,NA,0,NA,PEDLEY RD,MISSION BL,0,NA,Y,A,-,N,NA,NA,NA,NA,NA,NA,NA,NA,NA,Y,1,4,2,2,A,-,01,23152,A,N,D,D,A,A,H,-,A,A,0,NA,NA,NA,NA,Y,Y,A,01,0,2,0,0,0,0,0,0,0,-,-,34.01192092895508,-117.47545623779295,RIVERSIDE,JURUPA VALLEY,-117.47544097900392,34.01179122924805
9303370,2021,2021-08-20,3309,2021-06-18,0824,252,3309,5,5,4,3309,0,0,0,NA,0,002,MONROE ST,AVE 41,833,S,N,A,-,N,NA,NA,NA,NA,NA,NA,NA,NA,NA,Y,3,0,2,2,A,-,09,21801,A,N,D,C,A,A,H,-,A,D,0,NA,NA,NA,NA,Y,NA,A,01,0,2,0,0,0,0,0,0,0,-,-,NA,NA,RIVERSIDE,INDIO,-116.23422241210938,33.748931884765625
93097202,2024,2024-08-01,9655,2024-07-26,2030,020669,NA,5,2,9,3300,0,3,5,NA,2,001,KIRBY RD,WELLMAN ROAD,0,NA,Y,A,-,N,NA,NA,NA,NA,NA,NA,NA,NA,NA,Y,4,0,2,2,A,-,03,22350,NA,N,D,C,A,A,H,-,D,D,0,NA,NA,NA,NA,Y,NA,A,01,0,0,2,0,0,0,0,0,0,-,-,33.54079818725586,-116.64835357666016,RIVERSIDE,UNINCORPORATED,-116.64833831787108,33.540489196777344
93097504,2024,2024-08-01,9840,2024-07-29,2318,017546,NA,1,3,6,3345,0,1,3,NA,2,010,SR-60 WB TO I-15,WINEVILLE RD,1100,W,N,A,-,Y,NA,NA,NA,NA,NA,NA,NA,NA,NA,Y,4,0,1,2,A,-,03,22350,NA,M,C,C,A,A,H,-,D,D,0,NA,NA,NA,NA,Y,Y,A,07,0,0,1,0,0,0,0,0,0,-,-,34.02085876464844,-117.54541015625,RIVERSIDE,JURUPA VALLEY,-117.5442352294922,34.020225524902344