CASE_ID,ACCIDENT_YEAR,PROC_DATE,JURIS,COLLISION_DATE,COLLISION_TIME,OFFICER_ID,REPORTING_DISTRICT,DAY_OF_WEEK,CHP_SHIFT,POPULATION,CNTY_CITY_LOC,SPECIAL_COND,BEAT_TYPE,CHP_BEAT_TYPE,CITY_DIVISION_LAPD,CHP_BEAT_CLASS,BEAT_NUMBER,PRIMARY_RD,SECONDARY_RD,DISTANCE,DIRECTION,INTERSECTION,WEATHER_1,WEATHER_2,STATE_HWY_IND,CALTRANS_COUNTY,CALTRANS_DISTRICT,STATE_ROUTE,ROUTE_SUFFIX,POSTMILE_PREFIX,POSTMILE,LOCATION_TYPE,RAMP_INTERSECTION,SIDE_OF_HWY,TOW_AWAY,COLLISION_SEVERITY,NUMBER_KILLED,NUMBER_INJURED,PARTY_COUNT,PRIMARY_COLL_FACTOR,PCF_CODE_OF_VIOL,PCF_VIOL_CATEGORY,PCF_VIOLATION,PCF_VIOL_SUBSECTION,HIT_AND_RUN,TYPE_OF_COLLISION,MVIW,PED_ACTION,ROAD_SURFACE,ROAD_COND_1,ROAD_COND_2,LIGHTING,CONTROL_DEVICE,CHP_ROAD_TYPE,PEDESTRIAN_ACCIDENT,BICYCLE_ACCIDENT,MOTORCYCLE_ACCIDENT,TRUCK_ACCIDENT,NOT_PRIVATE_PROPERTY,ALCOHOL_INVOLVED,STWD_VEHTYPE_AT_FAULT,CHP_VEHTYPE_AT_FAULT,COUNT_SEVERE_INJ,COUNT_VISIBLE_INJ,COUNT_COMPLAINT_PAIN,COUNT_PED_KILLED,COUNT_PED_INJURED,COUNT_BICYCLIST_KILLED,COUNT_BICYCLIST_INJURED,COUNT_MC_KILLED,COUNT_MC_INJURED,PRIMARY_RAMP,SECONDARY_RAMP,LATITUDE,LONGITUDE,COUNTY,CITY,POINT_X,POINT_Y
9562337,2023,2023-04-17,3302,2023-02-15,1341,1046,NA,3,5,3,3302,0,0,0,NA,0,NA,HIGHLAND SPRINGS AV,SUNDANCE DR,0,NA,Y,A,-,N,NA,NA,NA,NA,NA,NA,NA,NA,NA,Y,3,0,2,2,A,-,09,21801,A,N,D,C,A,A,H,-,A,A,0,NA,NA,NA,NA,Y,NA,A,01,0,1,1,0,0,0,0,0,0,-,-,33.940040588378906,-116.94687652587892,RIVERSIDE,BEAUMONT,-116.94699096679688,33.94007873535156
9562407,2022,2023-04-06,3302,2022-12-07,1657,1260,3302,3,5,3,3302,0,0,0,NA,0,NA,1ST ST,EUCLID AV,140,E,N,A,-,N,NA,NA,NA,NA,NA,NA,NA,NA,NA,Y,4,0,1,2,A,-,09,21801,A,N,D,C,A,-,H,-,C,D,0,NA,NA,NA,NA,Y,NA,A,01,0,0,1,0,0,0,0,0,0,-,-,33.92169952392578,-116.97859191894533,RIVERSIDE,BEAUMONT,-116.97808837890624,33.92169952392578
9581312,2023,2023-06-20,3325,2023-04-30,1829,2702,3325,7,5,4,3325,0,0,0,NA,0,002,DATE PALM DR,BARISTO RD,119,S,N,A,-,N,NA,NA,NA,NA,NA,NA,NA,NA,NA,Y,4,0,6,3,A,-,01,23152,NA,N,D,C,A,A,H,-,A,D,0,NA,NA,NA,NA,Y,Y,A,01,0,0,6,0,0,0,0,0,0,-,-,NA,NA,RIVERSIDE,CATHEDRAL CITY,-116.45826721191406,33.8192138671875
9581314,2023,2023-06-20,3302,2023-04-19,1254,764,NA,3,5,3,3302,0,0,0,NA,0,001,1ST ST,BEAUMONT AV,186,E,N,A,-,N,NA,NA,NA,NA,NA,NA,NA,NA,NA,Y,4,0,1,2,A,-,09,21801,A,N,D,C,A,A,H,-,A,D,0,NA,NA,NA,NA,Y,NA,A,01,0,0,1,0,0,0,0,0,0,-,-,33.921180725097656,-116.97747802734376,RIVERSIDE,BEAUMONT,-116.97654724121094,33.92169952392578
9583454,2023,2023-07-14,3300,2023-05-10,1636,N6635,011A,3,5,4,3344,0,0,0,NA,0,060,CANTU GALLEANO RANCH RD,GOODMAN WY,0,NA,Y,A,-,N,NA,NA,NA,NA,NA,NA,NA,NA,NA,N,4,0,1,2,A,-,12,21453,A,N,D,C,A,A,H,-,A,A,0,NA,NA,NA,NA,Y,NA,A,01,0,0,1,0,0,0,0,0,0,-,-,34.0024299621582,-117.54994201660156,RIVERSIDE,EASTVALE,-117.55474853515624,34.000999450683594
9587697,2023,2023-06-16,3309,2023-05-01,1214,2211,3309,1,5,4,3309,0,0,0,NA,0,001,RT 111,OASIS ST,299,W,N,A,-,N,NA,NA,NA,NA,NA,NA,NA,NA,NA,N,4,0,1,2,A,-,03,22350,NA,N,C,C,A,A,H,-,A,A,0,NA,NA,NA,NA,Y,NA,A,01,0,0,1,0,0,0,0,0,0,-,-,NA,NA,RIVERSIDE,INDIO,-116.22183990478516,33.71493148803711
9587843,2023,2023-06-09,3309,2023-04-23,1542,180,3309,7,5,4,3309,0,0,0,NA,0,004,JEFFERSON ST,WESTWARD HO DR,0,NA,Y,A,-,N,NA,NA,NA,NA,NA,NA,NA,NA,NA,Y,4,0,2,2,A,-,09,21801,A,N,C,C,A,A,H,-,A,A,0,NA,NA,NA,NA,Y,NA,A,07,0,0,2,0,0,0,0,0,0,-,-,NA,NA,RIVERSIDE,INDIO,-116.26883697509766,33.714656829833984
9588327,2023,2023-06-23,3309,2023-05-21,143,2301,3309,7,5,4,3309,0,0,0,NA,0,004,RT 111,SHIELDS RD,22,W,N,A,-,N,NA,NA,NA,NA,NA,NA,NA,NA,NA,N,3,0,2,3,A,-,03,22350,NA,N,F,C,A,A,H,-,C,A,0,NA,NA,NA,NA,Y,NA,D,22,0,1,1,0,0,0,0,0,0,-,-,NA,NA,RIVERSIDE,INDIO,-116.26016235351563,33.707271575927734
9590625,2023,2023-06-16,3309,2023-05-25,459,248,3309,4,5,4,3309,0,0,0,NA,0,005,AVENUE 42,MADISON ST,1300,W,N,A,-,N,NA,NA,NA,NA,NA,NA,NA,NA,NA,N,3,0,1,1,A,-,08,22107,NA,N,E,I,A,A,H,-,A,A,0,NA,NA,NA,NA,Y,NA,A,01,0,1,0,0,0,0,0,0,0,-,-,NA,NA,RIVERSIDE,INDIO,-116.25572967529295,33.74388122558594
9594733,2023,2023-07-19,3301,2023-06-14,1619,U513,22,3,5,4,3301,0,0,0,NA,0,002,W REPPLIER RD,W INDIAN SCHOOL LN,200,E,N,A,-,N,NA,NA,NA,NA,NA,NA,NA,NA,NA,Y,3,0,1,1,A,-,08,22107,NA,N,E,I,A,A,H,-,A,D,0,NA,NA,NA,NA,Y,NA,A,01,0,1,0,0,0,0,0,0,0,-,-,33.940391540527344,-116.8785400390625,RIVERSIDE,BANNING,-116.87914276123048,33.94022750854492
9599582,2023,2023-07-25,3302,2023-05-12,1959,1256,23,5,5,3,3302,0,0,0,NA,0,003,BEAUMONT AV,CYRISE LN,27,N,N,A,-,N,NA,NA,NA,NA,NA,NA,NA,NA,NA,Y,3,0,2,2,A,-,03,22350,NA,N,C,C,A,A,H,-,C,D,0,NA,NA,NA,NA,Y,NA,A,01,0,1,1,0,0,0,0,0,0,-,-,33.94493865966797,-116.97724151611328,RIVERSIDE,BEAUMONT,-116.97721862792967,33.94499206542969
9602781,2023,2023-08-30,3325,2023-07-25,238,20213,3325,2,5,4,3325,0,0,0,NA,0,003,VARNER RD,MOUNTAIN VIEW RD,1800,E,N,A,-,N,NA,NA,NA,NA,NA,NA,NA,NA,NA,Y,3,0,1,1,A,-,03,22350,NA,M,-,I,A,-,-,-,-,D,0,NA,NA,NA,NA,Y,Y,D,22,0,1,0,0,0,0,0,0,0,-,-,NA,NA,RIVERSIDE,CATHEDRAL CITY,-116.47018432617188,33.88438034057617
9603389,2023,2023-08-10,3301,2023-06-22,1807,U524,30,4,5,4,3301,0,0,0,NA,0,003,MORONGO AV,WEST NICOLET ST,0,NA,Y,A,-,N,NA,NA,NA,NA,NA,NA,NA,NA,NA,Y,3,0,4,2,A,-,12,22450,A,N,B,C,A,A,H,-,A,A,0,NA,NA,NA,NA,Y,NA,A,01,0,4,0,0,0,0,0,0,0,-,-,33.92903137207031,-116.9096221923828,RIVERSIDE,BANNING,-116.9096221923828,33.92902755737305
9603421,2023,2023-08-14,3301,2023-07-08,1903,U524,3,6,5,4,3301,0,0,0,NA,0,002,W RAMSEY,APEX AV,0,NA,Y,A,-,N,NA,NA,NA,NA,NA,NA,NA,NA,NA,Y,3,0,3,2,A,-,12,22450,A,N,B,C,A,A,H,-,A,A,0,NA,NA,NA,NA,Y,NA,A,01,0,2,1,0,0,0,0,0,0,-,-,33.92866134643555,-116.93887329101563,RIVERSIDE,BANNING,-116.93813323974608,33.9290657043457
9615186,2023,2023-10-10,3302,2023-08-10,757,1046,NA,4,5,3,3302,0,0,0,NA,0,002,COUGAR WY,THUNDERBIRD RD,186,W,N,B,C,N,NA,NA,NA,NA,NA,NA,NA,NA,NA,Y,3,0,1,2,A,-,08,21460,5,N,A,C,A,B,H,-,A,D,0,NA,NA,NA,NA,Y,NA,D,22,0,1,0,0,0,0,0,0,0,-,-,33.95370864868164,-116.97467041015624,RIVERSIDE,BEAUMONT,-116.97521209716795,33.9542121887207
9622048,2023,2023-10-26,3325,2023-09-07,1749,1908,DESER,4,5,4,3325,0,0,0,NA,0,002,RAMON RD,DESERT VISTA DR,0,NA,Y,A,-,N,NA,NA,NA,NA,NA,NA,NA,NA,NA,Y,4,0,1,2,A,-,08,22107,NA,N,D,C,A,A,H,-,A,A,0,NA,NA,NA,NA,Y,NA,D,22,0,0,1,0,0,0,0,0,0,-,-,NA,NA,RIVERSIDE,CATHEDRAL CITY,-116.46166229248048,33.81587219238281
9624778,2023,2023-09-18,3302,2023-06-16,1827,1215,NA,5,5,3,3302,0,0,0,NA,0,NA,1ST ST,COMMERCE WY,190,W,N,A,-,N,NA,NA,NA,NA,NA,NA,NA,NA,NA,N,4,0,1,2,A,-,03,22350,NA,N,C,C,A,A,H,-,A,A,0,NA,NA,NA,NA,Y,NA,A,01,0,0,1,0,0,0,0,0,0,-,-,33.9217414855957,-116.95375061035156,RIVERSIDE,BEAUMONT,-116.95433044433594,33.92169952392578
9625206,2023,2023-10-05,3302,2023-09-14,1509,1259,NA,4,5,3,3302,0,0,0,NA,0,NA,BEAUMONT AV,8TH ST,0,NA,Y,A,-,N,NA,NA,NA,NA,NA,NA,NA,NA,NA,N,4,0,1,3,A,-,21,22106,NA,N,C,C,A,A,H,-,A,A,0,NA,NA,NA,NA,Y,NA,A,01,0,0,1,0,0,0,0,0,0,-,-,33.93247985839844,-116.97718048095705,RIVERSIDE,BEAUMONT,-116.97715759277344,33.93244934082031
9636028,2023,2024-01-23,3325,2023-11-20,1540,1908,DESER,1,5,4,3325,0,0,0,NA,0,003,DATE PALM DR,MCCALLUM WY,23,N,N,A,-,N,NA,NA,NA,NA,NA,NA,NA,NA,NA,Y,4,0,2,2,A,-,12,21453,A,N,D,C,A,A,H,-,A,A,0,NA,NA,NA,Y,Y,NA,F,27,0,0,2,0,0,0,0,0,0,-,-,NA,NA,RIVERSIDE,CATHEDRAL CITY,-116.4582748413086,33.823211669921875
9638180,2023,2024-04-17,3313,2023-11-28,1702,1827,2,2,5,7,3313,0,0,0,NA,0,T43,BLAINE ST,IOWA AV,301,W,N,A,-,N,NA,NA,NA,NA,NA,NA,NA,NA,NA,N,4,0,2,2,A,-,09,21804,A,N,D,C,A,A,H,-,A,D,0,NA,NA,NA,NA,Y,NA,A,01,0,0,2,0,0,0,0,0,0,-,-,NA,NA,RIVERSIDE,RIVERSIDE,-117.34088897705078,33.98299026489258
9638849,2023,2023-11-27,3309,2023-05-16,752,2203,3309,2,5,4,3309,0,0,0,NA,0,002,KENNER AV,SMURR ST,53,W,N,A,-,N,NA,NA,NA,NA,NA,NA,NA,NA,NA,N,4,0,1,2,A,-,10,21950,A,N,G,B,C,A,H,-,A,A,0,Y,NA,NA,NA,Y,NA,A,01,0,0,1,0,1,0,0,0,0,-,-,NA,NA,RIVERSIDE,INDIO,-116.21792602539063,33.73307800292969
9640229,2024,2024-07-26,3303,2024-01-31,756,X126,003,3,5,3,3303,0,0,0,NA,0,003,W HOBSON WY,SPARKLING LAGOON,0,NA,Y,A,-,N,NA,NA,NA,NA,NA,NA,NA,NA,NA,Y,1,1,0,1,A,-,03,22350,NA,N,E,I,A,A,H,-,A,A,0,NA,NA,NA,NA,Y,NA,A,01,0,0,0,0,0,0,0,0,0,-,-,33.60987091064453,-114.62680053710938,RIVERSIDE,BLYTHE,NA,NA
9640566,2023,2025-07-02,3311,2023-02-12,1639,16303,NA,7,5,4,3311,0,0,0,NA,0,003,RAMON RD,AVENIDA CABALLEROS,0,NA,Y,B,-,N,NA,NA,NA,NA,NA,NA,NA,NA,NA,Y,1,1,0,2,A,-,09,21801,A,N,D,C,A,A,H,-,B,A,0,NA,NA,Y,NA,Y,NA,A,08,0,0,0,0,0,0,0,1,0,-,-,33.815818786621094,-116.5368881225586,RIVERSIDE,PALM SPRINGS,-116.53694152832033,33.815887451171875
9640596,2023,2025-06-23,3308,2023-07-01,57,10379,517,6,5,5,3308,0,0,0,NA,0,SOUTH,FLORIDA AV,HARVARD ST,0,NA,Y,A,-,N,NA,NA,NA,NA,NA,NA,NA,NA,NA,Y,1,1,0,2,A,-,11,21456,A,N,G,B,B,A,H,-,C,A,0,Y,NA,NA,NA,Y,Y,N,60,0,0,0,1,0,0,0,0,0,-,-,NA,NA,RIVERSIDE,HEMET,-116.97058868408205,33.74754333496094
9642699,2023,2023-11-17,3309,2023-09-27,1351,2211,3309,3,5,4,3309,0,0,0,NA,0,005,CLINTON ST,LAUREL GATE,0,NA,Y,A,-,N,NA,NA,NA,NA,NA,NA,NA,NA,NA,N,3,0,1,2,A,-,09,21804,NA,N,D,C,A,A,H,-,A,A,0,NA,NA,Y,NA,Y,NA,C,03,0,1,0,0,0,0,0,0,1,-,-,NA,NA,RIVERSIDE,INDIO,-116.24273681640624,33.727203369140625
9644999,2024,2024-04-29,3325,2024-02-09,1557,1901,DESER,5,5,4,3325,0,0,0,NA,0,003,DATE PALM DR,TORTUGA RD,2,N,N,A,-,N,NA,NA,NA,NA,NA,NA,NA,NA,NA,N,4,0,1,2,A,-,09,21802,A,M,B,C,A,A,H,-,A,D,0,NA,NA,NA,NA,Y,NA,D,22,0,0,1,0,0,0,0,0,0,-,-,NA,NA,RIVERSIDE,CATHEDRAL CITY,-116.45826721191406,33.8340950012207
9645109,2024,2024-04-30,3325,2024-02-08,1705,20206,3325,4,5,4,3325,0,0,0,NA,0,002,DATE PALM DR,RAMON RD,418,N,N,A,-,N,NA,NA,NA,NA,NA,NA,NA,NA,NA,N,2,0,1,2,A,-,11,21954,A,N,G,B,D,A,H,-,A,D,0,Y,NA,NA,NA,Y,NA,A,01,1,0,0,0,1,0,0,0,0,-,-,NA,NA,RIVERSIDE,CATHEDRAL CITY,-116.45826721191406,33.81703186035156
9645119,2024,2024-05-21,3325,2024-02-08,1816,1908,3325,4,5,4,3325,0,0,0,NA,0,001,EAST PALM CANYON DR,MARGOT MURPHY WAY,5,E,N,A,-,N,NA,NA,NA,NA,NA,NA,NA,NA,NA,Y,4,0,2,2,A,-,08,22107,NA,N,D,C,A,A,H,-,C,D,0,NA,NA,NA,NA,Y,NA,A,01,0,0,2,0,0,0,0,0,0,-,-,NA,NA,RIVERSIDE,CATHEDRAL CITY,NA,NA
9650053,2023,2023-12-30,3309,2023-08-25,1510,2303,3309,5,5,4,3309,0,0,0,NA,0,003,AVE 48,ID POWER POLE #T17479D,35,E,N,A,-,N,NA,NA,NA,NA,NA,NA,NA,NA,NA,N,2,0,1,2,C,-,18,NA,NA,N,G,B,E,A,H,-,A,A,0,Y,NA,NA,NA,Y,NA,-,-,1,0,0,0,1,0,0,0,0,-,-,NA,NA,RIVERSIDE,INDIO,NA,NA
9654285,2023,2024-02-21,3325,2023-12-21,1000,1908,3325,4,5,4,3325,0,0,0,NA,0,001,PALM CANYON DR,PEREZ RD,217,E,N,A,-,N,NA,NA,NA,NA,NA,NA,NA,NA,NA,Y,4,0,1,2,A,-,03,22350,NA,N,C,C,A,A,H,-,A,A,0,NA,NA,NA,NA,Y,NA,A,01,0,0,1,0,0,0,0,0,0,-,-,NA,NA,RIVERSIDE,CATHEDRAL CITY,-116.47506713867188,33.784210205078125
9654362,2023,2024-01-09,3309,2023-10-21,1055,2211,3309,6,5,4,3309,0,0,0,NA,0,001,DOCTOR CARREON BL,CALHOUN ST,0,NA,Y,A,-,N,NA,NA,NA,NA,NA,NA,NA,NA,NA,N,4,0,1,2,A,-,12,22450,A,N,D,A,A,B,H,-,A,A,0,NA,NA,NA,NA,Y,NA,A,01,0,0,1,0,0,0,0,0,0,-,-,NA,NA,RIVERSIDE,INDIO,-116.20774841308594,33.70771026611328
9654686,2023,2024-02-17,3325,2023-12-09,210,20222,DESER,6,5,4,3325,0,0,0,NA,0,001,EAST PALM CANYON DR,CANYON PLZ,257,E,N,A,-,N,NA,NA,NA,NA,NA,NA,NA,NA,NA,Y,3,0,1,2,A,-,01,23153,A,N,D,C,A,A,H,-,C,D,0,NA,NA,NA,NA,Y,Y,A,01,0,1,0,0,0,0,0,0,0,-,-,NA,NA,RIVERSIDE,CATHEDRAL CITY,-116.4814453125,33.78786087036133
9660490,2024,2024-03-09,3302,2024-01-23,1631,1186,NA,2,5,3,3302,0,0,0,NA,0,002,HIGHLAND SPRINGS AV,6TH ST,310,S,N,A,-,N,NA,NA,NA,NA,NA,NA,NA,NA,NA,N,4,0,4,2,A,-,09,21801,A,N,A,C,A,A,H,-,A,D,0,NA,NA,NA,NA,Y,NA,A,07,0,0,4,0,0,0,0,0,0,-,-,33.92937088012695,-116.94686889648438,RIVERSIDE,BEAUMONT,-116.94690704345705,33.928462982177734
9675454,2023,2024-02-24,3309,2023-07-27,2105,161,DESER,4,5,4,3309,0,0,0,NA,0,003,AVE 48,CALHOUN ST,0,NA,Y,A,-,N,NA,NA,NA,NA,NA,NA,NA,NA,NA,Y,2,0,3,2,A,-,01,23152,G,N,D,C,A,A,H,-,C,A,0,NA,NA,NA,NA,Y,Y,A,01,3,0,0,0,0,0,0,0,0,-,-,NA,NA,RIVERSIDE,INDIO,-116.20768737792967,33.70033645629883
9678083,2023,2024-03-07,3301,2023-12-25,1813,U509,30,1,5,4,3301,0,0,0,NA,0,002,SUNSET AV,NICOLET ST,0,NA,Y,A,-,N,NA,NA,NA,NA,NA,NA,NA,NA,NA,Y,2,0,7,2,A,-,01,23153,A,F,D,C,A,A,H,-,D,D,0,NA,NA,NA,NA,Y,Y,A,07,1,6,0,0,0,0,0,0,0,-,-,33.929298400878906,-116.91158294677734,RIVERSIDE,BANNING,-116.91178894042967,33.929019927978516
9683071,2022,2024-04-26,3313,2022-09-04,1610,0282,5,7,5,7,3313,0,0,0,NA,0,T48,JONES AV,MOBLEY AV,0,NA,Y,A,-,N,NA,NA,NA,NA,NA,NA,NA,NA,NA,Y,3,0,2,2,A,-,09,21802,A,N,D,C,A,A,H,-,A,A,0,NA,NA,NA,NA,Y,NA,A,01,0,1,1,0,0,0,0,0,0,-,-,NA,NA,RIVERSIDE,RIVERSIDE,-117.47769927978516,33.92332077026367
9683084,2023,2024-04-26,3313,2023-05-21,1420,1827,5,7,5,7,3313,0,0,0,NA,0,T43,CALIFORNIA AV,TYLER ST,1600,E,N,A,-,N,NA,NA,NA,NA,NA,NA,NA,NA,NA,NA,3,0,2,1,C,-,18,NA,NA,N,F,A,A,A,H,-,A,D,0,NA,NA,Y,NA,Y,NA,-,-,0,1,1,0,0,0,0,0,2,-,-,33.921051025390625,-117.465087890625,RIVERSIDE,RIVERSIDE,-117.46345520019533,33.9213752746582
9683175,2022,2024-05-09,3313,2022-09-18,1324,0282,2,7,5,7,3313,0,0,0,NA,0,T48,UNIVERSITY AV,VICTORIA AV,86,W,N,A,-,N,NA,NA,NA,NA,NA,NA,NA,NA,NA,Y,4,0,1,3,A,-,03,22350,NA,N,C,C,A,A,H,-,A,A,0,NA,NA,NA,NA,Y,NA,A,01,0,0,1,0,0,0,0,0,0,-,-,NA,NA,RIVERSIDE,RIVERSIDE,-117.36294555664063,33.97650146484375
9683181,2023,2024-05-09,3313,2023-02-20,1652,1384,4,1,5,7,3313,0,0,0,NA,0,M17,JURUPA AV,WILDERNESS AV,0,NA,Y,A,-,N,NA,NA,NA,NA,NA,NA,NA,NA,NA,Y,3,0,2,2,A,-,09,21802,A,N,D,C,A,A,H,-,A,A,0,NA,NA,NA,NA,Y,NA,D,22,0,1,1,0,0,0,0,0,0,-,-,NA,NA,RIVERSIDE,RIVERSIDE,-117.44703674316406,33.96048355102539
9683546,2024,2024-06-18,3325,2024-02-19,1518,515,3325,1,5,4,3325,0,0,0,NA,0,003,AVENIDA LA GAVIOTA,BARISTO RD,230,S,N,A,-,N,NA,NA,NA,NA,NA,NA,NA,NA,NA,N,3,0,1,1,A,-,03,22350,NA,N,H,J,A,A,H,-,A,D,0,NA,NA,NA,NA,Y,NA,-,NA,0,1,0,0,0,0,0,0,0,-,-,NA,NA,RIVERSIDE,CATHEDRAL CITY,-116.47211456298828,33.81888961791992
9683547,2024,2024-05-15,3325,2024-02-20,1858,1908,3325,2,5,4,3325,0,0,0,NA,0,1/2,DINAH SHORE DR,CATHEDRAL CANYON DR,0,NA,Y,A,-,N,NA,NA,NA,NA,NA,NA,NA,NA,NA,N,4,0,1,2,A,-,12,21453,A,N,D,C,A,A,H,-,C,A,0,NA,NA,NA,NA,Y,NA,A,01,0,0,1,0,0,0,0,0,0,-,-,NA,NA,RIVERSIDE,CATHEDRAL CITY,-116.46676635742188,33.801326751708984
9684841,2023,2024-05-10,3313,2023-02-07,959,1783,5,2,5,7,3313,0,0,0,NA,0,M18,LA SIERRA AV,VISTA TC,40,S,N,A,-,N,NA,NA,NA,NA,NA,NA,NA,NA,NA,N,4,0,1,3,A,-,03,22350,NA,N,C,C,A,A,H,-,A,A,0,NA,NA,NA,NA,Y,NA,A,07,0,0,1,0,0,0,0,0,0,-,-,NA,NA,RIVERSIDE,RIVERSIDE,-117.46978759765624,33.8955078125
9685280,2024,2024-05-10,3325,2024-03-31,854,1708,3325,7,5,4,3325,0,0,0,NA,0,003,LANDAU BL,RAMON RD,700,N,N,B,-,N,NA,NA,NA,NA,NA,NA,NA,NA,NA,Y,4,0,1,4,A,-,08,22107,NA,N,H,C,A,A,H,-,A,A,0,NA,NA,NA,NA,Y,NA,D,22,0,0,1,0,0,0,0,0,0,-,-,NA,NA,RIVERSIDE,CATHEDRAL CITY,-116.47560119628906,33.817813873291016
9685358,2024,2024-04-30,3313,2024-01-04,1514,2001,1,4,5,7,3313,0,0,0,NA,0,3R10,MARKET ST,LOCUST ST,0,NA,Y,A,-,N,NA,NA,NA,NA,NA,NA,NA,NA,NA,N,3,0,2,2,A,-,06,21751,NA,M,B,C,A,A,H,-,A,C,0,NA,NA,NA,NA,Y,NA,A,01,0,2,0,0,0,0,0,0,0,-,-,33.99435043334961,-117.37088775634766,RIVERSIDE,RIVERSIDE,-117.37071990966795,33.995304107666016
9688666,2023,2024-05-01,3313,2023-10-10,846,2120,5,2,5,7,3313,0,0,0,NA,0,T75,LA SIERRA AV,MONTLAKE DR,9,W,N,A,-,N,NA,NA,NA,NA,NA,NA,NA,NA,NA,Y,3,0,1,2,A,-,12,21453,A,N,D,C,A,A,H,-,A,A,0,NA,NA,NA,NA,Y,NA,D,82,0,1,0,0,0,0,0,0,0,-,-,33.90135955810547,-117.4755630493164,RIVERSIDE,RIVERSIDE,-117.474853515625,33.90169143676758
9689225,2024,2024-04-30,3309,2024-01-25,1205,2211,3309,4,5,4,3309,0,0,0,NA,0,002,GOLF CENTER PKWY,AVE 40,0,NA,Y,A,-,N,NA,NA,NA,NA,NA,NA,NA,NA,NA,N,4,0,2,2,A,-,09,21801,NA,N,D,C,A,A,H,-,A,A,0,NA,NA,NA,NA,Y,NA,A,01,0,0,2,0,0,0,0,0,0,-,-,NA,NA,RIVERSIDE,INDIO,NA,NA
9691267,2024,2024-04-25,3313,2024-02-19,1833,1499,4,1,5,7,3313,0,0,0,NA,0,M34,DUFFERIN AVE,MADISON ST,64,W,N,C,-,N,NA,NA,NA,NA,NA,NA,NA,NA,NA,Y,3,0,1,1,A,-,01,23152,A,N,E,I,A,B,H,-,C,D,0,NA,NA,NA,NA,Y,Y,A,01,0,1,0,0,0,0,0,0,0,-,-,33.91944122314453,-117.3877182006836,RIVERSIDE,RIVERSIDE,-117.38762664794922,33.91951370239258
9691268,2024,2024-04-25,3313,2024-02-21,921,2143,3,3,5,7,3313,0,0,0,NA,0,T70,ALESSANDRO BLVD,CANYON CREST DR,0,NA,Y,B,-,N,NA,NA,NA,NA,NA,NA,NA,NA,NA,Y,3,0,4,3,A,-,12,21453,A,N,D,C,A,B,H,-,A,A,0,NA,NA,NA,NA,Y,NA,A,01,0,1,3,0,0,0,0,0,0,-,-,NA,NA,RIVERSIDE,RIVERSIDE,-117.33956909179688,33.925662994384766
9692359,2024,2024-05-17,3309,2024-02-01,934,2211,3309,4,5,4,3309,0,0,0,NA,0,005,HOOVER ST,MONROE ST,34,E,N,A,-,N,NA,NA,NA,NA,NA,NA,NA,NA,NA,N,4,0,1,2,A,-,21,22106,NA,N,C,C,A,B,H,-,A,A,0,NA,NA,NA,NA,Y,NA,D,22,0,0,1,0,0,0,0,0,0,-,-,NA,NA,RIVERSIDE,INDIO,-116.23365783691406,33.726768493652344
9693297,2024,2024-05-28,3309,2024-02-09,1939,2218,3309,5,5,4,3309,0,0,0,NA,0,003,VAN BUREN ST,DOCTOR CARREON BL,0,NA,Y,A,-,N,NA,NA,NA,NA,NA,NA,NA,NA,NA,Y,2,0,1,3,A,-,08,22107,NA,N,D,C,A,A,H,-,C,A,0,NA,NA,NA,NA,Y,NA,A,01,1,0,0,0,0,0,0,0,0,-,-,NA,NA,RIVERSIDE,INDIO,-116.19908142089844,33.7077522277832
9693444,2024,2024-07-10,3313,2024-04-22,1525,1827,3,1,5,7,3313,0,0,0,NA,0,T43,CANYON CREST DR,CENTRAL AV,0,NA,Y,A,-,N,NA,NA,NA,NA,NA,NA,NA,NA,NA,Y,4,0,1,2,A,-,12,21453,A,N,D,C,A,A,H,-,A,A,0,NA,NA,NA,NA,Y,NA,D,22,0,0,1,0,0,0,0,0,0,-,-,33.955078125,-117.32894897460938,RIVERSIDE,RIVERSIDE,-117.32908630371094,33.954994201660156
9693797,2022,2024-04-27,3313,2022-11-09,1431,1489,5,3,5,7,3313,0,0,0,NA,0,T44,ELMVIEW DR,BUCHANAN ST,500,W,N,A,-,N,NA,NA,NA,NA,NA,NA,NA,NA,NA,N,4,0,1,2,A,-,11,21956,A,F,G,B,E,A,H,-,A,D,0,Y,NA,NA,NA,Y,NA,-,99,0,0,1,0,1,0,0,0,0,-,-,33.888118743896484,-117.496337890625,RIVERSIDE,RIVERSIDE,-117.49761962890624,33.887245178222656
9693821,2022,2024-04-27,3313,2022-11-20,1700,1827,4,7,5,7,3313,0,0,0,NA,0,T43,MADISON ST,EVANS ST,0,NA,Y,A,-,N,NA,NA,NA,NA,NA,NA,NA,NA,NA,N,4,0,2,2,A,-,09,21801,A,N,D,C,A,A,H,-,C,A,0,NA,NA,NA,NA,Y,NA,A,01,0,0,2,0,0,0,0,0,0,-,-,33.933311462402344,-117.40277862548828,RIVERSIDE,RIVERSIDE,-117.40264892578124,33.93309783935547
9694529,2023,2024-04-23,3313,2023-05-31,1922,1882,4,3,5,7,3313,0,0,0,NA,0,M20,VICTORIA AV,WASHINGTON ST,10,E,N,A,-,N,NA,NA,NA,NA,NA,NA,NA,NA,NA,N,4,0,1,2,A,-,03,22350,NA,F,C,C,A,A,H,-,A,A,0,NA,NA,NA,NA,Y,NA,A,01,0,0,1,0,0,0,0,0,0,-,-,NA,NA,RIVERSIDE,RIVERSIDE,-117.38930511474608,33.93012619018555
9694550,2023,2024-05-01,3313,2023-08-18,1709,2001,1,5,5,7,3313,0,0,0,NA,0,3R10,BROCKTON AV,DEWEY AV,25,N,N,A,-,N,NA,NA,NA,NA,NA,NA,NA,NA,NA,N,3,0,1,2,A,-,08,22107,NA,N,D,C,A,A,A,-,A,D,0,NA,NA,NA,NA,Y,NA,A,07,0,1,0,0,0,0,0,0,0,-,-,33.9571418762207,-117.39647674560548,RIVERSIDE,RIVERSIDE,-117.39678192138672,33.95720672607422