CASE_ID,ACCIDENT_YEAR,PROC_DATE,JURIS,COLLISION_DATE,COLLISION_TIME,OFFICER_ID,REPORTING_DISTRICT,DAY_OF_WEEK,CHP_SHIFT,POPULATION,CNTY_CITY_LOC,SPECIAL_COND,BEAT_TYPE,CHP_BEAT_TYPE,CITY_DIVISION_LAPD,CHP_BEAT_CLASS,BEAT_NUMBER,PRIMARY_RD,SECONDARY_RD,DISTANCE,DIRECTION,INTERSECTION,WEATHER_1,WEATHER_2,STATE_HWY_IND,CALTRANS_COUNTY,CALTRANS_DISTRICT,STATE_ROUTE,ROUTE_SUFFIX,POSTMILE_PREFIX,POSTMILE,LOCATION_TYPE,RAMP_INTERSECTION,SIDE_OF_HWY,TOW_AWAY,COLLISION_SEVERITY,NUMBER_KILLED,NUMBER_INJURED,PARTY_COUNT,PRIMARY_COLL_FACTOR,PCF_CODE_OF_VIOL,PCF_VIOL_CATEGORY,PCF_VIOLATION,PCF_VIOL_SUBSECTION,HIT_AND_RUN,TYPE_OF_COLLISION,MVIW,PED_ACTION,ROAD_SURFACE,ROAD_COND_1,ROAD_COND_2,LIGHTING,CONTROL_DEVICE,CHP_ROAD_TYPE,PEDESTRIAN_ACCIDENT,BICYCLE_ACCIDENT,MOTORCYCLE_ACCIDENT,TRUCK_ACCIDENT,NOT_PRIVATE_PROPERTY,ALCOHOL_INVOLVED,STWD_VEHTYPE_AT_FAULT,CHP_VEHTYPE_AT_FAULT,COUNT_SEVERE_INJ,COUNT_VISIBLE_INJ,COUNT_COMPLAINT_PAIN,COUNT_PED_KILLED,COUNT_PED_INJURED,COUNT_BICYCLIST_KILLED,COUNT_BICYCLIST_INJURED,COUNT_MC_KILLED,COUNT_MC_INJURED,PRIMARY_RAMP,SECONDARY_RAMP,LATITUDE,LONGITUDE,COUNTY,CITY,POINT_X,POINT_Y
9694559,2023,2024-05-01,3313,2023-08-22,1829,1880,5,2,5,7,3313,0,0,0,NA,0,M10,PIERCE ST,RIVERWALK PKWY,0,W,N,A,-,N,NA,NA,NA,NA,NA,NA,NA,NA,NA,N,3,0,1,2,A,-,11,21954,A,N,G,B,D,A,H,-,A,D,0,Y,NA,NA,NA,Y,NA,N,60,0,1,0,0,1,0,0,0,0,-,-,NA,NA,RIVERSIDE,RIVERSIDE,-117.49488067626952,33.901119232177734
9694560,2023,2024-05-01,3313,2023-08-05,648,2074,5,6,5,7,3313,0,0,0,NA,0,2R51,PIERCE ST,RIVERWALK PKWY,0,NA,Y,A,-,N,NA,NA,NA,NA,NA,NA,NA,NA,NA,N,4,0,1,2,A,-,10,21950,A,N,G,B,B,A,H,-,A,A,0,Y,NA,NA,NA,Y,NA,A,07,0,0,1,0,1,0,0,0,0,-,-,33.916709899902344,-117.49388122558594,RIVERSIDE,RIVERSIDE,-117.49488067626952,33.901119232177734
9699052,2024,2024-06-20,3309,2024-04-17,1900,2303,3309,3,5,4,3309,0,0,0,NA,0,004,DESERT FLOWER DR,HILLS DR,3,E,N,A,-,N,NA,NA,NA,NA,NA,NA,NA,NA,NA,N,3,0,1,2,B,-,22,NA,NA,N,D,C,A,A,H,-,A,A,0,NA,NA,Y,NA,Y,NA,O,05,0,1,0,0,0,0,0,0,1,-,-,NA,NA,RIVERSIDE,INDIO,NA,NA
9699053,2024,2024-06-20,3309,2024-03-25,1701,2303,3309,1,5,4,3309,0,0,0,NA,0,001,JACKSON ST,CIVIC CENTER DR,169,N,N,A,-,N,NA,NA,NA,NA,NA,NA,NA,NA,NA,Y,2,0,1,1,A,-,08,22107,NA,N,E,I,A,A,H,-,A,A,0,NA,NA,NA,NA,Y,NA,A,07,1,0,0,0,0,0,0,0,0,-,-,NA,NA,RIVERSIDE,INDIO,-116.21620178222656,33.719112396240234
9699054,2024,2024-06-10,3309,2024-03-16,738,2211,3309,6,5,4,3309,0,0,0,NA,0,002,AVE 44,ACCESS RD,6,E,N,A,-,N,NA,NA,NA,NA,NA,NA,NA,NA,NA,Y,2,0,1,1,-,-,-,NA,NA,N,A,I,A,A,H,-,A,A,0,NA,NA,NA,NA,Y,NA,A,01,1,0,0,0,0,0,0,0,0,-,-,NA,NA,RIVERSIDE,INDIO,NA,NA
9706101,2024,2024-06-14,3313,2024-04-17,1641,2149,1,3,5,7,3313,0,0,0,NA,0,3R14,KEATS DR,LATHAM ST,10,S,N,A,-,N,NA,NA,NA,NA,NA,NA,NA,NA,NA,N,4,0,1,2,A,-,08,22107,NA,N,G,B,E,A,H,-,A,D,0,Y,NA,NA,NA,Y,NA,A,01,0,0,1,0,0,0,0,0,0,-,-,34.000938415527344,-117.37075805664063,RIVERSIDE,RIVERSIDE,-117.37095642089844,34.00087356567383
9707001,2024,2024-07-31,3313,2024-05-30,630,10023045,NA,4,5,7,3313,0,0,0,NA,0,NA,UNIVERSITY AV,WEST CAMPUS DR,0,NA,Y,A,-,N,NA,NA,NA,NA,NA,NA,NA,NA,NA,N,3,0,1,2,A,-,09,21800,A,N,D,C,A,A,H,-,A,A,0,NA,NA,NA,NA,Y,NA,M,94,0,1,0,0,0,0,0,0,0,-,-,33.975669860839844,-117.33196258544922,RIVERSIDE,RIVERSIDE,-117.33203125,33.97565841674805
9717354,2024,2024-08-09,3309,2024-05-04,2008,2303,3309,6,5,4,3309,0,0,0,NA,0,005,DUNE PALMS RD,TALAVERA BL,448,N,N,A,-,N,NA,NA,NA,NA,NA,NA,NA,NA,NA,N,4,0,1,1,A,-,03,22350,NA,N,-,-,A,A,H,-,C,A,0,NA,NA,Y,NA,Y,NA,C,02,0,0,1,0,0,0,0,0,1,-,-,NA,NA,RIVERSIDE,INDIO,-116.2767333984375,33.77657699584961
9721928,2024,2024-08-30,3309,2024-07-27,731,2009,3309,6,5,4,3309,0,0,0,NA,0,NA,ARABIA ST,REQUA AV,0,NA,Y,A,-,N,NA,NA,NA,NA,NA,NA,NA,NA,NA,N,3,0,1,2,A,-,11,21954,A,F,G,B,D,A,-,-,C,D,0,Y,Y,NA,NA,Y,Y,N,60,0,1,0,0,1,0,0,0,0,-,-,NA,NA,RIVERSIDE,INDIO,-116.22509002685548,33.71747589111328
9725832,2024,2024-09-04,3309,2024-06-30,827,W2113,DESER,7,5,4,3309,0,0,0,NA,0,005,MILES AV,JEFFERSON ST,0,NA,Y,A,-,N,NA,NA,NA,NA,NA,NA,NA,NA,NA,Y,2,0,4,2,A,-,12,21453,A,N,D,C,A,A,H,-,A,A,0,NA,NA,NA,NA,Y,NA,A,01,1,0,3,0,0,0,0,0,0,-,-,33.72195053100586,-116.26878356933594,RIVERSIDE,INDIO,-116.26889801025392,33.72193908691406
9729877,2024,2024-10-30,3313,2024-07-29,1622,1499,3,1,5,7,3313,0,0,0,NA,0,M34,CENTRAL AV,RT 91,52,E,N,A,-,Y,RIV,8,91,-,-,18.598,R,4,W,N,4,0,2,3,A,-,08,22107,NA,N,B,C,A,A,H,-,A,A,0,NA,NA,NA,Y,Y,NA,G,25,0,0,2,0,0,0,0,0,0,-,WF,33.95362091064453,-117.38443756103516,RIVERSIDE,RIVERSIDE,-117.38172912597656,33.955421447753906
9736751,2024,2024-10-09,3325,2024-08-27,1719,537,DESER,2,5,4,3325,0,0,0,NA,0,002,DATE PALM DR,VIA OLIVERA,0,NA,Y,A,-,N,NA,NA,NA,NA,NA,NA,NA,NA,NA,N,4,0,1,4,A,-,04,21703,NA,N,C,C,A,A,H,-,A,A,0,NA,NA,NA,NA,Y,NA,A,01,0,0,1,0,0,0,0,0,0,-,-,NA,NA,RIVERSIDE,CATHEDRAL CITY,-116.45806121826172,33.8139533996582
9753583,2024,2024-11-20,3313,2024-08-02,2058,2091,5,5,5,7,3313,0,0,0,NA,0,3R54,VAN BUREN BL,JURUPA AV,0,NA,Y,A,-,N,NA,NA,NA,NA,NA,NA,NA,NA,NA,N,2,0,1,2,A,-,12,21453,A,N,E,J,A,A,H,-,C,A,0,NA,NA,NA,NA,Y,NA,M,94,1,0,0,0,0,0,0,0,0,-,-,33.95878982543945,-117.4615478515625,RIVERSIDE,RIVERSIDE,-117.4616470336914,33.9587287902832
9753727,2024,2024-11-15,3325,2024-10-13,326,544,NA,7,5,4,3325,0,0,0,NA,0,NA,RAMON RD,AVENIDA ALVERA,0,E,N,A,-,N,NA,NA,NA,NA,NA,NA,NA,NA,NA,N,3,0,1,1,A,-,03,22350,NA,N,H,A,A,A,H,-,C,D,0,NA,Y,NA,NA,Y,NA,L,04,0,1,0,0,0,0,1,0,0,-,-,NA,NA,RIVERSIDE,CATHEDRAL CITY,-116.46414184570313,33.81598663330078
9756329,2024,2024-12-02,3309,2024-10-19,137,159,3309,6,5,4,3309,0,0,0,NA,0,005,MILES AV,MADISON ST,0,NA,N,A,-,N,NA,NA,NA,NA,NA,NA,NA,NA,NA,Y,3,0,1,1,A,-,03,22350,NA,N,E,I,A,A,H,-,C,A,0,NA,NA,NA,NA,Y,Y,A,01,0,1,0,0,0,0,0,0,0,-,-,NA,NA,RIVERSIDE,INDIO,-116.25145721435548,33.72200012207031
9762442,2024,2024-12-18,3309,2024-09-21,2040,W2302,DESER,6,5,4,3309,0,0,0,NA,0,002,JACKSON ST,AVENUE 42,0,NA,Y,A,-,N,NA,NA,NA,NA,NA,NA,NA,NA,NA,Y,4,0,1,2,A,-,12,21453,A,N,D,C,A,A,H,-,C,A,0,NA,NA,NA,NA,Y,NA,A,01,0,0,1,0,0,0,0,0,0,-,-,33.74401092529297,-116.21669769287108,RIVERSIDE,INDIO,-116.21680450439452,33.743980407714844
9764305,2024,2025-02-03,3301,2024-12-24,2100,U536,1,2,5,4,3301,0,0,0,NA,0,001,E RAMSEY ST,MARTIN ST,0,NA,Y,A,-,N,NA,NA,NA,NA,NA,NA,NA,NA,NA,N,3,0,1,2,A,-,11,21954,A,N,G,B,D,A,H,-,C,D,0,Y,NA,NA,NA,Y,NA,N,60,0,1,0,0,1,0,0,0,0,-,-,33.92543029785156,-116.87361145019533,RIVERSIDE,BANNING,-116.8735809326172,33.925437927246094
9765278,2024,2025-02-10,3301,2024-11-17,1155,U544,2,7,5,4,3301,0,0,0,NA,0,002,W RAMSEY ST,16TH ST,0,NA,Y,A,-,N,NA,NA,NA,NA,NA,NA,NA,NA,NA,Y,4,0,3,2,A,-,08,22107,NA,N,B,C,A,A,H,-,A,D,0,NA,NA,NA,NA,Y,NA,A,01,0,0,3,0,0,0,0,0,0,-,-,33.925811767578125,-116.89208221435548,RIVERSIDE,BANNING,-116.8943099975586,33.925411224365234
9786196,2024,2025-05-03,3309,2024-10-01,2314,159,3309,2,5,4,3309,0,0,0,NA,0,005,FRED WARING DR,MADISON ST,0,E,N,A,-,N,NA,NA,NA,NA,NA,NA,NA,NA,NA,Y,1,1,0,1,A,-,03,22350,NA,N,E,I,A,A,H,-,C,A,0,NA,NA,NA,NA,Y,Y,A,01,0,0,0,0,0,0,0,0,0,-,-,NA,NA,RIVERSIDE,INDIO,-116.2519760131836,33.72930145263672
9786435,2024,2025-07-31,3301,2024-12-30,1550,U546,3,1,5,4,3301,0,0,0,NA,0,003,RAMSEY ST,GRANDVIEW AV,0,NA,Y,A,-,N,NA,NA,NA,NA,NA,NA,NA,NA,NA,Y,1,1,1,4,A,-,03,22350,NA,N,A,C,A,A,H,-,A,D,0,NA,NA,NA,NA,Y,NA,A,01,0,1,0,0,0,0,0,0,0,-,-,33.92789840698242,-116.9338836669922,RIVERSIDE,BANNING,-116.92934417724608,33.92702865600586
9803312,2024,2025-04-21,3325,2024-12-14,2238,1906,3325,6,5,4,3325,0,0,0,NA,0,001,DATE PALM DR,BUDDY ROGERS AV,0,NA,Y,A,-,N,NA,NA,NA,NA,NA,NA,NA,NA,NA,Y,2,0,1,2,A,-,01,23152,A,F,D,C,A,A,-,-,C,A,0,NA,NA,NA,NA,Y,Y,A,01,1,0,0,0,0,0,0,0,0,-,-,NA,NA,RIVERSIDE,CATHEDRAL CITY,-116.45800018310548,33.780338287353516
9804137,2025,2025-05-02,3325,2025-03-14,736,20242,3325,5,5,4,3325,0,0,0,NA,0,003,VISTA CHINO,AVENIDA QUINTANA,0,NA,Y,B,-,N,NA,NA,NA,NA,NA,NA,NA,NA,NA,N,3,0,1,2,A,-,12,21453,A,N,D,C,A,A,H,-,A,A,0,NA,NA,NA,NA,Y,NA,A,01,0,1,0,0,0,0,0,0,0,-,-,NA,NA,RIVERSIDE,CATHEDRAL CITY,-116.48458862304688,33.84484100341797
9829556,2025,2025-07-01,3325,2025-05-08,2320,544,NA,4,5,4,3325,0,0,0,NA,0,NA,AVENIDA MARAVILLA,VEGA RD,0,S,N,A,-,N,NA,NA,NA,NA,NA,NA,NA,NA,NA,Y,2,0,1,3,A,-,01,23152,NA,N,A,C,A,A,H,-,D,D,0,NA,NA,NA,NA,Y,Y,A,01,1,0,0,0,0,0,0,0,0,-,-,NA,NA,RIVERSIDE,CATHEDRAL CITY,-116.46685791015624,33.826805114746094
9872436,2025,2025-10-10,3301,2025-07-21,1420,U546,18,1,5,4,3301,0,0,0,NA,0,002,S 8TH,RT 110,0,NA,Y,A,-,Y,RIV,8,10,-,-,13.009,R,4,E,Y,3,0,1,2,A,-,08,22100,NA,N,B,D,A,A,H,-,A,D,0,NA,NA,NA,NA,Y,Y,A,01,0,1,0,0,0,0,0,0,0,-,EO,NA,NA,RIVERSIDE,BANNING,-116.8828582763672,33.92416763305664
9879660,2025,2025-11-19,3325,2025-10-06,1345,541,3325,1,5,4,3325,0,0,0,NA,0,NA,DATE PALM DR,TACHEVAH DR,0,NA,Y,A,-,N,NA,NA,NA,NA,NA,NA,NA,NA,NA,Y,4,0,1,2,A,-,09,21801,NA,N,D,C,A,A,H,-,A,D,0,NA,NA,NA,NA,Y,NA,D,22,0,0,1,0,0,0,0,0,0,-,-,NA,NA,RIVERSIDE,CATHEDRAL CITY,-116.45832824707033,33.83772277832031
9884280,2025,2025-10-23,3325,2025-09-26,2140,20243,3325,5,5,4,3325,0,0,0,NA,0,003,MCCALLUM WY,AZUR DR,185,W,N,A,-,N,NA,NA,NA,NA,NA,NA,NA,NA,NA,N,4,0,1,2,A,-,08,22107,NA,N,F,E,A,A,H,-,C,D,0,NA,NA,NA,NA,Y,NA,A,07,0,0,1,0,0,0,0,0,0,-,-,NA,NA,RIVERSIDE,CATHEDRAL CITY,-116.4435577392578,33.823246002197266
9887342,2025,2025-11-13,3325,2025-10-22,628,541,3325,3,5,4,3325,0,0,0,NA,0,003,DATE PALM DR,VISTA CHINO,2531,N,N,A,-,N,NA,NA,NA,NA,NA,NA,NA,NA,NA,Y,3,0,1,2,A,-,09,21801,NA,N,C,C,A,A,H,-,A,D,0,NA,NA,NA,NA,Y,NA,A,01,0,1,0,0,0,0,0,0,0,-,-,NA,NA,RIVERSIDE,CATHEDRAL CITY,-116.4583740234375,33.85182571411133
9898987,2025,2026-01-27,3325,2025-12-07,2341,20216,2235,7,5,4,3325,0,0,0,NA,0,003,DATE PALM DR,VISTA CHINO,69,N,N,A,-,N,NA,NA,NA,NA,NA,NA,NA,NA,NA,Y,3,0,1,2,A,-,01,23152,F,N,C,C,A,A,H,-,C,A,0,NA,NA,NA,NA,Y,NA,A,01,0,1,0,0,0,0,0,0,0,-,-,NA,NA,RIVERSIDE,CATHEDRAL CITY,-116.45849609375,33.845088958740234
9900762,2025,2025-12-24,3325,2025-10-13,1815,20216,3325,1,5,4,3325,0,0,0,NA,0,003,DATE PALM DR,VISTA CHINO,79,S,N,A,-,N,NA,NA,NA,NA,NA,NA,NA,NA,NA,Y,4,0,1,3,A,-,03,22350,NA,N,C,C,A,A,H,-,B,A,0,NA,NA,NA,NA,Y,NA,A,01,0,0,1,0,0,0,0,0,0,-,-,NA,NA,RIVERSIDE,CATHEDRAL CITY,-116.45850372314452,33.84468460083008
5912144,2014,2014-03-25,9685,2014-01-13,1825,13165,NA,1,2,9,3300,0,1,3,NA,1,026,RT 74,JUNIPER FLATS RD,158,W,N,A,-,Y,RIV,8,74,-,-,32,H,-,E,Y,1,1,0,2,A,-,11,21955,NA,N,G,B,D,A,H,-,D,D,0,Y,NA,NA,NA,Y,NA,N,60,0,0,0,1,0,0,0,0,0,-,-,33.74321,-117.11566,RIVERSIDE,UNINCORPORATED,-117.11556606,33.74323323
6290656,2014,2015-12-29,3313,2014-05-14,2215,1222,WEST,3,5,7,3313,0,0,0,NA,0,T41,VAN BUREN BL,DOOLITTLE AV,40,S,N,A,-,N,NA,NA,NA,NA,NA,NA,NA,NA,NA,Y,1,1,0,2,A,-,05,21202,NA,N,H,G,A,A,H,-,C,D,0,NA,Y,NA,NA,Y,NA,L,04,0,0,0,0,0,1,0,0,0,-,-,NA,NA,RIVERSIDE,RIVERSIDE,-117.45399,33.9489704
6291273,2014,2014-10-21,9655,2014-08-13,0500,17784,NA,3,3,9,3300,0,3,5,NA,2,003,GILMAN SPRINGS RD,W SUBLETTE RD,1467,W,N,A,-,N,NA,NA,NA,NA,NA,NA,NA,NA,NA,Y,1,1,5,2,A,-,05,21460,A,N,A,C,A,A,H,-,D,D,0,NA,NA,NA,NA,Y,NA,A,01,0,3,2,0,0,0,0,0,0,-,-,33.83195,-116.98331,RIVERSIDE,UNINCORPORATED,-116.98345903,33.83202496
6291452,2014,2014-10-24,3300,2014-07-01,0350,3988,001A,2,5,6,3345,0,0,0,NA,0,010,AGUA MANSA RD,WILSON ST,0,NA,Y,A,-,N,NA,NA,NA,NA,NA,NA,NA,NA,NA,Y,1,1,0,2,A,-,06,21751,NA,N,H,C,A,A,H,-,A,D,0,NA,NA,Y,Y,Y,NA,C,02,0,0,0,0,0,0,0,1,0,-,-,NA,NA,RIVERSIDE,JURUPA VALLEY,-117.38551001,34.02090004
6291691,2014,2016-01-14,3300,2014-09-06,1556,3988,002A,6,5,6,3345,0,0,0,NA,0,020,GRANITE HILL DR,PYRITE ST,1026,W,N,A,-,N,NA,NA,NA,NA,NA,NA,NA,NA,NA,Y,1,2,2,3,A,-,05,21650,NA,F,D,C,A,A,H,-,A,D,0,NA,NA,NA,Y,Y,NA,A,01,2,0,0,0,0,0,0,0,0,-,-,NA,NA,RIVERSIDE,JURUPA VALLEY,-117.46573505,34.01741586
6292331,2015,2017-04-25,3300,2015-03-16,0806,N3558,916C,1,5,4,3312,0,0,0,NA,0,393,MOUNTAIN AV,RIVER RD,0,NA,Y,A,-,N,NA,NA,NA,NA,NA,NA,NA,NA,NA,Y,1,1,1,2,A,-,05,21650,NA,N,D,C,A,A,H,-,A,A,0,NA,NA,NA,NA,Y,Y,A,01,1,0,0,0,0,0,0,0,0,-,-,NA,NA,RIVERSIDE,PERRIS,-117.24081002,33.76476005
6292827,2015,2016-02-24,3306,2015-03-25,1618,122,3306,3,5,3,3306,0,0,0,NA,0,NA,MESQUITE AV,1ST ST,0,NA,Y,A,-,N,NA,NA,NA,NA,NA,NA,NA,NA,NA,N,1,1,0,2,A,-,12,22450,A,N,D,G,A,A,H,-,A,A,0,NA,Y,NA,NA,Y,NA,L,04,0,0,0,0,0,1,0,0,0,-,-,NA,NA,RIVERSIDE,DESERT HOT SPRINGS,-116.49698,33.9623401
6292875,2015,2017-03-30,3300,2015-10-09,2040,4773,905B,5,5,4,3307,0,0,0,NA,0,090,RAILROAD CANYON RD,CHURCH RD,1056,W,N,A,-,N,NA,NA,NA,NA,NA,NA,NA,NA,NA,Y,1,1,0,2,A,-,01,23152,A,N,C,G,A,A,H,-,C,D,0,NA,Y,NA,NA,Y,Y,A,01,0,0,0,0,0,1,0,0,0,-,-,NA,NA,RIVERSIDE,LAKE ELSINORE,-117.28748984,33.66356964
6292878,2015,2016-03-07,3300,2015-12-27,2230,3988,002,7,5,6,3345,0,0,0,NA,0,022,LIMONITE AV,BAIN ST,1056,W,N,A,-,N,NA,NA,NA,NA,NA,NA,NA,NA,NA,Y,1,1,0,2,A,-,10,21950,A,N,G,B,E,A,H,-,D,D,0,Y,NA,NA,NA,Y,Y,N,60,0,0,0,1,0,0,0,0,0,-,-,33.97528,-117.506,RIVERSIDE,JURUPA VALLEY,-117.50935335,33.97535
6292997,2016,2017-11-06,3309,2016-10-13,1907,356,3309,4,5,4,3309,0,0,0,NA,0,004,RT 111,CLINTON ST,700,E,N,A,-,Y,NA,NA,NA,NA,NA,NA,NA,NA,NA,Y,1,1,0,2,A,-,11,21954,A,N,G,B,D,A,H,-,C,D,0,Y,NA,NA,NA,Y,Y,D,22,0,0,0,1,0,0,0,0,0,-,-,NA,NA,RIVERSIDE,INDIO,-116.24063641,33.70863042
6293022,2016,2017-12-13,3300,2016-01-19,1510,3280,910I,2,5,5,3335,0,0,0,NA,0,063,MEADOWS PKWY,SPYGLASS HILL LN,184,S,N,A,-,N,NA,NA,NA,NA,NA,NA,NA,NA,NA,N,1,1,0,1,A,-,01,23152,B,N,E,I,A,A,H,-,A,A,0,NA,NA,Y,NA,Y,Y,C,02,0,0,0,0,0,0,0,1,0,-,-,NA,NA,RIVERSIDE,TEMECULA,-117.11078304,33.52308991
6309501,2014,2014-06-04,9840,2014-01-01,0310,019165,NA,3,3,9,3300,0,3,5,NA,2,003,TEMESCAL CANYON RD,DAWSON CANYON RD,2640,N,N,A,-,N,NA,NA,NA,NA,NA,NA,NA,NA,NA,Y,2,0,2,1,A,-,01,23152,A,N,E,I,A,A,H,-,C,D,0,NA,NA,NA,NA,Y,Y,D,22,1,1,0,0,0,0,0,0,0,-,-,33.78846,-117.49319,RIVERSIDE,UNINCORPORATED,-117.49382,33.788887
6328002,2014,2016-02-03,9685,2014-01-06,0955,15757,NA,1,1,4,3312,0,1,1,NA,2,020,RT 215,4TH ST,7392,S,N,A,-,Y,RIV,8,215,-,-,24.91,H,-,N,Y,2,0,4,3,A,-,03,22350,NA,N,C,C,A,A,H,-,A,D,1,NA,NA,NA,NA,Y,NA,A,07,1,1,2,0,0,0,0,0,0,-,-,33.77168,-117.19746,RIVERSIDE,PERRIS,-117.19693625,33.77138492
6333068,2014,2014-06-02,3313,2014-01-11,1258,581,NORTH,6,5,7,3313,0,0,0,NA,0,B139,MAGNOLIA AV,HOOVER ST,0,NA,Y,A,-,N,NA,NA,NA,NA,NA,NA,NA,NA,NA,N,4,0,1,2,A,-,03,22350,NA,N,C,C,A,A,H,-,A,D,0,NA,NA,NA,NA,Y,NA,D,22,0,0,1,0,0,0,0,0,0,-,-,NA,NA,RIVERSIDE,RIVERSIDE,-117.4062601,33.94334005
6334780,2014,2014-06-04,3300,2014-01-12,0125,N5259,36Q1,7,5,4,3318,0,0,0,NA,0,T36,MONTEREY AV,FRED WARING DR,0,NA,Y,A,-,N,NA,NA,NA,NA,NA,NA,NA,NA,NA,Y,4,0,1,2,A,-,12,21453,A,F,D,C,A,A,H,-,C,A,0,NA,NA,NA,NA,Y,NA,A,01,0,0,1,0,0,0,0,0,0,-,-,NA,NA,RIVERSIDE,PALM DESERT,-116.39125004,33.72863001
6336769,2014,2014-06-02,9840,2014-01-03,1330,14991,NA,5,1,9,3300,0,3,5,NA,2,004,STAGECOACH RD,JUNIPER FLATS RD,2112,E,N,A,-,N,NA,NA,NA,NA,NA,NA,NA,NA,NA,Y,2,0,1,1,A,-,08,22107,NA,N,E,I,A,A,H,-,A,D,0,NA,NA,NA,NA,Y,NA,D,22,1,0,0,0,0,0,0,0,0,-,-,NA,NA,RIVERSIDE,UNINCORPORATED,-117.08356101,33.80138686
6344820,2014,2014-06-06,3300,2014-01-15,2500,2492,910A,3,5,5,3335,0,0,0,NA,0,TE62,WINCHESTER RD,YNEZ RD,11,W,N,A,-,Y,NA,NA,NA,NA,NA,NA,NA,NA,NA,Y,4,0,1,2,A,-,12,21453,A,N,D,C,A,A,H,-,C,A,0,NA,NA,NA,NA,Y,NA,-,NA,0,0,1,0,0,0,0,0,0,-,-,NA,NA,RIVERSIDE,TEMECULA,-117.16038737,33.52464045
6345054,2014,2016-02-23,9630,2014-01-11,2030,20616,NA,6,2,9,3300,0,1,3,NA,1,074,RT 74,PALOWET DR,6864,W,N,A,-,Y,RIV,8,74,-,-,91.78,H,-,E,N,4,0,2,1,A,-,03,22350,NA,N,E,I,A,A,H,-,D,D,0,NA,NA,NA,NA,Y,NA,A,07,0,0,2,0,0,0,0,0,0,-,-,33.66372,-116.39903,RIVERSIDE,UNINCORPORATED,-116.40094586,33.66462368
6346336,2014,2016-02-22,9685,2014-01-21,1845,13925,NA,2,2,5,3335,0,1,1,NA,2,030,RT 15,TEMECULA PKWY,700,N,N,A,-,Y,RIV,8,15,-,-,3.69,H,-,N,N,4,0,2,2,A,-,03,22350,NA,N,C,C,A,A,H,-,D,D,1,NA,NA,NA,NA,Y,NA,A,01,0,0,2,0,0,0,0,0,0,-,-,NA,NA,RIVERSIDE,TEMECULA,-117.14186746,33.48434661
6346396,2014,2014-06-05,9685,2014-01-14,1635,012466,NA,2,2,9,3300,0,2,4,NA,2,016,GRAND AV,WALLS ST,67,S,N,A,-,N,NA,NA,NA,NA,NA,NA,NA,NA,NA,Y,4,0,1,1,A,-,12,22450,A,N,E,I,A,A,H,-,A,A,0,NA,NA,NA,NA,Y,NA,A,01,0,0,1,0,0,0,0,0,0,-,-,33.63776,-117.34239,RIVERSIDE,UNINCORPORATED,-117.34272577,33.63778838
6352250,2014,2014-06-18,9840,2014-01-07,2040,18512,NA,2,2,9,3300,0,3,5,NA,2,004,SWEETWATER LN,ECHO VALLEY RD,70,W,N,B,-,N,NA,NA,NA,NA,NA,NA,NA,NA,NA,Y,3,0,1,1,A,-,03,22350,NA,N,E,I,A,A,H,-,C,D,0,NA,NA,NA,NA,Y,NA,A,01,0,1,0,0,0,0,0,0,0,-,-,NA,NA,RIVERSIDE,UNINCORPORATED,-117.1027195,33.74576854
6352270,2014,2016-02-03,9840,2014-01-14,1130,13500,NA,2,1,7,3313,0,1,1,NA,2,023,RT 215,CENTRAL AV,400,S,N,A,-,Y,RIV,8,215,-,-,39.4,H,-,N,Y,4,0,1,3,A,-,03,22350,NA,N,C,C,A,A,H,-,A,D,1,NA,NA,NA,NA,Y,NA,A,01,0,0,1,0,0,0,0,0,0,-,-,33.95866,-117.30909,RIVERSIDE,RIVERSIDE,-117.3082121,33.95811094
6356768,2014,2016-02-03,9840,2014-01-15,0910,016619,NA,3,1,7,3313,0,1,1,NA,2,023,RT 215,CENTRAL AV,10,S,N,A,-,Y,RIV,8,215,-,-,39.48,H,-,N,Y,3,0,3,3,A,-,03,22350,NA,N,C,C,A,A,H,-,A,D,1,NA,NA,NA,NA,Y,NA,A,01,0,1,2,0,0,0,0,0,0,-,-,33.9592,-117.30969,RIVERSIDE,RIVERSIDE,-117.30920421,33.95885129
6357120,2014,2016-03-05,9655,2014-01-17,2200,18163,NA,5,3,9,3300,0,1,1,NA,2,204,RT 10,MALKI RD,200,W,N,A,-,Y,RIV,8,10,-,R,16.405,R,2,E,N,2,0,1,2,A,-,11,21954,A,F,B,B,E,A,H,-,C,D,1,Y,NA,NA,NA,Y,Y,N,60,1,0,0,0,1,0,0,0,0,-,-,33.9075,-116.82274,RIVERSIDE,UNINCORPORATED,-116.82435598000001,33.93127306
6357137,2014,2016-03-21,9840,2014-01-16,0635,16619,NA,4,1,6,3394,0,1,3,NA,2,025,RT 60,PIGEON PASS RD,1584,E,N,A,-,Y,RIV,8,60,-,-,14.65,H,-,W,Y,3,0,1,3,A,-,07,21658,A,N,C,C,A,A,H,-,A,D,1,NA,NA,Y,NA,Y,NA,A,01,0,1,0,0,0,0,0,0,1,-,-,33.94092,-117.25696,RIVERSIDE,MORENO VALLEY,-117.25599061,33.94099697
6358937,2014,2016-02-23,9685,2014-01-11,1900,15360,NA,6,2,9,3300,0,1,3,NA,2,011,RT 74,GRAND AV,5280,W,N,A,-,Y,RIV,8,74,-,-,10.75,H,-,W,Y,3,0,1,1,A,-,01,23152,A,N,D,A,A,A,H,-,D,-,0,NA,NA,NA,NA,Y,Y,D,22,0,1,0,0,0,0,0,0,0,-,-,NA,NA,RIVERSIDE,UNINCORPORATED,-117.3733449,33.64824639
6359795,2014,2014-06-11,3300,2014-01-16,1140,2963,916B,4,5,4,3312,0,0,0,NA,0,032,PERRIS BL,CITRUS AV,0,NA,Y,A,-,N,NA,NA,NA,NA,NA,NA,NA,NA,NA,Y,4,0,1,2,A,-,-,NA,NA,N,D,C,A,A,H,-,A,A,0,NA,NA,NA,NA,Y,NA,D,22,0,0,1,0,0,0,0,0,0,-,-,NA,NA,RIVERSIDE,PERRIS,-117.22610007,33.80830003