CASE_ID,ACCIDENT_YEAR,PROC_DATE,JURIS,COLLISION_DATE,COLLISION_TIME,OFFICER_ID,REPORTING_DISTRICT,DAY_OF_WEEK,CHP_SHIFT,POPULATION,CNTY_CITY_LOC,SPECIAL_COND,BEAT_TYPE,CHP_BEAT_TYPE,CITY_DIVISION_LAPD,CHP_BEAT_CLASS,BEAT_NUMBER,PRIMARY_RD,SECONDARY_RD,DISTANCE,DIRECTION,INTERSECTION,WEATHER_1,WEATHER_2,STATE_HWY_IND,CALTRANS_COUNTY,CALTRANS_DISTRICT,STATE_ROUTE,ROUTE_SUFFIX,POSTMILE_PREFIX,POSTMILE,LOCATION_TYPE,RAMP_INTERSECTION,SIDE_OF_HWY,TOW_AWAY,COLLISION_SEVERITY,NUMBER_KILLED,NUMBER_INJURED,PARTY_COUNT,PRIMARY_COLL_FACTOR,PCF_CODE_OF_VIOL,PCF_VIOL_CATEGORY,PCF_VIOLATION,PCF_VIOL_SUBSECTION,HIT_AND_RUN,TYPE_OF_COLLISION,MVIW,PED_ACTION,ROAD_SURFACE,ROAD_COND_1,ROAD_COND_2,LIGHTING,CONTROL_DEVICE,CHP_ROAD_TYPE,PEDESTRIAN_ACCIDENT,BICYCLE_ACCIDENT,MOTORCYCLE_ACCIDENT,TRUCK_ACCIDENT,NOT_PRIVATE_PROPERTY,ALCOHOL_INVOLVED,STWD_VEHTYPE_AT_FAULT,CHP_VEHTYPE_AT_FAULT,COUNT_SEVERE_INJ,COUNT_VISIBLE_INJ,COUNT_COMPLAINT_PAIN,COUNT_PED_KILLED,COUNT_PED_INJURED,COUNT_BICYCLIST_KILLED,COUNT_BICYCLIST_INJURED,COUNT_MC_KILLED,COUNT_MC_INJURED,PRIMARY_RAMP,SECONDARY_RAMP,LATITUDE,LONGITUDE,COUNTY,CITY,POINT_X,POINT_Y
81395421,2021,2021-01-28,3300,2021-01-24,2021,5199,905L,7,5,4,3307,0,0,0,NA,0,093,MADISON ST,BUCHANAN ST,15,N,N,B,C,N,NA,NA,NA,NA,NA,NA,NA,NA,NA,Y,3,0,1,2,A,-,05,21651,B,M,A,E,A,B,H,-,C,D,0,NA,NA,NA,Y,Y,NA,A,01,0,1,0,0,0,0,0,0,0,-,-,33.67594909667969,-117.38075256347656,RIVERSIDE,LAKE ELSINORE,-117.3809814453125,33.67583084106445
81395430,2021,2021-01-28,3300,2021-01-25,1245,N4544,602 E,1,5,6,3394,0,0,0,NA,0,MV28,ROSEBAY CT,RAENETTE WAY,381,E,N,B,-,N,NA,NA,NA,NA,NA,NA,NA,NA,NA,N,3,0,1,3,A,-,03,22350,NA,N,C,E,A,A,H,-,A,D,0,NA,NA,Y,NA,Y,NA,C,02,0,1,0,0,0,0,0,0,1,-,-,33.93320083618164,-117.21492004394533,RIVERSIDE,MORENO VALLEY,-117.2138214111328,33.93315887451172
8139631,2016,2017-01-11,3300,2016-12-20,1845,3613,506C,2,5,5,3341,0,0,0,NA,0,056,NEWPORT RD,WINTER HAWK RD,540,W,N,A,-,N,NA,NA,NA,NA,NA,NA,NA,NA,NA,Y,4,0,2,2,A,-,03,22350,NA,N,C,C,A,A,H,-,D,A,0,NA,NA,NA,NA,Y,NA,A,07,0,0,2,0,0,0,0,0,0,-,-,33.68491,-117.19272,RIVERSIDE,MENIFEE,-117.19472944,33.68504325
81399091,2021,2021-02-01,3300,2021-01-10,1153,5237,905I,7,5,4,3307,0,0,0,NA,0,095,COLLIER AVE,CENTRAL AVE,0,NA,Y,B,-,N,NA,NA,NA,NA,NA,NA,NA,NA,NA,N,4,0,2,2,A,-,03,22350,NA,N,C,C,A,A,H,-,A,A,0,NA,NA,NA,NA,Y,NA,D,82,0,0,2,0,0,0,0,0,0,-,-,33.689979553222656,-117.33985900878906,RIVERSIDE,LAKE ELSINORE,-117.33985900878906,33.689998626708984
81400224,2021,2021-02-02,3300,2021-01-30,1438,N6426,910P,6,5,5,3335,0,0,0,NA,0,069,TEMECULA PKY,WABASH LN,261,E,N,A,-,N,NA,NA,NA,NA,NA,NA,NA,NA,NA,Y,4,0,1,3,A,-,03,22350,NA,N,C,C,A,A,H,-,A,D,0,NA,NA,NA,NA,Y,NA,A,01,0,0,1,0,0,0,0,0,0,-,-,33.47660827636719,-117.13336944580078,RIVERSIDE,TEMECULA,-117.13228607177734,33.47651672363281
81400261,2021,2021-02-02,3300,2021-01-29,0725,N6224,603 D,5,5,6,3394,0,0,0,NA,0,MV38,IRIS AVE,KITCHING ST,0,NA,Y,C,-,N,NA,NA,NA,NA,NA,NA,NA,NA,NA,Y,4,0,1,2,A,-,12,21453,A,N,D,C,A,B,H,-,A,A,0,NA,NA,NA,NA,Y,NA,A,01,0,0,1,0,0,0,0,0,0,-,-,33.88833999633789,-117.21788787841795,RIVERSIDE,MORENO VALLEY,-117.21743011474608,33.88831329345703
81400318,2021,2021-02-02,3300,2021-01-06,1455,5950,Y83,3,5,3,3305,0,0,0,NA,0,Y83,1ST ST,CESAR CHAVEZ ST,0,NA,Y,A,-,N,NA,NA,NA,NA,NA,NA,NA,NA,NA,N,4,0,1,2,A,-,12,21453,A,N,B,C,A,A,H,-,A,A,0,NA,NA,NA,NA,Y,NA,-,-,0,0,1,0,0,0,0,0,0,-,-,33.681861877441406,-116.18154907226563,RIVERSIDE,COACHELLA,-116.1815185546875,33.68183517456055
8140064,2016,2016-10-11,3300,2016-09-07,0723,4996,604C7,3,5,6,3394,0,0,0,NA,0,MV44,IRIS AV,HAMMETT CT,335,E,N,A,-,N,NA,NA,NA,NA,NA,NA,NA,NA,NA,N,3,0,2,2,A,-,03,22350,NA,N,C,C,A,A,H,-,A,A,0,NA,NA,NA,NA,Y,NA,D,22,0,1,1,0,0,0,0,0,0,-,-,33.89533,-117.19084,RIVERSIDE,MORENO VALLEY,-117.18954963,33.89532786
81403675,2021,2021-02-08,3300,2021-01-29,1233,N6635,001J1,5,5,6,3345,0,0,0,NA,0,014,MISSION BL,FORMOSA ST,199,E,N,C,-,N,NA,NA,NA,NA,NA,NA,NA,NA,NA,Y,4,0,1,2,A,-,09,21804,A,N,D,C,A,B,H,-,A,D,0,NA,NA,NA,NA,Y,NA,D,22,0,0,1,0,0,0,0,0,0,-,-,34.011810302734375,-117.4450912475586,RIVERSIDE,JURUPA VALLEY,-117.4443817138672,34.01197052001953
81404777,2021,2021-02-09,3300,2021-01-24,1437,N3642,011,7,5,4,3344,0,0,0,NA,0,060,HAMNER AV,RIVERSIDE DR,146,S,N,A,-,N,NA,NA,NA,NA,NA,NA,NA,NA,NA,N,3,0,2,3,A,-,03,22350,NA,N,C,C,A,A,H,-,A,A,0,NA,NA,NA,NA,Y,NA,A,01,0,1,1,0,0,0,0,0,0,-,-,NA,NA,RIVERSIDE,EASTVALE,-117.55828094482422,34.018489837646484
81408481,2021,2021-02-16,3300,2021-01-30,1639,5834,NA,6,5,6,3394,0,0,0,NA,0,NA,BAY AVE,MORRISON ST,0,NA,Y,A,-,N,NA,NA,NA,NA,NA,NA,NA,NA,NA,N,4,0,1,2,A,-,09,21802,A,N,D,D,A,A,H,-,A,A,0,NA,NA,NA,NA,Y,NA,A,01,0,0,1,0,0,0,0,0,0,-,-,33.92060852050781,-117.20020294189452,RIVERSIDE,MORENO VALLEY,-117.20023345947266,33.920989990234375
8141189,2016,2016-10-13,3301,2016-07-25,2230,U376,3,1,5,4,3301,0,0,0,NA,0,003,SUNSET AV,RAMSEY ST,0,NA,Y,A,-,N,NA,NA,NA,NA,NA,NA,NA,NA,NA,Y,4,0,1,2,A,-,01,23152,A,M,A,C,A,A,H,-,C,A,0,NA,NA,NA,NA,Y,Y,D,22,0,0,1,0,0,0,0,0,0,-,-,33.92562,-116.91178,RIVERSIDE,BANNING,-116.91179011,33.92577009
81412011,2021,2021-02-22,3300,2021-01-24,0100,3774,603 A,7,5,6,3394,0,0,0,NA,0,MV32,BRODIAEA AVE,INLET ST,244,E,N,A,-,N,NA,NA,NA,NA,NA,NA,NA,NA,NA,Y,3,0,2,2,A,-,01,23152,A,N,C,E,A,A,H,-,C,D,0,NA,NA,NA,NA,Y,Y,D,22,0,1,1,0,0,0,0,0,0,-,-,33.91352844238281,-117.22855377197266,RIVERSIDE,MORENO VALLEY,-117.22764587402344,33.91362762451172
81414018,2020,2021-02-24,3300,2020-11-16,1409,5966,806 A,1,5,3,3343,0,0,0,NA,0,086,CLINTON KEITH RD,INLAND VALLEY DR,0,NA,Y,A,-,N,NA,NA,NA,NA,NA,NA,NA,NA,NA,Y,4,0,1,2,-,-,-,NA,NA,N,D,C,A,A,H,-,A,A,0,NA,NA,NA,NA,Y,NA,-,-,0,0,1,0,0,0,0,0,0,-,-,33.59856033325195,-117.23715972900392,RIVERSIDE,WILDOMAR,-117.23677825927734,33.59775924682617
81414800,2021,2021-02-25,3300,2021-01-21,1729,3552,916D,4,5,4,3312,0,0,0,NA,0,035,PERRIS BLVD,SAN JACINTO AVE,0,N,N,A,-,N,NA,NA,NA,NA,NA,NA,NA,NA,NA,Y,1,1,0,2,A,-,11,21955,NA,N,G,B,D,A,H,-,C,D,0,Y,NA,NA,NA,Y,NA,N,60,0,0,0,1,0,0,0,0,0,-,-,33.786529541015625,-117.22604370117188,RIVERSIDE,PERRIS,-117.22615051269533,33.786556243896484
81414868,2021,2021-02-25,3300,2021-02-21,2235,N3605,44D1,7,5,3,3392,0,0,0,NA,0,LA44,MADISON ST,AVE 54,2112,N,N,A,-,N,NA,NA,NA,NA,NA,NA,NA,NA,NA,Y,3,0,1,1,A,-,08,22107,NA,N,E,I,A,A,H,-,D,D,0,NA,NA,NA,NA,Y,NA,A,01,0,1,0,0,0,0,0,0,0,-,-,33.65657043457031,-116.25128936767578,RIVERSIDE,LA QUINTA,-116.24996948242188,33.662017822265625
81417597,2021,2021-03-01,3300,2021-02-24,1653,4546,910F,3,5,5,3335,0,0,0,NA,0,062,OVERLAND DR,YNEZ RD,0,NA,Y,A,-,N,NA,NA,NA,NA,NA,NA,NA,NA,NA,Y,4,0,1,2,C,-,18,NA,NA,N,B,C,A,A,H,-,A,D,0,NA,NA,NA,NA,Y,NA,-,-,0,0,1,0,0,0,0,0,0,-,-,33.51995849609375,-117.15643310546876,RIVERSIDE,TEMECULA,-117.15657043457033,33.51993179321289
81418482,2021,2021-03-02,3306,2021-02-13,2027,773,NA,6,5,3,3306,0,0,0,NA,0,NA,HIGHWAY 62,PIERSON BLVD.,0,W,Y,G,-,Y,NA,NA,62,NA,NA,NA,NA,NA,NA,Y,4,0,3,2,A,-,09,21802,A,N,D,C,A,A,H,-,C,A,0,NA,NA,NA,NA,Y,NA,A,07,0,0,3,0,0,0,0,0,0,-,-,33.961360931396484,-116.59042358398438,RIVERSIDE,DESERT HOT SPRINGS,-116.5904541015625,33.96137237548828
81420290,2021,2021-03-04,3311,2021-02-12,0925,15951,NA,5,5,4,3311,0,0,0,NA,0,005,PALM CANYON DRIVE E,VIA ENTRADA,18,E,N,A,B,N,NA,NA,NA,NA,NA,NA,NA,NA,NA,Y,3,0,1,1,A,-,07,21658,A,N,F,A,A,A,H,-,A,D,0,NA,NA,NA,NA,Y,NA,A,01,0,1,0,0,0,0,0,0,0,-,-,33.8018684387207,-116.54473876953124,RIVERSIDE,PALM SPRINGS,-116.54457092285156,33.8016357421875
8142275,2016,2016-10-20,3300,2016-10-04,1359,N6000,509B,2,5,5,3341,0,0,0,NA,0,059,MENIFEE RD,EAGLE RD,0,NA,Y,A,-,N,NA,NA,NA,NA,NA,NA,NA,NA,NA,Y,4,0,1,2,A,-,08,22100,5,N,D,C,A,A,H,-,A,A,0,NA,NA,NA,NA,Y,NA,D,22,0,0,1,0,0,0,0,0,0,-,-,33.64335,-117.15395,RIVERSIDE,MENIFEE,-117.15401013,33.64327004
81423807,2021,2021-03-10,3300,2021-03-03,1245,N4187,916D,3,5,4,3312,0,0,0,NA,0,035,GOETZ RD,SOTELO RD,1214,S,N,C,-,N,NA,NA,NA,NA,NA,NA,NA,NA,NA,N,3,0,1,1,A,-,03,22350,NA,N,H,I,A,B,H,-,A,D,0,NA,NA,NA,NA,Y,NA,A,01,0,1,0,0,0,0,0,0,0,-,-,33.7252197265625,-117.22428894042967,RIVERSIDE,PERRIS,-117.22675323486328,33.72291564941406
81423811,2021,2021-03-10,3300,2021-03-08,1659,4323,910K,1,5,5,3335,0,0,0,NA,0,064,YNEZ ROAD,PORTRAITS LANE,50,S,N,A,-,N,NA,NA,NA,NA,NA,NA,NA,NA,NA,N,4,0,2,2,A,-,03,22350,NA,N,C,C,A,A,H,-,A,A,0,NA,NA,NA,NA,Y,NA,A,01,0,0,2,0,0,0,0,0,0,-,-,NA,NA,RIVERSIDE,TEMECULA,-117.14096832275392,33.497196197509766
81423918,2021,2021-03-10,3300,2021-02-17,1250,N3074,86C1,3,5,3,3305,0,0,0,NA,0,Y86,86 EXPRESSWAY,AIRPORT BLVD,4181,W,N,A,-,Y,NA,NA,NA,NA,NA,NA,NA,NA,NA,Y,4,0,1,1,A,-,08,22107,NA,N,E,J,A,A,H,-,A,D,0,NA,NA,NA,NA,Y,NA,A,08,0,0,1,0,0,0,0,0,0,-,-,NA,NA,RIVERSIDE,COACHELLA,NA,NA
81425724,2021,2021-03-12,3300,2021-03-09,1615,3372,604 D,2,5,6,3394,0,0,0,NA,0,MV48,CACTUS AVE,MORENO BEACH DR,391,W,N,A,-,N,NA,NA,NA,NA,NA,NA,NA,NA,NA,N,4,0,1,2,A,-,09,21804,A,N,D,C,A,A,H,-,A,A,0,NA,NA,NA,NA,Y,NA,A,01,0,0,1,0,0,0,0,0,0,-,-,33.909969329833984,-117.17411041259766,RIVERSIDE,MORENO VALLEY,-117.1753158569336,33.910118103027344
81428733,2021,2021-03-17,3300,2021-03-09,1600,3343,002V,2,5,6,3345,0,0,0,NA,0,026,48TH ST,TROTH ST,0,NA,Y,A,-,N,NA,NA,NA,NA,NA,NA,NA,NA,NA,Y,4,0,1,2,A,-,09,21802,A,N,B,C,A,A,H,-,A,A,0,NA,NA,NA,NA,Y,NA,A,01,0,0,1,0,0,0,0,0,0,-,-,34.00014114379883,-117.51674652099608,RIVERSIDE,JURUPA VALLEY,-117.51676940917967,33.99993896484375
81430563,2021,2021-03-19,3311,2021-02-08,1316,16168,NA,1,5,4,3311,0,0,0,NA,0,005,RAMON ROAD,GRENFALL ROAD,0,NA,Y,A,-,N,NA,NA,NA,NA,NA,NA,NA,NA,NA,Y,4,0,1,2,A,-,09,21801,A,N,H,A,A,A,H,-,A,D,0,NA,NA,NA,NA,Y,NA,A,07,0,0,1,0,0,0,0,0,0,-,-,33.81599044799805,-116.53530883789063,RIVERSIDE,PALM SPRINGS,-116.53525543212892,33.81589889526367
81432751,2021,2021-03-23,3300,2021-02-24,2317,5059,601 E,3,5,6,3394,0,0,0,NA,0,MV16,ELDER AVE,PERRIS BLVD,626,W,N,A,-,N,NA,NA,NA,NA,NA,NA,NA,NA,NA,N,3,0,1,2,A,-,11,21950,B,F,G,B,E,A,H,-,C,D,0,Y,NA,NA,NA,Y,NA,N,60,0,1,0,0,1,0,0,0,0,-,-,33.94097137451172,-117.2264404296875,RIVERSIDE,MORENO VALLEY,-117.22841644287108,33.94121170043945
8143498,2016,2016-11-17,3300,2016-09-25,1108,2744,001G,7,5,6,3345,0,0,0,NA,0,014,MISSION BL,OPAL ST,438,E,N,A,-,N,NA,NA,NA,NA,NA,NA,NA,NA,NA,Y,4,0,2,2,A,-,03,22350,NA,N,C,C,A,A,C,-,A,D,0,NA,NA,NA,NA,Y,NA,-,NA,0,0,2,0,0,0,0,0,0,-,-,34.00615,-117.42491,RIVERSIDE,JURUPA VALLEY,-117.42366347,34.00525375
81436591,2021,2021-03-26,3311,2021-03-03,2028,15484,NA,3,5,4,3311,0,0,0,NA,0,006,RAMON ROAD,EL PLACER ROAD,0,NA,Y,A,-,N,NA,NA,NA,NA,NA,NA,NA,NA,NA,Y,3,0,1,2,A,-,09,21801,A,M,D,C,A,A,H,-,C,A,0,NA,NA,NA,NA,Y,NA,D,22,0,1,0,0,0,0,0,0,0,-,-,33.815921783447266,-116.50624847412108,RIVERSIDE,PALM SPRINGS,-116.50621795654295,33.815879821777344
81437493,2021,2021-03-29,3311,2021-02-26,1433,15690,NA,5,5,4,3311,0,0,0,NA,0,004,VISTA CHINO,GENE AUTRY TRAIL,532,W,N,A,-,Y,NA,NA,111,NA,NA,NA,NA,NA,NA,N,4,0,1,3,A,-,03,22350,NA,N,C,C,A,A,H,-,A,A,0,NA,NA,NA,NA,Y,NA,A,01,0,0,1,0,0,0,0,0,0,-,-,33.8449592590332,-116.5058135986328,RIVERSIDE,PALM SPRINGS,-116.50582122802734,33.844932556152344
81437553,2021,2021-03-29,3300,2021-03-18,1801,4845,42B3,4,5,3,3392,0,0,0,NA,0,LA42,EISENHOWER DR,AVENIDA FERNANDO (S),100,S,N,A,-,N,NA,NA,NA,NA,NA,NA,NA,NA,NA,N,4,0,1,2,A,-,03,22350,NA,N,C,C,A,A,H,-,A,A,0,NA,NA,NA,NA,Y,NA,I,11,0,0,1,0,0,0,0,0,0,-,-,33.68975830078125,-116.30799865722656,RIVERSIDE,LA QUINTA,-116.3080596923828,33.68949508666992
81437570,2021,2021-03-29,3315,2021-03-10,1607,003170,3H,3,5,6,3315,0,0,0,NA,0,002,E GRAND BLVD,CIRCLE CITY DR,26,N,N,C,-,N,NA,NA,NA,NA,NA,NA,NA,NA,NA,Y,4,0,1,3,A,-,03,22350,NA,N,B,C,A,B,H,-,A,A,0,NA,NA,NA,NA,Y,NA,D,22,0,0,1,0,0,0,0,0,0,-,-,NA,NA,RIVERSIDE,CORONA,-117.55936431884766,33.87283706665039
81437701,2021,2021-03-29,3315,2021-03-21,2025,003128,NA,7,5,6,3315,0,0,0,NA,0,001,SECOND ST,LINCOLN AV,0,NA,Y,A,-,N,NA,NA,NA,NA,NA,NA,NA,NA,NA,N,4,0,1,2,A,-,03,22350,NA,N,C,C,A,A,H,-,C,A,0,NA,NA,Y,NA,Y,NA,A,01,0,0,1,0,0,0,0,0,1,-,-,33.87931823730469,-117.58274841308594,RIVERSIDE,CORONA,-117.58282470703124,33.880123138427734
81439817,2021,2021-03-31,3300,2021-03-23,0809,4657,901A,2,5,4,3310,0,0,0,NA,0,050,HAMNER AV,FIFTH STREET,0,NA,Y,A,-,N,NA,NA,NA,NA,NA,NA,NA,NA,NA,N,4,0,1,2,A,-,03,22350,NA,N,C,C,A,A,H,-,A,A,0,NA,NA,NA,NA,Y,NA,A,07,0,0,1,0,0,0,0,0,0,-,-,NA,NA,RIVERSIDE,NORCO,-117.55778503417967,33.93114471435547
81439993,2021,2021-03-31,3315,2021-03-23,1151,004346,10B,2,5,6,3315,0,0,0,NA,0,002,MCKINLEY ST,91 EB OFF RAMP,183,N,N,A,-,N,NA,NA,NA,NA,NA,NA,NA,NA,NA,Y,4,0,1,3,A,-,04,21703,NA,N,C,C,A,A,H,-,A,A,0,NA,NA,NA,NA,Y,NA,A,01,0,0,1,0,0,0,0,0,0,-,-,33.8855094909668,-117.51717376708984,RIVERSIDE,CORONA,-117.51752,33.885843
81442292,2021,2021-04-05,3300,2021-03-26,0920,5212,011C,5,5,4,3344,0,0,0,NA,0,060,LIMONITE AV,EASTVALE GATEWAY (1),30,W,N,A,-,N,NA,NA,NA,NA,NA,NA,NA,NA,NA,N,4,0,1,2,-,-,-,NA,NA,N,C,C,A,A,H,-,A,A,0,NA,NA,NA,NA,Y,NA,-,-,0,0,1,0,0,0,0,0,0,-,-,33.975120544433594,-117.55226135253906,RIVERSIDE,EASTVALE,-117.55419158935548,33.975128173828125
81442395,2021,2021-04-05,3300,2021-03-27,1525,5372,LA44,6,5,3,3392,0,0,0,NA,0,LA44,AVE 54,MADISON ST,0,NA,Y,A,-,N,NA,NA,NA,NA,NA,NA,NA,NA,NA,Y,4,0,2,2,A,-,12,22450,A,N,D,C,A,A,H,-,A,A,0,NA,NA,NA,NA,Y,NA,D,22,0,0,2,0,0,0,0,0,0,-,-,33.65657043457031,-116.25128936767578,RIVERSIDE,LA QUINTA,-116.25138092041016,33.656517028808594
81443601,2021,2021-04-06,3300,2021-04-02,1824,5911,602 D,5,5,6,3394,0,0,0,NA,0,MV26,DRACAEA AVE,PERRIS BLVD,0,NA,Y,A,-,N,NA,NA,NA,NA,NA,NA,NA,NA,NA,N,4,0,2,2,A,-,08,22107,NA,N,A,C,A,A,H,-,A,D,0,NA,NA,NA,NA,Y,NA,D,73,0,0,2,0,0,0,0,0,0,-,-,33.92818069458008,-117.22621917724608,RIVERSIDE,MORENO VALLEY,-117.22628021240234,33.928165435791016
81444607,2021,2021-04-07,3300,2021-03-20,0649,3854,910P,6,5,5,3335,0,0,0,NA,0,069,PECHANGA PKY,TEMECULA PKY,360,S,N,A,-,N,NA,NA,NA,NA,NA,NA,NA,NA,NA,Y,4,0,1,1,A,-,07,21658,A,N,E,I,A,A,H,-,A,D,0,NA,NA,NA,NA,Y,NA,A,01,0,0,1,0,0,0,0,0,0,-,-,33.47563934326172,-117.12914276123048,RIVERSIDE,TEMECULA,-117.12863159179688,33.47460174560547
81444614,2021,2021-04-07,3300,2021-03-04,1027,4254,905C,4,5,4,3307,0,0,0,NA,0,090,CANYON HILLS RD,SPRUCEWOOD WAY,8,S,N,A,-,N,NA,NA,NA,NA,NA,NA,NA,NA,NA,Y,2,0,1,2,A,-,09,21802,A,N,D,C,A,A,H,-,A,A,0,NA,NA,Y,NA,Y,NA,A,01,1,0,0,0,0,0,0,0,1,-,-,33.663238525390625,-117.25608825683594,RIVERSIDE,LAKE ELSINORE,-117.25621795654295,33.66331100463867
81446624,2021,2021-04-09,3300,2021-03-24,1833,N4225,905F,3,5,4,3307,0,0,0,NA,0,092,HEALD AVE,RILEY ST,0,NA,Y,A,-,N,NA,NA,NA,NA,NA,NA,NA,NA,NA,Y,4,0,2,2,A,-,09,21801,A,N,D,C,A,A,H,-,A,D,0,NA,NA,NA,NA,Y,NA,A,07,0,0,2,0,0,0,0,0,0,-,-,33.6721305847168,-117.32927703857422,RIVERSIDE,LAKE ELSINORE,-117.32965850830078,33.6705207824707
81446672,2021,2021-04-09,3300,2021-03-15,0540,3611,603 A,1,5,6,3394,0,0,0,NA,0,MV32,CACTUS AVE,ELSWORTH ST,0,NA,Y,A,-,N,NA,NA,NA,NA,NA,NA,NA,NA,NA,Y,4,0,1,2,A,-,12,21453,A,N,D,C,A,A,H,-,B,A,0,NA,NA,NA,NA,Y,NA,D,22,0,0,1,0,0,0,0,0,0,-,-,33.910308837890625,-117.2702865600586,RIVERSIDE,MORENO VALLEY,-117.27017974853516,33.91013717651367
81447569,2021,2021-04-12,3300,2021-04-02,0552,4996,603 B,5,5,6,3394,0,0,0,NA,0,MV34,INDIAN ST,KATRINA AVE,0,NA,Y,A,-,N,NA,NA,NA,NA,NA,NA,NA,NA,NA,Y,4,0,2,2,A,-,09,21802,A,N,D,C,A,A,H,-,C,A,0,NA,NA,NA,NA,Y,NA,A,01,0,0,2,0,0,0,0,0,0,-,-,33.89789962768555,-117.23487091064452,RIVERSIDE,MORENO VALLEY,-117.23495483398438,33.89785385131836
81447607,2021,2021-04-12,3315,2021-04-03,1800,004248,2D,6,5,6,3315,0,0,0,NA,0,002,PARKRIDGE AV,MEYER CI,0,NA,Y,A,-,N,NA,NA,NA,NA,NA,NA,NA,NA,NA,Y,3,0,1,1,A,-,01,23152,B,N,E,I,A,A,H,-,A,D,0,NA,NA,NA,NA,Y,Y,A,01,0,1,0,0,0,0,0,0,0,-,-,33.884620666503906,-117.55210113525392,RIVERSIDE,CORONA,-117.55207824707033,33.8846321105957
8145354,2016,2016-10-17,3309,2016-06-23,2500,252,3309,4,5,4,3309,0,0,0,NA,0,004,CLINTON ST,HWY 111,307,N,N,A,-,N,NA,NA,NA,NA,NA,NA,NA,NA,NA,Y,4,0,1,1,A,-,01,23152,A,N,E,I,A,A,H,-,B,D,0,NA,NA,NA,NA,Y,Y,A,08,0,0,1,0,0,0,0,0,0,-,-,NA,NA,RIVERSIDE,INDIO,-116.24264626,33.70844052
81454803,2021,2021-04-21,3349,2021-03-22,0837,340,NA,1,5,5,3341,0,0,0,NA,0,001,MCCALL BLVD,HERITAGE LAKE DR (W),0,NA,Y,A,-,N,NA,NA,NA,NA,NA,NA,NA,NA,NA,Y,4,0,1,2,A,-,12,21453,A,N,D,C,A,A,H,-,A,A,0,NA,NA,NA,NA,Y,NA,A,07,0,0,1,0,0,0,0,0,0,-,-,33.721519470214844,-117.149658203125,RIVERSIDE,MENIFEE,-117.1498565673828,33.721351623535156
8145599,2016,2016-10-14,3315,2016-09-17,1854,11119,3B,6,5,6,3315,0,0,0,NA,0,NA,ONTARIO AV,SUMMERSET ST,0,NA,Y,A,-,N,NA,NA,NA,NA,NA,NA,NA,NA,NA,Y,2,0,1,2,A,-,09,21801,A,N,D,C,A,A,H,-,A,D,0,NA,NA,NA,NA,Y,NA,-,NA,1,0,0,0,0,0,0,0,0,-,-,33.85593,-117.5675,RIVERSIDE,CORONA,-117.56772006,33.85601005
81456822,2021,2021-04-23,3300,2021-04-03,1111,5567,80D1,6,5,3,3305,0,0,0,NA,0,Y80,VAN BUREN ST,48TH AV,0,NA,Y,A,-,N,NA,NA,NA,NA,NA,NA,NA,NA,NA,Y,4,0,1,2,A,-,17,21451,A,N,D,C,A,A,H,-,A,A,0,NA,NA,NA,NA,Y,NA,A,01,0,0,1,0,0,0,0,0,0,-,-,33.70037078857422,-116.19896697998048,RIVERSIDE,COACHELLA,-116.1990203857422,33.70039367675781
81457654,2021,2021-04-26,3315,2021-04-18,1752,003146,NA,7,5,6,3315,0,0,0,NA,0,NA,HIDDEN VALLEY PY,PARKRIDGE AV,0,NA,Y,A,-,N,NA,NA,NA,NA,NA,NA,NA,NA,NA,Y,4,0,2,3,A,-,12,21453,A,N,D,C,A,A,H,-,A,A,0,NA,NA,NA,NA,Y,NA,A,01,0,0,2,0,0,0,0,0,0,-,-,33.89796829223633,-117.54360198974608,RIVERSIDE,CORONA,-117.5436553955078,33.897987365722656
8145932,2016,2017-01-21,3300,2016-08-31,0700,5237,905K,3,5,4,3307,0,0,0,NA,0,L93,LAKE ST,RT 15 S,0,NA,Y,A,-,Y,RIV,8,15,-,-,26.688,R,4,S,Y,4,0,1,2,A,-,04,21703,NA,N,C,C,A,A,H,-,A,-,0,NA,NA,NA,NA,Y,NA,A,01,0,0,1,0,0,0,0,0,0,-,-,33.72988,-117.39321,RIVERSIDE,LAKE ELSINORE,-117.39352874,33.72988637
8145961,2016,2017-03-02,3300,2016-09-22,0700,4206,905L,4,5,4,3307,0,0,0,NA,0,0700,RIVERSIDE DR,LINCOLN ST,0,NA,Y,A,-,Y,RIV,8,74,-,-,13.52,H,-,W,Y,4,0,2,3,A,-,03,22350,NA,N,C,-,A,A,H,-,A,A,0,NA,NA,NA,NA,Y,NA,A,01,0,0,2,0,0,0,0,0,0,-,-,33.67644,-117.37396,RIVERSIDE,LAKE ELSINORE,-117.37363551,33.6767523
8145969,2016,2016-10-25,3300,2016-09-24,1630,4649,802A,6,5,3,3343,0,0,0,NA,0,082,LOST RD,LINNY CT,100,S,N,A,-,N,NA,NA,NA,NA,NA,NA,NA,NA,NA,Y,4,0,1,2,A,-,03,22350,NA,N,D,C,A,A,A,G,A,D,0,NA,NA,NA,NA,Y,NA,D,22,0,0,1,0,0,0,0,0,0,-,-,33.65237,-117.2579,RIVERSIDE,WILDOMAR,-117.25860317,33.65038928