CASE_ID,ACCIDENT_YEAR,PROC_DATE,JURIS,COLLISION_DATE,COLLISION_TIME,OFFICER_ID,REPORTING_DISTRICT,DAY_OF_WEEK,CHP_SHIFT,POPULATION,CNTY_CITY_LOC,SPECIAL_COND,BEAT_TYPE,CHP_BEAT_TYPE,CITY_DIVISION_LAPD,CHP_BEAT_CLASS,BEAT_NUMBER,PRIMARY_RD,SECONDARY_RD,DISTANCE,DIRECTION,INTERSECTION,WEATHER_1,WEATHER_2,STATE_HWY_IND,CALTRANS_COUNTY,CALTRANS_DISTRICT,STATE_ROUTE,ROUTE_SUFFIX,POSTMILE_PREFIX,POSTMILE,LOCATION_TYPE,RAMP_INTERSECTION,SIDE_OF_HWY,TOW_AWAY,COLLISION_SEVERITY,NUMBER_KILLED,NUMBER_INJURED,PARTY_COUNT,PRIMARY_COLL_FACTOR,PCF_CODE_OF_VIOL,PCF_VIOL_CATEGORY,PCF_VIOLATION,PCF_VIOL_SUBSECTION,HIT_AND_RUN,TYPE_OF_COLLISION,MVIW,PED_ACTION,ROAD_SURFACE,ROAD_COND_1,ROAD_COND_2,LIGHTING,CONTROL_DEVICE,CHP_ROAD_TYPE,PEDESTRIAN_ACCIDENT,BICYCLE_ACCIDENT,MOTORCYCLE_ACCIDENT,TRUCK_ACCIDENT,NOT_PRIVATE_PROPERTY,ALCOHOL_INVOLVED,STWD_VEHTYPE_AT_FAULT,CHP_VEHTYPE_AT_FAULT,COUNT_SEVERE_INJ,COUNT_VISIBLE_INJ,COUNT_COMPLAINT_PAIN,COUNT_PED_KILLED,COUNT_PED_INJURED,COUNT_BICYCLIST_KILLED,COUNT_BICYCLIST_INJURED,COUNT_MC_KILLED,COUNT_MC_INJURED,PRIMARY_RAMP,SECONDARY_RAMP,LATITUDE,LONGITUDE,COUNTY,CITY,POINT_X,POINT_Y
81467491,2021,2021-05-07,3300,2021-05-02,1710,5199,905D,7,5,4,3307,0,0,0,NA,0,091,DIAMOND DR,SUMMERLY PL (N),280,N,N,A,-,N,NA,NA,NA,NA,NA,NA,NA,NA,NA,Y,3,0,1,1,A,-,07,21658,A,N,E,I,A,A,H,-,A,D,0,NA,NA,NA,NA,Y,NA,A,07,0,1,0,0,0,0,0,0,0,-,-,33.64760971069336,-117.30345153808594,RIVERSIDE,LAKE ELSINORE,-117.30406188964844,33.643978118896484
81467526,2021,2021-05-07,3300,2021-04-29,1544,5720,602 A,4,5,6,3394,0,0,0,NA,0,MV22,DAY ST,EUCALYPTUS AVE,0,NA,Y,B,-,N,NA,NA,NA,NA,NA,NA,NA,NA,NA,N,4,0,1,2,A,-,09,21800,A,N,B,C,A,A,H,-,A,A,0,NA,NA,NA,NA,Y,NA,A,01,0,0,1,0,0,0,0,0,0,-,-,33.93144989013672,-117.27871704101563,RIVERSIDE,MORENO VALLEY,-117.27881622314452,33.93145751953125
81468584,2021,2021-05-10,3306,2021-02-17,1506,708,NA,3,5,3,3306,0,0,0,NA,0,NA,MOUNTAIN VIEW RD,AVENIDA ALTA LOMA,0,NA,Y,A,-,N,NA,NA,NA,NA,NA,NA,NA,NA,NA,N,2,0,1,2,A,-,06,21750,NA,N,B,C,A,A,H,-,A,D,0,NA,NA,Y,NA,Y,NA,C,02,1,0,0,0,0,0,0,0,1,-,-,33.95603942871094,-116.4750518798828,RIVERSIDE,DESERT HOT SPRINGS,-116.47504425048828,33.95606231689453
81469663,2021,2021-05-11,3300,2021-05-01,2301,5059,602 E,6,5,6,3394,0,0,0,NA,0,MV28,KITCHING ST,SUNNYMEAD BLVD,0,NA,Y,A,-,N,NA,NA,NA,NA,NA,NA,NA,NA,NA,Y,1,1,0,1,A,-,03,22350,NA,N,E,I,A,A,H,-,C,A,0,NA,NA,NA,NA,Y,NA,A,01,0,0,0,0,0,0,0,0,0,-,-,33.938690185546875,-117.21743011474608,RIVERSIDE,MORENO VALLEY,-117.21762847900392,33.93889236450195
8147083,2016,2016-10-14,3300,2016-09-30,1722,N6000,509A,5,5,5,3341,0,0,0,NA,0,059,MENIFEE RD,HOLLAND RD,0,NA,Y,A,-,N,NA,NA,NA,NA,NA,NA,NA,NA,NA,N,4,0,1,2,A,-,03,22350,NA,N,D,G,A,A,H,-,A,A,0,NA,Y,NA,NA,Y,NA,A,01,0,0,1,0,0,0,1,0,0,-,-,33.67053,-117.15837,RIVERSIDE,MENIFEE,-117.15824009,33.67049003
81471262,2020,2021-05-12,3342,2020-12-05,1537,898,349,6,5,4,3342,0,0,0,NA,0,003,CLINTON KEITH RD,MCELWAIN RD,395,W,N,A,-,N,NA,NA,NA,NA,NA,NA,NA,NA,NA,N,4,0,1,2,A,-,08,22107,NA,N,B,C,A,A,H,-,A,A,0,NA,NA,NA,Y,Y,NA,-,-,0,0,1,0,0,0,0,0,0,-,-,33.59870147705078,-117.17784118652344,RIVERSIDE,MURRIETA,-117.17906951904295,33.59830856323242
81475106,2021,2021-05-18,3300,2021-04-13,1814,4867,601 G,2,5,6,3394,0,0,0,NA,0,MV18,NASON ST,SH-60 W/B ON/OFF RAMP,0,NA,Y,B,-,N,NA,NA,NA,NA,NA,NA,NA,NA,NA,Y,4,0,3,2,A,-,12,21453,A,N,D,C,A,A,H,-,B,A,0,NA,NA,NA,NA,Y,NA,-,-,0,0,3,0,0,0,0,0,0,-,-,33.941009521484375,-117.19161987304688,RIVERSIDE,MORENO VALLEY,-117.191559,33.940903
81475116,2021,2021-05-18,3300,2021-05-12,1726,6033,601 E,3,5,6,3394,0,0,0,NA,0,MV16,PERRIS BLVD,IRONWOOD AVE,8,N,N,A,-,N,NA,NA,NA,NA,NA,NA,NA,NA,NA,Y,4,0,1,2,A,-,06,21755,A,N,C,C,A,A,H,-,A,A,0,NA,NA,Y,NA,Y,NA,C,02,0,0,1,0,0,0,0,0,1,-,-,33.946510314941406,-117.22618103027344,RIVERSIDE,MORENO VALLEY,-117.22643280029295,33.946693420410156
81478684,2021,2021-05-21,3315,2021-05-05,2249,004228,7C,3,5,6,3315,0,0,0,NA,0,001,SIXTH ST,SHERMAN AV,959,W,N,A,-,N,NA,NA,NA,NA,NA,NA,NA,NA,NA,Y,4,0,3,2,A,-,09,21804,A,M,C,C,A,A,H,-,C,D,0,NA,NA,NA,Y,Y,NA,F,26,0,0,3,0,0,0,0,0,0,-,-,33.87704086303711,-117.58882904052734,RIVERSIDE,CORONA,-117.59192657470705,33.87812805175781
81479294,2021,2021-05-24,3311,2021-05-02,2155,15970,NA,7,5,4,3311,0,0,0,NA,0,005,PALM CANYON DRIVE E,WEST PALM CANYON,0,NA,Y,A,-,N,NA,NA,NA,NA,NA,NA,NA,NA,NA,Y,3,0,2,2,A,-,05,21650,NA,N,A,C,A,A,H,-,C,D,0,NA,NA,NA,NA,Y,NA,A,01,0,1,1,0,0,0,0,0,0,-,-,33.801109313964844,-116.54363250732422,RIVERSIDE,PALM SPRINGS,-116.5437469482422,33.80136489868164
81480563,2021,2021-05-25,3300,2021-05-22,2325,5059,601 D,6,5,6,3394,0,0,0,NA,0,MV14,SWAN ST,HUMMINGBIRD PL,0,NA,Y,A,-,N,NA,NA,NA,NA,NA,NA,NA,NA,NA,Y,4,0,1,1,A,-,08,22107,NA,N,E,I,A,A,H,-,C,D,0,NA,NA,NA,NA,Y,NA,A,01,0,0,1,0,0,0,0,0,0,-,-,33.95212936401367,-117.25437927246094,RIVERSIDE,MORENO VALLEY,-117.25433349609376,33.95206069946289
81481324,2021,2021-05-25,3342,2021-04-30,1803,1098,435,5,5,4,3342,0,0,0,NA,0,005,JEFFERSON AVE,GUAVA ST,0,NA,Y,A,-,N,NA,NA,NA,NA,NA,NA,NA,NA,NA,Y,3,0,1,2,A,-,03,22350,NA,N,C,C,A,A,H,-,A,A,0,NA,NA,Y,Y,Y,NA,F,76,0,1,0,0,0,0,0,0,1,-,-,33.54515075683594,-117.19316864013672,RIVERSIDE,MURRIETA,-117.1930923461914,33.545188903808594
81485370,2021,2021-05-31,3300,2021-05-01,1005,4071,602 D,6,5,6,3394,0,0,0,NA,0,MV26,DRACAEA AVE,HELMSDALE ST,54,W,N,A,-,N,NA,NA,NA,NA,NA,NA,NA,NA,NA,Y,4,0,2,2,A,-,09,21804,A,N,H,C,A,A,H,-,A,D,0,NA,NA,NA,NA,Y,NA,A,01,0,0,2,0,0,0,0,0,0,-,-,33.928199768066406,-117.24117279052734,RIVERSIDE,MORENO VALLEY,-117.24131774902344,33.928131103515625
81485531,2021,2021-05-31,3349,2021-03-24,2010,336,NA,3,5,5,3341,0,0,0,NA,0,NA,MCCALL BLVD,ENCANTO DR,0,NA,Y,A,-,N,NA,NA,NA,NA,NA,NA,NA,NA,NA,N,3,0,1,2,A,-,12,21453,A,N,D,C,A,A,H,-,C,A,0,NA,NA,NA,NA,Y,NA,A,07,0,1,0,0,0,0,0,0,0,-,-,33.71500015258789,-117.18601989746094,RIVERSIDE,MENIFEE,-117.18598175048828,33.71510696411133
81485895,2021,2021-06-01,3300,2021-04-27,1903,5029,602 D,2,5,6,3394,0,0,0,NA,0,MV26,DRACAEA AVE,INDIAN ST,470,E,N,A,-,N,NA,NA,NA,NA,NA,NA,NA,NA,NA,Y,4,0,2,2,A,-,08,22107,NA,N,B,C,A,A,H,-,A,D,0,NA,NA,NA,NA,Y,NA,A,01,0,0,2,0,0,0,0,0,0,-,-,33.92816925048828,-117.23506927490234,RIVERSIDE,MORENO VALLEY,-117.23348236083984,33.92816162109375
81485902,2021,2021-06-01,3300,2021-05-29,1715,5059,603 B,6,5,6,3394,0,0,0,NA,0,MV34,PERRIS BLVD,JOHN F KENNEDY DR,385,N,N,A,-,N,NA,NA,NA,NA,NA,NA,NA,NA,NA,N,3,0,1,2,A,-,09,21804,A,N,D,C,A,A,H,-,A,D,0,NA,NA,NA,NA,Y,NA,A,07,0,1,0,0,0,0,0,0,0,-,-,33.93267822265625,-117.2265167236328,RIVERSIDE,MORENO VALLEY,-117.22631072998048,33.90382385253906
81488022,2021,2021-06-03,3300,2021-05-30,1307,N4883,002W,7,5,6,3345,0,0,0,NA,0,026,ETIWANDA AV,54TH ST,19,N,N,A,-,N,NA,NA,NA,NA,NA,NA,NA,NA,NA,Y,4,0,1,2,A,-,09,21802,A,N,D,C,A,A,H,-,A,A,0,NA,NA,NA,NA,Y,NA,A,07,0,0,1,0,0,0,0,0,0,-,-,33.990089416503906,-117.52327728271484,RIVERSIDE,JURUPA VALLEY,-117.52327728271484,33.99004364013672
81488048,2021,2021-06-03,3300,2021-02-15,1603,5029,602 B,1,5,6,3394,0,0,0,NA,0,MV24,COTTONWOOD AVE,GRAHAM ST,0,NA,Y,A,-,N,NA,NA,NA,NA,NA,NA,NA,NA,NA,Y,4,0,5,3,A,-,12,21453,A,N,D,C,A,A,H,-,A,A,0,NA,NA,NA,NA,Y,Y,A,01,0,0,5,0,0,0,0,0,0,-,-,33.92449188232422,-117.25238037109376,RIVERSIDE,MORENO VALLEY,-117.25244903564452,33.924537658691406
8148830,2016,2016-10-24,3315,2016-09-23,1057,001531,13C,5,5,6,3315,0,0,0,NA,0,NA,ONTARIO AV,FULLERTON AV,258,E,N,A,-,N,NA,NA,NA,NA,NA,NA,NA,NA,NA,Y,4,0,1,2,A,-,03,22350,NA,N,C,C,A,A,H,-,A,A,0,NA,NA,NA,NA,Y,NA,D,22,0,0,1,0,0,0,0,0,0,-,-,NA,NA,RIVERSIDE,CORONA,-117.55069137,33.85107612
81489189,2021,2021-06-04,3300,2021-05-15,1501,N6611,NA,6,5,6,3394,0,0,0,NA,0,NA,CACTUS AVE,OLD I-215 FRONTAGE RD,0,NA,Y,A,-,N,NA,NA,NA,NA,NA,NA,NA,NA,NA,N,4,0,1,2,A,-,08,22107,NA,N,A,C,A,A,H,-,A,A,0,NA,NA,NA,NA,Y,NA,A,01,0,0,1,0,0,0,0,0,0,-,-,33.90943908691406,-117.27835083007813,RIVERSIDE,MORENO VALLEY,-117.27823638916016,33.90941619873047
81489307,2021,2021-06-04,3315,2021-06-01,0725,001641,8D,2,5,6,3315,0,0,0,NA,0,004,GREEN RIVER RD,SHOPPING CENTER,17,E,N,A,-,N,NA,NA,NA,NA,NA,NA,NA,NA,NA,Y,3,0,1,2,A,-,03,22350,NA,N,C,C,A,A,H,-,A,A,0,NA,NA,NA,NA,Y,NA,A,01,0,1,0,0,0,0,0,0,0,-,-,NA,NA,RIVERSIDE,CORONA,NA,NA
81492468,2021,2021-06-09,3300,2021-05-21,0247,3398,910F,5,5,5,3335,0,0,0,NA,0,064,RANCHO CALIFORNIA RD,CALLE BAHIA VISTA,100,W,N,A,-,N,NA,NA,NA,NA,NA,NA,NA,NA,NA,Y,4,0,1,1,A,-,05,21650,NA,N,E,I,A,A,H,-,C,D,0,NA,NA,NA,NA,Y,NA,A,01,0,0,1,0,0,0,0,0,0,-,-,33.50843811035156,-117.11551666259766,RIVERSIDE,TEMECULA,-117.11580657958984,33.508583068847656
81492579,2021,2021-06-09,3349,2021-05-25,0617,340,NA,2,5,5,3341,0,0,0,NA,0,001,MCCALL BLVD,ANTELOPE RD,56,E,N,A,-,N,NA,NA,NA,NA,NA,NA,NA,NA,NA,Y,3,0,1,2,A,-,08,22107,NA,N,B,C,A,A,H,-,B,A,0,NA,NA,NA,NA,Y,NA,D,22,0,1,0,0,0,0,0,0,0,-,-,NA,NA,RIVERSIDE,MENIFEE,-117.17139434814452,33.717620849609375
81494614,2021,2021-06-11,3300,2021-06-04,1052,3775,602 A,5,5,6,3394,0,0,0,NA,0,MV22,ALESSANDRO BLVD,DAY ST,0,NA,Y,A,-,N,NA,NA,NA,NA,NA,NA,NA,NA,NA,N,3,0,2,2,A,-,08,22107,NA,N,A,C,A,A,H,-,A,A,0,NA,NA,NA,NA,Y,NA,D,22,0,1,1,0,0,0,0,0,0,-,-,33.91691970825195,-117.27881622314452,RIVERSIDE,MORENO VALLEY,-117.27880096435548,33.91693115234375
81495487,2021,2021-06-14,3300,2021-05-26,2040,N5101,82D7,3,5,3,3305,0,0,0,NA,0,Y82,52ND AV,FREDERICK ST,132,E,N,A,-,N,NA,NA,NA,NA,NA,NA,NA,NA,NA,N,4,0,1,2,A,-,09,21801,A,N,D,C,A,A,H,-,C,D,0,NA,NA,NA,NA,Y,NA,A,01,0,0,1,0,0,0,0,0,0,-,-,33.67087936401367,-116.19046020507813,RIVERSIDE,COACHELLA,-116.18999481201172,33.670841217041016
81495592,2021,2021-06-14,3300,2021-06-12,1236,N6235,901D,6,5,4,3310,0,0,0,NA,0,051,HAMNER AV,GATEWAY MARKET PL.,0,NA,Y,A,-,N,NA,NA,NA,NA,NA,NA,NA,NA,NA,N,4,0,2,2,A,-,12,21453,A,N,B,C,A,A,H,-,A,A,0,NA,NA,NA,NA,Y,NA,A,01,0,0,2,0,0,0,0,0,0,-,-,NA,NA,RIVERSIDE,NORCO,-117.56307220458984,33.896968841552734
81496866,2021,2021-06-15,3300,2021-06-11,0758,4850,604 A,5,5,6,3394,0,0,0,NA,0,MV42,CACTUS AVE,NASON ST,2215,W,N,A,-,N,NA,NA,NA,NA,NA,NA,NA,NA,NA,Y,4,0,2,2,A,-,08,22107,NA,N,D,C,A,A,H,-,A,D,0,NA,NA,NA,NA,Y,NA,D,22,0,0,2,0,0,0,0,0,0,-,-,33.910091400146484,-117.19159698486328,RIVERSIDE,MORENO VALLEY,-117.19889068603516,33.910091400146484
81497968,2021,2021-06-16,3311,2021-05-18,1541,15951,NA,2,5,4,3311,0,0,0,NA,0,001,HIGHWAY 111,TIPTON ROAD,187,N,N,G,-,Y,NA,NA,NA,NA,NA,NA,NA,NA,NA,Y,3,0,1,1,A,-,03,22350,NA,N,F,A,A,A,H,-,A,D,0,NA,NA,NA,NA,Y,NA,D,22,0,1,0,0,0,0,0,0,0,-,-,NA,NA,RIVERSIDE,PALM SPRINGS,-116.64363098144533,33.903358459472656
81499036,2021,2021-06-17,3300,2021-05-30,2026,5950,LA40,7,5,3,3392,0,0,0,NA,0,LA40,DUNE PALMS RD,MILES AV,0,NA,Y,A,-,N,NA,NA,NA,NA,NA,NA,NA,NA,NA,Y,4,0,1,2,A,-,12,21453,A,N,D,C,A,A,H,-,C,A,0,NA,NA,NA,NA,Y,NA,A,01,0,0,1,0,0,0,0,0,0,-,-,33.721858978271484,-116.27747344970705,RIVERSIDE,LA QUINTA,-116.27751159667967,33.721900939941406
81501188,2021,2021-06-21,3300,2021-06-16,1511,4808,920H,3,5,4,3314,0,0,0,NA,0,074,SAN JACINTO AVE,COMMONWEALTH AVE,0,NA,Y,A,-,N,NA,NA,NA,NA,NA,NA,NA,NA,NA,N,4,0,1,2,A,-,03,22350,NA,N,C,C,A,A,H,-,A,A,0,NA,NA,NA,NA,Y,NA,A,01,0,0,1,0,0,0,0,0,0,-,-,33.76921844482422,-116.95867919921876,RIVERSIDE,SAN JACINTO,-116.95877838134766,33.769187927246094
81502269,2021,2021-06-22,3300,2021-06-13,1659,3536,603 B,7,5,6,3394,0,0,0,NA,0,MV36,PERRIS BLVD,FILAREE AVE,30,S,N,A,-,N,NA,NA,NA,NA,NA,NA,NA,NA,NA,N,4,0,1,2,A,-,03,22350,NA,N,C,C,A,A,H,-,A,A,0,NA,NA,NA,NA,Y,NA,A,01,0,0,1,0,0,0,0,0,0,-,-,33.89870834350586,-117.22615814208984,RIVERSIDE,MORENO VALLEY,-117.22632598876952,33.898658752441406
81502272,2021,2021-06-22,3300,2021-06-16,0025,3536,602 A,3,5,6,3394,0,0,0,NA,0,MV22,FREDERICK ST,EUCALYPTUS AVE,0,NA,Y,A,-,N,NA,NA,NA,NA,NA,NA,NA,NA,NA,N,4,0,2,2,A,-,12,21453,A,N,D,C,A,A,H,-,C,A,0,NA,NA,NA,NA,Y,NA,D,22,0,0,2,0,0,0,0,0,0,-,-,33.93164825439453,-117.26123809814452,RIVERSIDE,MORENO VALLEY,-117.26140594482422,33.93150329589844
81504896,2021,2021-06-24,3315,2021-06-21,1100,004248,16F,1,5,6,3315,0,0,0,NA,0,003,CAJALCO RD,15 SB OFF RAMP,0,NA,Y,A,-,N,NA,NA,NA,NA,NA,NA,NA,NA,NA,N,4,0,1,2,A,-,12,21453,A,N,D,C,A,A,H,-,A,A,0,NA,NA,NA,NA,Y,NA,B,01,0,0,1,0,0,0,0,0,0,-,-,NA,NA,RIVERSIDE,CORONA,-117.51898193359376,33.8214225769043
81506177,2021,2021-06-25,3300,2021-06-13,1331,5228,910A,7,5,5,3335,0,0,0,NA,0,061,JEFFERSON AV,BUECKING DR,0,NA,Y,A,-,N,NA,NA,NA,NA,NA,NA,NA,NA,NA,N,2,0,3,2,A,-,01,23153,B,N,A,C,A,A,H,-,A,D,0,NA,NA,NA,NA,Y,Y,A,01,2,1,0,0,0,0,0,0,0,-,-,33.52568817138672,-117.17022705078124,RIVERSIDE,TEMECULA,-117.17029571533205,33.525577545166016
81506189,2021,2021-06-25,3300,2021-06-23,1748,4323,910M,3,5,5,3335,0,0,0,NA,0,067,JEDEDIAH SMITH RD,CALLE DE VELARDO,500,E,N,B,-,N,NA,NA,NA,NA,NA,NA,NA,NA,NA,Y,3,0,2,2,A,-,03,22350,NA,N,C,E,A,A,H,-,A,D,0,NA,NA,NA,NA,Y,NA,D,22,0,1,1,0,0,0,0,0,0,-,-,33.48175048828125,-117.11981201171876,RIVERSIDE,TEMECULA,-117.11833190917967,33.48235321044922
81507046,2021,2021-06-28,3300,2021-04-10,1917,5538,916A,6,5,4,3312,0,0,0,NA,0,031,DOBELL ST,ST. AUSTELL WAY,0,NA,Y,A,-,N,NA,NA,NA,NA,NA,NA,NA,NA,NA,N,3,0,1,2,A,-,08,22107,NA,N,D,G,A,A,H,-,A,A,0,NA,Y,NA,NA,Y,NA,L,04,0,1,0,0,0,0,1,0,0,-,-,NA,NA,RIVERSIDE,PERRIS,-117.18762969970705,33.83498764038086
81507138,2021,2021-06-28,3342,2021-06-11,1636,421,645,5,5,4,3342,0,0,0,NA,0,006,MURRIETA HOT SPRINGS RD,MARGARITA RD,0,NA,Y,A,-,N,NA,NA,NA,NA,NA,NA,NA,NA,NA,N,4,0,1,2,A,-,03,22350,NA,N,C,C,A,A,H,-,A,A,0,NA,NA,NA,NA,Y,NA,A,01,0,0,1,0,0,0,0,0,0,-,-,33.55651092529297,-117.15705871582033,RIVERSIDE,MURRIETA,-117.15708923339844,33.5565185546875
81507362,2021,2021-06-28,3300,2021-06-18,0948,5567,83C5,5,5,3,3305,0,0,0,NA,0,083,AVE 52,SHADY LN,192,E,N,A,-,N,NA,NA,NA,NA,NA,NA,NA,NA,NA,Y,4,0,1,2,A,-,03,22350,NA,N,C,C,A,A,H,-,A,D,0,NA,NA,NA,NA,Y,NA,A,01,0,0,1,0,0,0,0,0,0,-,-,NA,NA,RIVERSIDE,COACHELLA,-116.17279052734376,33.67108917236328
8150964,2016,2016-12-14,3300,2016-10-06,1114,4323,910F,4,5,5,3335,0,0,0,NA,0,068,RANCHO CALIFORNIA RD,YNEZ RD,165,W,N,A,-,N,NA,NA,NA,NA,NA,NA,NA,NA,NA,N,4,0,1,3,A,-,03,22350,NA,N,C,C,A,A,H,-,A,A,0,NA,NA,NA,NA,Y,NA,A,01,0,0,1,0,0,0,0,0,0,-,-,NA,NA,RIVERSIDE,TEMECULA,-117.14898944,33.50259943
81510455,2021,2021-07-01,3300,2021-04-25,1811,5707,604 B,7,5,6,3394,0,0,0,NA,0,MV42,LYNNLEE LN,CACTUS AVE,0,NA,Y,A,-,N,NA,NA,NA,NA,NA,NA,NA,NA,NA,Y,3,0,2,2,A,-,09,21800,A,N,D,C,A,A,H,-,B,A,0,NA,NA,NA,NA,Y,NA,A,01,0,1,1,0,0,0,0,0,0,-,-,33.91007995605469,-117.19051361083984,RIVERSIDE,MORENO VALLEY,-117.19039916992188,33.910118103027344
81512554,2021,2021-07-05,3300,2021-06-10,1712,5801,Y81,4,5,3,3305,0,0,0,NA,0,Y81,CALLE CANTARA,AVENIDA FLORABUNDA,0,NA,Y,A,-,N,NA,NA,NA,NA,NA,NA,NA,NA,NA,N,3,0,1,2,A,-,11,21954,A,N,G,B,E,A,H,-,A,D,0,Y,NA,NA,NA,Y,NA,N,60,0,1,0,0,1,0,0,0,0,-,-,33.693729400634766,-116.19093322753906,RIVERSIDE,COACHELLA,-116.19100189208984,33.69375991821289
81512763,2021,2021-07-05,3300,2021-06-30,1716,5397,905D,3,5,4,3307,0,0,0,NA,0,091,MISSION TRL,MALAGA RD,26,N,N,A,-,N,NA,NA,NA,NA,NA,NA,NA,NA,NA,N,4,0,2,2,A,-,01,23152,A,N,C,C,A,A,H,-,A,A,0,NA,NA,NA,NA,Y,Y,A,01,0,0,2,0,0,0,0,0,0,-,-,33.65245056152344,-117.29634857177734,RIVERSIDE,LAKE ELSINORE,-117.29638671875,33.65254211425781
81514198,2021,2021-07-07,3300,2021-06-27,0531,5934,920H,7,5,4,3314,0,0,0,NA,0,074,RAMONA EXPY,OLD MOUNTAIN AVE,726,N,N,A,-,N,NA,NA,NA,NA,NA,NA,NA,NA,NA,Y,3,0,1,1,A,-,08,22107,NA,N,E,I,A,A,H,-,A,D,0,NA,NA,NA,NA,Y,NA,A,08,0,1,0,0,0,0,0,0,0,-,-,NA,NA,RIVERSIDE,SAN JACINTO,-116.9360580444336,33.782344818115234
8151426,2016,2016-10-28,3300,2016-09-28,1038,N2646,603A2,3,5,6,3394,0,0,0,NA,0,032,CACTUS AV,ELSWORTH ST,302,W,N,A,-,N,NA,NA,NA,NA,NA,NA,NA,NA,NA,N,4,0,2,2,A,-,09,21804,A,N,D,C,A,A,H,-,A,A,0,NA,NA,Y,NA,Y,NA,C,02,0,0,2,0,0,0,0,0,2,-,-,33.91006,-117.2703,RIVERSIDE,MORENO VALLEY,-117.27117227,33.91013711
8151428,2016,2016-10-26,3300,2016-09-24,0307,4554,602E3,6,5,6,3394,0,0,0,NA,0,MV28,KITCHING ST,ALESSANDRO BL,42,N,N,A,-,N,NA,NA,NA,NA,NA,NA,NA,NA,NA,Y,3,0,2,2,A,-,01,23152,A,N,D,C,A,A,H,-,C,A,0,NA,NA,NA,NA,Y,Y,A,01,0,2,0,0,0,0,0,0,0,-,-,33.94713,-117.21768,RIVERSIDE,MORENO VALLEY,-117.21761057,33.91744505
8151462,2016,2016-10-25,3300,2016-10-07,1423,4323,910S,5,5,5,3335,0,0,0,NA,0,070,MARGARITA RD,DARTOLO RD,0,NA,Y,A,-,N,NA,NA,NA,NA,NA,NA,NA,NA,NA,Y,4,0,1,2,A,-,12,21453,A,N,D,C,A,A,H,-,A,A,0,NA,NA,NA,NA,Y,NA,A,01,0,0,1,0,0,0,0,0,0,-,-,NA,NA,RIVERSIDE,TEMECULA,-117.10195013,33.48132004
81515230,2021,2021-07-08,3300,2021-06-21,1222,5667,002F,1,5,6,3345,0,0,0,NA,0,022,COUNTRY VILLAGE RD,COUNTRY CLUB DR,19,S,N,A,-,N,NA,NA,NA,NA,NA,NA,NA,NA,NA,Y,4,0,1,2,A,-,08,22107,NA,N,B,C,A,A,H,-,A,D,0,NA,NA,NA,NA,Y,NA,A,01,0,0,1,0,0,0,0,0,0,-,-,34.023250579833984,-117.50742340087892,RIVERSIDE,JURUPA VALLEY,-117.50780487060548,34.02307891845703
81517413,2021,2021-07-12,3300,2021-06-28,1348,N3697,43B4,1,5,3,3392,0,0,0,NA,0,LA43,AVENIDA BERMUDAS,CALLE NOGALES,0,NA,Y,A,-,N,NA,NA,NA,NA,NA,NA,NA,NA,NA,Y,3,0,1,2,A,-,09,21802,A,N,D,C,A,A,H,-,A,A,0,NA,NA,NA,NA,Y,NA,A,01,0,1,0,0,0,0,0,0,0,-,-,33.66535186767578,-116.30365753173828,RIVERSIDE,LA QUINTA,-116.30364227294922,33.665374755859375
81521571,2021,2021-07-16,3300,2021-07-12,1647,N6297,910U,1,5,5,3335,0,0,0,NA,0,070,REDHAWK PKY,VIA SALTIO,0,NA,Y,A,-,N,NA,NA,NA,NA,NA,NA,NA,NA,NA,N,4,0,2,2,A,-,09,21802,A,N,D,C,A,A,H,-,A,D,0,NA,NA,NA,Y,Y,NA,F,26,0,0,2,0,0,0,0,0,0,-,-,33.469608306884766,-117.09564971923828,RIVERSIDE,TEMECULA,-117.09526824951172,33.470062255859375
81521574,2021,2021-07-16,3300,2021-07-13,1406,N6297,NA,2,5,5,3335,0,0,0,NA,0,NA,WINCHESTER RD,NICOLAS RD,0,NA,Y,A,-,N,NA,NA,NA,NA,NA,NA,NA,NA,NA,N,4,0,2,2,A,-,03,22350,NA,N,C,C,A,A,H,-,A,A,0,NA,NA,NA,NA,Y,NA,A,01,0,0,2,0,0,0,0,0,0,-,-,33.539371490478516,-117.14469146728516,RIVERSIDE,TEMECULA,-117.14473724365234,33.539310455322266
81525983,2021,2021-07-22,3300,2021-07-16,1050,N6224,601 C,5,5,6,3394,0,0,0,NA,0,MV14,PIGEON PASS RD,SEABROOK LN,0,NA,Y,A,-,N,NA,NA,NA,NA,NA,NA,NA,NA,NA,Y,4,0,1,2,A,-,09,21804,A,N,D,C,A,A,H,-,A,D,0,NA,NA,NA,NA,Y,NA,A,01,0,0,1,0,0,0,0,0,0,-,-,33.9481201171875,-117.26139068603516,RIVERSIDE,MORENO VALLEY,-117.26148986816406,33.948028564453125