CASE_ID,ACCIDENT_YEAR,PROC_DATE,JURIS,COLLISION_DATE,COLLISION_TIME,OFFICER_ID,REPORTING_DISTRICT,DAY_OF_WEEK,CHP_SHIFT,POPULATION,CNTY_CITY_LOC,SPECIAL_COND,BEAT_TYPE,CHP_BEAT_TYPE,CITY_DIVISION_LAPD,CHP_BEAT_CLASS,BEAT_NUMBER,PRIMARY_RD,SECONDARY_RD,DISTANCE,DIRECTION,INTERSECTION,WEATHER_1,WEATHER_2,STATE_HWY_IND,CALTRANS_COUNTY,CALTRANS_DISTRICT,STATE_ROUTE,ROUTE_SUFFIX,POSTMILE_PREFIX,POSTMILE,LOCATION_TYPE,RAMP_INTERSECTION,SIDE_OF_HWY,TOW_AWAY,COLLISION_SEVERITY,NUMBER_KILLED,NUMBER_INJURED,PARTY_COUNT,PRIMARY_COLL_FACTOR,PCF_CODE_OF_VIOL,PCF_VIOL_CATEGORY,PCF_VIOLATION,PCF_VIOL_SUBSECTION,HIT_AND_RUN,TYPE_OF_COLLISION,MVIW,PED_ACTION,ROAD_SURFACE,ROAD_COND_1,ROAD_COND_2,LIGHTING,CONTROL_DEVICE,CHP_ROAD_TYPE,PEDESTRIAN_ACCIDENT,BICYCLE_ACCIDENT,MOTORCYCLE_ACCIDENT,TRUCK_ACCIDENT,NOT_PRIVATE_PROPERTY,ALCOHOL_INVOLVED,STWD_VEHTYPE_AT_FAULT,CHP_VEHTYPE_AT_FAULT,COUNT_SEVERE_INJ,COUNT_VISIBLE_INJ,COUNT_COMPLAINT_PAIN,COUNT_PED_KILLED,COUNT_PED_INJURED,COUNT_BICYCLIST_KILLED,COUNT_BICYCLIST_INJURED,COUNT_MC_KILLED,COUNT_MC_INJURED,PRIMARY_RAMP,SECONDARY_RAMP,LATITUDE,LONGITUDE,COUNTY,CITY,POINT_X,POINT_Y
81908247,2022,2022-11-03,3300,2022-05-03,1252,4440,920G,2,5,4,3314,0,0,0,NA,0,074,ESPLANADE AVE,SANTA FE AVE,36,E,N,A,-,Y,NA,NA,NA,NA,NA,NA,NA,NA,NA,Y,4,0,1,2,A,-,03,22350,NA,N,C,C,A,A,H,-,A,A,0,NA,NA,NA,NA,Y,NA,A,01,0,0,1,0,0,0,0,0,0,-,-,33.7729606628418,-116.96315002441406,RIVERSIDE,SAN JACINTO,-116.96305847167967,33.77293014526367
81909304,2022,2022-11-04,3300,2022-10-08,1834,N6910,002P,6,5,6,3345,0,0,0,NA,0,024,BELLEGRAVE AV,BAIN ST,0,NA,Y,A,-,N,NA,NA,NA,NA,NA,NA,NA,NA,NA,N,2,0,1,2,D,-,00,NA,NA,N,D,G,A,A,H,-,B,A,0,NA,Y,NA,NA,Y,NA,-,-,1,0,0,0,0,0,1,0,0,-,-,34.005001068115234,-117.50643920898438,RIVERSIDE,JURUPA VALLEY,-117.50653076171876,34.004905700683594
81910282,2022,2022-11-07,3300,2022-10-22,1423,N7028,602 E,6,5,6,3394,0,0,0,NA,0,MV28,BLACK WALNUT ST,RED BERRY ST,40,E,N,B,-,N,NA,NA,NA,NA,NA,NA,NA,NA,NA,N,2,0,1,2,A,-,11,21954,A,N,G,B,E,A,H,-,A,D,0,Y,NA,NA,NA,Y,NA,N,60,1,0,0,0,1,0,0,0,0,-,-,33.949161529541016,-117.21705627441406,RIVERSIDE,MORENO VALLEY,-117.21688079833984,33.91933822631836
81910395,2022,2022-11-07,3300,2022-10-21,1502,4845,Y85,5,5,3,3305,0,0,0,NA,0,Y81,HWY 86,52 AVENUE,516,S,N,A,-,N,NA,NA,NA,NA,NA,NA,NA,NA,NA,N,4,0,2,3,A,-,03,22350,NA,N,C,C,A,A,H,-,A,A,0,NA,NA,NA,NA,Y,NA,A,01,0,0,2,0,0,0,0,0,0,-,-,NA,NA,RIVERSIDE,COACHELLA,-116.1466827392578,33.67269515991211
81910489,2022,2022-11-07,3315,2022-11-02,1114,004513,8C,3,5,6,3315,0,0,0,NA,0,004,GREEN RIVER RD,CANYON CREST DR,0,NA,Y,A,-,N,NA,NA,NA,NA,NA,NA,NA,NA,NA,Y,3,0,1,2,A,-,12,21453,A,N,D,C,A,A,H,-,A,A,0,NA,NA,Y,NA,Y,NA,C,02,0,1,0,0,0,0,0,0,1,-,-,33.875450134277344,-117.63504028320313,RIVERSIDE,CORONA,-117.63497161865234,33.875694274902344
81912109,2022,2022-11-08,3313,2022-09-19,0558,1798,4,1,5,7,3313,0,0,0,NA,0,M23,JURUPA AV,ACORN ST,0,NA,Y,B,-,N,NA,NA,NA,NA,NA,NA,NA,NA,NA,N,4,0,2,2,A,-,12,21453,A,N,D,C,A,A,H,-,B,A,0,NA,NA,NA,NA,Y,NA,A,07,0,0,2,0,0,0,0,0,0,-,-,33.95983123779297,-117.45397186279295,RIVERSIDE,RIVERSIDE,-117.4539794921875,33.95977020263672
81912157,2022,2022-11-08,3313,2022-09-23,1559,2018,5,5,5,7,3313,0,0,0,NA,0,3R54,MAGNOLIA AV,HARRISON ST (E),15,E,N,A,-,N,NA,NA,NA,NA,NA,NA,NA,NA,NA,N,4,0,1,2,A,-,08,22107,NA,N,B,C,A,A,H,-,A,A,0,NA,NA,NA,NA,Y,NA,A,01,0,0,1,0,0,0,0,0,0,-,-,33.917301177978516,-117.45223236083984,RIVERSIDE,RIVERSIDE,-117.45398712158205,33.91621398925781
81913392,2022,2022-11-09,3300,2022-11-07,1356,3995,LA41,1,5,3,3392,0,0,0,NA,0,LA41,WASHINGTON ST,HWY 111,0,NA,Y,B,-,N,NA,NA,NA,NA,NA,NA,NA,NA,NA,N,3,0,2,2,A,-,03,22350,NA,N,D,C,A,A,H,-,A,D,0,NA,NA,NA,NA,Y,NA,A,01,0,1,1,0,0,0,0,0,0,-,-,33.71495819091797,-116.294921875,RIVERSIDE,LA QUINTA,-116.29499053955078,33.71527862548828
81914277,2022,2022-11-10,3300,2022-11-09,0803,4713,910C,3,5,5,3335,0,0,0,NA,0,063,NORTH GENERAL KEARNY RD,NICOLAS RD,44,N,N,A,B,N,NA,NA,NA,NA,NA,NA,NA,NA,NA,N,4,0,1,2,A,-,21,22106,NA,N,C,C,A,A,H,-,A,A,0,NA,NA,NA,NA,Y,NA,A,07,0,0,1,0,0,0,0,0,0,-,-,33.53810119628906,-117.13436889648438,RIVERSIDE,TEMECULA,-117.13426208496094,33.53824996948242
81915368,2022,2022-11-11,3300,2022-10-16,2150,N6415,910F,7,5,5,3335,0,0,0,NA,0,062,MARGARITA RD,SOLANA WY,0,NA,Y,A,-,N,NA,NA,NA,NA,NA,NA,NA,NA,NA,N,4,0,2,2,A,-,09,21453,C,N,B,C,A,A,H,-,C,A,0,NA,NA,NA,NA,Y,NA,A,01,0,0,2,0,0,0,0,0,0,-,-,33.51620101928711,-117.14991760253906,RIVERSIDE,TEMECULA,-117.14990997314452,33.51626205444336
81915824,2022,2022-11-14,3300,2022-11-10,1043,4713,910P,4,5,5,3335,0,0,0,NA,0,069,TEMECULA PKY,WABASH LN,69,E,N,A,-,N,NA,NA,NA,NA,NA,NA,NA,NA,NA,Y,4,0,1,4,A,-,03,22350,NA,N,C,C,A,A,H,-,A,A,0,NA,NA,NA,NA,Y,NA,A,07,0,0,1,0,0,0,0,0,0,-,-,33.47660827636719,-117.13336944580078,RIVERSIDE,TEMECULA,-117.13282012939452,33.4767951965332
81915856,2022,2022-11-14,3300,2022-10-12,1509,N6519,602 E,3,5,6,3394,0,0,0,NA,0,MV28,NINEBARK ST,HACKBERRY LN (S),41,N,N,A,-,N,NA,NA,NA,NA,NA,NA,NA,NA,NA,Y,4,0,1,2,A,-,09,21801,A,N,A,C,A,A,H,-,A,D,0,NA,NA,NA,NA,Y,NA,A,01,0,0,1,0,0,0,0,0,0,-,-,33.936439514160156,-117.21077728271484,RIVERSIDE,MORENO VALLEY,-117.21087646484376,33.936485290527344
81916159,2022,2022-11-14,3300,2022-11-03,1719,N6235,901C,4,5,4,3310,0,0,0,NA,0,051,RIVER RD,2ND ST,0,NA,Y,A,-,N,NA,NA,NA,NA,NA,NA,NA,NA,NA,N,3,0,1,2,A,-,10,21950,A,N,G,B,B,A,H,-,B,A,0,Y,NA,NA,NA,Y,NA,A,01,0,1,0,0,1,0,0,0,0,-,-,33.90789031982422,-117.58245849609376,RIVERSIDE,NORCO,-117.5822296142578,33.907958984375
81916355,2022,2022-11-14,3313,2022-11-01,1409,1384,3,2,5,7,3313,0,0,0,NA,0,M17,HAWARDEN DR,OLEANDER CT,167,E,N,A,-,N,NA,NA,NA,NA,NA,NA,NA,NA,NA,Y,3,0,1,2,A,-,05,21650,NA,M,B,D,A,A,H,-,A,A,0,NA,NA,NA,NA,Y,NA,-,99,0,1,0,0,0,0,0,0,0,-,-,33.92438888549805,-117.3775634765625,RIVERSIDE,RIVERSIDE,-117.37689208984376,33.926029205322266
81917810,2022,2022-11-15,3315,2022-11-13,1946,004651,3E,7,5,6,3315,0,0,0,NA,0,003,MAGNOLIA AV,KELLOGG AV,0,NA,Y,A,-,N,NA,NA,NA,NA,NA,NA,NA,NA,NA,Y,4,0,1,2,A,-,12,21453,A,N,C,C,A,A,H,-,C,A,0,NA,NA,NA,NA,Y,NA,A,01,0,0,1,0,0,0,0,0,0,-,-,NA,NA,RIVERSIDE,CORONA,-117.55599212646484,33.85810089111328
81918726,2022,2022-11-16,3300,2022-10-20,1847,5329,001B,4,5,6,3345,0,0,0,NA,0,010,LA RUE ST,CANAL ST,0,NA,Y,A,-,N,NA,NA,NA,NA,NA,NA,NA,NA,NA,Y,4,0,2,2,A,-,09,21802,A,N,D,C,A,A,H,-,D,A,0,NA,NA,NA,NA,Y,NA,A,01,0,0,2,0,0,0,0,0,0,-,-,34.00423049926758,-117.41146850585938,RIVERSIDE,JURUPA VALLEY,-117.41241455078124,34.00608444213867
81919787,2022,2022-11-17,3300,2022-10-28,1046,4145,604 A,5,5,6,3394,0,0,0,NA,0,042,NASON ST,SH-60 WBON/R,52,S,N,A,-,N,NA,NA,NA,NA,NA,NA,NA,NA,NA,N,4,0,1,3,A,-,03,22350,NA,N,C,C,A,A,H,-,A,A,0,NA,NA,NA,NA,Y,NA,D,22,0,0,1,0,0,0,0,0,0,-,-,33.94091033935547,-117.19161987304688,RIVERSIDE,MORENO VALLEY,-117.191559,33.93925
81919790,2022,2022-11-17,3306,2022-10-21,1634,755,NA,5,5,3,3306,0,0,0,NA,0,3306,PIERSON BLVD,KAREN AVE,250,W,N,A,-,N,NA,NA,NA,NA,NA,NA,NA,NA,NA,N,3,0,2,2,A,-,03,22350,NA,N,C,C,A,A,H,-,A,D,0,NA,NA,NA,NA,Y,NA,A,01,0,1,1,0,0,0,0,0,0,-,-,33.96144104003906,-116.56259918212892,RIVERSIDE,DESERT HOT SPRINGS,-116.56340026855467,33.961429595947266
81920926,2022,2022-11-18,3300,2022-10-30,1433,N7112,604 C,7,5,6,3394,0,0,0,NA,0,MV44,IRIS AVE,GRANDE VISTA DR,26,E,N,A,-,N,NA,NA,NA,NA,NA,NA,NA,NA,NA,Y,4,0,1,2,A,-,07,21658,A,N,D,C,A,A,H,-,A,A,0,NA,NA,NA,NA,Y,NA,A,08,0,0,1,0,0,0,0,0,0,-,-,33.89521026611328,-117.19621276855467,RIVERSIDE,MORENO VALLEY,-117.19574737548828,33.895320892333984
81921129,2022,2022-11-18,3315,2022-10-24,0925,001874,NA,1,5,6,3315,0,0,0,NA,0,NA,ONTARIO AV,CALIFORNIA AV,0,NA,Y,A,-,N,NA,NA,NA,NA,NA,NA,NA,NA,NA,N,4,0,1,2,A,-,08,22107,NA,N,C,C,A,A,H,-,A,A,0,NA,NA,NA,NA,Y,NA,A,01,0,0,1,0,0,0,0,0,0,-,-,NA,NA,RIVERSIDE,CORONA,-117.53914642333984,33.84640884399414
81923835,2022,2022-11-22,3300,2022-11-18,0705,N5073,38B1,5,5,4,3318,0,0,0,NA,0,T38,DINAH SHORE DR,SHOPPERS LN,35,E,N,A,-,N,NA,NA,NA,NA,NA,NA,NA,NA,NA,N,4,0,2,2,A,-,03,22350,NA,N,C,C,A,A,H,-,A,A,0,NA,NA,NA,NA,Y,NA,A,01,0,0,2,0,0,0,0,0,0,-,-,33.80175018310547,-116.39054870605467,RIVERSIDE,PALM DESERT,-116.39044189453124,33.80193328857422
81926193,2022,2022-11-24,3315,2022-11-04,0855,004513,6E,5,5,6,3315,0,0,0,NA,0,001,MAIN ST,91 EB ON RAMP,0,NA,Y,A,-,N,NA,NA,NA,NA,NA,NA,NA,NA,NA,Y,4,0,1,2,A,-,12,21453,A,N,D,C,A,A,H,-,A,A,0,NA,NA,NA,NA,Y,NA,A,01,0,0,1,0,0,0,0,0,0,-,-,33.87963104248047,-117.56565856933594,RIVERSIDE,CORONA,-117.565577,33.879448
8192634,2016,2017-01-11,3315,2016-12-07,0842,002235,11C,3,5,6,3315,0,0,0,NA,0,002,BUCHANAN ST,DARTMOUTH ST,0,NA,Y,A,-,N,NA,NA,NA,NA,NA,NA,NA,NA,NA,Y,4,0,2,2,A,-,09,21802,A,N,D,C,A,A,H,-,A,A,0,NA,NA,NA,NA,Y,NA,A,07,0,0,2,0,0,0,0,0,0,-,-,NA,NA,RIVERSIDE,CORONA,-117.50497002,33.89869001
81926955,2022,2022-11-28,3300,2022-11-24,2050,5665,603 B,4,5,6,3394,0,0,0,NA,0,MV34,PERRIS BLVD,KRAMERIA AVE,0,NA,Y,A,-,N,NA,NA,NA,NA,NA,NA,NA,NA,NA,Y,3,0,3,2,A,-,12,21453,A,F,D,D,A,A,H,-,C,A,0,NA,NA,NA,NA,Y,Y,A,01,0,1,2,0,0,0,0,0,0,-,-,33.88090133666992,-117.2266082763672,RIVERSIDE,MORENO VALLEY,-117.22617340087892,33.88105010986328
81928332,2022,2022-11-29,3300,2022-11-18,2240,5632,916A,5,5,4,3312,0,0,0,NA,0,031,INDIAN AV,PLACENTIA AV,0,NA,Y,A,-,N,NA,NA,NA,NA,NA,NA,NA,NA,NA,N,2,0,2,2,A,-,09,21800,A,N,D,C,A,A,D,-,D,D,0,NA,NA,NA,NA,Y,NA,A,42,1,0,1,0,0,0,0,0,0,-,-,33.82310104370117,-117.23429870605467,RIVERSIDE,PERRIS,-117.23474884033205,33.82301712036133
81931204,2022,2022-12-01,3349,2022-09-05,1742,384,NA,1,5,5,3341,0,0,0,NA,0,001,HEADSAIL DR,LONGSHIP DR,20,S,N,A,-,N,NA,NA,NA,NA,NA,NA,NA,NA,NA,N,3,0,1,2,A,-,03,22350,NA,N,C,E,A,A,H,-,B,A,0,NA,Y,NA,NA,Y,Y,L,04,0,1,0,0,0,0,1,0,0,-,-,33.721248626708984,-117.14289093017578,RIVERSIDE,MENIFEE,NA,NA
8193275,2016,2016-12-23,3315,2016-11-29,1501,002235,3A,2,5,6,3315,0,0,0,NA,0,002,GRAND BL,8TH ST,0,NA,Y,A,-,N,NA,NA,NA,NA,NA,NA,NA,NA,NA,Y,2,0,2,3,A,-,08,22107,NA,N,A,C,A,A,H,-,A,A,0,NA,NA,NA,NA,Y,NA,A,01,1,0,1,0,0,0,0,0,0,-,-,NA,NA,RIVERSIDE,CORONA,-117.57389009,33.87407011
81932979,2022,2022-12-05,3300,2022-06-17,1046,6052,002,5,5,6,3345,0,0,0,NA,0,024,VAN BUREN BL,CLAY ST,0,NA,Y,A,-,N,NA,NA,NA,NA,NA,NA,NA,NA,NA,Y,4,0,1,1,D,-,00,NA,NA,N,F,A,A,A,H,-,A,A,0,NA,NA,NA,NA,Y,NA,-,-,0,0,1,0,0,0,0,0,0,-,-,33.96731948852539,-117.46681213378906,RIVERSIDE,JURUPA VALLEY,-117.46662902832033,33.96714401245117
81933038,2022,2022-12-05,3300,2022-11-24,0935,4145,601 B,4,5,6,3394,0,0,0,NA,0,MV12,SUNNYMEAD RANCH PKWY,VIA PAVON,63,W,N,A,-,N,NA,NA,NA,NA,NA,NA,NA,NA,NA,N,4,0,2,2,A,-,09,21802,A,N,C,D,A,A,H,-,A,A,0,NA,NA,NA,NA,Y,NA,A,07,0,0,2,0,0,0,0,0,0,-,-,33.97211837768555,-117.2545166015625,RIVERSIDE,MORENO VALLEY,-117.25469970703124,33.972015380859375
81933111,2022,2022-12-05,3313,2022-11-04,0931,2073,5,5,5,7,3313,0,0,0,NA,0,T70,VAN BUREN BL,CLEVELAND AV,453,S,N,A,-,N,NA,NA,NA,NA,NA,NA,NA,NA,NA,Y,2,0,1,3,A,-,01,23152,G,N,E,I,A,A,H,-,A,D,0,NA,NA,NA,NA,Y,Y,D,22,1,0,0,0,0,0,0,0,0,-,-,NA,NA,RIVERSIDE,RIVERSIDE,-117.43032073974608,33.90049362182617
81936806,2022,2022-12-08,3300,2022-12-05,0005,6112,001L4,1,5,6,3345,0,0,0,NA,0,016,MISSION BL,MINTERN ST,0,NA,Y,B,-,N,NA,NA,NA,NA,NA,NA,NA,NA,NA,Y,2,0,3,2,A,-,09,21801,A,N,D,C,A,B,H,-,C,D,0,NA,NA,NA,NA,Y,Y,-,35,2,0,1,0,0,0,0,0,0,-,-,33.99562072753906,-117.40432739257813,RIVERSIDE,JURUPA VALLEY,-117.40420532226563,33.995548248291016
81936910,2022,2022-12-08,3300,2022-07-31,2312,5820,920A,7,5,4,3314,0,0,0,NA,0,074,SAN JACINTO AVE,COMMONWEALTH AVE,0,NA,Y,A,-,N,NA,NA,NA,NA,NA,NA,NA,NA,NA,N,4,0,1,2,A,-,03,22350,NA,N,C,C,A,A,H,-,C,A,0,NA,NA,NA,NA,Y,NA,A,01,0,0,1,0,0,0,0,0,0,-,-,33.76921844482422,-116.95867919921876,RIVERSIDE,SAN JACINTO,-116.95877838134766,33.769187927246094
81938053,2022,2022-12-09,3313,2022-10-11,1645,0282,2,2,5,7,3313,0,0,0,NA,0,T48,SYCAMORE CANYON BL,QUAIL RUN RD,825,N,N,C,-,N,NA,NA,NA,NA,NA,NA,NA,NA,NA,Y,4,0,1,2,A,-,05,21650,NA,N,D,C,A,B,H,-,A,D,0,NA,NA,NA,NA,Y,NA,D,22,0,0,1,0,0,0,0,0,0,-,-,33.96112060546875,-117.31983947753906,RIVERSIDE,RIVERSIDE,-117.32238006591795,33.96185302734375
81938070,2022,2022-12-09,3313,2022-11-16,1728,0282,1,3,5,7,3313,0,0,0,NA,0,T48,MAGNOLIA AVE,RAMONA DR,120,N,N,A,-,N,NA,NA,NA,NA,NA,NA,NA,NA,NA,N,4,0,1,3,A,-,03,22350,NA,M,C,C,A,A,H,-,C,A,0,NA,NA,NA,NA,Y,NA,E,22,0,0,1,0,0,0,0,0,0,-,-,33.97050857543945,-117.38533782958984,RIVERSIDE,RIVERSIDE,-117.38514709472656,33.97085952758789
8193847,2016,2016-12-28,3300,2016-11-22,1752,3536,603B1,2,5,6,3394,0,0,0,NA,0,MV34,GENTIAN AV,INDIAN ST,50,W,N,A,-,N,NA,NA,NA,NA,NA,NA,NA,NA,NA,Y,4,0,4,2,A,-,03,22350,NA,N,C,C,A,A,H,-,C,A,0,NA,NA,NA,NA,Y,NA,A,07,0,0,4,0,0,0,0,0,0,-,-,33.89556,-117.23488,RIVERSIDE,MORENO VALLEY,-117.23514424,33.89551899
81939358,2022,2022-12-12,3313,2022-11-24,1929,1718,4,4,5,7,3313,0,0,0,NA,0,3R56,WASHINGTON ST,BRADLEY ST,0,NA,Y,A,-,N,NA,NA,NA,NA,NA,NA,NA,NA,NA,Y,2,0,3,4,A,-,01,23152,A,N,B,C,A,A,H,-,C,A,0,NA,NA,NA,NA,Y,Y,A,01,1,0,2,0,0,0,0,0,0,-,-,33.90768051147461,-117.38420104980467,RIVERSIDE,RIVERSIDE,-117.3835220336914,33.90885925292969
8193995,2016,2017-01-04,3313,2016-10-11,1211,1686,C,2,5,7,3313,0,0,0,NA,0,T58,MAGNOLIA AV,MADISON ST,15,E,N,A,-,N,NA,NA,NA,NA,NA,NA,NA,NA,NA,N,4,0,1,2,A,-,03,22350,NA,N,C,C,A,A,H,-,A,A,0,NA,NA,NA,NA,Y,NA,D,22,0,0,1,0,0,0,0,0,0,-,-,33.94169,-117.40948,RIVERSIDE,RIVERSIDE,-117.40945947,33.94151342
81941528,2022,2022-12-14,3300,2022-12-05,1546,N6519,604 B,1,5,6,3394,0,0,0,NA,0,MV42,CACTUS AVE,WINDMILL LN,29,W,N,A,-,N,NA,NA,NA,NA,NA,NA,NA,NA,NA,N,4,0,1,2,A,-,09,21801,A,N,A,C,A,A,H,-,A,D,0,NA,NA,NA,NA,Y,NA,A,01,0,0,1,0,0,0,0,0,0,-,-,33.91006088256836,-117.18833923339844,RIVERSIDE,MORENO VALLEY,-117.18831634521484,33.91011047363281
81943952,2022,2022-12-16,3306,2022-10-21,1735,755,NA,5,5,3,3306,0,0,0,NA,0,NA,PALM DR,VARNER RD,300,N,N,A,-,N,NA,NA,NA,NA,NA,NA,NA,NA,NA,N,4,0,1,2,A,-,03,22350,NA,N,C,C,A,A,H,-,A,A,0,NA,NA,NA,NA,Y,NA,D,22,0,0,1,0,0,0,0,0,0,-,-,NA,NA,RIVERSIDE,DESERT HOT SPRINGS,-116.50160980224608,33.89216232299805
81944907,2022,2022-12-19,3300,2022-08-18,0505,5711,603B1,4,5,6,3394,0,0,0,NA,0,NA,PERRIS BLVD,FILAREE AVE,202,S,N,A,-,N,NA,NA,NA,NA,NA,NA,NA,NA,NA,N,3,0,1,4,A,-,03,22350,NA,F,E,J,A,A,H,-,B,A,0,NA,NA,NA,NA,Y,Y,D,22,0,1,0,0,0,0,0,0,0,-,-,33.89870834350586,-117.22615814208984,RIVERSIDE,MORENO VALLEY,-117.22630310058594,33.89818572998047
81946407,2022,2022-12-20,3300,2022-12-06,1841,3552,916D,2,5,4,3312,0,0,0,NA,0,035,D ST,I 215 SB OFRP,0,NA,Y,B,-,Y,NA,NA,NA,NA,NA,NA,NA,NA,NA,Y,1,1,0,2,A,-,11,21954,A,N,G,B,D,A,H,-,C,D,0,Y,NA,NA,NA,Y,NA,N,60,0,0,0,1,0,0,0,0,0,-,-,33.790489196777344,-117.22863006591795,RIVERSIDE,PERRIS,NA,NA
81946416,2022,2022-12-20,3300,2022-12-16,1802,6161,910D,5,5,5,3335,0,0,0,NA,0,064,YNEZ RD,QUIET MEADOW RD,184,S,N,A,-,N,NA,NA,NA,NA,NA,NA,NA,NA,NA,Y,3,0,1,2,A,-,03,22350,NA,N,C,C,A,A,H,-,C,A,0,NA,NA,NA,NA,Y,NA,A,01,0,1,0,0,0,0,0,0,0,-,-,33.49073028564453,-117.1383819580078,RIVERSIDE,TEMECULA,-117.13831329345705,33.4901237487793
81946476,2022,2022-12-20,3308,2022-11-08,1347,10908,NA,2,5,5,3308,0,0,0,NA,0,NA,CAWSTON AVE,WHITE PEPPER DR,32,N,N,C,-,N,NA,NA,NA,NA,NA,NA,NA,NA,NA,Y,4,0,1,2,A,-,03,22350,NA,N,C,C,A,B,H,-,A,A,0,NA,NA,NA,NA,Y,NA,A,01,0,0,1,0,0,0,0,0,0,-,-,33.7599983215332,-117.01172637939452,RIVERSIDE,HEMET,-117.01531219482422,33.761878967285156
8194870,2016,2017-01-19,3309,2016-12-06,1432,443,3309,2,5,4,3309,0,0,0,NA,0,005,AVE 42,POWER POLE 1105907,159,E,N,A,-,N,NA,NA,NA,NA,NA,NA,NA,NA,NA,N,2,0,2,2,A,-,03,22350,NA,N,D,C,A,A,H,-,A,A,0,NA,NA,NA,NA,Y,NA,D,22,1,1,0,0,0,0,0,0,0,-,-,NA,NA,RIVERSIDE,INDIO,NA,NA
81953962,2022,2022-12-28,3313,2022-12-02,0753,1686,5,5,5,7,3313,0,0,0,NA,0,T58,LA SIERRA AVE,GRAMERCY PL,0,NA,Y,B,-,N,NA,NA,NA,NA,NA,NA,NA,NA,NA,Y,4,0,4,2,A,-,12,21453,A,N,D,C,A,A,H,-,A,A,0,NA,NA,NA,NA,Y,NA,A,08,0,0,4,0,0,0,0,0,0,-,-,33.92744064331055,-117.49347686767578,RIVERSIDE,RIVERSIDE,-117.49346923828124,33.927371978759766
81957377,2022,2023-01-02,3313,2022-09-17,1335,1830,1,6,5,7,3313,0,0,0,NA,0,T41,MARKET ST,STATE HWY 60 EB OFFRAMP (S),0,NA,Y,A,-,N,NA,NA,NA,NA,NA,NA,NA,NA,NA,N,4,0,1,2,A,-,03,22350,NA,N,C,C,A,A,H,-,A,A,0,NA,NA,NA,NA,Y,NA,A,01,0,0,1,0,0,0,0,0,0,-,-,33.99959182739258,-117.37377166748048,RIVERSIDE,RIVERSIDE,NA,NA
81957975,2022,2023-01-03,3300,2022-12-27,1301,4323,910Q,2,5,5,3335,0,0,0,NA,0,070,TEMECULA PKY,JEDEDIAH SMITH RD,0,NA,Y,A,-,N,NA,NA,NA,NA,NA,NA,NA,NA,NA,Y,3,0,1,2,A,-,12,21453,A,N,D,C,A,A,H,-,A,A,0,NA,NA,NA,NA,Y,NA,A,01,0,1,0,0,0,0,0,0,0,-,-,33.47584915161133,-117.12303924560548,RIVERSIDE,TEMECULA,-117.12267303466795,33.4761848449707
81961355,2022,2023-01-06,3300,2022-12-23,1855,4309,910M,5,5,5,3335,0,0,0,NA,0,067,TEMECULA PKY,LA PAZ ST,100,E,N,A,-,N,NA,NA,NA,NA,NA,NA,NA,NA,NA,N,4,0,1,2,A,-,03,22350,NA,F,C,C,A,A,H,-,C,A,0,NA,NA,NA,NA,Y,NA,A,01,0,0,1,0,0,0,0,0,0,-,-,33.47835159301758,-117.1357192993164,RIVERSIDE,TEMECULA,-117.13548278808594,33.47804641723633
81964082,2022,2023-01-10,3313,2022-12-16,1359,1489,4,5,5,7,3313,0,0,0,NA,0,T44,INDIANA AVE,MADISON ST,400,W,N,A,-,N,NA,NA,NA,NA,NA,NA,NA,NA,NA,N,4,0,1,2,A,-,03,22350,NA,N,C,C,A,A,H,-,A,D,0,NA,NA,NA,NA,Y,NA,A,01,0,0,1,0,0,0,0,0,0,-,-,33.93415069580078,-117.40463256835938,RIVERSIDE,RIVERSIDE,-117.40545654296876,33.9345817565918
81965052,2023,2023-01-11,3300,2023-01-05,1025,6248,910C,4,5,5,3335,0,0,0,NA,0,046,MARGARITA RD,DE PORTOLA RD,0,NA,N,B,C,N,NA,NA,NA,NA,NA,NA,NA,NA,NA,Y,4,0,1,1,A,-,03,22350,NA,N,E,I,A,B,H,-,A,D,0,NA,NA,NA,NA,Y,NA,A,01,0,0,1,0,0,0,0,0,0,-,-,33.48398971557617,-117.10285186767578,RIVERSIDE,TEMECULA,-117.10299682617188,33.48410415649414
81966214,2022,2023-01-12,3300,2022-12-06,0850,N5073,36M4,2,5,4,3318,0,0,0,NA,0,T36,FRED WARING DR,COOK ST,898,E,N,B,-,N,NA,NA,NA,NA,NA,NA,NA,NA,NA,N,4,0,1,3,A,-,03,22350,NA,F,C,C,A,A,H,-,A,A,0,NA,NA,NA,NA,Y,NA,D,22,0,0,1,0,0,0,0,0,0,-,-,33.728858947753906,-116.35630035400392,RIVERSIDE,PALM DESERT,-116.35335540771484,33.72895050048828
81966238,2022,2023-01-12,3311,2022-11-10,1138,16168,NA,4,5,4,3311,0,0,0,NA,0,NA,SUNRISE WAY,CAPRI CIRCLE,24,S,N,A,-,N,NA,NA,NA,NA,NA,NA,NA,NA,NA,Y,3,0,1,2,A,-,03,22350,NA,N,C,C,A,A,H,-,A,D,0,NA,NA,NA,Y,Y,NA,D,22,0,1,0,0,0,0,0,0,0,-,-,33.80387878417969,-116.52825927734376,RIVERSIDE,PALM SPRINGS,-116.52825164794922,33.80393600463867