CASE_ID,ACCIDENT_YEAR,PROC_DATE,JURIS,COLLISION_DATE,COLLISION_TIME,OFFICER_ID,REPORTING_DISTRICT,DAY_OF_WEEK,CHP_SHIFT,POPULATION,CNTY_CITY_LOC,SPECIAL_COND,BEAT_TYPE,CHP_BEAT_TYPE,CITY_DIVISION_LAPD,CHP_BEAT_CLASS,BEAT_NUMBER,PRIMARY_RD,SECONDARY_RD,DISTANCE,DIRECTION,INTERSECTION,WEATHER_1,WEATHER_2,STATE_HWY_IND,CALTRANS_COUNTY,CALTRANS_DISTRICT,STATE_ROUTE,ROUTE_SUFFIX,POSTMILE_PREFIX,POSTMILE,LOCATION_TYPE,RAMP_INTERSECTION,SIDE_OF_HWY,TOW_AWAY,COLLISION_SEVERITY,NUMBER_KILLED,NUMBER_INJURED,PARTY_COUNT,PRIMARY_COLL_FACTOR,PCF_CODE_OF_VIOL,PCF_VIOL_CATEGORY,PCF_VIOLATION,PCF_VIOL_SUBSECTION,HIT_AND_RUN,TYPE_OF_COLLISION,MVIW,PED_ACTION,ROAD_SURFACE,ROAD_COND_1,ROAD_COND_2,LIGHTING,CONTROL_DEVICE,CHP_ROAD_TYPE,PEDESTRIAN_ACCIDENT,BICYCLE_ACCIDENT,MOTORCYCLE_ACCIDENT,TRUCK_ACCIDENT,NOT_PRIVATE_PROPERTY,ALCOHOL_INVOLVED,STWD_VEHTYPE_AT_FAULT,CHP_VEHTYPE_AT_FAULT,COUNT_SEVERE_INJ,COUNT_VISIBLE_INJ,COUNT_COMPLAINT_PAIN,COUNT_PED_KILLED,COUNT_PED_INJURED,COUNT_BICYCLIST_KILLED,COUNT_BICYCLIST_INJURED,COUNT_MC_KILLED,COUNT_MC_INJURED,PRIMARY_RAMP,SECONDARY_RAMP,LATITUDE,LONGITUDE,COUNTY,CITY,POINT_X,POINT_Y
82146029,2023,2023-08-17,3300,2023-07-10,1109,6228,Y83,1,5,3,3305,0,0,0,NA,0,Y82,CESAR CHAVEZ ST,50TH AV,12,W,N,A,-,N,NA,NA,NA,NA,NA,NA,NA,NA,NA,N,3,0,2,2,A,-,12,21453,A,N,D,C,A,A,H,-,A,A,0,NA,NA,NA,NA,Y,NA,A,01,0,2,0,0,0,0,0,0,0,-,-,33.685489654541016,-116.18154144287108,RIVERSIDE,COACHELLA,-116.1816177368164,33.68545150756836
82146939,2023,2023-08-18,3300,2023-08-14,1345,3290,916D,1,5,4,3312,0,0,0,NA,0,035,D ST,2ND ST,100,S,N,A,-,N,NA,NA,NA,NA,NA,NA,NA,NA,NA,N,4,0,7,2,A,-,03,22350,NA,N,C,C,A,A,H,-,A,A,0,NA,NA,NA,NA,Y,NA,A,01,0,0,7,0,0,0,0,0,0,-,-,33.784420013427734,-117.22834777832033,RIVERSIDE,PERRIS,-117.22843170166016,33.784156799316406
82147862,2023,2023-08-21,3300,2023-06-17,2345,5398,NA,6,5,5,3335,0,0,0,NA,0,NA,PECHANGA PKY,WOLF VALLEY RD,0,NA,Y,A,-,N,NA,NA,NA,NA,NA,NA,NA,NA,NA,Y,4,0,1,2,C,-,18,NA,NA,N,C,C,A,A,H,-,C,A,0,NA,NA,NA,NA,Y,NA,-,-,0,0,1,0,0,0,0,0,0,-,-,33.45970916748047,-117.10758972167967,RIVERSIDE,TEMECULA,-117.10769653320313,33.45964050292969
82149404,2023,2023-08-22,3313,2023-07-30,2046,1814,5,7,5,7,3313,0,0,0,NA,0,3R54,TYLER ST,HEDRICK AVE,451,N,N,A,-,N,NA,NA,NA,NA,NA,NA,NA,NA,NA,N,3,0,1,2,A,-,08,22107,NA,N,D,C,A,A,H,-,C,D,0,NA,NA,NA,NA,Y,NA,A,01,0,1,0,0,0,0,0,0,0,-,-,33.929988861083984,-117.47563934326172,RIVERSIDE,RIVERSIDE,-117.47615814208984,33.93123245239258
82150446,2023,2023-08-23,3306,2023-08-20,1515,2547,NA,7,5,3,3306,0,0,0,NA,0,NA,PIERSON BLVD,CACTUS DR,0,NA,Y,B,C,N,NA,NA,NA,NA,NA,NA,NA,NA,NA,N,4,0,1,2,A,-,01,23152,A,F,A,C,A,B,H,-,A,A,0,NA,NA,NA,NA,Y,Y,D,22,0,0,1,0,0,0,0,0,0,-,-,33.96147918701172,-116.50570678710938,RIVERSIDE,DESERT HOT SPRINGS,-116.50572204589844,33.961463928222656
82153821,2023,2023-08-25,3300,2023-07-16,735,5932,916A,7,5,4,3312,0,0,0,NA,0,031,ORANGE AV,EVANS RD,0,NA,Y,A,-,N,NA,NA,NA,NA,NA,NA,NA,NA,NA,Y,4,0,1,2,-,-,-,NA,NA,N,D,C,A,A,H,-,A,A,0,NA,NA,NA,NA,Y,NA,-,-,0,0,1,0,0,0,0,0,0,-,-,33.81568145751953,-117.1999282836914,RIVERSIDE,PERRIS,-117.19993591308594,33.81564712524414
82153825,2023,2023-08-25,3300,2023-08-22,1440,3491,910H,2,5,5,3335,0,0,0,NA,0,TE-93,MARGARITA RD,ORANGE BLOSSOM,0,NA,Y,A,-,N,NA,NA,NA,NA,NA,NA,NA,NA,NA,Y,3,0,1,2,A,-,09,21801,A,N,D,C,A,A,H,-,A,D,0,NA,NA,NA,NA,Y,NA,A,07,0,1,0,0,0,0,0,0,0,-,-,33.513240814208984,-117.13641357421876,RIVERSIDE,TEMECULA,-117.13632202148438,33.513362884521484
82153826,2023,2023-08-25,3300,2023-08-22,1711,4323,NA,2,5,5,3335,0,0,0,NA,0,NA,YNEZ RD,DLR DR (N),25,N,N,A,-,N,NA,NA,NA,NA,NA,NA,NA,NA,NA,N,4,0,2,2,A,-,03,22350,NA,N,C,C,A,A,H,-,A,A,0,NA,NA,NA,NA,Y,NA,A,07,0,0,2,0,0,0,0,0,0,-,-,33.51148986816406,-117.15164947509766,RIVERSIDE,TEMECULA,-117.15171813964844,33.51152420043945
82155569,2023,2023-08-28,3315,2023-08-20,243,004651,15A,7,5,6,3315,0,0,0,NA,0,004,CHASE DR,MAIN ST,480,W,N,B,C,N,NA,NA,NA,NA,NA,NA,NA,NA,NA,Y,3,0,1,1,A,-,03,22350,NA,N,E,I,A,B,H,-,C,D,0,NA,NA,NA,NA,Y,NA,A,01,0,1,0,0,0,0,0,0,0,-,-,NA,NA,RIVERSIDE,CORONA,-117.57258605957033,33.8455696105957
82156486,2023,2023-08-29,3300,2023-08-27,1355,4323,910O,7,5,5,3335,0,0,0,NA,0,064,BUTTERFIELD STAGE RD,PAUBA RD,0,NA,Y,A,-,N,NA,NA,NA,NA,NA,NA,NA,NA,NA,Y,4,0,2,2,A,-,09,21453,C,N,D,C,A,A,H,-,A,A,0,NA,NA,NA,NA,Y,NA,A,01,0,0,2,0,0,0,0,0,0,-,-,33.50770950317383,-117.08997344970705,RIVERSIDE,TEMECULA,-117.08990478515624,33.50822448730469
82156623,2023,2023-08-29,3300,2023-08-24,1145,N7028,601 C,4,5,6,3394,0,0,0,NA,0,MV14,DAY ST,SH-60 WBOFF/R,28,N,N,A,-,N,NA,NA,NA,NA,NA,NA,NA,NA,NA,Y,4,0,1,2,A,-,03,22350,NA,N,C,C,A,A,H,-,A,A,0,NA,NA,NA,NA,Y,NA,A,07,0,0,1,0,0,0,0,0,0,-,-,33.94371032714844,-117.27899932861328,RIVERSIDE,MORENO VALLEY,-117.26747131347656,33.94068145751953
82156960,2023,2023-08-29,3315,2023-08-07,1738,003279,3B,1,5,6,3315,0,0,0,NA,0,003,MAIN ST,OLIVE ST,0,NA,Y,A,-,N,NA,NA,NA,NA,NA,NA,NA,NA,NA,N,3,0,1,2,A,-,09,21801,A,N,D,G,A,A,H,-,A,A,0,NA,Y,NA,NA,Y,NA,A,01,0,1,0,0,0,0,1,0,0,-,-,33.8679313659668,-117.56746673583984,RIVERSIDE,CORONA,-117.56754302978516,33.86792755126953
82158118,2023,2023-08-30,3315,2023-08-27,1226,004274,3G,7,5,6,3315,0,0,0,NA,0,002,SIXTH ST,GRAND BL S (E),222,E,N,A,-,N,NA,NA,NA,NA,NA,NA,NA,NA,NA,Y,4,0,1,2,A,-,09,21801,A,N,D,C,A,A,H,-,A,D,0,NA,NA,NA,NA,Y,NA,A,01,0,0,1,0,0,0,0,0,0,-,-,NA,NA,RIVERSIDE,CORONA,-117.57328033447266,33.876121520996094
82161126,2023,2023-09-04,3300,2023-08-26,1804,4309,910F,6,5,5,3335,0,0,0,NA,0,062,WINCHESTER RD,YNEZ RD,30,E,N,A,-,N,NA,NA,NA,NA,NA,NA,NA,NA,NA,N,4,0,2,2,A,-,03,22350,NA,N,C,C,A,A,H,-,A,A,0,NA,NA,NA,NA,Y,NA,A,07,0,0,2,0,0,0,0,0,0,-,-,33.52465057373047,-117.16008758544922,RIVERSIDE,TEMECULA,-117.16028594970705,33.524715423583984
82161855,2023,2023-09-05,3300,2023-09-02,944,4713,910M,6,5,5,3335,0,0,0,NA,0,067,TEMECULA PKY,AVENIDA DE MISSIONS,0,NA,Y,A,B,N,NA,NA,NA,NA,NA,NA,NA,NA,NA,Y,3,0,2,2,A,-,12,21453,A,N,D,C,A,A,H,-,A,A,0,NA,NA,NA,NA,Y,NA,A,01,0,1,1,0,0,0,0,0,0,-,-,33.47758865356445,-117.11174011230467,RIVERSIDE,TEMECULA,-117.11172485351563,33.477596282958984
82161861,2023,2023-09-06,3306,2023-08-29,1948,2965,NA,2,5,3,3306,0,0,0,NA,0,NA,SANTA CRUZ RD,AVENIDA CADENA,13,N,N,A,-,N,NA,NA,NA,NA,NA,NA,NA,NA,NA,N,3,0,1,2,A,-,03,22350,NA,N,D,G,A,A,H,-,B,D,0,NA,Y,NA,NA,Y,NA,L,04,0,1,0,0,0,0,1,0,0,-,-,33.978309631347656,-116.50393676757813,RIVERSIDE,DESERT HOT SPRINGS,-116.50389862060548,33.97835922241211
82162960,2023,2023-09-06,3311,2023-08-18,1151,16014,NA,5,5,4,3311,0,0,0,NA,0,006,CROSSLEY ROAD,DINAH SHORE DRIVE,0,NA,Y,A,-,N,NA,NA,NA,NA,NA,NA,NA,NA,NA,Y,3,0,2,2,A,-,12,21453,A,N,D,C,A,A,H,-,A,A,0,NA,NA,NA,NA,Y,NA,A,01,0,2,0,0,0,0,0,0,0,-,-,33.80855178833008,-116.48416900634766,RIVERSIDE,PALM SPRINGS,-116.4842529296875,33.808536529541016
82164200,2023,2023-09-08,3349,2023-08-30,1710,573,NA,3,5,5,3341,0,0,0,NA,0,004,NEWPORT RD,MURRIETA RD,429,E,N,A,-,N,NA,NA,NA,NA,NA,NA,NA,NA,NA,Y,3,0,3,2,A,-,09,21804,A,N,D,C,A,A,H,-,A,A,0,NA,NA,NA,NA,Y,NA,A,01,0,2,1,0,0,0,0,0,0,-,-,NA,NA,RIVERSIDE,MENIFEE,-117.2046127319336,33.68503952026367
82165328,2023,2023-11-03,3313,2023-08-18,2235,1526,3,5,5,7,3313,0,0,0,NA,0,1R39,VAN BUREN BLVD,DAUCHY AVE,208,E,N,A,-,N,NA,NA,NA,NA,NA,NA,NA,NA,NA,Y,3,0,4,2,A,-,03,22350,NA,M,C,C,A,A,H,-,C,A,0,NA,NA,NA,NA,Y,NA,A,01,0,1,3,0,0,0,0,0,0,-,-,NA,NA,RIVERSIDE,RIVERSIDE,-117.33940887451172,33.88711929321289
82165329,2023,2023-09-08,3313,2023-08-21,908,581,3,1,5,7,3313,0,0,0,NA,0,M25,VAN BUREN BLVD,TRAUTWEIN RD,9,E,N,A,-,N,NA,NA,NA,NA,NA,NA,NA,NA,NA,N,3,0,1,2,A,-,03,22350,NA,N,C,C,A,A,H,-,A,A,0,NA,NA,NA,NA,Y,NA,I,11,0,1,0,0,0,0,0,0,0,-,-,33.8884391784668,-117.32430267333984,RIVERSIDE,RIVERSIDE,-117.32421875,33.888526916503906
82166547,2023,2023-09-11,3300,2023-09-01,818,N4654,910M,5,5,5,3335,0,0,0,NA,0,067,MARGARITA RD,DE PORTOLA RD,49,N,N,A,-,N,NA,NA,NA,NA,NA,NA,NA,NA,NA,N,4,0,1,2,A,-,03,22350,NA,N,C,C,A,A,H,-,A,A,0,NA,NA,NA,NA,Y,NA,A,01,0,0,1,0,0,0,0,0,0,-,-,33.483741760253906,-117.10323333740234,RIVERSIDE,TEMECULA,-117.1030502319336,33.48422622680664
82169557,2023,2023-09-14,3300,2023-09-12,919,4323,910K,2,5,5,3335,0,0,0,NA,0,064,RANCHO VISTA RD,MIRA LOMA DR (1),150,W,N,A,-,N,NA,NA,NA,NA,NA,NA,NA,NA,NA,N,4,0,1,1,A,-,03,22350,NA,N,E,I,A,A,H,-,A,D,0,NA,NA,NA,NA,Y,NA,A,01,0,0,1,0,0,0,0,0,0,-,-,33.50088882446289,-117.138671875,RIVERSIDE,TEMECULA,-117.1391143798828,33.50077438354492
82170704,2023,2023-09-15,3313,2023-08-29,1142,1026,2,2,5,7,3313,0,0,0,NA,0,T52,KANSAS AVE,ELEVENTH ST,0,NA,Y,A,-,N,NA,NA,NA,NA,NA,NA,NA,NA,NA,Y,3,0,1,2,A,-,09,21802,A,N,C,C,A,A,H,-,A,A,0,NA,NA,NA,NA,Y,NA,D,22,0,1,0,0,0,0,0,0,0,-,-,33.971290588378906,-117.35693359375,RIVERSIDE,RIVERSIDE,-117.357177734375,33.9727783203125
82171709,2023,2023-09-18,3313,2023-08-05,301,2029,5,6,5,7,3313,0,0,0,NA,0,1R59,RIVERWALK PKWY,FLAT ROCK DR,246,N,N,A,-,N,NA,NA,NA,NA,NA,NA,NA,NA,NA,N,3,0,1,1,A,-,08,22107,NA,N,E,J,A,A,H,-,C,D,0,NA,NA,NA,NA,Y,Y,A,01,0,1,0,0,0,0,0,0,0,-,-,33.903831481933594,-117.49352264404295,RIVERSIDE,RIVERSIDE,-117.49353790283205,33.904457092285156
82173020,2023,2023-09-19,3300,2023-09-11,740,N7114,002,1,5,6,3345,0,0,0,NA,0,024,LIMONITE AV,BEACH ST,885,W,N,B,-,N,NA,NA,NA,NA,NA,NA,NA,NA,NA,Y,4,0,3,2,A,-,09,21801,A,N,D,C,A,A,H,-,A,D,0,NA,NA,NA,NA,Y,NA,A,01,0,0,3,0,0,0,0,0,0,-,-,33.974449157714844,-117.49437713623048,RIVERSIDE,JURUPA VALLEY,-117.49778747558594,33.97551727294922
82173047,2023,2023-09-19,3300,2023-09-11,835,N1673,38H1,1,5,4,3318,0,0,0,NA,0,T38,COOK ST,COUNTRY CLUB DR,0,NA,Y,B,-,N,NA,NA,NA,NA,NA,NA,NA,NA,NA,Y,4,0,1,2,A,-,12,21453,A,N,D,C,A,A,H,-,A,A,0,NA,NA,NA,NA,Y,NA,A,01,0,0,1,0,0,0,0,0,0,-,-,33.75804138183594,-116.3562469482422,RIVERSIDE,PALM DESERT,-116.35633850097656,33.757999420166016
82174142,2023,2023-09-20,3300,2023-09-14,1148,3359,916B,4,5,4,3312,0,0,0,NA,0,032,NUEVO RD,PERRIS PLAZA (W),0,NA,Y,A,-,N,NA,NA,NA,NA,NA,NA,NA,NA,NA,Y,3,0,2,2,A,-,12,21453,A,N,D,C,A,A,A,-,A,A,0,NA,NA,NA,NA,Y,NA,A,01,0,1,1,0,0,0,0,0,0,-,-,33.80152893066406,-117.22998046875,RIVERSIDE,PERRIS,-117.22612762451172,33.80109405517578
82174561,2023,2023-09-20,3315,2023-09-13,1744,003279,6D,3,5,6,3315,0,0,0,NA,0,001,SIXTH ST,VICENTIA AV,0,NA,Y,A,-,N,NA,NA,NA,NA,NA,NA,NA,NA,NA,Y,4,0,1,2,A,-,12,21453,A,N,D,C,A,A,H,-,A,A,0,NA,NA,Y,NA,Y,NA,C,02,0,0,1,0,0,0,0,0,1,-,-,NA,NA,RIVERSIDE,CORONA,-117.57527923583984,33.87635040283203
82179296,2023,2023-09-26,3300,2023-09-20,908,N6224,601 C,3,5,6,3394,0,0,0,NA,0,MV14,BOX SPRINGS RD,CLARK ST,0,NA,Y,A,-,N,NA,NA,NA,NA,NA,NA,NA,NA,NA,N,3,0,1,2,A,-,09,21453,B,N,D,C,A,A,H,-,A,A,0,NA,NA,Y,NA,Y,NA,A,01,0,1,0,0,0,0,0,0,1,-,-,33.94647979736328,-117.28777313232422,RIVERSIDE,MORENO VALLEY,-117.2877197265625,33.94657897949219
82180682,2023,2023-09-27,3300,2023-08-31,2150,5665,604 B,4,5,6,3394,0,0,0,NA,0,MV42,NASON ST,ALESSANDRO BLVD,36,N,N,A,-,N,NA,NA,NA,NA,NA,NA,NA,NA,NA,Y,4,0,2,2,A,-,03,22350,NA,N,C,C,A,A,H,-,C,A,0,NA,NA,NA,NA,Y,NA,A,01,0,0,2,0,0,0,0,0,0,-,-,33.91733932495117,-117.1915283203125,RIVERSIDE,MORENO VALLEY,-117.19168090820313,33.9174690246582
82185364,2023,2023-10-02,3313,2023-08-31,1430,1830,NA,4,5,7,3313,0,0,0,NA,0,NA,ARLINGTON AVE,COPPER LANTERN DR,151,W,N,A,-,N,NA,NA,NA,NA,NA,NA,NA,NA,NA,Y,4,0,1,2,A,-,09,21804,A,N,D,C,A,A,H,-,A,D,0,NA,NA,NA,NA,Y,NA,A,01,0,0,1,0,0,0,0,0,0,-,-,33.9465217590332,-117.4602508544922,RIVERSIDE,RIVERSIDE,-117.46059417724608,33.946441650390625
82186640,2023,2023-10-02,3300,2023-09-27,1200,N1673,36M4,3,5,4,3318,0,0,0,NA,0,T36,FRED WARING DR,COOK ST,65,E,N,A,-,N,NA,NA,NA,NA,NA,NA,NA,NA,NA,N,4,0,1,2,A,-,03,22350,NA,N,C,C,A,A,H,-,A,A,0,NA,NA,NA,NA,Y,NA,A,01,0,0,1,0,0,0,0,0,0,-,-,33.728858947753906,-116.35630035400392,RIVERSIDE,PALM DESERT,-116.3560791015625,33.728858947753906
82186742,2023,2023-10-02,3342,2023-09-14,1903,1357,300,4,5,4,3342,0,0,0,NA,0,003,ANTELOPE RD,SCOTT RD,871,S,N,A,-,N,NA,NA,NA,NA,NA,NA,NA,NA,NA,N,4,0,1,2,A,-,08,22107,NA,N,D,C,A,A,H,-,B,A,0,NA,NA,NA,NA,Y,NA,A,01,0,0,1,0,0,0,0,0,0,-,-,33.64152908325195,-117.16790771484376,RIVERSIDE,MURRIETA,-117.16873168945313,33.63941955566406
82188691,2023,2023-10-12,3313,2023-09-15,1535,1880,2,5,5,7,3313,0,0,0,NA,0,M10,VICTORIA AVE,CENTRAL AVE,53,N,N,A,-,N,NA,NA,NA,NA,NA,NA,NA,NA,NA,N,4,0,1,2,A,-,21,22106,NA,N,B,C,A,A,H,-,A,A,0,NA,NA,NA,NA,Y,NA,A,01,0,0,1,0,0,0,0,0,0,-,-,33.953590393066406,-117.37023162841795,RIVERSIDE,RIVERSIDE,-117.37046051025392,33.95375442504883
82188699,2023,2023-10-03,3313,2023-09-17,2121,2072,5,7,5,7,3313,0,0,0,NA,0,3R50,RIVERWALK PKWY,FLAT ROCK DR,50,S,N,A,-,N,NA,NA,NA,NA,NA,NA,NA,NA,NA,N,3,0,2,2,A,-,01,23152,A,N,C,D,A,A,H,-,C,A,0,NA,NA,NA,NA,Y,Y,A,01,0,2,0,0,0,0,0,0,0,-,-,33.903831481933594,-117.49352264404295,RIVERSIDE,RIVERSIDE,-117.49375915527344,33.90367126464844
82189784,2023,2023-10-04,3300,2023-09-20,1459,5059,602 C,3,5,6,3394,0,0,0,NA,0,MV24,FREDERICK ST,COTTONWOOD AVE,0,NA,Y,A,-,N,NA,NA,NA,NA,NA,NA,NA,NA,NA,N,4,0,1,2,A,-,03,22350,NA,F,C,C,A,A,H,-,A,D,0,NA,NA,NA,NA,Y,NA,A,01,0,0,1,0,0,0,0,0,0,-,-,33.9244384765625,-117.2612075805664,RIVERSIDE,MORENO VALLEY,-117.26117706298828,33.92451858520508
82191343,2023,2023-10-05,3300,2023-07-12,2130,6270,905L,3,5,4,3307,0,0,0,NA,0,092,LAKESHORE DR X VISCAYA ST,VISCAYA ST,30,S,N,A,-,N,NA,NA,NA,NA,NA,NA,NA,NA,NA,Y,4,0,1,2,D,-,00,NA,NA,N,D,C,A,A,H,-,C,A,0,NA,NA,NA,NA,Y,Y,-,-,0,0,1,0,0,0,0,0,0,-,-,NA,NA,RIVERSIDE,LAKE ELSINORE,-117.36898040771484,33.686012268066406
82191628,2023,2023-10-05,3315,2023-09-18,1327,001641,3E,1,5,6,3315,0,0,0,NA,0,003,RIMPAU AV,MAGNOLIA AV,0,NA,Y,A,-,N,NA,NA,NA,NA,NA,NA,NA,NA,NA,Y,4,0,1,2,A,-,09,21453,C,N,A,C,A,A,H,-,A,A,0,NA,NA,NA,NA,Y,NA,A,01,0,0,1,0,0,0,0,0,0,-,-,NA,NA,RIVERSIDE,CORONA,-117.544677734375,33.86454391479492
82192720,2023,2023-10-06,3300,2023-10-03,1435,N5073,38D1,2,5,4,3318,0,0,0,NA,0,T38,DINAH SHORE DR,ATHENA PT,16,W,N,A,-,N,NA,NA,NA,NA,NA,NA,NA,NA,NA,Y,3,0,1,1,A,-,08,22107,NA,N,E,I,A,A,H,-,A,A,0,NA,NA,NA,NA,Y,NA,A,01,0,1,0,0,0,0,0,0,0,-,-,33.79045867919922,-116.3672103881836,RIVERSIDE,PALM DESERT,-116.3673095703125,33.79057693481445
82193468,2023,2023-10-09,3300,2023-09-11,1427,N7341,001D,1,5,6,3345,0,0,0,NA,0,010,RUBIDOUX BL,FRONTAGE RD,371,S,N,A,-,N,NA,NA,NA,NA,NA,NA,NA,NA,NA,Y,3,0,1,2,A,-,08,22107,NA,N,B,C,A,A,H,-,A,D,0,NA,NA,Y,NA,Y,NA,C,02,0,1,0,0,0,0,0,0,1,-,-,NA,NA,RIVERSIDE,JURUPA VALLEY,NA,NA
82196860,2023,2023-10-12,3311,2023-06-27,1158,16136,NA,2,5,4,3311,0,0,0,NA,0,002,SR 111 (VISTA CHINO),AVENIDA CABALLEROS,0,NA,Y,A,-,Y,RIV,NA,111,NA,T,53.38,H,NA,R,Y,4,0,2,2,A,-,09,21801,A,N,A,C,A,A,H,-,A,A,0,NA,NA,NA,NA,Y,NA,A,01,0,0,2,0,0,0,0,0,0,-,-,33.844818115234375,-116.53694915771484,RIVERSIDE,PALM SPRINGS,-116.53694915771484,33.844879150390625
82196979,2023,2023-10-12,3313,2023-09-14,1500,1489,1,4,5,7,3313,0,0,0,NA,0,T44,LIME ST,THIRD ST,100,S,N,A,G,N,NA,NA,NA,NA,NA,NA,NA,NA,NA,N,4,0,1,2,A,-,08,22107,NA,N,A,C,A,A,H,-,A,D,0,NA,NA,NA,NA,Y,NA,A,01,0,0,1,0,0,0,0,0,0,-,-,33.98379898071289,-117.3673095703125,RIVERSIDE,RIVERSIDE,-117.36788940429688,33.98524856567383
82197910,2023,2023-10-13,3300,2023-09-08,1112,6107,604 B,5,5,6,3394,0,0,0,NA,0,MV42,FIR AVE,STONERIDGE TOWNE CENTER DR,34,E,N,A,-,N,NA,NA,NA,NA,NA,NA,NA,NA,NA,N,3,0,2,3,A,-,09,21804,A,N,C,C,A,A,H,-,A,D,0,NA,NA,NA,NA,Y,Y,A,01,0,2,0,0,0,0,0,0,0,-,-,NA,NA,RIVERSIDE,MORENO VALLEY,-117.18968963623048,33.935394287109375
82198150,2023,2023-10-13,3342,2023-10-09,1310,898,364,1,5,4,3342,0,0,0,NA,0,003,CLINTON KEITH RD,WARM SPRINGS PKWY,151,W,N,A,-,N,NA,NA,NA,NA,NA,NA,NA,NA,NA,Y,4,0,1,2,A,-,04,21703,NA,N,C,C,A,A,H,-,A,D,0,NA,NA,NA,Y,Y,NA,F,26,0,0,1,0,0,0,0,0,0,-,-,NA,NA,RIVERSIDE,MURRIETA,NA,NA
82199266,2023,2023-10-16,3315,2023-09-21,1358,003134,16D,4,5,6,3315,0,0,0,NA,0,003,EAGLE GLEN PY,BENNETT AV,0,NA,Y,A,-,N,NA,NA,NA,NA,NA,NA,NA,NA,NA,Y,2,0,1,2,A,-,09,21802,A,N,D,C,A,A,H,-,A,A,0,NA,NA,NA,NA,Y,NA,A,01,1,0,0,0,0,0,0,0,0,-,-,NA,NA,RIVERSIDE,CORONA,-117.53108978271484,33.814456939697266
82199585,2023,2023-10-16,3308,2023-09-22,1608,10907,523,5,5,5,3308,0,0,0,NA,0,SOUTH,FLORIDA AVE,MYERS ST,0,NA,Y,A,-,N,NA,NA,NA,NA,NA,NA,NA,NA,NA,Y,3,0,1,2,A,-,12,21453,A,N,D,C,A,A,H,-,A,A,0,NA,NA,NA,NA,Y,NA,A,01,0,1,0,0,0,0,0,0,0,-,-,33.74211883544922,-117.02068328857422,RIVERSIDE,HEMET,-117.02408599853516,33.743896484375
82200482,2023,2023-10-17,3300,2023-10-12,1441,6164,002K,4,5,6,3345,0,0,0,NA,0,022,ETIWANDA AV,IBERIA ST,530,S,N,A,-,N,NA,NA,NA,NA,NA,NA,NA,NA,NA,N,3,0,1,2,A,-,03,22350,NA,N,C,C,A,A,H,-,A,D,0,NA,NA,NA,Y,Y,NA,A,01,0,1,0,0,0,0,0,0,0,-,-,34.02212905883789,-117.5231475830078,RIVERSIDE,JURUPA VALLEY,-117.52446746826172,34.02143859863281
82200505,2023,2023-10-17,3300,2023-08-29,1035,N7320,905I,2,5,4,3307,0,0,0,NA,0,095,SH 74,CONARD AVE,8,E,N,A,-,Y,NA,NA,NA,NA,NA,NA,NA,NA,NA,N,4,0,1,2,A,-,12,21453,A,N,D,C,A,A,H,-,A,A,0,NA,NA,NA,NA,Y,NA,A,01,0,0,1,0,0,0,0,0,0,-,-,33.697898864746094,-117.33077239990234,RIVERSIDE,LAKE ELSINORE,NA,NA
82200549,2023,2023-10-17,3300,2023-09-24,1656,N7727,804C,7,5,3,3343,0,0,0,NA,0,084,BUNDY CANYON RD,EAST HARVEST WAY,12,E,N,A,-,N,NA,NA,NA,NA,NA,NA,NA,NA,NA,Y,3,0,1,2,-,-,-,NA,NA,N,-,C,A,A,H,-,A,D,0,NA,NA,Y,NA,Y,NA,-,-,0,1,0,0,0,0,0,0,1,-,-,NA,NA,RIVERSIDE,WILDOMAR,-117.23609924316406,33.63822937011719
82201621,2023,2023-10-18,3300,2023-10-10,1609,N6297,910L,2,5,5,3335,0,0,0,NA,0,064,RANCHO VISTA RD,AVENIDA DE LA REINA,485,E,N,A,-,N,NA,NA,NA,NA,NA,NA,NA,NA,NA,N,3,0,1,2,A,-,05,21650,1,N,D,G,A,A,H,-,A,D,0,NA,Y,NA,NA,Y,NA,L,04,0,1,0,0,0,0,1,0,0,-,-,33.50358963012695,-117.11485290527344,RIVERSIDE,TEMECULA,-117.11334228515624,33.504058837890625
82201699,2023,2023-10-18,3300,2023-09-18,925,N6519,604 C,1,5,6,3394,0,0,0,NA,0,MV44,IRIS AVE,AVENIDA CIRCO,41,E,N,A,-,N,NA,NA,NA,NA,NA,NA,NA,NA,NA,N,4,0,1,2,A,-,12,21453,A,N,A,C,A,A,H,-,A,A,0,NA,NA,NA,NA,Y,NA,D,22,0,0,1,0,0,0,0,0,0,-,-,33.89282989501953,-117.20263671875,RIVERSIDE,MORENO VALLEY,-117.20211029052734,33.892913818359375
82201965,2023,2023-10-18,3300,2023-09-19,1437,6255,LA40,2,5,3,3392,0,0,0,NA,0,LA40,WASHINGTON ST,VIA SEVILLA,20,N,N,A,-,Y,NA,NA,NA,NA,NA,NA,NA,NA,NA,Y,3,0,1,3,A,-,03,22350,NA,N,C,C,A,A,D,-,A,A,0,NA,NA,NA,NA,Y,Y,A,01,0,1,0,0,0,0,0,0,0,-,-,33.72481155395508,-116.30162048339844,RIVERSIDE,LA QUINTA,-116.30161285400392,33.72483825683594