CASE_ID,ACCIDENT_YEAR,PROC_DATE,JURIS,COLLISION_DATE,COLLISION_TIME,OFFICER_ID,REPORTING_DISTRICT,DAY_OF_WEEK,CHP_SHIFT,POPULATION,CNTY_CITY_LOC,SPECIAL_COND,BEAT_TYPE,CHP_BEAT_TYPE,CITY_DIVISION_LAPD,CHP_BEAT_CLASS,BEAT_NUMBER,PRIMARY_RD,SECONDARY_RD,DISTANCE,DIRECTION,INTERSECTION,WEATHER_1,WEATHER_2,STATE_HWY_IND,CALTRANS_COUNTY,CALTRANS_DISTRICT,STATE_ROUTE,ROUTE_SUFFIX,POSTMILE_PREFIX,POSTMILE,LOCATION_TYPE,RAMP_INTERSECTION,SIDE_OF_HWY,TOW_AWAY,COLLISION_SEVERITY,NUMBER_KILLED,NUMBER_INJURED,PARTY_COUNT,PRIMARY_COLL_FACTOR,PCF_CODE_OF_VIOL,PCF_VIOL_CATEGORY,PCF_VIOLATION,PCF_VIOL_SUBSECTION,HIT_AND_RUN,TYPE_OF_COLLISION,MVIW,PED_ACTION,ROAD_SURFACE,ROAD_COND_1,ROAD_COND_2,LIGHTING,CONTROL_DEVICE,CHP_ROAD_TYPE,PEDESTRIAN_ACCIDENT,BICYCLE_ACCIDENT,MOTORCYCLE_ACCIDENT,TRUCK_ACCIDENT,NOT_PRIVATE_PROPERTY,ALCOHOL_INVOLVED,STWD_VEHTYPE_AT_FAULT,CHP_VEHTYPE_AT_FAULT,COUNT_SEVERE_INJ,COUNT_VISIBLE_INJ,COUNT_COMPLAINT_PAIN,COUNT_PED_KILLED,COUNT_PED_INJURED,COUNT_BICYCLIST_KILLED,COUNT_BICYCLIST_INJURED,COUNT_MC_KILLED,COUNT_MC_INJURED,PRIMARY_RAMP,SECONDARY_RAMP,LATITUDE,LONGITUDE,COUNTY,CITY,POINT_X,POINT_Y
82403877,2024,2024-06-03,3313,2024-05-22,751,1502,NA,3,5,7,3313,0,0,0,NA,0,T74,COLE AVE,BERGAMONT DR,0,NA,Y,A,-,N,NA,NA,NA,NA,NA,NA,NA,NA,NA,Y,4,0,1,2,A,-,09,21802,A,N,D,C,A,A,H,-,A,A,0,NA,NA,NA,NA,Y,NA,A,01,0,0,1,0,0,0,0,0,0,-,-,33.8851203918457,-117.32467651367188,RIVERSIDE,RIVERSIDE,-117.32372283935548,33.886863708496094
82404013,2024,2024-06-03,3308,2024-05-11,1354,10967,NA,6,5,5,3308,0,0,0,NA,0,SOUTH,PALM AVE,CENTRAL AVE,0,NA,Y,A,-,Y,NA,NA,NA,NA,NA,NA,NA,NA,NA,N,3,0,3,2,A,-,03,22350,NA,N,C,C,A,A,H,-,A,A,0,NA,NA,NA,NA,Y,NA,A,01,0,1,2,0,0,0,0,0,0,-,-,33.742061614990234,-116.98046875,RIVERSIDE,HEMET,-116.98033905029295,33.742000579833984
82404821,2024,2024-06-04,3300,2024-04-02,1013,6369,NA,2,5,4,3318,0,0,0,NA,0,T38,COLLEGE DR,PACIFIC AVE,23,E,N,A,-,N,NA,NA,NA,NA,NA,NA,NA,NA,NA,N,4,0,1,1,A,-,01,23152,A,N,E,I,A,A,H,-,A,D,0,NA,NA,NA,NA,Y,Y,D,22,0,0,1,0,0,0,0,0,0,-,-,33.78337097167969,-116.36541748046876,RIVERSIDE,PALM DESERT,-116.36533355712892,33.78350067138672
82404822,2024,2024-06-04,3300,2024-04-04,1341,6369,NA,4,5,4,3318,0,0,0,NA,0,T36,FRED WARING DR,ACACIA DR,0,NA,Y,A,-,N,NA,NA,NA,NA,NA,NA,NA,NA,NA,Y,4,0,1,2,A,-,09,21801,A,N,D,C,A,A,H,-,A,D,0,NA,NA,NA,NA,Y,NA,A,01,0,0,1,0,0,0,0,0,0,-,-,NA,NA,RIVERSIDE,PALM DESERT,-116.39244079589844,33.728633880615234
82406175,2024,2024-06-05,3300,2024-05-24,1816,5779,NA,5,5,6,3394,0,0,0,NA,0,MV12,BLUE BILL CT,HELIOTROPE WAY,0,NA,Y,A,-,N,NA,NA,NA,NA,NA,NA,NA,NA,NA,N,3,0,3,1,A,-,03,22350,NA,N,F,A,A,A,H,-,A,D,0,NA,NA,NA,NA,Y,NA,M,96,0,3,0,0,0,0,0,0,0,-,-,33.9727897644043,-117.2483367919922,RIVERSIDE,MORENO VALLEY,-117.24851989746094,33.972740173339844
82406179,2024,2024-06-05,3300,2024-05-26,1942,5680,NA,7,5,6,3394,0,0,0,NA,0,MV12,SUNNYMEAD RANCH PKWY,LAKE VISTA RD,55,S,N,A,-,N,NA,NA,NA,NA,NA,NA,NA,NA,NA,N,3,0,1,2,A,-,17,21208,B,N,H,B,F,A,H,-,B,A,0,Y,Y,NA,NA,Y,NA,L,04,0,1,0,0,1,0,0,0,0,-,-,33.97370147705078,-117.25540924072266,RIVERSIDE,MORENO VALLEY,-117.25552368164063,33.97342300415039
82406256,2024,2024-06-05,3300,2024-04-25,815,3618,NA,4,5,4,3314,0,0,0,NA,0,070,COTTONWOOD AVE,SANDALWOOD ST,0,NA,Y,A,-,N,NA,NA,NA,NA,NA,NA,NA,NA,NA,Y,4,0,3,2,A,-,09,21804,A,N,D,C,A,A,H,-,A,A,0,NA,NA,NA,NA,Y,NA,A,07,0,0,3,0,0,0,0,0,0,-,-,NA,NA,RIVERSIDE,SAN JACINTO,-116.99483489990234,33.78760528564453
82407237,2024,2024-06-06,3300,2024-04-19,1450,3319,NA,5,5,6,3345,0,0,0,NA,0,026,LIMONITE AV,PATS RANCH RD,10,E,N,A,-,N,NA,NA,NA,NA,NA,NA,NA,NA,NA,N,3,0,1,2,A,-,12,21453,A,F,H,G,A,A,H,-,A,A,0,NA,Y,NA,NA,Y,NA,L,04,0,1,0,0,0,0,1,0,0,-,-,33.97505187988281,-117.54367065429688,RIVERSIDE,JURUPA VALLEY,-117.5436782836914,33.97517013549805
82408332,2024,2024-06-07,3300,2024-05-29,1336,N1673,NA,3,5,4,3318,0,0,0,NA,0,T32,HWY 74,CAHUILLA WAY,0,NA,Y,A,-,N,NA,NA,NA,NA,NA,NA,NA,NA,NA,Y,3,0,1,2,A,-,09,21802,A,N,D,C,A,A,H,-,A,A,0,NA,NA,NA,NA,Y,NA,D,22,0,1,0,0,0,0,0,0,0,-,-,33.68497848510742,-116.40435028076172,RIVERSIDE,PALM DESERT,-116.40437316894533,33.68490219116211
82408610,2024,2024-06-07,3315,2024-04-25,1703,005239,NA,4,5,6,3315,0,0,0,NA,0,002,SAMPSON AV,MARIAH CI,0,NA,Y,A,-,N,NA,NA,NA,NA,NA,NA,NA,NA,NA,Y,4,0,3,2,A,-,09,21801,A,N,D,C,A,A,H,-,A,A,0,NA,NA,NA,NA,Y,NA,A,01,0,0,3,0,0,0,0,0,0,-,-,NA,NA,RIVERSIDE,CORONA,-117.53798675537108,33.87827682495117
82409535,2024,2024-06-10,3313,2024-04-29,1543,1222,NA,1,5,7,3313,0,0,0,NA,0,M36,MARKET ST,UNIVERSITY AVE,57,S,N,A,-,N,NA,NA,NA,NA,NA,NA,NA,NA,NA,N,3,0,4,5,C,-,18,NA,NA,N,D,C,A,A,H,-,A,A,0,NA,NA,NA,NA,Y,NA,-,-,0,1,3,0,0,0,0,0,0,-,-,33.98249053955078,-117.37583923339844,RIVERSIDE,RIVERSIDE,-117.37582397460938,33.98235321044922
82409536,2024,2024-06-10,3313,2024-04-30,814,1686,NA,2,5,7,3313,0,0,0,NA,0,T58,MADISON ST,DELAWARE ST,40,S,N,A,-,N,NA,NA,NA,NA,NA,NA,NA,NA,NA,N,3,0,1,3,A,-,08,22102,NA,N,D,C,F,A,H,-,A,D,0,Y,NA,NA,NA,Y,NA,A,08,0,1,0,0,1,0,0,0,0,-,-,33.938079833984375,-117.4077606201172,RIVERSIDE,RIVERSIDE,-117.40748596191406,33.93901062011719
82410962,2024,2024-06-11,3300,2024-06-01,2213,4121,NA,6,5,4,3312,0,0,0,NA,0,031,RAMONA EXPRESSWAY,INDIAN AV,0,NA,Y,A,-,N,NA,NA,NA,NA,NA,NA,NA,NA,NA,Y,2,0,2,2,A,-,12,21453,A,F,B,C,A,A,H,-,C,A,0,NA,NA,NA,NA,Y,NA,A,07,1,1,0,0,0,0,0,0,0,-,-,33.84449005126953,-117.23033905029295,RIVERSIDE,PERRIS,-117.23049926757813,33.844482421875
82411146,2024,2024-06-11,3313,2024-05-09,2116,2152,NA,4,5,7,3313,0,0,0,NA,0,3R24,SYCAMORE CANYON BLVD,QUAIL RUN RD,0,NA,Y,A,-,N,NA,NA,NA,NA,NA,NA,NA,NA,NA,Y,4,0,1,2,A,-,03,22350,NA,N,C,C,A,A,H,-,C,D,0,NA,NA,NA,NA,Y,NA,A,01,0,0,1,0,0,0,0,0,0,-,-,33.96112060546875,-117.31983947753906,RIVERSIDE,RIVERSIDE,-117.31983184814452,33.96108627319336
82412173,2024,2024-06-12,3300,2024-05-19,207,5779,NA,7,5,6,3394,0,0,0,NA,0,MV36,HEACOCK ST,CARDINAL AVE,80,N,N,A,-,N,NA,NA,NA,NA,NA,NA,NA,NA,NA,Y,3,0,2,1,A,-,01,23152,A,N,E,I,A,A,H,-,C,D,0,NA,NA,NA,NA,Y,Y,A,01,0,2,0,0,0,0,0,0,0,-,-,33.87372970581055,-117.244140625,RIVERSIDE,MORENO VALLEY,-117.24362182617188,33.87397003173828
82413365,2024,2024-06-13,3300,2024-03-12,1558,4024,NA,2,5,4,3307,0,0,0,NA,0,091,AUTO CENTER DR,SAN JACINTO RIVER RD,0,NA,Y,B,-,N,NA,NA,NA,NA,NA,NA,NA,NA,NA,Y,3,0,1,2,A,-,09,21804,A,N,D,C,A,A,H,-,A,A,0,NA,NA,NA,NA,Y,NA,A,01,0,1,0,0,0,0,0,0,0,-,-,33.66239929199219,-117.300048828125,RIVERSIDE,LAKE ELSINORE,-117.30047607421876,33.661231994628906
82413405,2024,2024-06-13,3300,2024-05-10,1242,4024,NA,5,5,4,3307,0,0,0,NA,0,090,RAILROAD CANYON RD,WESTRIDGE WY,0,NA,Y,A,-,N,NA,NA,NA,NA,NA,NA,NA,NA,NA,Y,4,0,1,2,A,-,12,21453,A,N,D,C,A,A,H,-,A,A,0,NA,NA,NA,NA,Y,NA,A,07,0,0,1,0,0,0,0,0,0,-,-,NA,NA,RIVERSIDE,LAKE ELSINORE,-117.2665786743164,33.66440963745117
82413484,2024,2024-07-02,3300,2024-06-04,1647,N7982,NA,2,5,6,3394,0,0,0,NA,0,MV42,FIR AVE,MORRISON ST,0,NA,Y,A,-,N,NA,NA,NA,NA,NA,NA,NA,NA,NA,Y,3,0,4,2,A,-,09,21802,A,N,D,C,A,A,H,-,A,A,0,NA,NA,NA,NA,Y,NA,A,07,0,4,0,0,0,0,0,0,0,-,-,33.93553161621094,-117.20037841796876,RIVERSIDE,MORENO VALLEY,-117.20023345947266,33.935462951660156
82415263,2024,2024-06-17,3308,2024-05-06,2020,10877,NA,1,5,5,3308,0,0,0,NA,0,SOUTH,STATE ST,STETSON AVE,0,NA,Y,A,-,N,NA,NA,NA,NA,NA,NA,NA,NA,NA,Y,3,0,1,2,A,-,12,21453,A,N,D,C,A,A,H,-,C,A,0,NA,NA,NA,NA,Y,NA,-,32,0,1,0,0,0,0,0,0,0,-,-,33.729400634765625,-116.97158050537108,RIVERSIDE,HEMET,-116.97154998779295,33.7293701171875
82415267,2024,2024-06-17,3308,2024-05-15,746,10379,NA,3,5,5,3308,0,0,0,NA,0,NORTH,SANDERSON AVE,FRUITVALE AVE,36,S,N,A,B,N,NA,NA,NA,NA,NA,NA,NA,NA,NA,Y,4,0,3,2,A,-,01,23152,F,N,C,C,A,A,H,-,A,D,0,NA,NA,NA,NA,Y,NA,A,01,0,0,3,0,0,0,0,0,0,-,-,33.7599983215332,-117.00303649902344,RIVERSIDE,HEMET,-117.00660705566406,33.76175308227539
82416744,2024,2024-06-18,3300,2024-06-01,551,5029,NA,6,5,6,3394,0,0,0,NA,0,MV42,COTTONWOOD AVE,LASSELLE ST,0,NA,Y,A,-,N,NA,NA,NA,NA,NA,NA,NA,NA,NA,Y,3,0,1,2,A,-,12,21453,A,N,B,C,A,A,H,-,A,A,0,NA,NA,NA,NA,Y,NA,-,-,0,1,0,0,0,0,0,0,0,-,-,33.92428970336914,-117.2088623046875,RIVERSIDE,MORENO VALLEY,-117.20890808105467,33.924591064453125
82419847,2024,2024-06-21,3300,2024-06-15,1040,5212,NA,6,5,6,3345,0,0,0,NA,0,024,LIMONITE AV,DE ANZA PLAZA,0,NA,Y,A,-,N,NA,NA,NA,NA,NA,NA,NA,NA,NA,Y,4,0,2,2,A,-,12,21453,A,N,D,C,A,A,H,-,A,A,0,NA,NA,NA,NA,Y,NA,D,22,0,0,2,0,0,0,0,0,0,-,-,NA,NA,RIVERSIDE,JURUPA VALLEY,-117.45417785644533,33.97842788696289
82423458,2024,2024-06-26,3300,2024-06-11,606,4657,NA,2,5,4,3310,0,0,0,NA,0,050,6TH ST,PEDLEY AV,45,W,N,B,-,N,NA,NA,NA,NA,NA,NA,NA,NA,NA,Y,3,0,2,2,A,-,03,22350,NA,N,C,C,A,A,H,-,A,A,0,NA,NA,NA,NA,Y,NA,A,01,0,2,0,0,0,0,0,0,0,-,-,33.93838882446289,-117.53257751464844,RIVERSIDE,NORCO,-117.53257751464844,33.93843078613281
82425543,2024,2024-06-28,3300,2024-06-08,1445,N8285,NA,6,5,4,3344,0,0,0,NA,0,063,CEDAR CREEK RD,LIMONITE AV,9,N,N,A,-,N,NA,NA,NA,NA,NA,NA,NA,NA,NA,N,3,0,1,2,D,-,00,NA,NA,N,D,G,A,A,H,-,A,A,0,NA,Y,NA,NA,Y,NA,-,-,0,1,0,0,0,0,1,0,0,-,-,33.975189208984375,-117.57984161376952,RIVERSIDE,EASTVALE,-117.58000946044922,33.97526931762695
82429090,2024,2024-07-03,3300,2024-03-26,2220,N6297,NA,2,5,5,3335,0,0,0,NA,0,NA,JEFFERSON AV,SANBORN AV,435,S,N,A,-,N,NA,NA,NA,NA,NA,NA,NA,NA,NA,N,2,0,1,2,A,-,01,23152,A,N,C,C,A,A,H,-,C,D,0,NA,NA,NA,NA,Y,Y,D,22,1,0,0,0,0,0,0,0,0,-,-,33.524200439453125,-117.168212890625,RIVERSIDE,TEMECULA,-117.16726684570313,33.52326583862305
82429588,2024,2024-07-03,3315,2024-06-23,1023,003152,NA,7,5,6,3315,0,0,0,NA,0,001,GRAND BL S,SEVENTH ST (W),0,NA,Y,A,-,N,NA,NA,NA,NA,NA,NA,NA,NA,NA,Y,4,0,2,2,A,-,09,21802,A,F,D,C,A,A,H,-,A,A,0,NA,NA,NA,NA,Y,NA,A,01,0,0,2,0,0,0,0,0,0,-,-,33.875118255615234,-117.57411193847656,RIVERSIDE,CORONA,-117.5590591430664,33.87351608276367
82430528,2024,2024-07-04,3300,2024-06-14,1527,5665,NA,5,5,6,3394,0,0,0,NA,0,MV18,REDLANDS BLVD,LOCUST AVE,818,N,N,A,-,N,NA,NA,NA,NA,NA,NA,NA,NA,NA,Y,4,0,1,3,A,-,05,21460,A,N,B,C,A,A,H,-,A,A,0,NA,NA,NA,Y,Y,NA,A,01,0,0,1,0,0,0,0,0,0,-,-,33.95709991455078,-117.15659332275392,RIVERSIDE,MORENO VALLEY,-117.1572723388672,33.95941925048828
82431121,2024,2024-07-05,3300,2024-06-22,2205,4300,NA,6,5,4,3314,0,0,0,NA,0,074,MOUNTAIN AVE,OLD MOUNTAIN RD,137,S,N,A,-,N,NA,NA,NA,NA,NA,NA,NA,NA,NA,Y,2,0,1,2,A,-,03,22350,NA,F,C,C,A,A,H,-,C,D,0,NA,NA,NA,NA,Y,Y,A,08,1,0,0,0,0,0,0,0,0,-,-,33.77370071411133,-116.9332275390625,RIVERSIDE,SAN JACINTO,-116.93315887451172,33.77394485473633
82431223,2024,2024-07-08,3313,2024-06-24,1035,1026,NA,1,5,7,3313,0,0,0,NA,0,T52,JACKSON ST,SAGE AVE,0,NA,Y,A,-,N,NA,NA,NA,NA,NA,NA,NA,NA,NA,Y,3,0,3,2,A,-,09,21802,A,N,D,C,A,A,H,-,A,A,0,NA,NA,NA,NA,Y,NA,A,01,0,1,2,0,0,0,0,0,0,-,-,33.92958068847656,-117.4432373046875,RIVERSIDE,RIVERSIDE,-117.44325256347656,33.9295768737793
82431873,2024,2024-07-08,3300,2024-05-09,1443,N8437,NA,4,5,4,3310,0,0,0,NA,0,051,HAMNER AV,GATEWAY MARKET PLACE,292,S,N,A,-,N,NA,NA,NA,NA,NA,NA,NA,NA,NA,Y,4,0,1,2,A,-,08,22107,NA,N,D,C,A,A,H,-,A,D,0,NA,NA,Y,NA,Y,NA,A,07,0,0,1,0,0,0,0,0,1,-,-,NA,NA,RIVERSIDE,NORCO,-117.5631866455078,33.896175384521484
82432031,2024,2024-07-08,3313,2024-06-15,1901,2020,NA,6,5,7,3313,0,0,0,NA,0,3R18,MAIN ST,OAKLEY AVE,0,NA,Y,A,-,N,NA,NA,NA,NA,NA,NA,NA,NA,NA,N,3,0,4,3,A,-,12,21453,A,N,D,C,A,A,H,-,B,A,0,NA,NA,NA,NA,Y,NA,A,07,0,1,3,0,0,0,0,0,0,-,-,33.99544143676758,-117.36399841308594,RIVERSIDE,RIVERSIDE,-117.36463165283205,33.99684143066406
82432033,2024,2024-07-08,3313,2024-06-21,1305,2162,NA,5,5,7,3313,0,0,0,NA,0,T74,STRONG ST,LA CADENA DR,180,W,N,A,-,N,NA,NA,NA,NA,NA,NA,NA,NA,NA,Y,3,0,1,1,A,-,08,22107,NA,N,E,I,A,A,H,-,A,D,0,NA,NA,NA,NA,Y,NA,D,22,0,1,0,0,0,0,0,0,0,-,-,NA,NA,RIVERSIDE,RIVERSIDE,-117.35648345947266,33.997093200683594
82433435,2024,2024-07-09,3300,2024-06-04,2125,5973,NA,2,5,4,3307,0,0,0,NA,0,093,LAKESHORE DR,MACHADO ST,0,NA,Y,A,-,N,NA,NA,NA,NA,NA,NA,NA,NA,NA,N,3,0,1,2,A,-,03,22350,NA,N,C,C,A,A,H,-,C,A,0,NA,NA,NA,NA,Y,NA,A,01,0,1,0,0,0,0,0,0,0,-,-,33.6890983581543,-117.37355041503906,RIVERSIDE,LAKE ELSINORE,-117.37369537353516,33.68898010253906
82435717,2024,2024-07-11,3342,2024-07-01,1541,P898,NA,1,5,4,3342,0,0,0,NA,0,005,MURRIETA HOT SPRINGS RD,RT 215 SB OFFRAMP,0,NA,Y,A,-,N,NA,NA,NA,NA,NA,NA,NA,NA,NA,Y,4,0,1,2,A,-,12,21453,A,N,D,C,A,A,H,-,A,A,0,NA,NA,NA,Y,Y,NA,-,-,0,0,1,0,0,0,0,0,0,-,-,33.556190490722656,-117.18213653564452,RIVERSIDE,MURRIETA,-117.18096923828124,33.55621337890625
82436643,2023,2024-07-12,3300,2023-10-01,11,6190,NA,7,5,4,3344,0,0,0,NA,0,062,BERRYHILL DR,PARK CITY DR,0,NA,Y,A,-,N,NA,NA,NA,NA,NA,NA,NA,NA,NA,Y,3,0,2,2,A,-,08,22107,NA,N,B,E,A,A,H,-,C,D,0,NA,NA,NA,NA,Y,NA,A,01,0,2,0,0,0,0,0,0,0,-,-,33.98114013671875,-117.57086181640624,RIVERSIDE,EASTVALE,-117.57096862792967,33.98101043701172
82437416,2024,2024-07-12,3300,2024-06-01,1507,5564,NA,6,5,3,3305,0,0,0,NA,0,Y81,CAPITOLA AV,MONARCH RD,68,N,N,A,-,N,NA,NA,NA,NA,NA,NA,NA,NA,NA,N,3,0,1,2,A,-,08,22107,NA,N,D,E,A,A,H,-,A,D,0,NA,NA,Y,NA,Y,NA,C,06,0,1,0,0,0,0,0,0,1,-,-,33.67557144165039,-116.19712066650392,RIVERSIDE,COACHELLA,-116.19715118408205,33.67560958862305
82438212,2024,2024-07-15,3300,2024-07-11,1047,4713,NA,4,5,5,3335,0,0,0,NA,0,063,MARGARITA RD,MORAGA RD,290,N,N,A,-,N,NA,NA,NA,NA,NA,NA,NA,NA,NA,N,3,0,1,2,A,-,17,21228,A,N,D,C,A,A,H,-,A,D,0,NA,NA,Y,NA,Y,NA,C,03,0,1,0,0,0,0,0,0,1,-,-,33.511348724365234,-117.14087677001952,RIVERSIDE,TEMECULA,-117.1398696899414,33.51164627075195
82438364,2024,2024-07-15,3313,2024-06-12,1607,1222,NA,3,5,7,3313,0,0,0,NA,0,M36,VICTORIA AVE,LA SIERRA AVE,262,E,N,A,-,N,NA,NA,NA,NA,NA,NA,NA,NA,NA,Y,4,0,1,1,A,-,03,22350,NA,N,E,I,A,A,H,-,A,A,0,NA,NA,NA,NA,Y,NA,A,01,0,0,1,0,0,0,0,0,0,-,-,NA,NA,RIVERSIDE,RIVERSIDE,-117.46272277832033,33.88835525512695
82438635,2024,2024-07-15,3313,2024-07-02,1534,2165,NA,2,5,7,3313,0,0,0,NA,0,T76,PIERCE ST,SIERRA VISTA AVE,463,E,N,A,-,N,NA,NA,NA,NA,NA,NA,NA,NA,NA,Y,4,0,1,1,A,-,08,22107,NA,N,E,I,A,A,H,-,A,D,0,NA,NA,NA,NA,Y,NA,D,22,0,0,1,0,0,0,0,0,0,-,-,NA,NA,RIVERSIDE,RIVERSIDE,-117.49805450439452,33.914798736572266
82438821,2024,2024-07-15,3313,2024-07-03,823,2176,NA,3,5,7,3313,0,0,0,NA,0,T75,ALESSANDRO BLVD,BARTON ST,582,E,N,A,-,N,NA,NA,NA,NA,NA,NA,NA,NA,NA,Y,4,0,1,3,A,-,03,22350,NA,N,C,C,A,A,H,-,A,A,0,NA,NA,NA,NA,Y,NA,A,01,0,0,1,0,0,0,0,0,0,-,-,33.916439056396484,-117.31375122070313,RIVERSIDE,RIVERSIDE,-117.31186676025392,33.91643524169922
82440959,2024,2024-07-17,3300,2024-06-25,2135,6053,NA,2,5,4,3312,0,0,0,NA,0,032,REDLANDS AV,I 215 NB ONRP,0,NA,Y,A,-,Y,NA,NA,NA,NA,NA,NA,NA,NA,NA,Y,4,0,2,2,A,-,01,23152,A,N,C,C,A,A,H,-,C,A,0,NA,NA,NA,NA,Y,Y,A,01,0,0,2,0,0,0,0,0,0,-,-,33.784400939941406,-117.21588897705078,RIVERSIDE,PERRIS,-117.2161102294922,33.7842903137207
82442061,2024,2024-07-18,3300,2024-07-05,2042,5486,NA,5,5,6,3394,0,0,0,NA,0,NA,I-215 NBOFF/R,CACTUS AVE (W),0,NA,Y,A,-,N,NA,NA,NA,NA,NA,NA,NA,NA,NA,N,4,0,1,2,A,-,03,22350,NA,N,C,C,A,A,H,-,C,A,0,NA,NA,NA,NA,Y,NA,A,01,0,0,1,0,0,0,0,0,0,-,-,33.90943908691406,-117.27835083007813,RIVERSIDE,MORENO VALLEY,NA,NA
82443936,2024,2024-07-22,3300,2024-07-16,717,6211,NA,2,5,6,3394,0,0,0,NA,0,MV18,IRONWOOD AVE,MORENO BEACH DR,370,W,N,A,-,N,NA,NA,NA,NA,NA,NA,NA,NA,NA,N,4,0,1,1,A,-,08,22107,NA,N,E,J,A,A,H,-,A,D,0,NA,NA,NA,NA,Y,NA,A,01,0,0,1,0,0,0,0,0,0,-,-,33.94636154174805,-117.17849731445313,RIVERSIDE,MORENO VALLEY,-117.1797103881836,33.94643020629883
82443965,2024,2024-07-22,3300,2024-07-17,1303,N1673,NA,3,5,4,3318,0,0,0,NA,0,T36,MONTEREY AVE,FRED WARING DR,36,S,N,A,-,N,NA,NA,NA,NA,NA,NA,NA,NA,NA,Y,3,0,1,2,A,-,09,21453,B,N,D,C,A,A,H,-,A,A,0,NA,NA,NA,NA,Y,NA,A,07,0,1,0,0,0,0,0,0,0,-,-,33.728721618652344,-116.39122009277344,RIVERSIDE,PALM DESERT,-116.39125061035156,33.72853088378906
82444107,2024,2024-07-22,3313,2024-07-05,1823,1830,NA,5,5,7,3313,0,0,0,NA,0,T41,JURUPA AVE,VAN BUREN BLVD,60,W,N,A,-,N,NA,NA,NA,NA,NA,NA,NA,NA,NA,N,4,0,1,2,A,-,03,22350,NA,N,C,C,A,A,H,-,A,A,0,NA,NA,NA,NA,Y,NA,D,22,0,0,1,0,0,0,0,0,0,-,-,33.95817184448242,-117.4614715576172,RIVERSIDE,RIVERSIDE,-117.46184539794922,33.95869827270508
82508488,2024,2024-07-23,3300,2024-07-20,1008,4713,NA,6,5,5,3335,0,0,0,NA,0,064,PASEO DE LAS OLAS,CALLE TAJO,60,E,N,A,-,N,NA,NA,NA,NA,NA,NA,NA,NA,NA,Y,3,0,1,2,A,-,08,22107,NA,N,C,E,A,A,H,-,A,D,0,NA,NA,NA,NA,Y,NA,I,11,0,1,0,0,0,0,0,0,0,-,-,33.511470794677734,-117.10854339599608,RIVERSIDE,TEMECULA,-117.10826873779295,33.5114631652832
82508489,2024,2024-07-23,3300,2024-07-19,1230,5212,NA,5,5,4,3344,0,0,0,NA,0,060,RIVERSIDE DR,MILLIKEN AVE.,38,E,N,A,-,N,NA,NA,NA,NA,NA,NA,NA,NA,NA,Y,4,0,2,2,A,-,08,22107,NA,N,B,C,A,A,H,-,A,A,0,NA,NA,NA,Y,Y,NA,A,01,0,0,2,0,0,0,0,0,0,-,-,NA,NA,RIVERSIDE,EASTVALE,-117.5581512451172,34.018890380859375
82508664,2024,2024-07-23,3300,2024-07-06,2057,6307,NA,6,5,3,3305,0,0,0,NA,0,Y82,VALLEY RD,CYPRESS ST,0,NA,Y,A,-,N,NA,NA,NA,NA,NA,NA,NA,NA,NA,N,3,0,1,2,A,-,09,21802,A,N,D,G,A,A,H,-,D,D,0,NA,Y,NA,NA,Y,NA,D,22,0,1,0,0,0,0,1,0,0,-,-,33.66743087768555,-116.17430114746094,RIVERSIDE,COACHELLA,-116.17427825927734,33.66743469238281
82595897,2024,2024-07-24,3342,2024-06-30,717,P1288,NA,7,5,4,3342,0,0,0,NA,0,001,WASHINGTON AVE,VINEYARD PKY,446,N,N,A,-,N,NA,NA,NA,NA,NA,NA,NA,NA,NA,N,3,0,1,1,A,-,08,22107,NA,N,E,I,A,A,H,-,A,A,0,NA,Y,NA,NA,Y,NA,L,04,0,1,0,0,0,0,1,0,0,-,-,33.5613899230957,-117.22310638427734,RIVERSIDE,MURRIETA,-117.22393798828124,33.56263732910156
82601467,2024,2024-07-25,3300,2024-07-12,2302,4234,NA,5,5,5,3335,0,0,0,NA,0,069,TEMECULA PKY,RT 15 NB OFFRAMP,0,NA,Y,A,-,N,NA,NA,NA,NA,NA,NA,NA,NA,NA,Y,3,0,2,2,A,-,01,23152,A,N,D,C,A,A,H,-,C,A,0,NA,NA,Y,NA,Y,Y,C,02,0,2,0,0,0,0,0,0,1,-,-,33.48006057739258,-117.1400909423828,RIVERSIDE,TEMECULA,NA,NA
82699971,2024,2024-07-26,3300,2024-01-20,904,5952,NA,6,5,4,3310,0,0,0,NA,0,051,RIVER RD,SUNDANCE LN,0,NA,Y,C,-,N,NA,NA,NA,NA,NA,NA,NA,NA,NA,N,4,0,1,2,A,-,03,22350,NA,F,C,C,A,B,H,-,A,A,0,NA,NA,NA,NA,Y,Y,A,01,0,0,1,0,0,0,0,0,0,-,-,33.916900634765625,-117.59140014648438,RIVERSIDE,NORCO,-117.59104919433594,33.91701126098633