CASE_ID,ACCIDENT_YEAR,PROC_DATE,JURIS,COLLISION_DATE,COLLISION_TIME,OFFICER_ID,REPORTING_DISTRICT,DAY_OF_WEEK,CHP_SHIFT,POPULATION,CNTY_CITY_LOC,SPECIAL_COND,BEAT_TYPE,CHP_BEAT_TYPE,CITY_DIVISION_LAPD,CHP_BEAT_CLASS,BEAT_NUMBER,PRIMARY_RD,SECONDARY_RD,DISTANCE,DIRECTION,INTERSECTION,WEATHER_1,WEATHER_2,STATE_HWY_IND,CALTRANS_COUNTY,CALTRANS_DISTRICT,STATE_ROUTE,ROUTE_SUFFIX,POSTMILE_PREFIX,POSTMILE,LOCATION_TYPE,RAMP_INTERSECTION,SIDE_OF_HWY,TOW_AWAY,COLLISION_SEVERITY,NUMBER_KILLED,NUMBER_INJURED,PARTY_COUNT,PRIMARY_COLL_FACTOR,PCF_CODE_OF_VIOL,PCF_VIOL_CATEGORY,PCF_VIOLATION,PCF_VIOL_SUBSECTION,HIT_AND_RUN,TYPE_OF_COLLISION,MVIW,PED_ACTION,ROAD_SURFACE,ROAD_COND_1,ROAD_COND_2,LIGHTING,CONTROL_DEVICE,CHP_ROAD_TYPE,PEDESTRIAN_ACCIDENT,BICYCLE_ACCIDENT,MOTORCYCLE_ACCIDENT,TRUCK_ACCIDENT,NOT_PRIVATE_PROPERTY,ALCOHOL_INVOLVED,STWD_VEHTYPE_AT_FAULT,CHP_VEHTYPE_AT_FAULT,COUNT_SEVERE_INJ,COUNT_VISIBLE_INJ,COUNT_COMPLAINT_PAIN,COUNT_PED_KILLED,COUNT_PED_INJURED,COUNT_BICYCLIST_KILLED,COUNT_BICYCLIST_INJURED,COUNT_MC_KILLED,COUNT_MC_INJURED,PRIMARY_RAMP,SECONDARY_RAMP,LATITUDE,LONGITUDE,COUNTY,CITY,POINT_X,POINT_Y
84786679,2025,2025-08-04,3300,2025-07-15,1324,6164,NA,2,5,6,3345,0,0,0,NA,0,020,MISSION BL,LINDSAY ST,520,W,N,A,-,N,NA,NA,NA,NA,NA,NA,NA,NA,NA,N,4,0,1,1,A,-,01,23152,F,N,E,I,A,A,H,-,A,D,0,NA,NA,NA,NA,Y,NA,A,01,0,0,1,0,0,0,0,0,0,-,-,34.011470794677734,-117.49810028076172,RIVERSIDE,JURUPA VALLEY,-117.49984741210938,34.011940002441406
8478999,2017,2017-10-30,3300,2017-10-04,0750,N600,500C,3,5,5,3341,0,0,0,NA,0,050,CANYON HEIGHTS DR,CHEYENNE CANYON DR,675,W,N,A,-,N,NA,NA,NA,NA,NA,NA,NA,NA,NA,Y,4,0,2,2,A,-,05,21651,A,N,A,E,A,A,H,-,A,D,0,NA,NA,NA,NA,Y,NA,A,08,0,0,2,0,0,0,0,0,0,-,-,33.69856,-117.24352,RIVERSIDE,MENIFEE,-117.24548405,33.69872774
84790786,2025,2025-08-06,3300,2025-07-07,1430,6565,NA,1,5,4,3318,0,0,0,NA,0,T30,FRED WARING DR,HWY 111,33,W,N,A,-,Y,NA,NA,NA,NA,NA,NA,NA,NA,NA,N,3,0,3,4,A,-,08,22107,NA,N,B,C,A,A,H,-,A,A,0,NA,NA,NA,NA,Y,NA,A,07,0,1,2,0,0,0,0,0,0,-,-,33.72863006591797,-116.40290832519533,RIVERSIDE,PALM DESERT,-116.40293121337892,33.72864532470703
84794451,2025,2025-08-08,3300,2025-07-29,1219,N4809,NA,2,5,4,3314,0,0,0,NA,0,070,WARREN RD,RAMONA EXPY,1795,S,N,A,-,N,NA,NA,NA,NA,NA,NA,NA,NA,NA,Y,3,0,1,1,A,-,08,22107,NA,N,E,I,A,A,H,-,A,D,0,NA,NA,NA,NA,Y,NA,A,01,0,1,0,0,0,0,0,0,0,-,-,33.82387161254883,-117.03331756591795,RIVERSIDE,SAN JACINTO,-117.03367614746094,33.81854248046875
84795734,2025,2025-08-11,3300,2025-07-31,1019,6201,NA,4,5,6,3394,0,0,0,NA,0,MV14,HEACOCK ST,GREGORY LN,5,N,N,A,-,N,NA,NA,NA,NA,NA,NA,NA,NA,NA,N,3,0,1,2,A,-,09,21801,A,N,D,G,A,A,H,-,A,A,0,NA,Y,NA,NA,Y,NA,D,22,0,1,0,0,0,0,1,0,0,-,-,33.95206832885742,-117.24356079101563,RIVERSIDE,MORENO VALLEY,-117.24395751953124,33.952083587646484
84795737,2025,2025-08-11,3300,2025-08-04,2022,6584,NA,1,5,6,3394,0,0,0,NA,0,MV22,EUCALYPTUS AVE,MEMORIAL WAY,0,NA,Y,A,-,N,NA,NA,NA,NA,NA,NA,NA,NA,NA,Y,3,0,2,3,A,-,12,21453,A,N,D,C,A,A,H,-,C,A,0,NA,NA,NA,NA,Y,NA,A,01,0,2,0,0,0,0,0,0,0,-,-,33.93349838256836,-117.27232360839844,RIVERSIDE,MORENO VALLEY,-117.2722625732422,33.93345642089844
84798127,2025,2025-08-12,3300,2025-06-21,1205,5771,NA,6,5,6,3345,0,0,0,NA,0,024,RANCHO JURUPA,ARDENNES ST.,0,NA,Y,A,-,N,NA,NA,NA,NA,NA,NA,NA,NA,NA,Y,4,0,2,2,A,-,08,22107,NA,N,B,C,A,A,H,-,A,D,0,NA,NA,NA,NA,Y,NA,A,07,0,0,2,0,0,0,0,0,0,-,-,NA,NA,RIVERSIDE,JURUPA VALLEY,NA,NA
8479870,2017,2017-12-28,3300,2017-08-25,1554,N5482,22J1,5,5,3,3317,0,0,0,NA,0,022,MONTEREY AV,SHADOW RIDGE RD,969,S,N,A,-,N,NA,NA,NA,NA,NA,NA,NA,NA,NA,N,3,0,1,2,A,-,06,21755,NA,N,B,E,A,A,H,-,D,D,0,NA,NA,Y,NA,Y,NA,C,02,0,1,0,0,0,0,0,0,1,-,-,NA,NA,RIVERSIDE,RANCHO MIRAGE,-116.38824,33.78015852
84801790,2025,2025-08-14,3300,2025-08-09,2129,6103,NA,6,5,6,3394,0,0,0,NA,0,MV24,COTTONWOOD AVE,NAGAI DR,0,NA,Y,A,-,N,NA,NA,NA,NA,NA,NA,NA,NA,NA,N,3,0,1,2,A,-,01,23152,A,N,D,C,A,A,H,-,C,A,0,NA,NA,NA,NA,Y,Y,A,01,0,1,0,0,0,0,0,0,0,-,-,33.92451095581055,-117.25556182861328,RIVERSIDE,MORENO VALLEY,-117.25564575195313,33.92452621459961
8480220,2017,2017-11-02,3313,2017-10-23,1951,1073,5,1,5,7,3313,0,0,0,NA,0,M31,LA SIERRA AV,CHANNING DR,168,S,N,A,-,N,NA,NA,NA,NA,NA,NA,NA,NA,NA,N,4,0,2,3,A,-,03,22350,NA,N,C,C,A,A,H,-,A,A,0,NA,NA,NA,NA,Y,NA,A,01,0,0,2,0,0,0,0,0,0,-,-,33.90537,-117.47773,RIVERSIDE,RIVERSIDE,-117.47762801,33.90506019
84802329,2025,2025-08-14,3315,2025-08-11,1457,001525,NA,1,5,6,3315,0,0,0,NA,0,001,SIXTH ST,SHERIDAN ST,0,NA,Y,A,-,N,NA,NA,NA,NA,NA,NA,NA,NA,NA,Y,4,0,1,2,A,-,03,22350,NA,N,C,C,A,A,H,-,A,A,0,NA,NA,NA,NA,Y,NA,A,01,0,0,1,0,0,0,0,0,0,-,-,NA,NA,RIVERSIDE,CORONA,-117.57009887695313,33.87579345703125
84803895,2025,2025-08-15,3349,2025-07-29,1537,614,NA,2,5,5,3341,0,0,0,NA,0,002,NEWPORT RD,WESTLINK DR,79,E,N,A,-,N,NA,NA,NA,NA,NA,NA,NA,NA,NA,N,3,0,1,3,A,-,21,22106,NA,N,C,C,A,A,H,-,A,A,0,NA,NA,NA,NA,Y,NA,A,07,0,1,0,0,0,0,0,0,0,-,-,33.68513870239258,-117.16287231445313,RIVERSIDE,MENIFEE,-117.16262817382813,33.68510055541992
84806016,2025,2025-08-18,3300,2025-08-16,936,4713,NA,6,5,5,3335,0,0,0,NA,0,063,MARGARITA RD,AVENIDA BARCA,0,NA,Y,A,-,N,NA,NA,NA,NA,NA,NA,NA,NA,NA,Y,3,0,2,2,A,-,12,21453,A,N,D,C,A,A,H,-,A,A,0,NA,NA,NA,NA,Y,NA,A,01,0,1,1,0,0,0,0,0,0,-,-,33.515411376953125,-117.13053894042967,RIVERSIDE,TEMECULA,-117.13053131103516,33.515621185302734
84813643,2025,2025-08-22,3349,2025-08-19,754,816,NA,2,5,5,3341,0,0,0,NA,0,002,MCCALL BLVD,FARGO ST,3,W,N,A,-,N,NA,NA,NA,NA,NA,NA,NA,NA,NA,Y,4,0,1,1,C,-,18,NA,NA,N,E,I,A,A,H,-,A,D,0,NA,NA,NA,NA,Y,NA,-,-,0,0,1,0,0,0,0,0,0,-,-,33.72127151489258,-117.16024780273438,RIVERSIDE,MENIFEE,-117.16017150878906,33.72134017944336
84814666,2025,2025-08-25,3300,2025-07-31,1557,N6848,NA,4,5,5,3335,0,0,0,NA,0,063,WINCHESTER RD,NICOLAS RD,0,NA,Y,A,-,Y,NA,NA,NA,NA,NA,NA,NA,NA,NA,N,4,0,1,2,A,-,09,21453,C,N,A,C,A,A,H,-,A,A,0,NA,NA,NA,NA,Y,NA,A,01,0,0,1,0,0,0,0,0,0,-,-,33.53921127319336,-117.14438629150392,RIVERSIDE,TEMECULA,-117.14473724365234,33.539310455322266
8481716,2017,2018-06-19,3311,2017-10-16,0904,10987,3311,1,5,4,3311,0,0,0,NA,0,002,RT 111,VIA MIRALESTE,0,NA,Y,A,-,Y,RIV,8,111,-,T,53.627,I,5,S,Y,4,0,1,2,A,-,09,21801,A,N,A,C,A,A,H,-,A,A,0,NA,NA,NA,NA,Y,NA,A,01,0,0,1,0,0,0,0,0,0,-,-,33.84481,-116.54125,RIVERSIDE,PALM SPRINGS,-116.54126088,33.84491393
8481727,2017,2018-06-08,3313,2017-09-29,1541,1814,N,5,5,7,3313,0,0,0,NA,0,4R16,MADISON ST,RT 91,0,NA,Y,A,-,Y,RIV,8,91,-,-,16.827,R,4,W,N,4,0,1,2,A,-,03,22350,NA,N,C,C,A,A,H,-,A,A,0,NA,NA,NA,NA,Y,NA,A,01,0,0,1,0,0,0,0,0,0,-,-,NA,NA,RIVERSIDE,RIVERSIDE,-117.4025297,33.9372825
84819131,2025,2025-08-27,3300,2025-08-25,1611,4323,NA,1,5,5,3335,0,0,0,NA,0,070,DEER HOLLOW WY,VIA LA COLORADA,100,W,N,A,-,N,NA,NA,NA,NA,NA,NA,NA,NA,NA,Y,3,0,1,1,A,-,03,22350,NA,N,E,I,A,A,H,-,A,D,0,NA,Y,NA,NA,Y,NA,M,91,0,1,0,0,0,0,1,0,0,-,-,33.45539855957031,-117.09046173095705,RIVERSIDE,TEMECULA,-117.09078979492188,33.455177307128906
84819154,2025,2025-08-27,3300,2025-08-25,2121,5680,NA,1,5,6,3394,0,0,0,NA,0,MV18,REDLANDS BLVD,KALMIA AVE,77,S,N,A,-,N,NA,NA,NA,NA,NA,NA,NA,NA,NA,N,4,0,1,1,C,-,18,NA,NA,N,H,H,A,A,H,-,D,D,0,NA,NA,NA,NA,Y,NA,-,-,0,0,1,0,0,0,0,0,0,-,-,33.953468322753906,-117.15666198730467,RIVERSIDE,MORENO VALLEY,-117.15675354003906,33.953369140625
84821193,2025,2025-08-28,3300,2025-04-15,750,6326,NA,2,5,3,3392,0,0,0,NA,0,LA44,WASHINGTON ST,AVENIDA LA FONDA,0,NA,Y,A,-,N,NA,NA,NA,NA,NA,NA,NA,NA,NA,N,3,0,3,3,A,-,09,21801,A,N,D,C,A,A,H,-,A,D,0,NA,NA,NA,NA,Y,NA,A,01,0,1,2,0,0,0,0,0,0,-,-,33.67641067504883,-116.29482269287108,RIVERSIDE,LA QUINTA,-116.29501342773438,33.67634582519531
84821262,2025,2025-08-28,3342,2025-08-13,1640,P1321,NA,3,5,4,3342,0,0,0,NA,0,001,KALMIA ST,JEFFERSON AVE,0,NA,Y,A,-,N,NA,NA,NA,NA,NA,NA,NA,NA,NA,N,4,0,1,2,A,-,09,21804,A,N,D,C,A,A,H,-,A,D,0,NA,NA,NA,NA,Y,NA,M,91,0,0,1,0,0,0,0,0,0,-,-,33.561309814453125,-117.21073150634766,RIVERSIDE,MURRIETA,-117.2106704711914,33.56129837036133
84822581,2025,2025-08-29,3300,2025-08-10,227,6513,NA,7,5,6,3394,0,0,0,NA,0,MV46,ALESSANDRO BLVD,WILMOT ST,914,W,N,A,-,N,NA,NA,NA,NA,NA,NA,NA,NA,NA,N,4,0,1,2,A,-,04,21703,NA,N,B,C,A,A,H,-,D,A,0,NA,NA,NA,NA,Y,NA,A,01,0,0,1,0,0,0,0,0,0,-,-,33.91714096069336,-117.16107177734376,RIVERSIDE,MORENO VALLEY,-117.1640853881836,33.91746139526367
84822598,2025,2025-08-29,3300,2025-07-09,1028,N8989,NA,3,5,4,3318,0,0,0,NA,0,T30,HWY 74,EL PASEO,0,NA,Y,A,-,Y,NA,NA,NA,NA,NA,NA,NA,NA,NA,Y,4,0,1,2,A,-,09,21800,A,N,D,C,A,A,D,-,A,A,0,NA,NA,NA,NA,Y,NA,A,01,0,0,1,0,0,0,0,0,0,-,-,33.71968078613281,-116.39076995849608,RIVERSIDE,PALM DESERT,-116.39079284667967,33.71965026855469
84823930,2025,2025-09-01,3300,2025-08-24,113,6164,NA,7,5,6,3345,0,0,0,NA,0,020,HASTINGS BLVD,LINDSAY ST,760,W,N,A,-,N,NA,NA,NA,NA,NA,NA,NA,NA,NA,Y,3,0,1,1,A,-,01,23152,A,N,E,I,A,A,H,-,C,D,0,NA,NA,NA,NA,Y,Y,A,01,0,1,0,0,0,0,0,0,0,-,-,34.01511001586914,-117.49800872802734,RIVERSIDE,JURUPA VALLEY,-117.50074768066406,34.01502990722656
84825419,2025,2025-09-02,3300,2025-08-25,1624,3290,NA,1,5,4,3344,0,0,0,NA,0,063,SUMNER AVE,LIMONITE AVE,465,N,N,A,-,N,NA,NA,NA,NA,NA,NA,NA,NA,NA,Y,4,0,1,2,A,-,09,21804,A,N,D,C,A,A,H,-,A,A,0,NA,NA,NA,NA,Y,NA,A,01,0,0,1,0,0,0,0,0,0,-,-,33.97549819946289,-117.57575988769533,RIVERSIDE,EASTVALE,-117.57578277587892,33.97661590576172
8482670,2017,2017-12-04,3313,2017-10-24,1030,1697,5,2,5,7,3313,0,0,0,NA,0,00W,TYLER ST,HOLE AV,0,NA,Y,A,-,N,NA,NA,NA,NA,NA,NA,NA,NA,NA,Y,4,0,1,2,A,-,12,21453,A,N,D,C,A,A,H,-,A,A,0,NA,NA,NA,NA,Y,NA,A,01,0,0,1,0,0,0,0,0,0,-,-,33.91539,-117.46427,RIVERSIDE,RIVERSIDE,-117.46408002,33.91521
84827429,2025,2025-09-03,3300,2025-08-31,1059,N7633,NA,7,5,4,3318,0,0,0,NA,0,030,HWY 111,DEEP CANYON RD,0,NA,Y,A,-,Y,NA,NA,NA,NA,NA,NA,NA,NA,NA,N,4,0,2,2,A,-,12,21453,A,N,D,C,A,A,H,-,A,A,0,NA,NA,NA,NA,Y,NA,A,07,0,0,2,0,0,0,0,0,0,-,-,33.72135925292969,-116.36502075195313,RIVERSIDE,PALM DESERT,-116.36505889892578,33.721099853515625
84829455,2025,2025-09-04,3315,2025-09-02,1158,001452,NA,2,5,6,3315,0,0,0,NA,0,003,ONTARIO AV,VESPER CI,3,W,N,A,-,N,NA,NA,NA,NA,NA,NA,NA,NA,NA,Y,3,0,1,1,A,-,08,22107,NA,N,E,I,A,A,H,-,A,A,0,NA,NA,NA,NA,Y,NA,A,01,0,1,0,0,0,0,0,0,0,-,-,NA,NA,RIVERSIDE,CORONA,-117.56601715087892,33.855712890625
84830863,2025,2025-09-05,3300,2025-09-03,1727,5434,NA,3,5,5,3335,0,0,0,NA,0,064,YNEZ RD,PAUBA RD,0,NA,Y,A,-,N,NA,NA,NA,NA,NA,NA,NA,NA,NA,Y,2,0,1,2,A,-,01,23153,A,F,G,B,B,A,H,-,A,A,0,Y,NA,NA,NA,Y,Y,D,22,1,0,0,0,1,0,0,0,0,-,-,33.49531936645508,-117.13897705078124,RIVERSIDE,TEMECULA,-117.13896942138672,33.495399475097656
84831304,2025,2025-09-05,3315,2025-08-29,1524,004274,NA,5,5,6,3315,0,0,0,NA,0,001,SIXTH ST,LINCOLN AV,0,NA,Y,A,-,N,NA,NA,NA,NA,NA,NA,NA,NA,NA,Y,4,0,1,3,A,-,12,21453,A,N,D,C,A,A,H,-,A,A,0,NA,NA,NA,NA,Y,NA,A,01,0,0,1,0,0,0,0,0,0,-,-,NA,NA,RIVERSIDE,CORONA,-117.58328247070313,33.87718963623047
8483215,2017,2017-11-14,3300,2017-09-25,1145,4900,002V,1,5,6,3345,0,0,0,NA,0,026,TROTH ST,50TH ST,0,NA,Y,A,-,N,NA,NA,NA,NA,NA,NA,NA,NA,NA,N,4,0,1,2,A,-,09,21802,A,N,D,C,A,A,H,-,A,A,0,NA,NA,NA,NA,Y,NA,D,22,0,0,1,0,0,0,0,0,0,-,-,NA,NA,RIVERSIDE,JURUPA VALLEY,-117.51676001,33.99632011
8483381,2017,2017-11-13,3313,2017-10-20,0944,1384,04,5,5,7,3313,0,0,0,NA,0,M17,VAN BUREN BL,ARLINGTON AV,380,S,N,B,-,N,NA,NA,NA,NA,NA,NA,NA,NA,NA,Y,2,0,2,2,A,-,12,21453,A,N,A,C,A,A,H,-,A,A,0,NA,NA,NA,NA,Y,NA,A,01,1,1,0,0,0,0,0,0,0,-,-,33.94585,-117.45417,RIVERSIDE,RIVERSIDE,-117.45403,33.94483876
84835024,2025,2025-09-08,3313,2025-04-19,1031,2091,NA,6,5,7,3313,0,0,0,NA,0,2R23,UNIVERSITY AVE,PARK AVE,0,N,-,A,-,N,NA,NA,NA,NA,NA,NA,NA,NA,NA,Y,1,1,1,3,A,-,01,23152,F,N,D,C,A,A,H,-,A,A,0,NA,NA,NA,NA,Y,NA,A,01,0,0,1,0,0,0,0,0,0,-,-,NA,NA,RIVERSIDE,RIVERSIDE,-117.36455535888672,33.97728729248047
84835267,2025,2025-09-08,3313,2025-05-11,2116,2020,NA,7,5,7,3313,0,0,0,NA,0,3R48,VAN BUREN BLVD,JURUPA AVE,427,S,-,A,-,N,NA,NA,NA,NA,NA,NA,NA,NA,NA,N,3,0,1,3,A,-,01,23152,A,N,C,C,A,A,H,-,C,D,0,NA,NA,NA,NA,Y,Y,D,22,0,1,0,0,0,0,0,0,0,-,-,NA,NA,RIVERSIDE,RIVERSIDE,-117.46057891845705,33.95797348022461
84835363,2025,2025-09-08,3313,2025-05-19,859,1798,NA,1,5,7,3313,0,0,0,NA,0,M23,VICTORIA AVE,TYLER ST,0,N,-,A,-,N,NA,NA,NA,NA,NA,NA,NA,NA,NA,Y,3,0,2,3,A,-,03,22350,NA,N,C,C,A,A,H,-,A,A,0,NA,NA,NA,NA,Y,NA,D,22,0,2,0,0,0,0,0,0,0,-,-,NA,NA,RIVERSIDE,RIVERSIDE,-117.45050811767578,33.89533996582031
84835448,2025,2025-09-08,3313,2025-05-25,342,2199,NA,7,5,7,3313,0,0,0,NA,0,1R25,WATKINS DR,SPIETH WAY,0,N,-,A,-,N,NA,NA,NA,NA,NA,NA,NA,NA,NA,N,2,0,1,1,A,-,17,22109,NA,N,H,G,A,A,H,-,C,D,0,NA,Y,NA,NA,Y,NA,L,04,1,0,0,0,0,0,1,0,0,-,-,NA,NA,RIVERSIDE,RIVERSIDE,-117.31651306152344,33.97718811035156
84835500,2025,2025-09-08,3313,2025-05-28,2023,2018,NA,3,5,7,3313,0,0,0,NA,0,T47,VAN BUREN BLVD,DUNCAN AVE,297,S,-,A,-,N,NA,NA,NA,NA,NA,NA,NA,NA,NA,N,4,0,1,2,A,-,05,21650,NA,N,G,G,A,A,H,-,C,D,0,NA,Y,NA,NA,Y,NA,L,04,0,0,1,0,0,0,1,0,0,-,-,NA,NA,RIVERSIDE,RIVERSIDE,-117.45413208007813,33.9312858581543
84835632,2025,2025-09-08,3313,2025-06-09,1148,1026,NA,1,5,7,3313,0,0,0,NA,0,T52,MAGNOLIA AVE,PALM AVE,0,N,-,A,-,N,NA,NA,NA,NA,NA,NA,NA,NA,NA,Y,3,0,1,4,C,-,18,NA,NA,N,B,C,A,A,H,-,A,A,0,NA,NA,NA,NA,Y,NA,-,-,0,1,0,0,0,0,0,0,0,-,-,NA,NA,RIVERSIDE,RIVERSIDE,-117.40035247802734,33.94738006591797
84835682,2025,2025-09-08,3313,2025-06-13,2158,1849,NA,5,5,7,3313,0,0,0,NA,0,3R42,JACKSON ST,COLORADO AVE,300,N,-,A,-,N,NA,NA,NA,NA,NA,NA,NA,NA,NA,N,3,0,1,2,A,-,08,22107,NA,N,B,E,A,A,H,-,C,A,0,NA,NA,NA,NA,Y,NA,A,01,0,1,0,0,0,0,0,0,0,-,-,NA,NA,RIVERSIDE,RIVERSIDE,-117.44984436035156,33.937652587890625
84835743,2025,2025-09-08,3313,2025-06-20,2010,2103,NA,5,5,7,3313,0,0,0,NA,0,3R28,UNIVERSITY AVE,MULBERRY ST,0,N,-,A,-,N,NA,NA,NA,NA,NA,NA,NA,NA,NA,Y,3,0,2,2,A,-,08,22107,NA,F,D,C,A,A,H,-,C,A,0,NA,NA,NA,NA,Y,Y,A,01,0,2,0,0,0,0,0,0,0,-,-,NA,NA,RIVERSIDE,RIVERSIDE,-117.3698272705078,33.97975158691406
84835748,2025,2025-09-08,3313,2025-06-21,2114,2252,NA,6,5,7,3313,0,0,0,NA,0,3R18,OAKLEY AVE,ORANGE ST,0,W,-,A,-,N,NA,NA,NA,NA,NA,NA,NA,NA,NA,Y,3,0,3,2,A,-,12,22450,A,N,D,C,A,A,H,-,E,A,0,NA,NA,NA,NA,Y,NA,A,01,0,3,0,0,0,0,0,0,0,-,-,NA,NA,RIVERSIDE,RIVERSIDE,-117.36318206787108,33.99627685546875
84835798,2025,2025-09-08,3313,2025-06-27,817,2277,NA,5,5,7,3313,0,0,0,NA,0,T70,ARLINGTON AVE,ARBOR DR,0,E,-,A,-,N,NA,NA,NA,NA,NA,NA,NA,NA,NA,Y,3,0,3,5,A,-,03,22350,NA,N,C,C,A,A,H,-,A,D,0,NA,NA,NA,NA,Y,NA,A,01,0,1,2,0,0,0,0,0,0,-,-,NA,NA,RIVERSIDE,RIVERSIDE,-117.42913818359376,33.94596481323242
84835843,2025,2025-09-08,3313,2025-07-01,1856,1799,NA,2,5,7,3313,0,0,0,NA,0,T49,TYLER ST,CYPRESS AVE,0,S,-,A,-,N,NA,NA,NA,NA,NA,NA,NA,NA,NA,N,3,0,1,2,A,-,03,22350,NA,N,C,C,A,A,H,-,A,A,0,NA,NA,NA,NA,Y,NA,A,01,0,1,0,0,0,0,0,0,0,-,-,NA,NA,RIVERSIDE,RIVERSIDE,-117.4782485961914,33.9428596496582
84835947,2025,2025-09-08,3313,2025-07-15,2053,2097,NA,2,5,7,3313,0,0,0,NA,0,3R48,VAN BUREN BLVD,STATE HWY 91 WB OFFRAMP,0,N,-,A,-,N,NA,NA,NA,NA,NA,NA,NA,NA,NA,N,4,0,2,2,A,-,09,21453,C,F,D,C,A,A,H,-,C,A,0,NA,NA,NA,NA,Y,NA,D,22,0,0,2,0,0,0,0,0,0,-,-,NA,NA,RIVERSIDE,RIVERSIDE,NA,NA
84835952,2025,2025-09-08,3313,2025-07-16,1338,1799,NA,3,5,7,3313,0,0,0,NA,0,T49,SPRUCE ST,IOWA AVE,350,E,-,A,-,N,NA,NA,NA,NA,NA,NA,NA,NA,NA,N,3,0,1,3,A,-,08,22107,NA,N,C,E,A,A,H,-,A,D,0,NA,NA,NA,NA,Y,NA,A,07,0,1,0,0,0,0,0,0,0,-,-,NA,NA,RIVERSIDE,RIVERSIDE,-117.33869171142578,33.99021911621094
84836049,2025,2025-09-08,3313,2025-07-28,1512,1860,NA,1,5,7,3313,0,0,0,NA,0,T40,ALESSANDRO BLVD,OVERLOOK PKWY,432,E,-,A,-,N,NA,NA,NA,NA,NA,NA,NA,NA,NA,N,4,0,1,2,A,-,03,22350,NA,N,C,C,A,A,H,-,A,D,0,NA,NA,NA,NA,Y,NA,A,01,0,0,1,0,0,0,0,0,0,-,-,NA,NA,RIVERSIDE,RIVERSIDE,-117.33858489990234,33.9247932434082
84836110,2025,2025-09-08,3313,2025-08-06,933,1389,NA,3,5,7,3313,0,0,0,NA,0,T53,MAGNOLIA AVE,FARNHAM PL,14,W,-,A,-,N,NA,NA,NA,NA,NA,NA,NA,NA,NA,N,2,0,1,2,A,-,08,22102,NA,N,D,C,A,A,H,-,A,A,0,NA,NA,Y,NA,Y,NA,E,22,1,0,0,0,0,0,0,0,1,-,-,NA,NA,RIVERSIDE,RIVERSIDE,-117.4451904296875,33.921207427978516
84836115,2025,2025-09-08,3313,2025-08-06,1847,1799,NA,3,5,7,3313,0,0,0,NA,0,T49,CALIFORNIA AVE,MONROE ST,0,N,-,A,-,N,NA,NA,NA,NA,NA,NA,NA,NA,NA,Y,3,0,1,2,A,-,01,23152,A,N,D,C,A,A,H,-,A,A,0,NA,NA,NA,NA,Y,Y,D,22,0,1,0,0,0,0,0,0,0,-,-,NA,NA,RIVERSIDE,RIVERSIDE,-117.43685913085938,33.935020446777344
84836120,2025,2025-09-08,3313,2025-08-07,1514,1799,NA,4,5,7,3313,0,0,0,NA,0,T49,CENTRAL AVE,PHOENIX AVE,0,N,-,A,-,N,NA,NA,NA,NA,NA,NA,NA,NA,NA,Y,3,0,2,2,A,-,12,21453,A,N,D,C,A,A,H,-,A,A,0,NA,NA,NA,NA,Y,NA,A,01,0,2,0,0,0,0,0,0,0,-,-,NA,NA,RIVERSIDE,RIVERSIDE,-117.42523193359376,33.95329284667969
84836189,2025,2025-09-08,3313,2025-08-16,1455,2262,NA,6,5,7,3313,0,0,0,NA,0,1R13,CENTRAL AVE,MAGNOLIA AVE,305,E,-,A,-,N,NA,NA,NA,NA,NA,NA,NA,NA,NA,N,3,0,1,2,A,-,09,21804,A,N,G,G,A,A,H,-,A,A,0,NA,Y,NA,NA,Y,Y,A,01,0,1,0,0,0,0,1,0,0,-,-,NA,NA,RIVERSIDE,RIVERSIDE,-117.39545440673828,33.953529357910156
84836214,2025,2025-09-08,3313,2025-08-21,1544,1613,NA,4,5,7,3313,0,0,0,NA,0,M29,JEFFERSON ST,SYCAMORE AVE,119,S,-,A,-,N,NA,NA,NA,NA,NA,NA,NA,NA,NA,N,3,0,2,2,A,-,03,22350,NA,N,C,C,A,A,H,-,A,D,0,NA,NA,NA,NA,Y,NA,D,22,0,2,0,0,0,0,0,0,0,-,-,NA,NA,RIVERSIDE,RIVERSIDE,-117.41954040527344,33.94047546386719
84836640,2025,2025-09-09,3313,2025-08-29,1126,1502,NA,5,5,7,3313,0,0,0,NA,0,M14,UNIVERSITY AVE,LOCUST ST,0,N,-,A,-,N,NA,NA,NA,NA,NA,NA,NA,NA,NA,N,3,0,2,2,A,-,09,21802,A,N,D,C,A,A,H,-,A,A,0,NA,NA,NA,NA,Y,NA,A,01,0,1,1,0,0,0,0,0,0,-,-,NA,NA,RIVERSIDE,RIVERSIDE,-117.38035583496094,33.98463821411133
84836668,2025,2025-09-09,3315,2025-09-02,1753,004274,NA,2,5,6,3315,0,0,0,NA,0,001,MAIN ST,91 WEST BOUND OFF RAMP,0,NA,Y,A,-,N,NA,NA,NA,NA,NA,NA,NA,NA,NA,Y,4,0,1,2,A,-,09,21453,C,N,D,C,A,A,H,-,A,A,0,NA,NA,NA,NA,Y,NA,D,22,0,0,1,0,0,0,0,0,0,-,-,33.879600524902344,-117.5655517578125,RIVERSIDE,CORONA,-117.565524,33.88068
84838381,2025,2025-09-10,3315,2025-09-06,1851,003152,NA,6,5,6,3315,0,0,0,NA,0,001,D ST,MAGDALENA CI,0,NA,Y,A,-,N,NA,NA,NA,NA,NA,NA,NA,NA,NA,N,4,0,1,4,A,-,09,21804,A,N,C,C,A,A,H,-,A,D,0,NA,NA,NA,NA,Y,NA,D,22,0,0,1,0,0,0,0,0,0,-,-,NA,NA,RIVERSIDE,CORONA,-117.58503723144533,33.880428314208984