CASE_ID,ACCIDENT_YEAR,PROC_DATE,JURIS,COLLISION_DATE,COLLISION_TIME,OFFICER_ID,REPORTING_DISTRICT,DAY_OF_WEEK,CHP_SHIFT,POPULATION,CNTY_CITY_LOC,SPECIAL_COND,BEAT_TYPE,CHP_BEAT_TYPE,CITY_DIVISION_LAPD,CHP_BEAT_CLASS,BEAT_NUMBER,PRIMARY_RD,SECONDARY_RD,DISTANCE,DIRECTION,INTERSECTION,WEATHER_1,WEATHER_2,STATE_HWY_IND,CALTRANS_COUNTY,CALTRANS_DISTRICT,STATE_ROUTE,ROUTE_SUFFIX,POSTMILE_PREFIX,POSTMILE,LOCATION_TYPE,RAMP_INTERSECTION,SIDE_OF_HWY,TOW_AWAY,COLLISION_SEVERITY,NUMBER_KILLED,NUMBER_INJURED,PARTY_COUNT,PRIMARY_COLL_FACTOR,PCF_CODE_OF_VIOL,PCF_VIOL_CATEGORY,PCF_VIOLATION,PCF_VIOL_SUBSECTION,HIT_AND_RUN,TYPE_OF_COLLISION,MVIW,PED_ACTION,ROAD_SURFACE,ROAD_COND_1,ROAD_COND_2,LIGHTING,CONTROL_DEVICE,CHP_ROAD_TYPE,PEDESTRIAN_ACCIDENT,BICYCLE_ACCIDENT,MOTORCYCLE_ACCIDENT,TRUCK_ACCIDENT,NOT_PRIVATE_PROPERTY,ALCOHOL_INVOLVED,STWD_VEHTYPE_AT_FAULT,CHP_VEHTYPE_AT_FAULT,COUNT_SEVERE_INJ,COUNT_VISIBLE_INJ,COUNT_COMPLAINT_PAIN,COUNT_PED_KILLED,COUNT_PED_INJURED,COUNT_BICYCLIST_KILLED,COUNT_BICYCLIST_INJURED,COUNT_MC_KILLED,COUNT_MC_INJURED,PRIMARY_RAMP,SECONDARY_RAMP,LATITUDE,LONGITUDE,COUNTY,CITY,POINT_X,POINT_Y
8554487,2016,2018-03-02,3342,2016-02-27,0647,934,31425,6,5,4,3342,0,0,0,NA,0,00E,MURRIETA HOT SPRINGS RD,VIA PRINCESSA,0,NA,Y,A,-,N,NA,NA,NA,NA,NA,NA,NA,NA,NA,Y,4,0,2,2,A,-,12,21453,A,N,A,C,A,A,H,-,A,A,0,NA,NA,NA,NA,Y,NA,A,01,0,0,2,0,0,0,0,0,0,-,-,NA,NA,RIVERSIDE,MURRIETA,-117.16032007,33.55690006
8554491,2016,2018-03-02,3300,2016-09-03,1715,4835,905M,6,5,4,3307,0,0,0,NA,0,093,MACHADO ST,ULLA LN,0,NA,Y,A,-,N,NA,NA,NA,NA,NA,NA,NA,NA,NA,Y,4,0,2,2,A,-,12,22450,A,M,A,D,A,A,H,-,A,D,0,NA,NA,NA,NA,Y,NA,-,99,0,0,2,0,0,0,0,0,0,-,-,33.67029,-117.38936,RIVERSIDE,LAKE ELSINORE,-117.38948005,33.67022011
8554502,2018,2018-08-07,3300,2018-01-09,1810,4649,905M,2,5,4,3307,0,0,0,NA,0,093,RIVERSIDE DR,ROBERTSON ST,420,W,N,A,C,Y,RIV,8,74,-,R,14.52,H,-,E,Y,3,0,1,2,A,-,03,22350,NA,N,A,C,A,B,H,-,D,D,0,NA,NA,NA,NA,Y,NA,A,01,0,1,0,0,0,0,0,0,0,-,-,33.68783950805664,-117.36109924316406,RIVERSIDE,LAKE ELSINORE,-117.36273193359376,33.68717956542969
8554528,2016,2018-03-03,3342,2016-02-15,0438,506,290,1,5,4,3342,0,0,0,NA,0,00B,HANCOCK AV,MILKWOOD LN,961,N,N,A,-,N,NA,NA,NA,NA,NA,NA,NA,NA,NA,Y,4,0,1,1,A,-,01,23152,A,N,E,I,A,A,H,-,C,A,0,NA,NA,NA,NA,Y,Y,A,01,0,0,1,0,0,0,0,0,0,-,-,33.57432,-117.18816,RIVERSIDE,MURRIETA,-117.19097418,33.57551646
8554532,2016,2018-03-03,3342,2016-02-19,0820,339,545,5,5,4,3342,0,0,0,NA,0,00E,MEMBERS CLUB DR,ROBERT TRENT JONES PKWY,144,S,N,A,-,N,NA,NA,NA,NA,NA,NA,NA,NA,NA,Y,4,0,3,2,A,-,08,22103,NA,N,D,C,A,A,H,-,A,D,0,NA,NA,NA,NA,Y,NA,A,01,0,0,3,0,0,0,0,0,0,-,-,33.56235,-117.14585,RIVERSIDE,MURRIETA,-117.14597887,33.56192308
8554533,2016,2018-03-02,3342,2016-01-21,1820,421,305,4,5,4,3342,0,0,0,NA,0,00C,ANTELOPE RD,SCOTT RD,882,S,N,B,-,N,NA,NA,NA,NA,NA,NA,NA,NA,NA,Y,4,0,1,3,A,-,04,21703,NA,N,C,C,A,A,H,-,C,D,0,NA,NA,NA,NA,Y,NA,D,22,0,0,1,0,0,0,0,0,0,-,-,33.64151,-117.16791,RIVERSIDE,MURRIETA,-117.16884514,33.63924607
8554548,2016,2018-03-03,3342,2016-02-11,0724,645,560,4,5,4,3342,0,0,0,NA,0,00E,MURRIETA HOT SPRINGS RD,E VIA PRINCESSA,536,W,N,A,-,N,NA,NA,NA,NA,NA,NA,NA,NA,NA,Y,4,0,2,2,A,-,03,22350,NA,N,C,C,A,A,H,-,A,D,0,NA,NA,NA,NA,Y,NA,-,NA,0,0,2,0,0,0,0,0,0,-,-,NA,NA,RIVERSIDE,MURRIETA,-117.16190071,33.55629714
8554581,2016,2018-03-06,3342,2016-03-01,0746,659,286,2,5,4,3342,0,0,0,NA,0,00B,CALIFORNIA OAKS PLAZA,MONROE AV,50,E,N,A,-,N,NA,NA,NA,NA,NA,NA,NA,NA,NA,N,4,0,1,2,A,-,07,21658,A,N,B,C,A,A,H,-,A,A,0,NA,NA,NA,NA,Y,NA,A,07,0,0,1,0,0,0,0,0,0,-,-,NA,NA,RIVERSIDE,MURRIETA,-117.20553854,33.56911002
8560776,2018,2018-03-01,3300,2018-01-23,1405,N6000,506H,2,5,5,3341,0,0,0,NA,0,056,EVANS RD,EVANS RD 30465,0,NA,Y,A,-,N,NA,NA,NA,NA,NA,NA,NA,NA,NA,N,4,0,1,2,D,-,00,NA,NA,N,G,-,F,A,H,-,A,D,0,Y,NA,NA,NA,Y,NA,-,-,0,0,1,0,1,0,0,0,0,-,-,NA,NA,RIVERSIDE,MENIFEE,NA,NA
8560792,2018,2018-03-01,3300,2018-01-07,1330,4338,910A,7,5,5,3335,0,0,0,NA,0,062,HARVESTON DR,DALTON RD,200,N,N,A,-,N,NA,NA,NA,NA,NA,NA,NA,NA,NA,Y,3,0,1,2,A,-,01,23152,A,N,H,G,A,A,H,-,A,D,0,NA,Y,NA,NA,Y,Y,A,01,0,1,0,0,0,0,1,0,0,-,-,33.53453826904297,-117.16058349609376,RIVERSIDE,TEMECULA,-117.16114807128906,33.53494644165039
8561726,2017,2018-02-23,3300,2017-12-12,1913,N3864,602C1,2,5,6,3394,0,0,0,NA,0,024,GRAHAM ST,EUCALYPTUS AV,0,NA,Y,A,-,N,NA,NA,NA,NA,NA,NA,NA,NA,NA,Y,4,0,1,3,A,-,12,21453,A,N,D,C,A,A,H,-,C,A,0,NA,NA,NA,NA,Y,NA,A,01,0,0,1,0,0,0,0,0,0,-,-,33.93188,-117.25249,RIVERSIDE,MORENO VALLEY,-117.25246003,33.93177007
8562359,2018,2018-03-09,3313,2018-01-31,0814,1389,5,3,5,7,3313,0,0,0,NA,0,T53,HOLE AV,MITCHELL AV,0,NA,Y,A,-,N,NA,NA,NA,NA,NA,NA,NA,NA,NA,N,4,0,1,2,A,-,09,21802,A,N,D,C,A,A,H,-,A,A,0,NA,NA,NA,NA,Y,NA,D,22,0,0,1,0,0,0,0,0,0,-,-,33.91796875,-117.48214721679688,RIVERSIDE,RIVERSIDE,-117.48211669921876,33.91815948486328
8562688,2018,2018-03-01,3313,2018-01-30,1957,1772,5,2,5,7,3313,0,0,0,NA,0,T45,LA SIERRA AV,VISTA CT,25,N,N,A,-,N,NA,NA,NA,NA,NA,NA,NA,NA,NA,N,4,0,1,2,A,-,08,22107,NA,N,B,C,A,A,H,-,C,A,0,NA,NA,NA,NA,Y,NA,A,01,0,0,1,0,0,0,0,0,0,-,-,33.895450592041016,-117.46981811523438,RIVERSIDE,RIVERSIDE,-117.46990966796876,33.89565658569336
8563080,2018,2018-03-06,3313,2018-01-30,1713,1772,2,2,5,7,3313,0,0,0,NA,0,T45,SPRUCE ST,CHICAGO AV,335,E,N,A,-,N,NA,NA,NA,NA,NA,NA,NA,NA,NA,N,4,0,2,2,A,-,09,21804,A,N,D,C,A,A,H,-,B,A,0,NA,NA,NA,NA,Y,NA,A,01,0,0,2,0,0,0,0,0,0,-,-,33.990421295166016,-117.34853363037108,RIVERSIDE,RIVERSIDE,-117.34742736816406,33.99029541015625
8563316,2018,2018-02-28,3315,2018-02-15,0729,002504,6,4,5,6,3315,0,0,0,NA,0,002,6TH ST,MAIN ST,0,NA,Y,A,-,N,NA,NA,NA,NA,NA,NA,NA,NA,NA,N,4,0,2,2,A,-,12,21453,A,N,D,C,A,A,H,-,A,A,0,NA,NA,NA,NA,Y,NA,A,01,0,0,2,0,0,0,0,0,0,-,-,NA,NA,RIVERSIDE,CORONA,-117.56761932373048,33.875518798828125
8563394,2018,2018-03-01,3300,2018-02-02,1617,N4187,916B,5,5,4,3312,0,0,0,NA,0,032,PERRIS BL,CROSSROADS CTR,0,NA,Y,A,-,N,NA,NA,NA,NA,NA,NA,NA,NA,NA,Y,3,0,1,2,A,-,08,22107,NA,N,D,G,A,A,H,-,A,A,0,NA,Y,NA,NA,Y,NA,A,01,0,1,0,0,0,0,1,0,0,-,-,33.802738189697266,-117.2261199951172,RIVERSIDE,PERRIS,NA,NA
8563856,2018,2018-03-05,3311,2018-02-17,1202,16106,3311,6,5,4,3311,0,0,0,NA,0,004,GENE AUTRY TRL,VISTA CHINO,94,N,N,A,-,N,NA,NA,111,NA,NA,NA,NA,NA,NA,Y,4,0,1,2,A,-,03,22350,NA,N,C,C,A,A,H,-,A,A,0,NA,NA,NA,NA,Y,NA,A,01,0,0,1,0,0,0,0,0,0,-,-,33.8449592590332,-116.5058135986328,RIVERSIDE,PALM SPRINGS,-116.50582122802734,33.844932556152344
8563868,2018,2018-03-05,3311,2018-02-15,1653,15842,NA,4,5,4,3311,0,0,0,NA,0,006,PALM CANYON DR E,ESCOBA DR,420,E,N,A,-,N,NA,NA,NA,NA,NA,NA,NA,NA,NA,Y,3,0,1,2,C,-,18,NA,NA,N,E,I,A,A,H,-,B,D,0,NA,NA,NA,NA,Y,NA,-,-,0,1,0,0,0,0,0,0,0,-,-,33.80141830444336,-116.51483917236328,RIVERSIDE,PALM SPRINGS,-116.51383209228516,33.800453186035156
8563961,2018,2018-03-09,3300,2018-01-12,2125,3481,920G,5,5,4,3314,0,0,0,NA,0,074,ESPLANADE AV,SANTA FE AV,241,W,N,A,-,N,NA,NA,NA,NA,NA,NA,NA,NA,NA,Y,3,0,1,1,A,-,01,23152,A,M,F,I,A,A,H,-,C,A,0,NA,NA,NA,NA,Y,Y,D,22,0,1,0,0,0,0,0,0,0,-,-,33.7729606628418,-116.96315002441406,RIVERSIDE,SAN JACINTO,-116.96397399902344,33.77302169799805
8564326,2018,2018-03-09,3300,2018-02-19,1450,5021,40D4,1,5,3,3392,0,0,0,NA,0,040,MONTICELLO,DANDELION,0,NA,Y,A,-,N,NA,NA,NA,NA,NA,NA,NA,NA,NA,N,3,0,1,2,A,-,11,21954,A,N,D,B,A,A,H,-,A,D,0,NA,NA,NA,NA,Y,NA,-,NA,0,1,0,0,0,0,0,0,0,-,-,NA,NA,RIVERSIDE,LA QUINTA,-116.27220153808594,33.72248840332031
8565911,2017,2018-03-01,3300,2017-12-25,0410,5000,602D3,1,5,6,3394,0,0,0,NA,0,MV26,ALESSANDRO BL,PERRIS BL,0,NA,Y,A,-,N,NA,NA,NA,NA,NA,NA,NA,NA,NA,Y,4,0,1,2,A,-,01,23152,A,N,D,C,A,A,H,-,C,A,0,NA,NA,NA,NA,Y,Y,A,01,0,0,1,0,0,0,0,0,0,-,-,33.94719,-117.2254,RIVERSIDE,MORENO VALLEY,-117.22634,33.91736002
8565973,2018,2018-03-02,3300,2018-01-05,0830,4071,601C4,5,5,6,3394,0,0,0,NA,0,MV14,BOX SPRINGS RD,DOUGLASIS CT,0,NA,Y,A,-,N,NA,NA,NA,NA,NA,NA,NA,NA,NA,Y,4,0,1,2,A,-,09,21804,A,N,D,C,A,A,H,-,A,A,0,NA,NA,NA,NA,Y,NA,A,01,0,0,1,0,0,0,0,0,0,-,-,33.94649887084961,-117.29039764404295,RIVERSIDE,MORENO VALLEY,-117.2903289794922,33.946571350097656
8566186,2018,2018-03-03,3300,2018-02-16,0426,N4588,910C,5,5,5,3335,0,0,0,NA,0,063,MURRIETA HOT SPRINGS RD,BUTTERFIELD STAGE RD,580,W,N,A,-,N,NA,NA,NA,NA,NA,NA,NA,NA,NA,N,4,0,1,2,A,-,08,22107,NA,N,C,E,A,A,H,-,C,A,0,NA,NA,NA,NA,Y,NA,A,07,0,0,1,0,0,0,0,0,0,-,-,33.551841735839844,-117.09744262695313,RIVERSIDE,TEMECULA,-117.09934997558594,33.551780700683594
8566345,2018,2018-03-13,3313,2018-02-02,1122,1389,2,5,5,7,3313,0,0,0,NA,0,T53,CENTRAL AV,SYCAMORE CANYON BL,122,E,N,A,-,N,NA,NA,NA,NA,NA,NA,NA,NA,NA,N,4,0,1,2,A,-,08,22100,A,N,B,C,A,A,H,-,A,A,0,NA,NA,NA,NA,Y,NA,A,01,0,0,1,0,0,0,0,0,0,-,-,33.95790100097656,-117.3110580444336,RIVERSIDE,RIVERSIDE,-117.31060791015624,33.95808029174805
8567882,2018,2018-03-13,3300,2018-02-27,1519,3536,604A2,2,5,6,3394,0,0,0,NA,0,MV42,BAY AV,MORRISON ST,0,NA,Y,A,-,N,NA,NA,NA,NA,NA,NA,NA,NA,NA,N,3,0,1,2,A,-,09,21802,A,N,D,C,A,A,H,-,A,A,0,NA,NA,NA,NA,Y,NA,D,22,0,1,0,0,0,0,0,0,0,-,-,33.92097091674805,-117.2001724243164,RIVERSIDE,MORENO VALLEY,-117.20023345947266,33.920989990234375
8568221,2018,2018-03-13,3313,2018-02-21,0200,1512,1,3,5,7,3313,0,0,0,NA,0,1R13,MARKET ST,FAIRMOUNT BL,490,N,N,A,-,N,NA,NA,NA,NA,NA,NA,NA,NA,NA,Y,4,0,1,1,A,-,08,22107,NA,N,A,I,A,A,H,-,C,D,0,NA,NA,NA,NA,Y,NA,A,01,0,0,1,0,0,0,0,0,0,-,-,33.99681854248047,-117.37042236328124,RIVERSIDE,RIVERSIDE,-117.3715362548828,33.99786376953125
8568229,2018,2018-03-12,3313,2018-02-09,1346,1389,1,5,5,7,3313,0,0,0,NA,0,T53,MAIN ST,WITT AV,0,NA,Y,A,-,N,NA,NA,NA,NA,NA,NA,NA,NA,NA,N,3,0,1,2,A,-,09,21801,A,N,D,C,A,A,H,-,A,A,0,NA,NA,NA,NA,Y,NA,A,01,0,1,0,0,0,0,0,0,0,-,-,34.00865936279297,-117.36361694335938,RIVERSIDE,RIVERSIDE,-117.36360931396484,34.00851058959961
8568284,2018,2018-03-09,3311,2018-02-23,1448,15648,NA,5,5,4,3311,0,0,0,NA,0,004,VIA ESCUELA,FARRELL DR,0,NA,Y,A,-,N,NA,NA,NA,NA,NA,NA,NA,NA,NA,Y,4,0,4,2,D,-,00,NA,NA,N,D,C,A,A,H,-,A,A,0,NA,NA,NA,NA,Y,NA,-,-,0,0,4,0,0,0,0,0,0,-,-,33.848628997802734,-116.51952362060548,RIVERSIDE,PALM SPRINGS,-116.51938629150392,33.8485107421875
8568304,2018,2018-03-09,3311,2018-02-26,0833,15302,NA,1,5,4,3311,0,0,0,NA,0,003,TAHQUITZ CANYON WY,HERMOSA DR,0,NA,Y,A,-,N,NA,NA,NA,NA,NA,NA,NA,NA,NA,Y,3,0,2,2,A,-,09,21802,A,N,D,C,A,A,H,-,A,A,0,NA,NA,NA,NA,Y,NA,A,01,0,1,1,0,0,0,0,0,0,-,-,33.823158264160156,-116.53256988525392,RIVERSIDE,PALM SPRINGS,-116.53257751464844,33.82318878173828
8568347,2016,2018-03-13,3342,2016-09-28,1909,665,381,3,5,4,3342,0,0,0,NA,0,00C,WHITEWOOD RD,VIA TEMPRANO,0,NA,Y,A,-,N,NA,NA,NA,NA,NA,NA,NA,NA,NA,Y,4,0,1,2,A,-,01,23152,A,N,D,C,A,A,H,-,C,A,0,NA,NA,NA,NA,Y,Y,D,22,0,0,1,0,0,0,0,0,0,-,-,NA,NA,RIVERSIDE,MURRIETA,-117.16705012,33.56859002
8568596,2017,2018-04-04,3300,2017-12-02,2025,N3672,508B,6,5,5,3341,0,0,0,NA,0,058,SCOTT RD,DAILY RD,0,NA,Y,A,-,N,NA,NA,NA,NA,NA,NA,NA,NA,NA,Y,4,0,1,2,A,-,01,23152,A,N,A,C,A,A,G,-,D,A,0,NA,NA,NA,NA,Y,Y,A,07,0,0,1,0,0,0,0,0,0,-,-,33.64148,-117.20205,RIVERSIDE,MENIFEE,-117.2018001,33.6415701
8570782,2016,2018-03-06,3342,2016-04-23,0722,645,580,6,5,4,3342,0,0,0,NA,0,00E,MARGARITA RD,TORREY PINES RD,0,NA,Y,A,-,N,NA,NA,NA,NA,NA,NA,NA,NA,NA,Y,4,0,1,3,A,-,12,21453,A,N,D,C,A,A,H,-,A,A,0,NA,NA,NA,NA,Y,NA,A,01,0,0,1,0,0,0,0,0,0,-,-,33.54935,-117.15734,RIVERSIDE,MURRIETA,-117.15737007,33.54934006
8570787,2016,2018-03-06,3342,2016-04-30,0849,871,286,6,5,4,3342,0,0,0,NA,0,00B,CALIFORNIA OAKS RD,CALIFORNIA OAKS PLAZA,0,NA,Y,B,-,N,NA,NA,NA,NA,NA,NA,NA,NA,NA,N,4,0,2,2,A,-,01,23152,A,N,D,C,A,A,H,-,A,A,0,NA,NA,NA,NA,Y,NA,A,01,0,0,2,0,0,0,0,0,0,-,-,33.56733,-117.20601,RIVERSIDE,MURRIETA,-117.20609005,33.5675401
8570875,2016,2018-03-08,3342,2016-05-14,1325,571,380,6,5,4,3342,0,0,0,NA,0,00C,ALTA MURRIETA DR,ROCKCREST DR,0,NA,Y,A,-,N,NA,NA,NA,NA,NA,NA,NA,NA,NA,Y,3,0,2,2,A,-,09,21801,A,N,D,C,A,A,H,-,A,A,0,NA,NA,NA,NA,Y,NA,A,08,0,1,1,0,0,0,0,0,0,-,-,33.56193,-117.17569,RIVERSIDE,MURRIETA,-117.17594006,33.56205003
8570894,2016,2018-03-08,3342,2016-05-03,1503,294,350,2,5,4,3342,0,0,0,NA,0,00C,SUMMERGLENN AV,SUNLIGHT CT,4,S,N,A,-,N,NA,NA,NA,NA,NA,NA,NA,NA,NA,Y,4,0,1,2,A,-,09,21801,NA,N,D,C,A,A,H,-,A,D,0,NA,NA,NA,NA,Y,NA,A,01,0,0,1,0,0,0,0,0,0,-,-,NA,NA,RIVERSIDE,MURRIETA,-117.17304088,33.58135907
8570900,2016,2018-03-08,3342,2016-05-19,1240,333,475,4,5,4,3342,0,0,0,NA,0,00D,JEFFERSON AV,ELM ST,263,S,N,A,-,N,NA,NA,NA,NA,NA,NA,NA,NA,NA,Y,4,0,1,2,A,-,03,22350,NA,N,C,C,A,A,H,-,A,A,0,NA,NA,NA,NA,Y,NA,A,01,0,0,1,0,0,0,0,0,0,-,-,33.53548,-117.18015,RIVERSIDE,MURRIETA,-117.17941813,33.53498397
8570965,2016,2018-03-09,3342,2016-08-16,1530,339,165,2,5,4,3342,0,0,0,NA,0,00A,HAYES AV,SAUTERNES LN,0,NA,Y,A,-,N,NA,NA,NA,NA,NA,NA,NA,NA,NA,Y,3,0,2,2,A,-,09,21801,A,N,A,C,A,A,H,-,A,D,0,NA,NA,NA,NA,Y,NA,A,01,0,1,1,0,0,0,0,0,0,-,-,33.55818,-117.23075,RIVERSIDE,MURRIETA,-117.23090001,33.55811009
8570986,2016,2018-03-09,3342,2016-10-12,1556,777,175,3,5,4,3342,0,0,0,NA,0,1556,ADAMS AV,KALMIA ST,0,NA,Y,A,-,N,NA,NA,NA,NA,NA,NA,NA,NA,NA,Y,4,0,1,2,A,-,09,21801,A,N,D,C,A,A,H,-,A,A,0,NA,NA,NA,NA,Y,NA,A,07,0,0,1,0,0,0,0,0,0,-,-,33.55889,-117.21396,RIVERSIDE,MURRIETA,-117.21383007,33.55890002
8571003,2016,2018-03-09,3342,2016-09-17,1808,898,410,6,5,4,3342,0,0,0,NA,0,00D,IVY ST,ADAMS AV,0,NA,Y,A,-,N,NA,NA,NA,NA,NA,NA,NA,NA,NA,Y,2,0,1,2,A,-,12,22450,A,N,D,C,A,A,H,-,A,A,0,NA,NA,Y,NA,Y,NA,C,02,1,0,0,0,0,0,0,0,1,-,-,33.55358,-117.20793,RIVERSIDE,MURRIETA,-117.20799003,33.55349006
8571009,2016,2018-03-09,3342,2016-10-25,0507,131,3145,2,5,4,3342,0,0,0,NA,0,00D,LOS ALAMOS RD,HANCOCK AV,38,E,N,A,-,N,NA,NA,NA,NA,NA,NA,NA,NA,NA,Y,4,0,1,2,A,-,03,22350,NA,N,C,C,A,A,H,-,A,A,0,NA,NA,NA,NA,Y,NA,A,01,0,0,1,0,0,0,0,0,0,-,-,33.57059,-117.18416,RIVERSIDE,MURRIETA,-117.18413925,33.57064109
8571021,2016,2018-03-09,3342,2016-10-18,1620,294,252,2,5,4,3342,0,0,0,NA,0,00B,CALIFORNIA OAKS RD,LINCOLN AV,354,E,N,A,-,N,NA,NA,NA,NA,NA,NA,NA,NA,NA,Y,4,0,1,2,A,-,09,21804,A,N,D,C,A,A,H,-,A,D,0,NA,NA,NA,NA,Y,Y,A,01,0,0,1,0,0,0,0,0,0,-,-,33.57502,-117.20149,RIVERSIDE,MURRIETA,-117.20123776,33.57603632
8571027,2016,2018-03-09,3342,2016-09-09,2054,428,270,5,5,4,3342,0,0,0,NA,0,00B,LAS BRISAS RD,SEVEN OAKS DR,0,NA,Y,A,-,N,NA,NA,NA,NA,NA,NA,NA,NA,NA,Y,3,0,1,1,A,-,01,23152,A,N,E,I,A,A,H,-,C,D,0,NA,NA,NA,NA,Y,Y,A,01,0,1,0,0,0,0,0,0,0,-,-,33.5774,-117.18382,RIVERSIDE,MURRIETA,-117.18370011,33.57736002
8574132,2017,2018-03-15,3300,2017-12-08,2208,4922,002Q,5,5,6,3345,0,0,0,NA,0,024,VAN BUREN BL,HOLLADAY ST,0,NA,Y,A,-,N,NA,NA,NA,NA,NA,NA,NA,NA,NA,Y,4,0,2,2,A,-,07,21658,A,N,C,C,A,A,H,-,C,D,0,NA,NA,NA,NA,Y,NA,A,01,0,0,2,0,0,0,0,0,0,-,-,NA,NA,RIVERSIDE,JURUPA VALLEY,-117.476427,33.976683
8575087,2016,2018-03-13,3342,2016-12-09,1539,963,560,5,5,4,3342,0,0,0,NA,0,00E,VIA PRINCESSA,VIA LAS FLORES,12,S,N,A,-,N,NA,NA,NA,NA,NA,NA,NA,NA,NA,N,4,0,1,2,A,-,03,22350,NA,N,C,C,A,A,H,-,B,D,0,NA,NA,NA,NA,Y,NA,A,01,0,0,1,0,0,0,0,0,0,-,-,NA,NA,RIVERSIDE,MURRIETA,-117.16035,33.55746713
8575091,2016,2018-03-13,3342,2016-12-09,1350,339,385,5,5,4,3342,0,0,0,NA,0,00C,JACKSON AV,MURRIETA HOT SPRINGS RD,335,S,N,A,-,N,NA,NA,NA,NA,NA,NA,NA,NA,NA,Y,4,0,1,2,A,-,09,21801,A,N,D,C,A,A,H,-,A,D,0,NA,NA,NA,NA,Y,NA,A,01,0,0,1,0,0,0,0,0,0,-,-,33.55585,-117.17282,RIVERSIDE,MURRIETA,-117.18737,33.55514
8575126,2018,2018-08-14,3313,2018-02-14,1413,1523,5,3,5,7,3313,0,0,0,NA,0,M22,LA SIERRA AV,RT 91,0,NA,Y,A,-,Y,RIV,8,91,-,-,11.868,R,4,W,Y,4,0,2,2,A,-,09,21453,C,N,D,C,A,A,H,-,A,A,0,NA,NA,NA,NA,Y,NA,A,01,0,0,2,0,0,0,0,0,0,-,WO,NA,NA,RIVERSIDE,RIVERSIDE,-117.47533416748048,33.89925765991211
8575898,2018,2018-03-23,3315,2018-03-08,1606,002504,10D,4,5,6,3315,0,0,0,NA,0,002,MAGNOLIA AV,ALL AMERICAN WY,23,E,N,A,-,N,NA,NA,NA,NA,NA,NA,NA,NA,NA,Y,4,0,1,2,A,-,09,21453,B,N,B,C,A,A,H,-,A,A,0,NA,NA,Y,NA,Y,NA,I,11,0,0,1,0,0,0,0,0,1,-,-,NA,NA,RIVERSIDE,CORONA,-117.53524017333984,33.8698844909668
8577432,2018,2018-03-22,3315,2018-03-01,0745,002504,13A,4,5,6,3315,0,0,0,NA,0,001,MAIN ST,CITRUS WY,0,N,N,A,-,N,NA,NA,NA,NA,NA,NA,NA,NA,NA,Y,4,0,2,3,A,-,12,21453,A,N,D,C,A,A,H,-,A,A,0,NA,NA,NA,NA,Y,NA,A,01,0,0,2,0,0,0,0,0,0,-,-,NA,NA,RIVERSIDE,CORONA,-117.5705108642578,33.84880828857422
8577466,2018,2018-03-27,3300,2018-02-20,2032,4234,910D,2,5,5,3335,0,0,0,NA,0,064,CAMPANULA WY,DE PORTOLA RD,300,N,N,A,-,N,NA,NA,NA,NA,NA,NA,NA,NA,NA,Y,4,0,1,1,A,-,01,23152,A,N,E,I,A,A,H,-,C,A,0,NA,NA,NA,NA,Y,Y,A,01,0,0,1,0,0,0,0,0,0,-,-,NA,NA,RIVERSIDE,TEMECULA,-117.10088348388672,33.484779357910156
8579936,2018,2018-03-22,3300,2018-02-26,1846,4323,910E,1,5,5,3335,0,0,0,NA,0,061,WINCHESTER RD,ENTERPRISE CIR,0,NA,Y,A,-,N,NA,NA,NA,NA,NA,NA,NA,NA,NA,Y,4,0,1,2,A,-,09,21801,A,N,D,C,A,A,H,-,A,A,0,NA,NA,NA,NA,Y,NA,D,22,0,0,1,0,0,0,0,0,0,-,-,NA,NA,RIVERSIDE,TEMECULA,-117.16902160644533,33.516849517822266
8581142,2018,2018-03-27,3300,2018-03-13,1732,4050,011C,2,5,4,3344,0,0,0,NA,0,61C1,HAMNER AV,LIMONITE AV,33,N,N,B,C,N,NA,NA,NA,NA,NA,NA,NA,NA,NA,Y,4,0,1,2,A,-,09,21453,C,N,D,C,A,B,H,-,A,A,0,NA,NA,NA,NA,Y,NA,D,22,0,0,1,0,0,0,0,0,0,-,-,33.975341796875,-117.558349609375,RIVERSIDE,EASTVALE,-117.55844116210938,33.975502014160156
8581320,2018,2018-03-21,3308,2018-02-23,0757,10470,544,5,5,5,3308,0,0,0,NA,0,SOUTH,CAWSTON AV,THORNTON AV,445,N,N,A,-,N,NA,NA,NA,NA,NA,NA,NA,NA,NA,Y,3,0,1,2,A,-,09,21804,A,N,H,A,A,A,H,-,A,A,0,NA,NA,Y,NA,Y,NA,A,01,0,1,0,0,0,0,0,0,1,-,-,33.72520065307617,-117.01528167724608,RIVERSIDE,HEMET,-117.01531219482422,33.72639846801758
8581596,2018,2018-03-29,3300,2018-03-15,0650,3701,LA45E,4,5,3,3392,0,0,0,NA,0,LA45,AVENUE 58,MADISON ST,0,NA,Y,B,C,N,NA,NA,NA,NA,NA,NA,NA,NA,NA,Y,3,0,1,2,A,-,01,23152,B,N,D,C,A,B,H,-,A,A,0,NA,NA,NA,NA,Y,Y,A,01,0,1,0,0,0,0,0,0,0,-,-,NA,NA,RIVERSIDE,LA QUINTA,-116.25080871582033,33.627540588378906
8582409,2018,2018-04-06,3300,2018-03-08,0243,3717,002G,4,5,6,3345,0,0,0,NA,0,022,ETIWANDA AV,INLAND AV,0,NA,Y,A,D,N,NA,NA,NA,NA,NA,NA,NA,NA,NA,Y,3,0,5,2,A,-,09,21800,A,N,D,C,A,A,H,-,C,A,0,NA,NA,NA,NA,Y,NA,A,01,0,2,3,0,0,0,0,0,0,-,-,NA,NA,RIVERSIDE,JURUPA VALLEY,-117.52440643310548,34.030330657958984