CASE_ID,ACCIDENT_YEAR,PROC_DATE,JURIS,COLLISION_DATE,COLLISION_TIME,OFFICER_ID,REPORTING_DISTRICT,DAY_OF_WEEK,CHP_SHIFT,POPULATION,CNTY_CITY_LOC,SPECIAL_COND,BEAT_TYPE,CHP_BEAT_TYPE,CITY_DIVISION_LAPD,CHP_BEAT_CLASS,BEAT_NUMBER,PRIMARY_RD,SECONDARY_RD,DISTANCE,DIRECTION,INTERSECTION,WEATHER_1,WEATHER_2,STATE_HWY_IND,CALTRANS_COUNTY,CALTRANS_DISTRICT,STATE_ROUTE,ROUTE_SUFFIX,POSTMILE_PREFIX,POSTMILE,LOCATION_TYPE,RAMP_INTERSECTION,SIDE_OF_HWY,TOW_AWAY,COLLISION_SEVERITY,NUMBER_KILLED,NUMBER_INJURED,PARTY_COUNT,PRIMARY_COLL_FACTOR,PCF_CODE_OF_VIOL,PCF_VIOL_CATEGORY,PCF_VIOLATION,PCF_VIOL_SUBSECTION,HIT_AND_RUN,TYPE_OF_COLLISION,MVIW,PED_ACTION,ROAD_SURFACE,ROAD_COND_1,ROAD_COND_2,LIGHTING,CONTROL_DEVICE,CHP_ROAD_TYPE,PEDESTRIAN_ACCIDENT,BICYCLE_ACCIDENT,MOTORCYCLE_ACCIDENT,TRUCK_ACCIDENT,NOT_PRIVATE_PROPERTY,ALCOHOL_INVOLVED,STWD_VEHTYPE_AT_FAULT,CHP_VEHTYPE_AT_FAULT,COUNT_SEVERE_INJ,COUNT_VISIBLE_INJ,COUNT_COMPLAINT_PAIN,COUNT_PED_KILLED,COUNT_PED_INJURED,COUNT_BICYCLIST_KILLED,COUNT_BICYCLIST_INJURED,COUNT_MC_KILLED,COUNT_MC_INJURED,PRIMARY_RAMP,SECONDARY_RAMP,LATITUDE,LONGITUDE,COUNTY,CITY,POINT_X,POINT_Y
8606254,2018,2018-05-15,3313,2018-04-16,1830,1762,1,1,5,7,3313,0,0,0,NA,0,T44,MISSION INN AV,BROCKTON AV,0,NA,Y,A,-,N,NA,NA,NA,NA,NA,NA,NA,NA,NA,N,4,0,1,2,A,-,03,22350,NA,M,C,C,A,A,H,-,A,A,0,NA,NA,NA,NA,Y,NA,A,01,0,0,1,0,0,0,0,0,0,-,-,33.98516082763672,-117.37859344482422,RIVERSIDE,RIVERSIDE,-117.37853240966795,33.98514175415039
8606273,2018,2018-05-14,3313,2018-04-27,1246,1021,1,5,5,7,3313,0,0,0,NA,0,M21,IOWA AV,COLUMBIA AV,52,S,N,A,-,N,NA,NA,NA,NA,NA,NA,NA,NA,NA,N,4,0,1,2,A,-,03,22350,NA,F,C,C,A,A,H,-,A,A,0,NA,NA,NA,NA,Y,NA,A,01,0,0,1,0,0,0,0,0,0,-,-,34.0012092590332,-117.3397979736328,RIVERSIDE,RIVERSIDE,-117.33981323242188,34.00101852416992
8606313,2018,2018-05-15,3313,2018-04-19,1517,1772,5,4,5,7,3313,0,0,0,NA,0,T45,MAGNOLIA AV,ROOSEVELT ST,70,W,N,A,-,N,NA,NA,NA,NA,NA,NA,NA,NA,NA,N,4,0,1,2,A,-,03,22350,NA,N,C,C,A,A,H,-,A,A,0,NA,NA,NA,NA,Y,NA,A,01,0,0,1,0,0,0,0,0,0,-,-,NA,NA,RIVERSIDE,RIVERSIDE,-117.44861602783205,33.91925048828125
8606358,2018,2018-05-16,3300,2018-05-02,0805,N5073,36M6,3,5,4,3318,0,0,0,NA,0,T36,FRED WARING DR,YELLOW SAGE,119,E,N,B,-,N,NA,NA,NA,NA,NA,NA,NA,NA,NA,Y,4,0,1,2,A,-,03,22350,NA,N,C,C,A,A,H,-,A,D,0,NA,NA,NA,NA,Y,NA,A,01,0,0,1,0,0,0,0,0,0,-,-,NA,NA,RIVERSIDE,PALM DESERT,-116.34921264648438,33.72895812988281
8606423,2018,2018-07-31,3300,2018-04-27,1100,3924,89A1,5,5,2,3316,0,0,0,NA,0,MO871,RT 111,VILLAGE CENTER DR,498,W,N,A,-,N,NA,NA,NA,NA,NA,NA,NA,NA,NA,Y,4,0,1,2,A,-,09,21801,A,N,D,C,A,A,H,-,A,A,0,NA,NA,NA,NA,Y,NA,A,01,0,0,1,0,0,0,0,0,0,-,-,33.721378326416016,-116.35887145996094,RIVERSIDE,INDIAN WELLS,-116.36052703857422,33.72134017944336
8608562,2018,2018-05-10,3302,2018-04-20,1442,1071,NA,5,5,3,3302,0,0,0,NA,0,NA,1ST ST,BERKSHIRE AV,0,NA,Y,A,-,N,NA,NA,NA,NA,NA,NA,NA,NA,NA,N,4,0,2,2,A,-,09,21801,A,N,D,C,A,A,H,-,A,A,0,NA,NA,NA,NA,Y,NA,A,01,0,0,2,0,0,0,0,0,0,-,-,33.92164993286133,-116.96392822265624,RIVERSIDE,BEAUMONT,-116.96394348144533,33.92177963256836
8608626,2018,2018-05-14,3313,2018-04-11,1745,1871,4,3,5,7,3313,0,0,0,NA,0,T77,ARLINGTON AV,MAUDE ST,194,E,N,A,-,N,NA,NA,NA,NA,NA,NA,NA,NA,NA,N,4,0,1,2,A,-,08,22107,NA,M,B,C,A,A,H,-,A,A,0,NA,NA,NA,NA,Y,NA,A,01,0,0,1,0,0,0,0,0,0,-,-,33.94635009765625,-117.38478088378906,RIVERSIDE,RIVERSIDE,-117.38414001464844,33.94634246826172
8608669,2018,2018-05-02,3313,2018-04-09,2020,1871,1,1,5,7,3313,0,0,0,NA,0,T77,LADERA AV,BEACON WY,503,S,N,A,-,N,NA,NA,NA,NA,NA,NA,NA,NA,NA,N,3,0,1,1,A,-,08,22107,NA,N,E,I,A,A,H,-,C,D,0,NA,NA,NA,NA,Y,NA,A,01,0,1,0,0,0,0,0,0,0,-,-,33.99079895019531,-117.38517761230467,RIVERSIDE,RIVERSIDE,-117.38584136962892,33.98944854736328
8608689,2018,2018-05-02,3313,2018-04-11,1732,1762,1,3,5,7,3313,0,0,0,NA,0,T44,MAGNOLIA AV,ELIZABETH ST,0,NA,Y,A,-,N,NA,NA,NA,NA,NA,NA,NA,NA,NA,N,3,0,2,3,A,-,10,21950,A,N,G,B,B,A,H,-,A,A,0,Y,NA,NA,NA,Y,NA,A,07,0,2,0,0,2,0,0,0,0,-,-,33.959468841552734,-117.39282989501952,RIVERSIDE,RIVERSIDE,-117.39267730712892,33.95949935913086
8609537,2018,2018-05-09,3300,2018-04-17,1802,3747,001I,2,5,6,3345,0,0,0,NA,0,014,CAMINO REAL,LAKESIDE DR,224,N,N,A,-,N,NA,NA,NA,NA,NA,NA,NA,NA,NA,Y,3,0,1,1,A,-,03,22350,NA,N,E,I,A,A,H,-,A,D,0,NA,NA,NA,NA,Y,NA,D,22,0,1,0,0,0,0,0,0,0,-,-,33.98242950439453,-117.4531478881836,RIVERSIDE,JURUPA VALLEY,-117.45317840576172,33.98298263549805
8610386,2018,2018-05-24,3300,2018-04-16,1644,3015,NA,1,5,3,3392,0,0,0,NA,0,NA,ADAMS ST,FRED WARING DR,120,S,N,A,-,N,NA,NA,NA,NA,NA,NA,NA,NA,NA,NA,4,0,1,2,A,-,03,22350,NA,N,C,C,A,A,-,-,A,A,0,NA,NA,NA,NA,Y,NA,-,NA,0,0,1,0,0,0,0,0,0,-,-,NA,NA,RIVERSIDE,LA QUINTA,-116.28630065917967,33.7287712097168
8610482,2018,2018-05-16,3308,2018-04-04,0538,10643,563,3,5,5,3308,0,0,0,NA,0,SOUTH,WARREN RD,MUSTANG WY,37,S,N,A,-,N,NA,NA,NA,NA,NA,NA,NA,NA,NA,N,3,0,1,2,A,-,03,22350,NA,N,C,C,A,A,H,-,C,A,0,NA,NA,Y,NA,Y,NA,D,22,0,1,0,0,0,0,0,0,1,-,-,33.717689514160156,-117.03269958496094,RIVERSIDE,HEMET,-117.03261566162108,33.71744918823242
8610776,2018,2018-05-08,3300,2018-02-21,0751,N4883,001J,3,5,6,3345,0,0,0,NA,0,014,MISSION BL,VALLEY WY,20,E,N,A,-,N,NA,NA,60,NA,NA,NA,NA,NA,NA,Y,4,0,1,2,A,-,03,22350,NA,N,C,C,A,A,H,-,A,A,0,NA,NA,NA,NA,Y,NA,A,01,0,0,1,0,0,0,0,0,0,-,-,34.01150894165039,-117.43473815917967,RIVERSIDE,JURUPA VALLEY,-117.43463897705078,34.01191329956055
8610974,2018,2018-05-22,3300,2018-04-02,1950,4867,602A1,1,5,6,3394,0,0,0,NA,0,MV22,DAY ST,BAY AV,0,NA,Y,A,-,N,NA,NA,NA,NA,NA,NA,NA,NA,NA,Y,4,0,1,2,A,-,09,21802,B,N,D,C,A,A,H,-,C,A,0,NA,NA,NA,NA,Y,NA,-,-,0,0,1,0,0,0,0,0,0,-,-,33.92055130004883,-117.27883911132813,RIVERSIDE,MORENO VALLEY,-117.27880096435548,33.920528411865234
8610978,2018,2018-05-11,3300,2018-03-15,1703,3536,601E5,4,5,6,3394,0,0,0,NA,0,MV16,PERRIS BL,ELDER AV,75,S,N,A,-,N,NA,NA,NA,NA,NA,NA,NA,NA,NA,N,3,0,1,2,A,-,09,21804,A,N,D,C,A,A,H,-,A,D,0,NA,NA,Y,NA,Y,NA,A,07,0,1,0,0,0,0,0,0,1,-,-,33.94097137451172,-117.2264404296875,RIVERSIDE,MORENO VALLEY,-117.22638702392578,33.94074630737305
8611213,2018,2018-05-10,3300,2018-03-27,2247,4427,920G,2,5,4,3314,0,0,0,NA,0,074,STATE ST,EDISON POWER POLE  4299140E,12,S,N,A,-,N,NA,NA,NA,NA,NA,NA,NA,NA,NA,Y,3,0,1,1,A,-,08,22107,NA,N,E,J,A,A,H,-,C,D,0,NA,NA,NA,NA,Y,NA,A,01,0,1,0,0,0,0,0,0,0,-,-,33.778411865234375,-116.9718780517578,RIVERSIDE,SAN JACINTO,NA,NA
8611791,2018,2018-04-24,3311,2018-04-03,1400,15842,NA,2,5,4,3311,0,0,0,NA,0,001,INDIAN CANYON DR N,SAN RAFAEL DR,0,NA,Y,A,-,N,NA,NA,NA,NA,NA,NA,NA,NA,NA,Y,4,0,1,2,A,-,09,21801,A,N,D,C,A,A,H,-,A,A,0,NA,NA,NA,NA,Y,NA,A,01,0,0,1,0,0,0,0,0,0,-,-,33.85942840576172,-116.54550170898438,RIVERSIDE,PALM SPRINGS,-116.54560089111328,33.86006164550781
8613098,2018,2018-05-11,3308,2018-04-01,1923,10530,517,7,5,5,3308,0,0,0,NA,0,NORTH,STATE ST,FLORIDA AV,278,N,N,A,-,N,NA,NA,NA,NA,NA,NA,NA,NA,NA,Y,3,0,2,1,A,-,03,22350,NA,N,E,I,A,A,H,-,C,D,0,NA,NA,NA,NA,Y,NA,A,07,0,2,0,0,0,0,0,0,0,-,-,33.74760055541992,-116.9717025756836,RIVERSIDE,HEMET,-116.97173309326172,33.74829864501953
8613872,2018,2018-04-26,3315,2018-04-08,1550,001750,16F,7,5,6,3315,0,0,0,NA,0,003,TEMESCAL CANYON RD,PRONIO,52,N,N,A,-,N,NA,NA,NA,NA,NA,NA,NA,NA,NA,Y,3,0,2,3,A,-,01,23153,A,N,C,C,A,A,H,-,A,A,0,NA,NA,NA,NA,Y,Y,-,NA,0,1,1,0,0,0,0,0,0,-,-,NA,NA,RIVERSIDE,CORONA,-117.50643920898438,33.81681823730469
8614752,2018,2018-05-07,3300,2018-04-25,1230,N5953,916D,3,5,4,3312,0,0,0,NA,0,035,E 4TH ST,F ST,64,W,N,A,-,N,NA,NA,NA,NA,NA,NA,NA,NA,NA,N,3,0,1,2,B,-,22,NA,NA,F,G,B,F,A,H,-,A,D,0,Y,NA,NA,NA,Y,NA,A,07,0,1,0,0,1,0,0,0,0,-,-,NA,NA,RIVERSIDE,PERRIS,-117.22412872314452,33.782386779785156
8614882,2018,2018-05-03,3300,2018-03-28,0505,4767,916D,3,5,4,3312,0,0,0,NA,0,032,SAN JACINTO AV,DUNLAP DR,7,E,N,A,-,N,NA,NA,NA,NA,NA,NA,NA,NA,NA,Y,3,0,2,2,A,-,05,21651,A,N,A,C,A,A,H,-,D,D,0,NA,NA,NA,NA,Y,NA,D,22,0,1,1,0,0,0,0,0,0,-,-,33.786441802978516,-117.19133758544922,RIVERSIDE,PERRIS,-117.19137573242188,33.786659240722656
8615163,2018,2018-05-07,3313,2018-04-04,1443,1384,1,3,5,7,3313,0,0,0,NA,0,M17,UNIVERSITY AV,CHESTNUT ST,10,E,N,A,-,N,NA,NA,NA,NA,NA,NA,NA,NA,NA,N,4,0,1,2,A,-,03,22350,NA,M,C,C,A,A,H,-,A,A,0,NA,NA,NA,NA,Y,NA,A,07,0,0,1,0,0,0,0,0,0,-,-,33.98360061645508,-117.37815856933594,RIVERSIDE,RIVERSIDE,-117.37805938720705,33.98353576660156
8615241,2018,2018-05-07,3300,2018-04-14,1042,3854,910H,6,5,5,3335,0,0,0,NA,0,063,MARGARITA RD,VIA LA VIDA,24,S,N,A,-,N,NA,NA,NA,NA,NA,NA,NA,NA,NA,Y,3,0,1,2,A,-,03,22350,NA,N,C,C,A,A,H,-,A,D,0,NA,NA,NA,NA,Y,NA,A,01,0,1,0,0,0,0,0,0,0,-,-,33.515201568603516,-117.1491928100586,RIVERSIDE,TEMECULA,-117.14911651611328,33.515174865722656
8616082,2018,2018-05-16,3308,2018-04-09,1443,10610,296,1,5,5,3308,0,0,0,NA,0,NORHT,STATE ST,FRUITVALE AV,1497,N,N,A,-,N,NA,NA,NA,NA,NA,NA,NA,NA,NA,Y,4,0,1,1,A,-,08,22107,NA,N,E,I,A,A,H,-,A,A,0,NA,NA,NA,NA,Y,NA,A,01,0,0,1,0,0,0,0,0,0,-,-,33.76203918457031,-116.9717025756836,RIVERSIDE,HEMET,-116.97183990478516,33.76612854003906
8616102,2018,2018-05-16,3308,2018-04-09,1945,10530,573,1,5,5,3308,0,0,0,NA,0,SOUTH,DOMENIGONI PKWY,WARREN RD,61,W,N,A,-,N,NA,NA,NA,NA,NA,NA,NA,NA,NA,N,4,0,2,3,A,-,03,22350,NA,N,C,C,A,A,H,-,D,A,0,NA,NA,NA,NA,Y,NA,A,01,0,0,2,0,0,0,0,0,0,-,-,NA,NA,RIVERSIDE,HEMET,-117.0340576171875,33.70419692993164
8617589,2018,2018-07-30,3300,2018-05-01,1537,4490,910S,2,5,5,3335,0,0,0,NA,0,070,TEMECULA PKWY,BUTTERFIELD STAGE RD,0,NA,Y,A,-,N,NA,NA,NA,NA,NA,NA,NA,NA,NA,Y,4,0,1,2,A,-,09,21453,C,N,D,C,A,A,H,-,A,A,0,NA,NA,NA,NA,Y,NA,A,01,0,0,1,0,0,0,0,0,0,-,-,33.486270904541016,-117.07846832275392,RIVERSIDE,TEMECULA,-117.078493,33.486252
8619245,2018,2018-06-11,3300,2018-04-13,0435,3236,002K,5,5,6,3345,0,0,0,NA,0,022,VAN BUREN BL,ETIWANDA AV,280,S,N,A,-,N,NA,NA,NA,NA,NA,NA,NA,NA,NA,Y,4,0,1,3,A,-,08,22107,NA,N,B,C,A,A,H,-,D,D,0,NA,NA,NA,NA,Y,NA,A,01,0,0,1,0,0,0,0,0,0,-,-,34.01654815673828,-117.52420806884766,RIVERSIDE,JURUPA VALLEY,-117.52375793457033,34.01601791381836
8619545,2018,2018-05-24,3311,2018-05-03,0424,15842,NA,4,5,4,3311,0,0,0,NA,0,002,INDIAN CANYON DR N,ALEJO RD,0,N,N,A,-,N,NA,NA,NA,NA,NA,NA,NA,NA,NA,N,4,0,1,2,A,-,07,21658,A,M,C,C,A,A,H,-,D,A,0,NA,NA,NA,NA,Y,NA,A,01,0,0,1,0,0,0,0,0,0,-,-,33.830421447753906,-116.54566192626952,RIVERSIDE,PALM SPRINGS,-116.5456085205078,33.8303108215332
8620264,2018,2018-07-13,3300,2018-05-02,0417,3862,012,3,5,6,3345,0,0,0,NA,0,020,VAN BUREN BL,CLAY ST,37,N,N,C,-,N,NA,NA,NA,NA,NA,NA,NA,NA,NA,Y,4,0,1,1,-,-,-,NA,NA,N,F,I,A,B,H,-,C,D,0,NA,NA,NA,NA,Y,NA,-,-,0,0,1,0,0,0,0,0,0,-,-,NA,NA,RIVERSIDE,JURUPA VALLEY,-117.46669006347656,33.967227935791016
8620440,2018,2018-05-31,3300,2018-05-13,1121,N2646,602A4,7,5,6,3394,0,0,0,NA,0,022,FREDERICK ST,EUCALYPTUS AV,57,N,N,A,-,N,NA,NA,NA,NA,NA,NA,NA,NA,NA,N,4,0,3,2,A,-,21,22106,NA,N,C,C,A,A,H,-,A,A,0,NA,NA,NA,NA,Y,NA,A,07,0,0,3,0,0,0,0,0,0,-,-,33.93156051635742,-117.26145935058594,RIVERSIDE,MORENO VALLEY,-117.26141357421876,33.93165588378906
8620793,2018,2018-05-18,3309,2018-04-21,2250,443,3309,6,5,4,3309,0,0,0,NA,0,003,JACKSON ST,AVE 50,754,N,N,A,-,N,NA,NA,NA,NA,NA,NA,NA,NA,NA,N,4,0,4,2,A,-,03,22350,NA,N,C,C,A,A,H,-,A,A,0,NA,NA,NA,NA,Y,NA,A,01,0,0,4,0,0,0,0,0,0,-,-,NA,NA,RIVERSIDE,INDIO,-116.21649932861328,33.68755340576172
8621080,2018,2018-05-23,3315,2018-04-26,2107,11119,3B,4,5,6,3315,0,0,0,NA,0,NA,MAIN ST,KENDALL ST,89,N,N,A,-,N,NA,NA,NA,NA,NA,NA,NA,NA,NA,Y,4,0,1,2,A,-,08,22107,NA,N,C,E,A,A,H,-,C,D,0,NA,NA,NA,NA,Y,NA,A,01,0,0,1,0,0,0,0,0,0,-,-,NA,NA,RIVERSIDE,CORONA,-117.5676727294922,33.867122650146484
8621369,2018,2018-05-23,3315,2018-04-30,2023,001874,15B,1,5,6,3315,0,0,0,NA,0,003,FULLERTON AV,VALENCIA RD,0,NA,Y,A,-,N,NA,NA,NA,NA,NA,NA,NA,NA,NA,N,4,0,1,2,A,-,10,21950,A,N,G,B,B,A,H,-,C,A,0,Y,NA,NA,NA,Y,NA,A,01,0,0,1,0,1,0,0,0,0,-,-,NA,NA,RIVERSIDE,CORONA,-117.55966186523438,33.834800720214844
8621373,2018,2018-05-23,3315,2018-04-27,1415,11119,3F,5,5,6,3315,0,0,0,NA,0,NA,4TH ST,HOWARD ST,0,NA,Y,A,-,N,NA,NA,NA,NA,NA,NA,NA,NA,NA,Y,2,0,1,2,A,-,06,21750,A,F,D,C,A,A,H,-,A,A,0,NA,NA,Y,NA,Y,NA,C,02,1,0,0,0,0,0,0,0,1,-,-,NA,NA,RIVERSIDE,CORONA,-117.56234741210938,33.87704086303711
8622750,2018,2018-06-01,3302,2018-05-14,1408,953,NA,1,5,3,3302,0,0,0,NA,0,001,2ND ST MARKETPLACE,PASEO BEAUMONT,559,W,N,A,-,N,NA,NA,NA,NA,NA,NA,NA,NA,NA,N,4,0,1,2,A,-,03,22350,NA,N,C,C,A,A,H,-,A,D,0,NA,NA,NA,NA,Y,NA,A,07,0,0,1,0,0,0,0,0,0,-,-,NA,NA,RIVERSIDE,BEAUMONT,-116.950006,33.923331
8623082,2018,2018-05-30,3308,2018-04-27,2023,10636,517,5,5,5,3308,0,0,0,NA,0,NORTH,BUENA VISTA ST,OAKLAND AV,0,NA,Y,A,-,N,NA,NA,NA,NA,NA,NA,NA,NA,NA,N,4,0,1,2,A,-,09,21800,A,N,D,C,A,A,H,-,D,A,0,NA,NA,NA,NA,Y,NA,A,01,0,0,1,0,0,0,0,0,0,-,-,33.7547492980957,-116.9674072265625,RIVERSIDE,HEMET,-116.96736907958984,33.754798889160156
8625323,2018,2018-06-25,3300,2018-05-08,0101,3862,C1,2,5,6,3345,0,0,0,NA,0,021,VAN BUREN BL,56TH ST,356,W,N,A,-,N,NA,NA,NA,NA,NA,NA,NA,NA,NA,Y,3,0,1,1,A,-,03,22350,NA,N,E,I,A,A,H,-,D,A,0,NA,NA,NA,NA,Y,NA,A,01,0,1,0,0,0,0,0,0,0,-,-,NA,NA,RIVERSIDE,JURUPA VALLEY,-117.47999572753906,33.98733901977539
8626471,2018,2018-06-07,3313,2018-05-18,1800,1900,3,5,5,7,3313,0,0,0,NA,0,3R30,VAN BUREN BL,WOOD RD,1335,W,N,A,-,N,NA,NA,NA,NA,NA,NA,NA,NA,NA,N,4,0,1,3,A,-,01,23152,A,N,C,C,A,A,H,-,A,A,0,NA,NA,NA,NA,Y,Y,D,22,0,0,1,0,0,0,0,0,0,-,-,33.887149810791016,-117.33126068115234,RIVERSIDE,RIVERSIDE,-117.33575439453124,33.88713073730469
8626536,2018,2018-06-06,3315,2018-05-16,1315,002235,9B,3,5,6,3315,0,0,0,NA,0,002,MCKINLEY ST,SADDLEBACK DR,0,NA,Y,A,-,N,NA,NA,NA,NA,NA,NA,NA,NA,NA,Y,4,0,2,2,A,-,09,21801,A,N,D,C,A,A,H,-,A,D,0,NA,NA,NA,NA,Y,NA,-,NA,0,0,2,0,0,0,0,0,0,-,-,NA,NA,RIVERSIDE,CORONA,-117.52689361572266,33.89611053466797
8629124,2018,2018-06-21,3300,2018-05-31,2039,N6426,910I,4,5,5,3335,0,0,0,NA,0,063,MEADOWS PKWY,PARDUCCI LN,400,N,N,A,-,N,NA,NA,NA,NA,NA,NA,NA,NA,NA,Y,3,0,2,1,A,-,08,22107,NA,N,E,I,A,A,H,-,C,D,0,NA,NA,NA,NA,Y,NA,A,01,0,1,1,0,0,0,0,0,0,-,-,NA,NA,RIVERSIDE,TEMECULA,-117.11004638671876,33.52211380004883
8629953,2018,2018-06-06,3313,2018-05-10,1854,1772,4,4,5,7,3313,0,0,0,NA,0,T45,CALIFORNIA AV,MELROSE ST,0,NA,Y,A,-,N,NA,NA,NA,NA,NA,NA,NA,NA,NA,N,4,0,1,2,A,-,05,21202,A,N,D,G,A,A,H,-,A,A,0,NA,Y,NA,NA,Y,NA,L,04,0,0,1,0,0,0,1,0,0,-,-,33.9453010559082,-117.41811370849608,RIVERSIDE,RIVERSIDE,-117.41848754882813,33.94546890258789
8631001,2018,2018-06-06,3313,2018-04-14,1442,1828,2,6,5,7,3313,0,0,0,NA,0,3R20,UNIVERSITY AV,CRANFORD AV,275,W,N,A,-,N,NA,NA,NA,NA,NA,NA,NA,NA,NA,N,4,0,1,2,A,-,09,21804,A,F,H,G,A,A,H,-,A,A,0,NA,Y,NA,NA,Y,NA,A,01,0,0,1,0,0,0,1,0,0,-,-,33.975521087646484,-117.34410095214844,RIVERSIDE,RIVERSIDE,-117.34510803222656,33.975730895996094
8632699,2018,2018-06-12,3300,2018-05-16,1724,N6567,916D,3,5,4,3312,0,0,0,NA,0,035,4TH ST,C ST,0,NA,Y,A,-,N,NA,NA,NA,NA,NA,NA,NA,NA,NA,Y,4,0,2,2,A,-,12,21453,A,N,D,C,A,A,H,-,A,A,0,NA,NA,NA,NA,Y,NA,A,01,0,0,2,0,0,0,0,0,0,-,-,NA,NA,RIVERSIDE,PERRIS,-117.23005676269533,33.7823600769043
8632715,2018,2018-06-12,3300,2018-05-22,2207,3552,916B,2,5,4,3312,0,0,0,NA,0,032,NUEVO RD,DUNLAP DR,0,NA,Y,A,-,N,NA,NA,NA,NA,NA,NA,NA,NA,NA,Y,3,0,3,3,A,-,12,21453,A,N,D,C,A,A,H,-,C,A,0,NA,NA,NA,NA,Y,NA,A,01,0,3,0,0,0,0,0,0,0,-,-,33.801109313964844,-117.1913604736328,RIVERSIDE,PERRIS,-117.19120025634766,33.801170349121094
8633088,2018,2018-06-14,3300,2018-04-22,2201,5025,002,7,5,6,3345,0,0,0,NA,0,024,VAN BUREN BL,CLAY ST,1093,N,N,A,-,N,NA,NA,NA,NA,NA,NA,NA,NA,NA,Y,3,0,1,1,A,-,03,22350,NA,N,E,I,A,A,H,-,D,A,0,NA,NA,NA,NA,Y,NA,A,01,0,1,0,0,0,0,0,0,0,-,-,33.96731948852539,-117.46681213378906,RIVERSIDE,JURUPA VALLEY,-117.46938323974608,33.968963623046875
8633175,2018,2018-06-15,3300,2018-05-26,1338,3555,002R,6,5,6,3345,0,0,0,NA,0,024,LIMONITE AV,FELSPAR ST,126,E,N,A,-,N,NA,NA,NA,NA,NA,NA,NA,NA,NA,Y,4,0,2,3,A,-,03,22350,NA,N,C,C,A,A,H,-,A,A,0,NA,NA,NA,NA,Y,NA,-,-,0,0,2,0,0,0,0,0,0,-,-,33.975860595703125,-117.48416137695313,RIVERSIDE,JURUPA VALLEY,-117.4836883544922,33.975528717041016
8634159,2018,2018-06-07,3300,2018-04-12,1733,4024,905D,4,5,4,3307,0,0,0,NA,0,091,CORYDON ST,MISSION TRAIL,45,S,N,A,-,N,NA,NA,NA,NA,NA,NA,NA,NA,NA,N,4,0,1,2,A,-,08,22107,NA,N,B,C,A,A,H,-,A,A,0,NA,NA,NA,NA,Y,NA,A,01,0,0,1,0,0,0,0,0,0,-,-,33.63322067260742,-117.29058074951172,RIVERSIDE,LAKE ELSINORE,-117.29076385498048,33.633018493652344
8634438,2018,2018-06-13,3313,2018-05-20,0119,1704,4,7,5,7,3313,0,0,0,NA,0,1R43,VAN BUREN BL,JURUPA AV,0,NA,Y,A,-,N,NA,NA,NA,NA,NA,NA,NA,NA,NA,N,3,0,4,2,A,-,09,21453,C,N,A,C,A,A,H,-,C,A,0,NA,NA,NA,NA,Y,Y,A,01,0,2,2,0,0,0,0,0,0,-,-,33.95878982543945,-117.4615478515625,RIVERSIDE,RIVERSIDE,-117.4616470336914,33.9587287902832
8635021,2018,2018-06-14,3300,2018-04-18,1633,4867,602D2,3,5,6,3394,0,0,0,NA,0,MV26,PERRIS BL,FIR AV,149,S,N,A,-,N,NA,NA,NA,NA,NA,NA,NA,NA,NA,Y,4,0,2,2,A,-,03,22350,NA,N,D,C,A,A,H,-,A,A,0,NA,NA,NA,NA,Y,NA,A,01,0,0,2,0,0,0,0,0,0,-,-,33.93537139892578,-117.22630310058594,RIVERSIDE,MORENO VALLEY,-117.22630310058594,33.93501281738281
8635313,2018,2018-06-20,3313,2018-05-31,1737,1772,2,4,5,7,3313,0,0,0,NA,0,T45,IOWA AV,SPRUCE ST,420,S,N,A,-,N,NA,NA,NA,NA,NA,NA,NA,NA,NA,Y,4,0,2,3,A,-,01,23152,A,N,C,C,A,A,H,-,A,A,0,NA,NA,NA,NA,Y,Y,D,22,0,0,2,0,0,0,0,0,0,-,-,33.990291595458984,-117.33992004394533,RIVERSIDE,RIVERSIDE,-117.33985137939452,33.989078521728516
8635349,2018,2018-06-21,3313,2018-06-04,1613,1762,1,1,5,7,3313,0,0,0,NA,0,T44,MARKET ST,10TH ST,0,NA,Y,A,-,N,NA,NA,NA,NA,NA,NA,NA,NA,NA,Y,4,0,1,2,A,-,12,21453,A,N,D,C,A,A,H,-,A,A,0,NA,NA,NA,NA,Y,NA,A,01,0,0,1,0,0,0,0,0,0,-,-,33.98054885864258,-117.37716674804688,RIVERSIDE,RIVERSIDE,-117.37703704833984,33.98052978515625
8635439,2018,2018-06-21,3313,2018-06-02,1953,1868,4,6,5,7,3313,0,0,0,NA,0,3R46,STREETER AV,JERRY LOUDER ST,0,NA,Y,A,-,N,NA,NA,NA,NA,NA,NA,NA,NA,NA,N,4,0,1,2,A,-,09,21803,A,N,D,C,A,A,H,-,C,A,0,NA,NA,NA,NA,Y,NA,A,01,0,0,1,0,0,0,0,0,0,-,-,NA,NA,RIVERSIDE,RIVERSIDE,-117.418595,33.956
8635625,2018,2018-06-19,3309,2018-04-08,1500,215,DESER,7,5,4,3309,0,0,0,NA,0,002,RUBY AV,PALO VERDE AV,62,W,N,A,-,N,NA,NA,NA,NA,NA,NA,NA,NA,NA,N,3,0,1,2,A,-,08,22107,NA,N,D,E,A,A,H,-,A,D,0,NA,NA,NA,NA,Y,NA,A,07,0,1,0,0,0,0,0,0,0,-,-,NA,NA,RIVERSIDE,INDIO,-116.2122039794922,33.726619720458984