CASE_ID,ACCIDENT_YEAR,PROC_DATE,JURIS,COLLISION_DATE,COLLISION_TIME,OFFICER_ID,REPORTING_DISTRICT,DAY_OF_WEEK,CHP_SHIFT,POPULATION,CNTY_CITY_LOC,SPECIAL_COND,BEAT_TYPE,CHP_BEAT_TYPE,CITY_DIVISION_LAPD,CHP_BEAT_CLASS,BEAT_NUMBER,PRIMARY_RD,SECONDARY_RD,DISTANCE,DIRECTION,INTERSECTION,WEATHER_1,WEATHER_2,STATE_HWY_IND,CALTRANS_COUNTY,CALTRANS_DISTRICT,STATE_ROUTE,ROUTE_SUFFIX,POSTMILE_PREFIX,POSTMILE,LOCATION_TYPE,RAMP_INTERSECTION,SIDE_OF_HWY,TOW_AWAY,COLLISION_SEVERITY,NUMBER_KILLED,NUMBER_INJURED,PARTY_COUNT,PRIMARY_COLL_FACTOR,PCF_CODE_OF_VIOL,PCF_VIOL_CATEGORY,PCF_VIOLATION,PCF_VIOL_SUBSECTION,HIT_AND_RUN,TYPE_OF_COLLISION,MVIW,PED_ACTION,ROAD_SURFACE,ROAD_COND_1,ROAD_COND_2,LIGHTING,CONTROL_DEVICE,CHP_ROAD_TYPE,PEDESTRIAN_ACCIDENT,BICYCLE_ACCIDENT,MOTORCYCLE_ACCIDENT,TRUCK_ACCIDENT,NOT_PRIVATE_PROPERTY,ALCOHOL_INVOLVED,STWD_VEHTYPE_AT_FAULT,CHP_VEHTYPE_AT_FAULT,COUNT_SEVERE_INJ,COUNT_VISIBLE_INJ,COUNT_COMPLAINT_PAIN,COUNT_PED_KILLED,COUNT_PED_INJURED,COUNT_BICYCLIST_KILLED,COUNT_BICYCLIST_INJURED,COUNT_MC_KILLED,COUNT_MC_INJURED,PRIMARY_RAMP,SECONDARY_RAMP,LATITUDE,LONGITUDE,COUNTY,CITY,POINT_X,POINT_Y
8974493,2019,2019-12-28,3313,2019-10-10,2300,1900,3,4,5,7,3313,0,0,0,NA,0,1R39,EASTRIDGE AV,BOX SPRINGS BL,488,W,N,A,-,N,NA,NA,NA,NA,NA,NA,NA,NA,NA,Y,3,0,1,1,A,-,01,23152,A,N,E,I,A,A,H,-,C,D,0,NA,NA,NA,NA,Y,Y,A,01,0,1,0,0,0,0,0,0,0,-,-,33.93143844604492,-117.29219818115234,RIVERSIDE,RIVERSIDE,-117.29371643066406,33.9312629699707
8975638,2019,2019-11-22,3308,2019-09-20,1425,10702,517,5,5,5,3308,0,0,0,NA,0,NORTH,BUENA VISTA ST,OAKLAND AV,0,NA,Y,A,-,N,NA,NA,NA,NA,NA,NA,NA,NA,NA,N,4,0,1,2,A,-,09,21800,A,N,D,C,A,A,H,-,A,A,0,NA,NA,NA,NA,Y,NA,A,07,0,0,1,0,0,0,0,0,0,-,-,33.7547492980957,-116.9674072265625,RIVERSIDE,HEMET,-116.96736907958984,33.754798889160156
8976492,2019,2019-12-02,3300,2019-10-04,1555,N4424,602D3,5,5,6,3394,0,0,0,NA,0,026,HEACOCK ST,ALESSANDRO BL,67,N,N,A,-,N,NA,NA,NA,NA,NA,NA,NA,NA,NA,N,4,0,1,2,A,-,03,22350,NA,N,C,C,A,A,H,-,A,A,0,NA,NA,NA,NA,Y,NA,D,22,0,0,1,0,0,0,0,0,0,-,-,33.917259216308594,-117.24373626708984,RIVERSIDE,MORENO VALLEY,-117.24373626708984,33.91752243041992
8976834,2019,2019-11-23,3300,2019-10-21,1527,3536,602C3,1,5,6,3394,0,0,0,NA,0,MV24,COTTONWOOD AV,NAGAI DR,0,NA,Y,A,-,N,NA,NA,NA,NA,NA,NA,NA,NA,NA,N,4,0,1,3,A,-,09,21801,A,N,D,C,A,A,H,-,A,A,0,NA,NA,NA,NA,Y,NA,A,01,0,0,1,0,0,0,0,0,0,-,-,33.92451095581055,-117.25556182861328,RIVERSIDE,MORENO VALLEY,-117.25565338134766,33.924530029296875
8976842,2019,2019-12-02,3300,2019-10-07,1542,N4424,604B1,1,5,6,3394,0,0,0,NA,0,MV42,MORENO BEACH DR,EUCALYPTUS AV,0,NA,Y,A,-,N,NA,NA,NA,NA,NA,NA,NA,NA,NA,N,4,0,1,2,A,-,12,21453,A,N,D,C,A,A,H,-,A,A,0,NA,NA,NA,NA,Y,Y,A,01,0,0,1,0,0,0,0,0,0,-,-,33.93729019165039,-117.17858123779295,RIVERSIDE,MORENO VALLEY,-117.1785125732422,33.93730926513672
8978026,2019,2019-11-27,3300,2019-10-26,1212,N5541,36G6,6,5,4,3318,0,0,0,NA,0,036,PORTOLA AV,COUNTRY CLUB DR,37,S,N,A,-,N,NA,NA,NA,NA,NA,NA,NA,NA,NA,N,4,0,1,2,A,-,08,22107,NA,N,C,C,A,A,H,-,A,A,0,NA,NA,NA,NA,Y,NA,A,07,0,0,1,0,0,0,0,0,0,-,-,NA,NA,RIVERSIDE,PALM DESERT,-116.3737335205078,33.75792694091797
8978629,2019,2019-12-03,3300,2019-10-27,1930,N5330,001L,7,5,6,3345,0,0,0,NA,0,016,MISSION BL,TWINING ST,0,NA,Y,A,-,N,NA,NA,NA,NA,NA,NA,NA,NA,NA,N,2,0,2,2,A,-,09,21801,A,N,C,C,A,A,H,-,C,A,0,NA,NA,Y,NA,Y,NA,C,02,1,0,1,0,0,0,0,0,1,-,-,NA,NA,RIVERSIDE,JURUPA VALLEY,-117.40464782714844,33.99576950073242
8980161,2019,2019-11-21,3313,2019-10-15,1428,1202,3,2,5,7,3313,0,0,0,NA,0,M30,ALESSANDRO BL,SYCAMORE CANYON BL,0,NA,Y,A,-,N,NA,NA,NA,NA,NA,NA,NA,NA,NA,N,3,0,1,2,A,-,12,21453,A,M,H,G,A,A,H,-,A,A,0,NA,Y,NA,NA,Y,NA,L,04,0,1,0,0,0,0,1,0,0,-,-,33.914791107177734,-117.2925262451172,RIVERSIDE,RIVERSIDE,-117.29205322265624,33.91680908203125
8980196,2019,2019-11-21,3300,2019-10-26,1340,5791,002,6,5,6,3345,0,0,0,NA,0,020,MISSION BL,PYRITE ST,0,NA,Y,A,-,N,NA,NA,NA,NA,NA,NA,NA,NA,NA,N,3,0,2,2,A,-,09,21803,A,N,D,C,A,A,H,-,A,A,0,NA,NA,NA,NA,Y,NA,A,01,0,2,0,0,0,0,0,0,0,-,-,34.01179885864258,-117.4623565673828,RIVERSIDE,JURUPA VALLEY,-117.4623565673828,34.01179885864258
8980290,2019,2020-01-22,3313,2019-11-02,1806,1489,4,6,5,7,3313,0,0,0,NA,0,T44,VICTORIA AV,ANNA ST,300,W,N,A,-,N,NA,NA,NA,NA,NA,NA,NA,NA,NA,NA,4,0,1,1,A,-,08,22107,NA,N,E,J,A,A,H,-,C,D,0,NA,NA,NA,NA,Y,NA,A,01,0,0,1,0,0,0,0,0,0,-,-,33.94179916381836,-117.37254333496094,RIVERSIDE,RIVERSIDE,-117.37310028076172,33.941192626953125
8980298,2019,2020-01-22,3313,2019-11-03,1645,1971,1,7,5,7,3313,0,0,0,NA,0,3R16,STREETER AV,MOUNTAIN VIEW AV,96,S,N,A,-,N,NA,NA,NA,NA,NA,NA,NA,NA,NA,N,4,0,1,1,A,-,03,22350,NA,M,E,I,A,A,H,-,A,D,0,NA,NA,NA,NA,Y,NA,A,01,0,0,1,0,0,0,0,0,0,-,-,33.960350036621094,-117.41861724853516,RIVERSIDE,RIVERSIDE,-117.41862487792967,33.960296630859375
8983597,2019,2019-12-05,3308,2019-10-28,1450,10610,507,1,5,5,3308,0,0,0,NA,0,NORTH,MENLO AV,ALESSANDRO ST,219,E,N,A,-,N,NA,NA,NA,NA,NA,NA,NA,NA,NA,Y,3,0,3,2,A,-,03,22350,NA,N,C,C,A,A,H,-,A,A,0,NA,NA,NA,NA,Y,NA,A,01,0,1,2,0,0,0,0,0,0,-,-,33.75838851928711,-116.9739227294922,RIVERSIDE,HEMET,-116.97325897216795,33.758399963378906
8984107,2019,2020-02-04,3308,2019-10-12,1832,10741,518,6,5,5,3308,0,0,0,NA,0,SOUTH,FLORIDA AV,COLUMBIA ST,0,NA,Y,A,-,Y,RIV,8,74,-,-,42.088,I,5,E,Y,2,0,1,2,A,-,09,21801,A,N,A,C,A,A,H,-,B,A,0,NA,NA,Y,NA,Y,NA,A,01,1,0,0,0,0,0,0,0,1,-,-,33.747581481933594,-116.94548797607422,RIVERSIDE,HEMET,-116.94559478759766,33.747676849365234
8984816,2019,2019-12-30,3315,2019-10-02,0538,001041,3H,3,5,6,3315,0,0,0,NA,0,002,EAST 6TH ST,EL SOBRANTE RD,228,W,N,A,-,N,NA,NA,NA,NA,NA,NA,NA,NA,NA,N,4,0,1,2,A,-,05,21202,A,N,H,G,A,A,H,-,C,A,0,NA,Y,NA,NA,Y,NA,L,04,0,0,1,0,0,0,1,0,0,-,-,NA,NA,RIVERSIDE,CORONA,-117.54686737060548,33.87436294555664
8985115,2019,2020-01-28,3300,2019-10-11,1602,4940,920E,5,5,4,3314,0,0,0,NA,0,070,SAN JACINTO AV,2ND ST,0,NA,Y,A,-,N,NA,NA,NA,NA,NA,NA,NA,NA,NA,N,4,0,2,2,A,-,12,22450,A,N,D,C,A,A,H,-,A,D,0,NA,NA,NA,NA,Y,NA,A,01,0,0,2,0,0,0,0,0,0,-,-,NA,NA,RIVERSIDE,SAN JACINTO,-116.95890808105467,33.78575897216797
8985771,2019,2020-01-10,3313,2019-11-13,0703,1686,5,3,5,7,3313,0,0,0,NA,0,T58,BANBURY DR,DIANA AV,563,N,N,A,-,N,NA,NA,NA,NA,NA,NA,NA,NA,NA,Y,3,0,4,2,A,-,05,21650,NA,N,A,C,A,A,H,-,A,D,0,NA,NA,NA,NA,Y,NA,A,01,0,1,3,0,0,0,0,0,0,-,-,33.90470886230469,-117.46070861816406,RIVERSIDE,RIVERSIDE,-117.4618682861328,33.90570068359375
8986008,2019,2019-12-03,3300,2019-10-22,2000,3372,604 C,2,5,6,3394,0,0,0,NA,0,MV44,LASSELLE ST,COLLEGE DR,260,N,N,A,-,N,NA,NA,NA,NA,NA,NA,NA,NA,NA,Y,4,0,1,2,A,-,03,22350,NA,M,E,I,F,A,H,-,C,A,0,Y,NA,NA,NA,Y,Y,A,01,0,0,1,0,1,0,0,0,0,-,-,33.88690185546875,-117.2056884765625,RIVERSIDE,MORENO VALLEY,-117.20545196533205,33.88768768310547
8986689,2019,2019-12-18,3313,2019-10-30,1035,1686,2,3,5,7,3313,0,0,0,NA,0,T58,WATKINS DR,BARRETT RD,0,NA,Y,A,-,N,NA,NA,NA,NA,NA,NA,NA,NA,NA,Y,3,0,2,2,A,-,09,21804,A,N,D,C,A,A,H,-,A,A,0,NA,NA,NA,NA,Y,NA,A,01,0,1,1,0,0,0,0,0,0,-,-,33.97465133666992,-117.31649780273438,RIVERSIDE,RIVERSIDE,-117.31651306152344,33.97460174560547
8987055,2019,2020-01-27,3300,2019-11-08,1922,5059,604D4,5,5,6,3394,0,0,0,NA,0,MV48,MORENO BEACH DR,CACTUS AV,0,NA,Y,A,-,N,NA,NA,NA,NA,NA,NA,NA,NA,NA,Y,3,0,3,2,A,-,09,21453,C,N,D,C,A,A,H,-,C,A,0,NA,NA,NA,NA,Y,NA,A,01,0,2,1,0,0,0,0,0,0,-,-,33.90956115722656,-117.17411041259766,RIVERSIDE,MORENO VALLEY,-117.1740264892578,33.91012954711914
8990084,2019,2019-12-03,3300,2019-06-27,1917,4024,905D,4,5,4,3307,0,0,0,NA,0,091,BEECHWOOD LN,SWEETWOOD LN,0,NA,Y,A,-,N,NA,NA,NA,NA,NA,NA,NA,NA,NA,Y,4,0,1,2,A,-,03,22350,NA,N,A,C,A,A,H,-,A,D,0,NA,NA,NA,NA,Y,NA,A,01,0,0,1,0,0,0,0,0,0,-,-,33.62369918823242,-117.31166076660156,RIVERSIDE,LAKE ELSINORE,-117.31147003173828,33.62376022338867
8990198,2019,2020-01-13,3300,2019-10-28,1408,5568,2LA40,1,5,3,3392,0,0,0,NA,0,41A1,WASHINGTON ST,MILES,988,S,N,A,-,N,NA,NA,NA,NA,NA,NA,NA,NA,NA,Y,4,0,1,2,A,-,08,22107,NA,N,B,C,A,A,H,-,A,D,0,NA,NA,NA,NA,Y,NA,A,01,0,0,1,0,0,0,0,0,0,-,-,NA,NA,RIVERSIDE,LA QUINTA,-116.29586029052734,33.71980285644531
8990601,2019,2019-12-18,3300,2019-10-25,1920,5264,83C,5,5,3,3305,0,0,0,NA,0,005,AVE 52,TRIPOLI WY,0,NA,Y,A,-,N,NA,NA,NA,NA,NA,NA,NA,NA,NA,N,4,0,2,2,A,-,09,21802,A,N,D,C,A,A,H,-,C,A,0,NA,NA,NA,NA,Y,NA,A,01,0,0,2,0,0,0,0,0,0,-,-,NA,NA,RIVERSIDE,COACHELLA,-116.17949676513672,33.670921325683594
8990981,2019,2020-03-03,3300,2019-11-13,2012,5592,80B3,3,5,3,3305,0,0,0,NA,0,1Y80,VAN BUREN,AVE 48,633,S,N,A,-,N,NA,NA,NA,NA,NA,NA,NA,NA,NA,N,4,0,1,2,D,-,00,NA,NA,N,B,B,E,A,H,-,C,A,0,Y,NA,NA,NA,Y,NA,-,-,0,0,1,0,1,0,0,0,0,-,-,NA,NA,RIVERSIDE,COACHELLA,-116.19902801513672,33.69865798950195
8991768,2019,2020-01-09,3300,2019-08-04,0210,4807,012G,7,5,4,3344,0,0,0,NA,0,064,ARCHIBALD AV,SCHLEISMAN RD,0,NA,Y,A,-,N,NA,NA,NA,NA,NA,NA,NA,NA,NA,N,3,0,1,2,A,-,12,21453,A,N,B,C,A,A,H,-,C,A,0,NA,NA,NA,NA,Y,Y,D,22,0,1,0,0,0,0,0,0,0,-,-,33.96080017089844,-117.59320068359376,RIVERSIDE,EASTVALE,-117.59323120117188,33.96089172363281
8992162,2019,2020-01-16,3300,2019-11-21,1358,N6426,910F,4,5,5,3335,0,0,0,NA,0,062,MARGARITA MEADOWS,WINCHESTER RD,89,N,N,A,-,N,NA,NA,NA,NA,NA,NA,NA,NA,NA,NA,4,0,1,2,A,-,03,22350,NA,M,C,C,A,A,H,-,A,D,0,NA,NA,NA,NA,Y,NA,A,01,0,0,1,0,0,0,0,0,0,-,-,NA,NA,RIVERSIDE,TEMECULA,-117.15464019775392,33.529296875
8993122,2019,2019-12-19,3313,2019-10-21,0719,1982,2,1,5,7,3313,0,0,0,NA,0,T75,CHICAGO AV,UNIVERSITY AV,420,S,N,A,-,N,NA,NA,NA,NA,NA,NA,NA,NA,NA,NA,4,0,1,2,A,-,09,21804,A,N,D,G,A,A,H,-,A,A,0,NA,Y,NA,NA,Y,NA,D,22,0,0,1,0,0,0,1,0,0,-,-,33.97557067871094,-117.348388671875,RIVERSIDE,RIVERSIDE,-117.34850311279295,33.97459030151367
8994102,2019,2020-05-21,3325,2019-10-14,1232,2403,NA,1,5,4,3325,0,0,0,NA,0,002,CATHEDRAL CANYON DR,ORTEGA RD,0,NA,Y,A,-,N,NA,NA,NA,NA,NA,NA,NA,NA,NA,N,3,0,1,2,A,-,10,21950,A,F,B,B,B,A,H,-,A,A,0,Y,NA,NA,NA,Y,Y,A,01,0,1,0,0,1,0,0,0,0,-,-,NA,NA,RIVERSIDE,CATHEDRAL CITY,-116.46678924560548,33.80501174926758
8994246,2019,2019-12-12,3309,2019-10-25,1459,468,3309,5,5,4,3309,0,0,0,NA,0,005,JEFFERSON ST,SUN CITY BL,458,N,N,A,-,N,NA,NA,NA,NA,NA,NA,NA,NA,NA,N,3,0,1,3,A,-,03,22350,NA,N,C,C,A,A,H,-,A,A,0,NA,NA,NA,NA,Y,NA,A,01,0,1,0,0,0,0,0,0,0,-,-,NA,NA,RIVERSIDE,INDIO,-116.26905059814452,33.75602340698242
8994920,2019,2020-01-16,3313,2019-11-18,1418,1827,1,1,5,7,3313,0,0,0,NA,0,T43,UNIVERSITY AV,LIME ST,0,NA,Y,A,-,N,NA,NA,NA,NA,NA,NA,NA,NA,NA,N,4,0,1,3,A,-,12,21453,A,N,D,C,A,A,H,-,A,A,0,NA,NA,NA,NA,Y,NA,A,01,0,0,1,0,0,0,0,0,0,-,-,33.97895050048828,-117.3706512451172,RIVERSIDE,RIVERSIDE,-117.37097930908205,33.98027038574219
8994979,2019,2020-01-16,3300,2019-11-14,0519,4535,82B8,4,5,3,3305,0,0,0,NA,0,Y82,AVENUE 54,TYLER ST,0,NA,Y,A,-,N,NA,NA,NA,NA,NA,NA,NA,NA,NA,N,3,0,1,2,A,-,12,22450,A,N,D,C,A,A,H,-,D,A,0,NA,NA,NA,NA,Y,NA,D,22,0,1,0,0,0,0,0,0,0,-,-,NA,NA,RIVERSIDE,COACHELLA,-116.16422271728516,33.65671157836914
8996849,2019,2020-09-18,3311,2019-11-09,1931,16175,NA,6,5,4,3311,0,0,0,NA,0,006,RT 111,DISTRICT CENTER DR,0,NA,Y,A,-,Y,RIV,8,111,-,-,49.835,I,5,N,Y,3,0,1,2,A,-,09,21802,A,N,D,C,A,A,H,-,D,A,0,NA,NA,NA,NA,Y,NA,A,01,0,1,0,0,0,0,0,0,0,-,-,NA,NA,RIVERSIDE,PALM SPRINGS,-116.49514770507813,33.822662353515625
8997017,2019,2020-06-23,3300,2019-11-11,1929,5347,501A,1,5,5,3341,0,0,0,NA,0,051,RT 74,BRIGGS RD,180,E,N,A,-,Y,RIV,8,74,-,-,30.78,H,-,E,Y,3,0,1,2,A,-,08,22107,NA,N,B,C,A,A,D,-,C,D,0,NA,NA,NA,NA,Y,NA,A,07,0,1,0,0,0,0,0,0,0,-,-,NA,NA,RIVERSIDE,MENIFEE,-117.13710784912108,33.743125915527344
9001327,2019,2019-12-31,3300,2019-11-13,1205,N6906,22E3,3,5,3,3317,0,0,0,NA,0,022,RT 111,OFFICER JERMAINE GIBSON AVE,499,E,N,A,-,N,NA,NA,NA,NA,NA,NA,NA,NA,NA,Y,4,0,1,2,A,-,09,21804,NA,N,C,C,A,A,H,-,A,B,0,NA,NA,NA,NA,Y,NA,A,07,0,0,1,0,0,0,0,0,0,-,-,NA,NA,RIVERSIDE,RANCHO MIRAGE,NA,NA
90018421,2015,2015-10-19,9840,2015-09-15,0408,020373,NA,2,3,6,3315,0,3,5,NA,2,003,I-15 N/B FROM WEIRICK ROAD,WEIRICK ROCK,100,N,N,B,-,Y,NA,NA,15,NA,NA,NA,R,NA,N,Y,3,0,1,1,A,-,08,22107,NA,N,F,A,A,A,H,-,C,D,0,NA,NA,Y,NA,Y,NA,C,02,0,1,0,0,0,0,0,0,1,-,-,33.80833,-117.5075,RIVERSIDE,CORONA,-117.5075,33.80833
90020324,2015,2015-10-19,9840,2015-09-21,1959,020210,NA,1,2,6,3315,0,1,3,NA,2,030,SR-91 E/B,SERFAS CLUB DR,2500,W,N,A,-,Y,NA,NA,91,NA,NA,NA,NA,NA,E,N,4,0,1,3,A,-,03,22350,NA,N,C,C,A,A,D,-,D,D,0,NA,NA,NA,Y,Y,NA,F,55,0,0,1,0,0,0,0,0,0,-,-,33.88187,-117.62275,RIVERSIDE,CORONA,-117.62271071,33.88200983
90020477,2015,2015-10-19,9840,2015-09-19,1505,013950,NA,6,2,6,3315,0,1,3,NA,2,031,SR-91 E/B,LINCOLN AVE,325,E,N,A,-,Y,NA,NA,NA,NA,NA,NA,NA,NA,NA,Y,4,0,1,3,A,-,03,22350,NA,N,C,C,A,A,D,-,A,D,0,NA,NA,NA,NA,Y,NA,A,01,0,0,1,0,0,0,0,0,0,-,-,NA,NA,RIVERSIDE,CORONA,-117.58145685,33.88167637
90020958,2015,2015-10-19,9840,2015-09-23,1520,012608,NA,3,2,6,3345,0,1,3,NA,2,010,SR-60 E/B,CAMINO REAL,725,W,N,A,-,Y,NA,NA,60,NA,NA,NA,NA,NA,E,N,4,0,1,2,A,-,07,21658,NA,N,C,C,A,A,H,-,A,D,0,NA,NA,Y,NA,Y,NA,C,02,0,0,1,0,0,0,0,0,1,-,-,34.01452,-117.45259,RIVERSIDE,JURUPA VALLEY,-117.45259836,34.01446995
9002098,2019,2020-01-02,3309,2019-11-25,1314,443,3309,1,5,4,3309,0,0,0,NA,0,002,AVE 40,FIFTIES WY,556,E,N,A,-,N,NA,NA,NA,NA,NA,NA,NA,NA,NA,Y,3,0,2,2,A,-,03,22350,NA,N,D,C,A,A,H,-,A,A,0,NA,NA,NA,NA,Y,NA,A,01,0,1,1,0,0,0,0,0,0,-,-,NA,NA,RIVERSIDE,INDIO,-116.2913818359375,33.758270263671875
90022833,2015,2015-10-19,9840,2015-09-15,0645,012075,NA,2,1,9,3300,0,3,5,NA,2,002,RECHE CANYON ROAD,MERCADANTE LANE,0,NA,N,C,-,N,NA,NA,NA,NA,NA,NA,NA,NA,NA,Y,3,0,2,1,A,-,03,22350,NA,N,F,A,A,B,H,-,A,D,0,NA,NA,NA,NA,Y,NA,A,01,0,1,1,0,0,0,0,0,0,-,-,33.99527,-117.23185,RIVERSIDE,UNINCORPORATED,-117.23141006,33.99426009
90024413,2015,2015-10-19,9840,2015-09-28,1745,016358,NA,1,2,9,3300,0,3,5,NA,2,004,HAINES ST,MARTIN ST,0,NA,Y,A,-,N,NA,NA,NA,NA,NA,NA,NA,NA,NA,Y,3,0,2,2,A,-,12,22450,A,N,D,C,A,A,H,-,A,A,0,NA,NA,NA,NA,Y,NA,A,01,0,1,1,0,0,0,0,0,0,-,-,33.84465,-117.29207,RIVERSIDE,UNINCORPORATED,-117.29198011,33.84447006
90024990,2015,2015-10-19,9655,2015-09-30,0920,013757,NA,3,1,9,3300,0,1,1,NA,2,202,I-10 (E/B) TO CHERRY VALLEY BLVD,CHERRY VALLEY BLVD,18,W,N,A,-,Y,NA,NA,10,NA,NA,NA,R,NA,NA,Y,4,0,1,2,A,-,03,22350,NA,N,C,C,A,A,H,-,A,A,0,NA,NA,NA,NA,Y,NA,A,01,0,0,1,0,0,0,0,0,0,-,-,33.96797,-117.03664,RIVERSIDE,UNINCORPORATED,-117.03664,33.96797
9002539,2019,2020-02-06,3300,2019-12-05,1444,N6426,910P,4,5,5,3335,0,0,0,NA,0,069,TEMECULA PKWY,LA PAZ ST,210,W,N,A,-,N,NA,NA,NA,NA,NA,NA,NA,NA,NA,N,4,0,1,3,A,-,03,22350,NA,N,B,C,A,A,H,-,A,A,0,NA,NA,NA,NA,Y,NA,A,01,0,0,1,0,0,0,0,0,0,-,-,33.47835159301758,-117.1357192993164,RIVERSIDE,TEMECULA,NA,NA
90025963,2015,2015-10-19,9685,2015-10-01,1420,016185,NA,4,2,4,3307,0,1,1,NA,2,010,I-15 S/B,DIAMOND DRIVE,1848,N,N,A,-,Y,NA,NA,15,NA,NA,NA,NA,NA,S,N,4,0,1,2,A,-,03,22350,NA,N,C,C,A,A,H,-,A,D,0,NA,NA,NA,NA,Y,NA,A,01,0,0,1,0,0,0,0,0,0,-,-,33.66675,-117.30458,RIVERSIDE,LAKE ELSINORE,-117.30449102,33.66687253
90026408,2015,2015-10-19,9840,2015-09-30,1513,014335,NA,3,2,7,3313,0,1,1,NA,2,231,I-215 NORTHBOUND,FAIR ISLE DR,100,N,N,A,-,Y,NA,NA,NA,NA,NA,NA,NA,NA,NA,Y,3,0,1,2,A,-,07,21658,A,N,B,C,A,A,H,-,A,D,0,NA,NA,Y,NA,Y,NA,C,02,0,1,0,0,0,0,0,0,1,-,-,NA,NA,RIVERSIDE,RIVERSIDE,NA,NA
90028473,2015,2015-10-19,9840,2015-10-02,0620,017765,NA,5,1,6,3345,0,1,1,NA,2,011,I-15 S/B TO SR-60,MISSION BLVD,50,N,N,A,-,Y,NA,NA,15,NA,NA,NA,R,NA,S,Y,4,0,1,2,A,-,03,22350,NA,N,C,C,A,A,H,-,A,D,0,NA,NA,NA,NA,Y,NA,A,01,0,0,1,0,0,0,0,0,0,-,-,34.02835,-117.5506,RIVERSIDE,JURUPA VALLEY,-117.5506,34.02835
90029022,2015,2015-12-09,9840,2015-10-05,1343,014335,NA,1,1,7,3313,0,1,3,NA,2,010,SR-60 EASTBOUND FROM MAIN STREET,MAIN ST,259,E,N,B,-,Y,NA,NA,60,NA,NA,NA,R,NA,E,N,4,0,1,2,A,-,03,22350,NA,N,C,C,A,A,H,-,A,A,0,NA,NA,NA,NA,Y,NA,A,01,0,0,1,0,0,0,0,0,0,-,-,33.99805,-117.36302,RIVERSIDE,RIVERSIDE,-117.36302,33.99805
90029523,2015,2015-10-19,9840,2015-09-30,2045,018949,NA,3,2,6,3315,0,1,3,NA,2,031,SR-91 E/B,GREEN RIVER RD,500,W,N,A,-,Y,NA,NA,91,NA,NA,NA,NA,NA,E,Y,3,0,1,2,D,-,00,NA,NA,N,C,C,A,A,D,-,D,D,0,NA,NA,Y,NA,Y,NA,-,-,0,1,0,0,0,0,0,0,1,-,-,33.87809,-117.65851,RIVERSIDE,CORONA,-117.65839453,33.87793136
90029914,2015,2015-10-19,9840,2015-09-30,1717,014335,NA,3,2,6,3394,0,1,3,NA,2,025,SR-60 WESTBOUND,FREDERICK ST,100,W,N,A,-,Y,NA,NA,NA,NA,NA,NA,NA,NA,NA,Y,4,0,1,5,A,-,03,22350,NA,N,C,C,A,A,H,-,A,D,0,NA,NA,NA,NA,Y,NA,A,01,0,0,1,0,0,0,0,0,0,-,-,NA,NA,RIVERSIDE,MORENO VALLEY,-117.26178104,33.93975873
90030366,2015,2015-10-19,9655,2015-10-10,0020,020350,NA,6,3,9,3300,0,1,3,NA,1,115,SR-243,BALDY RD,80,S,N,A,-,Y,NA,NA,243,NA,NA,NA,NA,NA,NA,Y,3,0,2,1,A,-,08,22107,NA,N,E,I,A,A,H,-,D,D,0,NA,NA,NA,NA,Y,NA,A,07,0,1,1,0,0,0,0,0,0,-,-,33.76592,-116.7401,RIVERSIDE,UNINCORPORATED,-116.74007794,33.76594308
90030860,2015,2015-10-19,9685,2015-09-15,1615,013376,NA,2,2,4,3312,0,1,1,NA,2,020,I-215 SOUTHBOUND,REDLANDS AVENUE,1500,S,N,B,-,Y,NA,NA,215,NA,NA,NA,NA,NA,S,Y,4,0,2,4,A,-,03,22350,NA,N,C,C,A,A,D,-,A,D,0,NA,NA,NA,NA,Y,NA,A,07,0,0,2,0,0,0,0,0,0,-,-,33.78194,-117.21313,RIVERSIDE,PERRIS,-117.21316662,33.78188431
90032375,2015,2015-12-09,9685,2015-10-07,1735,012466,NA,3,2,4,3307,0,1,1,NA,2,010,I-15 S/B,FRANKLIN ST. O/C,50,S,N,A,-,Y,NA,NA,15,NA,NA,NA,NA,NA,S,N,4,0,1,4,A,-,03,22350,NA,N,C,C,A,A,H,-,A,D,0,NA,NA,NA,NA,Y,NA,A,08,0,0,1,0,0,0,0,0,0,-,-,33.66856,-117.30729,RIVERSIDE,LAKE ELSINORE,-117.30722214,33.66868221
90032808,2015,2015-10-19,9660,2015-10-12,0617,020724,NA,1,1,9,3300,0,1,1,NA,2,031,INTERSTATE 10 EASTBOUND,MESA DR,14256,W,N,A,-,Y,NA,NA,10,NA,NA,NA,NA,NA,E,Y,2,0,3,1,A,-,08,22107,NA,N,E,I,A,A,H,-,B,D,0,NA,NA,NA,NA,Y,NA,D,22,2,1,0,0,0,0,0,0,0,-,-,33.6094,-114.7757,RIVERSIDE,UNINCORPORATED,-114.77568544,33.60947446
90035183,2015,2015-10-21,9840,2015-10-10,1420,017481,NA,6,2,6,3315,0,1,1,NA,2,037,I-15 N/B,TEMESCAL CANYON RD,50,S,N,A,-,Y,NA,NA,NA,NA,NA,NA,NA,NA,NA,Y,4,0,1,2,A,-,03,22350,NA,N,C,C,A,A,H,-,A,D,0,NA,NA,NA,NA,Y,NA,A,01,0,0,1,0,0,0,0,0,0,-,-,33.77675,-117.4871,RIVERSIDE,CORONA,-117.48711516,33.77677807
90036739,2015,2015-10-22,9685,2015-09-23,2015,013376,NA,3,2,9,3300,0,2,4,NA,2,016,GRAND AVENUE,MORRISON PLACE,153,N,N,A,-,N,NA,NA,NA,NA,NA,NA,NA,NA,NA,Y,2,0,1,1,A,-,01,23152,A,N,F,A,A,A,D,-,D,D,0,NA,NA,Y,NA,Y,Y,C,02,1,0,0,0,0,0,0,0,1,-,-,33.62552,-117.32299,RIVERSIDE,UNINCORPORATED,-117.32270044,33.62541195