CASE_ID,ACCIDENT_YEAR,PROC_DATE,JURIS,COLLISION_DATE,COLLISION_TIME,OFFICER_ID,REPORTING_DISTRICT,DAY_OF_WEEK,CHP_SHIFT,POPULATION,CNTY_CITY_LOC,SPECIAL_COND,BEAT_TYPE,CHP_BEAT_TYPE,CITY_DIVISION_LAPD,CHP_BEAT_CLASS,BEAT_NUMBER,PRIMARY_RD,SECONDARY_RD,DISTANCE,DIRECTION,INTERSECTION,WEATHER_1,WEATHER_2,STATE_HWY_IND,CALTRANS_COUNTY,CALTRANS_DISTRICT,STATE_ROUTE,ROUTE_SUFFIX,POSTMILE_PREFIX,POSTMILE,LOCATION_TYPE,RAMP_INTERSECTION,SIDE_OF_HWY,TOW_AWAY,COLLISION_SEVERITY,NUMBER_KILLED,NUMBER_INJURED,PARTY_COUNT,PRIMARY_COLL_FACTOR,PCF_CODE_OF_VIOL,PCF_VIOL_CATEGORY,PCF_VIOLATION,PCF_VIOL_SUBSECTION,HIT_AND_RUN,TYPE_OF_COLLISION,MVIW,PED_ACTION,ROAD_SURFACE,ROAD_COND_1,ROAD_COND_2,LIGHTING,CONTROL_DEVICE,CHP_ROAD_TYPE,PEDESTRIAN_ACCIDENT,BICYCLE_ACCIDENT,MOTORCYCLE_ACCIDENT,TRUCK_ACCIDENT,NOT_PRIVATE_PROPERTY,ALCOHOL_INVOLVED,STWD_VEHTYPE_AT_FAULT,CHP_VEHTYPE_AT_FAULT,COUNT_SEVERE_INJ,COUNT_VISIBLE_INJ,COUNT_COMPLAINT_PAIN,COUNT_PED_KILLED,COUNT_PED_INJURED,COUNT_BICYCLIST_KILLED,COUNT_BICYCLIST_INJURED,COUNT_MC_KILLED,COUNT_MC_INJURED,PRIMARY_RAMP,SECONDARY_RAMP,LATITUDE,LONGITUDE,COUNTY,CITY,POINT_X,POINT_Y
90152123,2016,2016-04-06,9655,2016-04-03,1400,016442,NA,7,2,9,3300,0,1,1,NA,2,202,I-10 (WESTBOUND),BROOKSIDE AVENUE,528,W,N,A,-,Y,NA,NA,10,NA,NA,NA,NA,NA,NA,Y,4,0,1,2,A,-,03,22350,NA,N,C,C,A,A,H,-,A,D,0,NA,NA,NA,NA,Y,NA,A,01,0,0,1,0,0,0,0,0,0,-,-,33.96108,-117.02472,RIVERSIDE,UNINCORPORATED,-117.02468588,33.96112955
90155129,2016,2016-04-11,9840,2016-03-31,0926,017765,NA,4,1,6,3315,0,1,1,NA,2,034,I-15 N/B,MAGNOLIA AVENUE,70,N,N,B,-,Y,NA,NA,15,NA,NA,NA,NA,NA,N,N,4,0,1,2,A,-,03,22350,NA,N,C,C,A,A,H,-,A,D,0,NA,NA,NA,NA,Y,NA,A,01,0,0,1,0,0,0,0,0,0,-,-,33.86708,-117.54279,RIVERSIDE,CORONA,-117.54284292,33.86704488
90155788,2016,2016-04-12,9630,2016-04-07,0750,013022,NA,4,1,9,3300,0,1,1,NA,2,302,I-10 E/B,S.R. 177,5808,W,N,B,-,Y,NA,NA,10,NA,NA,NA,NA,NA,E,Y,4,0,1,1,C,-,18,NA,NA,N,F,A,A,A,H,-,A,D,0,NA,NA,Y,NA,Y,NA,-,-,0,0,1,0,0,0,0,0,1,-,-,33.70907,-115.42069,RIVERSIDE,UNINCORPORATED,-115.42067294,33.70899399
90155833,2016,2016-04-12,9685,2016-04-05,0740,013562,NA,2,1,9,3300,0,3,5,NA,2,003,LEON ROAD,SKYFLOWER DRIVE,14,N,N,A,-,N,NA,NA,NA,NA,NA,NA,NA,NA,NA,N,4,0,1,2,A,-,08,22100,A,N,D,C,A,A,H,-,A,D,0,NA,NA,Y,NA,Y,NA,D,22,0,0,1,0,0,0,0,0,1,-,-,33.3652,-117.7769,RIVERSIDE,UNINCORPORATED,-117.11871035,33.61437835
90158943,2016,2016-04-15,9655,2016-04-07,1150,014743,NA,4,1,9,3300,0,1,1,NA,2,206,I-10 E/B,WHITEWATER CUT OFF,5808,E,N,B,-,Y,NA,NA,10,NA,NA,NA,NA,NA,E,Y,2,0,1,1,A,-,08,22107,NA,N,F,A,A,A,H,-,A,D,0,NA,NA,NA,NA,Y,NA,A,07,1,0,0,0,0,0,0,0,0,-,-,33.91869,-116.62604,RIVERSIDE,UNINCORPORATED,-116.62602564,33.91874452
90160087,2016,2016-04-18,9840,2016-04-08,1234,018248,NA,5,1,9,3300,0,3,5,NA,2,002,RECHE CANYON RD,WOODSON RD,2112,N,N,C,-,Y,NA,NA,NA,NA,NA,NA,NA,NA,NA,Y,4,0,1,2,A,-,03,22350,NA,N,C,C,A,B,H,-,A,D,0,NA,NA,NA,NA,Y,NA,A,08,0,0,1,0,0,0,0,0,0,-,-,33.00572,-117.24993,RIVERSIDE,UNINCORPORATED,-117.24843046,34.00549795
90161427,2016,2016-04-20,9840,2016-04-16,0216,020220,NA,6,3,9,3300,0,1,1,NA,2,040,I-215 N/B TO VAN BUREN BLVD,VAN BUREN BLVD,750,S,N,B,-,Y,NA,NA,215,NA,NA,NA,R,NA,N,Y,3,0,1,1,A,-,01,23152,A,N,E,I,A,A,H,-,C,D,0,NA,NA,NA,NA,Y,NA,A,01,0,1,0,0,0,0,0,0,0,-,-,33.8859,-117.2686,RIVERSIDE,UNINCORPORATED,-117.2686,33.8859
90164284,2016,2016-04-25,9655,2016-04-17,0450,019871,NA,7,3,3,3302,0,1,1,NA,2,202,I-10 W/B,OAK VALLEY PKY.,1540,W,N,A,-,Y,NA,NA,NA,NA,NA,NA,NA,NA,NA,Y,3,0,1,1,A,-,08,22107,NA,N,E,I,A,A,H,-,C,D,0,NA,NA,NA,NA,Y,NA,A,01,0,1,0,0,0,0,0,0,0,-,-,33.89932,-116.98709,RIVERSIDE,BEAUMONT,-117.00612322,33.94819816
90164402,2016,2016-04-25,9840,2016-04-08,2200,019874,NA,5,3,9,3300,0,2,4,NA,2,045,LAKE MATHEWS DR,CAJALCO RD.,10,S,N,B,-,N,NA,NA,NA,NA,NA,NA,NA,NA,NA,Y,4,0,4,2,A,-,08,22107,NA,N,D,C,A,B,H,-,D,A,0,NA,NA,NA,NA,Y,NA,A,01,0,0,4,0,0,0,0,0,0,-,-,33.82522,-117.41478,RIVERSIDE,UNINCORPORATED,-117.41504827,33.82515441
9017036,2019,2020-03-18,3313,2019-12-05,0753,1686,2,4,5,7,3313,0,0,0,NA,0,T58,CENTRAL AV,AVONDALE WY,98,W,N,A,-,N,NA,NA,NA,NA,NA,NA,NA,NA,NA,N,4,0,2,2,A,-,03,22350,NA,N,C,C,A,A,H,-,A,A,0,NA,NA,NA,NA,Y,NA,D,22,0,0,2,0,0,0,0,0,0,-,-,33.95233917236328,-117.36370849609376,RIVERSIDE,RIVERSIDE,-117.36402130126952,33.95381164550781
90171541,2016,2016-05-03,9630,2016-04-22,0955,013022,NA,5,1,9,3300,0,1,1,NA,2,302,I-10 E/B,S.R 177,5808,W,N,A,-,Y,NA,NA,10,NA,NA,NA,NA,NA,E,Y,4,0,1,1,A,-,08,22107,NA,N,F,A,A,A,H,-,A,D,0,NA,NA,Y,NA,Y,NA,C,02,0,0,1,0,0,0,0,0,1,-,-,33.70905,-115.42069,RIVERSIDE,UNINCORPORATED,-115.42067721,33.70899303
90171703,2016,2016-05-03,9840,2016-04-14,1655,013500,NA,4,2,6,3345,0,1,1,NA,2,011,I-15 S/B,MISSION BLVD.,50,N,N,B,-,Y,NA,NA,15,NA,NA,NA,NA,NA,S,Y,3,0,3,3,A,-,03,22350,NA,N,C,C,A,A,H,-,A,D,0,NA,NA,NA,NA,Y,NA,A,07,0,2,1,0,0,0,0,0,0,-,-,34.02841,-117.5503,RIVERSIDE,JURUPA VALLEY,-117.55045637,34.02840997
90173098,2016,2016-05-04,9655,2016-05-02,1215,015795,NA,1,1,3,3302,0,1,1,NA,2,202,I-10 E/B,BROOKSIDE AVENUE O/C,2112,E,N,A,-,Y,NA,NA,10,NA,NA,NA,NA,NA,E,Y,4,0,1,1,A,-,08,22107,NA,N,E,I,A,A,H,-,A,D,0,NA,NA,NA,NA,Y,NA,A,01,0,0,1,0,0,0,0,0,0,-,-,33.95689,-117.01855,RIVERSIDE,BEAUMONT,-117.01863192,33.95676606
90173828,2016,2016-05-05,9685,2016-04-05,0530,009983,NA,2,3,5,3335,0,1,1,NA,2,030,I-15 SOUTHBOUND,TEMECULA PKWY SR-79,895,N,N,A,-,Y,NA,NA,NA,NA,NA,NA,NA,NA,NA,Y,2,0,2,1,A,-,08,22107,NA,N,E,J,A,A,H,-,D,D,0,NA,NA,NA,NA,Y,NA,A,07,2,0,0,0,0,0,0,0,0,-,-,33.2918,-117.08605,RIVERSIDE,TEMECULA,NA,NA
90175241,2016,2016-05-09,9685,2016-04-30,0915,014267,NA,6,1,4,3312,0,1,1,NA,2,020,I-215 (N/B) FROM SR-74 EAST,SR-74 (EAST) U/C,1030,N,N,B,-,Y,NA,NA,NA,NA,NA,NA,NA,NA,NA,Y,3,0,1,1,A,-,03,22350,NA,N,E,I,A,B,H,-,A,D,0,NA,NA,NA,NA,Y,NA,A,01,0,1,0,0,0,0,0,0,0,-,-,33.45266,-117.11206,RIVERSIDE,PERRIS,-117.18941,33.75713144
90175638,2016,2016-05-13,9630,2016-05-02,2005,015339,NA,1,2,9,3300,0,2,4,NA,2,017,N. INDIAN CANYON DR.,DILLON RD.,50,S,N,A,-,N,NA,NA,NA,NA,NA,NA,NA,NA,NA,N,4,0,3,2,A,-,03,22350,NA,N,C,C,A,A,H,-,D,A,0,NA,NA,NA,NA,Y,NA,A,01,0,0,3,0,0,0,0,0,0,-,-,33.92465,-116.54518,RIVERSIDE,UNINCORPORATED,-116.54528223,33.92470316
90176450,2016,2016-05-10,9630,2016-05-06,1340,019228,NA,5,1,9,3300,0,2,4,NA,2,054,66TH AVENUE,JOHNSON ST,500,W,N,B,-,N,NA,NA,NA,NA,NA,NA,NA,NA,NA,N,4,0,1,2,A,-,03,22350,NA,N,C,C,A,A,H,-,A,D,0,NA,NA,NA,NA,Y,NA,A,01,0,0,1,0,0,0,0,0,0,-,-,33.5692,-116.0633,RIVERSIDE,UNINCORPORATED,-116.06327367,33.56925
90176531,2016,2016-05-10,9655,2016-04-24,0920,013641,NA,7,1,9,3300,0,1,3,NA,1,119,SR-371,SR-74,1056,W,N,A,-,Y,NA,NA,371,NA,NA,NA,NA,NA,NA,N,3,0,1,1,A,-,08,22107,NA,N,E,I,A,A,H,-,A,D,0,NA,NA,Y,NA,Y,NA,C,02,0,1,0,0,0,0,0,0,1,-,-,33.56719,-116.59804,RIVERSIDE,UNINCORPORATED,-116.59804522,33.56727337
90177124,2016,2016-05-11,9840,2016-04-25,1925,013950,NA,1,2,6,3315,0,1,3,NA,2,031,SR-91 W/B,I-15,975,E,N,C,-,Y,NA,NA,91,NA,NA,NA,NA,NA,W,Y,4,0,2,2,A,-,08,22107,NA,N,E,I,A,B,D,-,D,D,0,NA,NA,NA,NA,Y,NA,A,01,0,0,2,0,0,0,0,0,0,-,-,33.88287,-117.54426,RIVERSIDE,CORONA,-117.54423621,33.88275803
90177786,2016,2016-05-12,9655,2016-05-01,1955,019462,NA,7,2,9,3300,0,3,5,NA,2,003,BAUTISTA ROAD,FAIRVIEW AVENUE,1584,E,N,A,-,N,NA,NA,NA,NA,NA,NA,NA,NA,NA,Y,2,0,1,1,A,-,08,22107,NA,N,E,I,A,A,H,-,D,D,0,NA,NA,NA,NA,Y,NA,A,07,1,0,0,0,0,0,0,0,0,-,-,33.71505,-116.88946,RIVERSIDE,UNINCORPORATED,-116.88904785,33.71496663
90179983,2016,2016-05-16,9685,2016-05-03,1725,015360,NA,2,2,9,3300,0,3,5,NA,2,003,EAST BENTON RD.,CALLE JOJOBA RD.,528,E,N,A,-,N,NA,NA,NA,NA,NA,NA,NA,NA,NA,Y,3,0,1,1,A,-,08,22107,NA,N,F,A,A,A,H,-,A,D,0,NA,NA,NA,NA,Y,NA,A,01,0,1,0,0,0,0,0,0,0,-,-,33.34315,-117.04373,RIVERSIDE,UNINCORPORATED,-117.01362522,33.56632478
90180253,2016,2016-05-16,9685,2016-05-07,1517,015654,NA,6,2,9,3300,0,1,1,NA,2,010,I-15 NORTHBOUND,BUNDY CYN. ROAD,2200,S,N,B,-,Y,NA,NA,NA,NA,NA,NA,NA,NA,NA,Y,3,0,3,3,A,-,03,22350,NA,N,C,C,A,A,H,-,A,D,0,NA,NA,NA,NA,Y,NA,A,01,0,2,1,0,0,0,0,0,0,-,-,33.37202,-117.16791,RIVERSIDE,UNINCORPORATED,-117.27257,33.62683
90181485,2016,2016-05-17,9840,2016-05-06,1149,018248,NA,5,1,9,3300,0,1,1,NA,2,041,I-215 S/B,PLACENTIA AVE,500,S,N,C,-,Y,NA,NA,215,NA,NA,NA,NA,NA,S,Y,4,0,2,3,A,-,03,22350,NA,N,D,C,A,B,H,-,A,D,0,NA,NA,NA,Y,Y,NA,A,01,0,0,2,0,0,0,0,0,0,-,-,33.82197,-117.24103,RIVERSIDE,UNINCORPORATED,-117.24096546,33.82199252
90182329,2016,2016-05-18,9840,2016-04-23,2055,020305,NA,6,2,7,3313,0,1,1,NA,2,023,I-215 S/B,CENTRAL AVE,700,N,N,A,-,Y,NA,NA,215,NA,NA,NA,NA,NA,S,Y,4,0,1,3,A,-,07,21658,A,N,B,C,A,A,H,-,A,D,0,NA,NA,NA,NA,Y,NA,A,01,0,0,1,0,0,0,0,0,0,-,-,33.95916,-117.31019,RIVERSIDE,RIVERSIDE,-117.31011487,33.95926212
90182550,2016,2016-05-18,9630,2016-05-11,0640,021218,NA,3,1,9,3300,0,3,5,NA,2,005,AIRPORT BLVD,CALHOUN ST,0,NA,Y,A,-,N,NA,NA,NA,NA,NA,NA,NA,NA,NA,Y,4,0,1,2,A,-,09,21802,A,N,D,C,A,A,H,-,A,A,0,NA,NA,NA,NA,Y,NA,A,01,0,0,1,0,0,0,0,0,0,-,-,33.64211,-116.2074,RIVERSIDE,UNINCORPORATED,-116.20737008,33.64212011
90182805,2016,2016-05-19,9840,2016-04-21,1820,019527,NA,4,2,6,3315,0,1,3,NA,2,030,SR-91 E/B,SR-71,450,W,N,A,-,Y,NA,NA,91,NA,NA,NA,NA,NA,E,Y,3,0,1,2,A,-,03,22350,NA,N,C,C,A,A,D,-,A,D,0,NA,NA,Y,NA,Y,NA,C,02,0,1,0,0,0,0,0,0,1,-,-,33.88058,-117.65156,RIVERSIDE,CORONA,-117.65160434,33.88076897
90183086,2016,2017-02-20,9840,2016-04-02,2225,020305,NA,6,3,9,3300,0,3,5,NA,2,002,RECHE VISTA DR,RECHE CANYON RD,2000,S,N,A,-,N,NA,NA,NA,NA,NA,NA,NA,NA,NA,Y,3,0,2,1,A,-,01,23152,A,N,E,J,A,A,H,-,D,D,0,NA,NA,NA,NA,Y,Y,A,07,0,2,0,0,0,0,0,0,0,-,-,33.98912,-117.22577,RIVERSIDE,UNINCORPORATED,-117.22581476,33.9871869
90183594,2016,2016-05-20,9840,2016-04-28,0405,019017,NA,4,3,9,3300,0,2,4,NA,2,039,MAGNOLIA AVE,BLAIR ST,75,W,N,A,-,N,NA,NA,NA,NA,NA,NA,NA,NA,NA,N,3,0,1,1,D,-,00,NA,NA,N,F,A,A,A,H,-,C,D,0,NA,Y,NA,NA,Y,NA,-,-,0,1,0,0,0,0,1,0,0,-,-,33.87523,-117.52565,RIVERSIDE,UNINCORPORATED,-117.52567134,33.87550433
90184523,2016,2016-05-23,9655,2016-05-11,1235,014583,NA,3,1,2,3336,0,1,1,NA,2,202,I-10 E/B,BROOKSIDE AVE.,1056,E,N,A,-,Y,NA,NA,10,NA,NA,NA,NA,NA,E,N,4,0,1,2,A,-,07,21658,A,N,B,C,A,A,H,-,A,D,0,NA,NA,NA,Y,Y,NA,G,25,0,0,1,0,0,0,0,0,0,-,-,33.95785,-117.02031,RIVERSIDE,CALIMESA,-117.02029841,33.95786753
90184703,2016,2016-05-23,9840,2016-04-23,0030,015800,NA,6,3,9,3300,0,2,4,NA,2,042,VAN BUREN BLVD,WASHINGTON ST,0,NA,Y,A,-,N,NA,NA,NA,NA,NA,NA,NA,NA,NA,Y,4,0,1,2,D,-,00,NA,NA,N,A,C,A,A,H,-,C,A,0,NA,NA,NA,NA,Y,NA,-,-,0,0,1,0,0,0,0,0,0,-,-,NA,NA,RIVERSIDE,UNINCORPORATED,-117.36618009,33.88237007
90188205,2016,2016-05-26,9630,2016-05-19,1450,015339,NA,4,2,9,3300,0,1,1,NA,2,010,I-10 W/B TO 20TH AVE.,20TH AVE,100,S,N,A,-,Y,NA,NA,NA,NA,NA,NA,NA,NA,NA,Y,4,0,1,1,A,-,03,22350,NA,N,E,I,A,A,H,-,A,A,0,NA,NA,NA,NA,Y,NA,A,01,0,0,1,0,0,0,0,0,0,-,-,33.8732,-116.43528,RIVERSIDE,UNINCORPORATED,NA,NA
90190059,2016,2016-05-31,9630,2016-05-20,1250,015876,NA,5,1,9,3300,0,1,1,NA,2,301,I-10 W/B,CACTUS CITY REST AREA,250,W,N,A,-,Y,NA,NA,10,NA,NA,NA,NA,NA,W,Y,4,0,1,1,A,-,08,22107,NA,N,E,J,A,A,H,-,A,D,0,NA,NA,NA,NA,Y,NA,A,01,0,0,1,0,0,0,0,0,0,-,-,33.67922,-115.96737,RIVERSIDE,UNINCORPORATED,-115.96737241,33.67920607
90191230,2016,2016-05-31,9630,2016-05-20,2222,020840,NA,5,3,9,3300,0,1,1,NA,2,021,I-10 W/B,COOK ST,4224,W,N,A,-,Y,NA,NA,10,NA,NA,NA,NA,NA,W,Y,3,0,2,2,A,-,01,23152,A,N,C,C,A,A,H,-,D,D,0,NA,NA,NA,NA,Y,Y,A,01,0,1,1,0,0,0,0,0,0,-,-,33.79267,-116.36584,RIVERSIDE,UNINCORPORATED,-116.36577294,33.79278308
90191768,2016,2016-05-31,9655,2016-05-28,1230,017106,NA,6,1,3,3302,0,1,3,NA,2,212,SR-60 E/B,JACK RABBIT TRL,1000,E,N,A,-,Y,NA,NA,60,NA,NA,NA,NA,NA,E,N,4,0,1,2,A,-,03,22350,NA,N,C,C,A,A,H,-,A,D,0,NA,NA,NA,NA,Y,NA,A,01,0,0,1,0,0,0,0,0,0,-,-,33.93332,-117.03237,RIVERSIDE,BEAUMONT,-117.03231343,33.93347965
90192676,2016,2016-07-01,9630,2016-05-21,1138,019409,NA,6,1,9,3300,0,1,1,NA,2,021,I-10 E/B,COOK ST,5280,E,N,A,-,Y,NA,NA,10,NA,NA,NA,NA,NA,E,N,4,0,1,2,A,-,03,22350,NA,M,C,C,A,A,H,-,A,D,0,NA,NA,NA,NA,Y,NA,A,01,0,0,1,0,0,0,0,0,0,-,-,33.7764,-116.3387,RIVERSIDE,UNINCORPORATED,-116.33869971,33.7764005
90193012,2016,2016-06-02,9655,2016-05-25,0015,017582,NA,3,3,9,3300,0,1,1,NA,2,206,I-10 W/B,MAIN STREET,4224,E,N,G,-,Y,NA,NA,10,NA,NA,NA,NA,NA,W,Y,3,0,2,2,A,-,08,22107,NA,N,B,C,A,A,H,-,D,D,0,NA,NA,NA,Y,Y,NA,A,01,0,1,1,0,0,0,0,0,0,-,-,33.92034,-116.76286,RIVERSIDE,UNINCORPORATED,-116.76285447,33.92030435
90193546,2016,2016-06-02,9840,2016-05-25,1620,012608,NA,3,2,6,3315,0,1,3,NA,2,031,SR-91 W/B,LINCOLN AVE,1320,E,N,A,-,Y,NA,NA,91,NA,NA,NA,NA,NA,W,N,3,0,1,2,A,-,08,22107,NA,N,B,C,A,A,D,-,A,D,0,NA,NA,NA,Y,Y,NA,G,25,0,1,0,0,0,0,0,0,0,-,-,33.88149,-117.57807,RIVERSIDE,CORONA,-117.57807184,33.88147298
90193959,2016,2016-06-03,9840,2016-05-27,1638,016090,NA,5,2,7,3313,0,2,4,NA,2,042,VAN BUREN BLVD,GAMBLE AVE,500,E,N,A,-,N,NA,NA,NA,NA,NA,NA,NA,NA,NA,Y,4,0,2,4,A,-,03,22350,NA,N,C,C,A,A,H,-,A,A,0,NA,NA,NA,NA,Y,NA,A,01,0,0,2,0,0,0,0,0,0,-,-,NA,NA,RIVERSIDE,RIVERSIDE,-117.35169022,33.88425575
90195172,2016,2016-06-06,9655,2016-06-01,2310,019049,NA,3,3,9,3300,0,3,5,NA,2,003,SOBOBA ROAD,STATE STREET,9504,E,N,A,-,N,NA,NA,NA,NA,NA,NA,NA,NA,NA,Y,3,0,2,1,A,-,08,22107,NA,N,F,A,A,A,H,-,D,D,0,NA,NA,NA,NA,Y,Y,A,07,0,1,1,0,0,0,0,0,0,-,-,33.80975,-116.94625,RIVERSIDE,UNINCORPORATED,-116.94799541,33.81054855
90195200,2016,2016-06-06,9685,2016-05-29,2245,014676,NA,7,3,4,3342,0,1,1,NA,2,034,I-215 NORTHBOUND,LOS ALAMOS RD.,3168,S,N,B,-,Y,NA,NA,215,NA,NA,NA,NA,NA,N,Y,3,0,2,2,A,-,07,21658,A,N,B,C,A,A,H,-,C,D,0,NA,NA,NA,NA,Y,NA,A,01,0,2,0,0,0,0,0,0,0,-,-,33.56428,-117.18008,RIVERSIDE,MURRIETA,-117.18073931,33.56428718
9019530,2019,2020-05-05,3313,2019-12-10,1757,1736,5,2,5,7,3313,0,0,0,NA,0,T49,ARLINGTON AV,STOVER AV,257,E,N,A,-,N,NA,NA,NA,NA,NA,NA,NA,NA,NA,Y,1,1,2,3,A,-,08,22107,NA,N,A,C,A,A,H,-,C,D,0,NA,NA,NA,NA,Y,NA,A,01,0,1,1,0,0,0,0,0,0,-,-,33.94395065307617,-117.4890594482422,RIVERSIDE,RIVERSIDE,-117.48809814453124,33.9440803527832
90198245,2016,2016-06-09,9685,2016-06-02,1745,012466,NA,4,2,9,3300,0,1,3,NA,2,011,SR-74 (ORTEGA HIGHWAY),ORANGE COUNTY LINE,21120,E,N,A,-,Y,NA,NA,74,NA,NA,NA,NA,NA,NA,Y,3,0,1,1,A,-,03,22350,NA,N,F,A,A,A,H,-,A,D,0,NA,NA,Y,NA,Y,NA,C,02,0,1,0,0,0,0,0,0,1,-,-,33.6188,-117.4268,RIVERSIDE,UNINCORPORATED,-117.42696544,33.61871666
90198548,2016,2016-06-10,9840,2016-05-27,1606,017765,NA,5,2,6,3345,0,1,3,NA,2,010,SR-60 E/B,VALLEY WAY,950,W,N,A,-,Y,NA,NA,60,NA,NA,NA,NA,NA,E,N,4,0,1,2,A,-,03,22350,NA,N,C,C,A,A,H,-,A,D,0,NA,NA,NA,NA,Y,NA,A,01,0,0,1,0,0,0,0,0,0,-,-,34.01271,-117.43972,RIVERSIDE,JURUPA VALLEY,-117.43970625,34.01279849
90201095,2016,2016-06-14,9840,2016-05-20,0810,016754,NA,5,1,9,3300,0,1,1,NA,2,037,I-15 N/B,INDIAN TRUCK TRAIL,900,S,N,A,-,Y,NA,NA,15,NA,NA,NA,NA,NA,N,N,4,0,1,2,A,-,07,21658,A,F,F,A,A,A,H,-,A,D,0,NA,NA,Y,NA,Y,NA,A,08,0,0,1,0,0,0,0,0,1,-,-,33.74581,-117.44654,RIVERSIDE,UNINCORPORATED,-117.44652788,33.74583549
90201195,2016,2016-06-14,9685,2016-06-07,2350,14338,NA,2,3,9,3300,0,1,1,NA,2,030,I-15 N/B,RAINBOW VALLEY ROAD,8448,N,N,A,-,Y,NA,NA,15,NA,NA,NA,NA,NA,N,Y,3,0,2,1,A,-,08,22107,NA,N,F,A,A,A,H,-,C,D,0,NA,NA,NA,NA,Y,NA,A,01,0,1,1,0,0,0,0,0,0,-,-,33.45202,-117.13499,RIVERSIDE,UNINCORPORATED,-117.13510678,33.45200895
90201912,2016,2016-06-15,9840,2016-05-25,1650,013500,NA,3,2,4,3344,0,1,1,NA,2,011,I-15 S/B,BELLEGRAVE AVE.,300,S,N,A,-,Y,NA,NA,NA,NA,NA,NA,NA,NA,NA,Y,4,0,1,5,A,-,03,22350,NA,N,C,C,A,A,H,-,A,D,0,NA,NA,NA,NA,Y,NA,A,07,0,0,1,0,0,0,0,0,0,-,-,33.98226,-117.52794,RIVERSIDE,EASTVALE,-117.55011455,33.99022098
90202053,2016,2016-06-15,9655,2016-06-10,1150,018587,NA,5,1,9,3300,0,3,5,NA,2,003,GILMAN SPRINGS RD.,SR-79,2300,W,N,A,-,N,NA,NA,NA,NA,NA,NA,NA,NA,NA,Y,4,0,2,1,A,-,08,22107,NA,N,E,I,A,A,H,-,A,D,0,NA,NA,NA,NA,Y,NA,A,08,0,0,2,0,0,0,0,0,0,-,-,33.848910000000004,-117.0116,RIVERSIDE,UNINCORPORATED,-117.00181299,33.8456186
90204580,2016,2016-06-20,9655,2016-06-17,0530,018677,NA,5,3,9,3300,0,1,3,NA,1,312,SR-74,TRUELSON AVE.,0,NA,Y,A,-,Y,NA,NA,74,NA,NA,NA,NA,NA,NA,Y,4,0,3,2,A,-,09,21802,A,N,D,C,A,A,H,-,A,A,0,NA,NA,NA,NA,Y,NA,A,07,0,0,3,0,0,0,0,0,0,-,-,33.73912,-117.07258,RIVERSIDE,UNINCORPORATED,-117.07259882,33.73921788
90205454,2016,2016-06-20,9630,2016-06-10,0322,020645,NA,5,3,4,3311,0,1,1,NA,2,020,I-10 W/B,PALM DR,4224,E,N,A,-,Y,NA,NA,10,NA,NA,NA,NA,NA,W,Y,4,0,2,4,C,-,18,NA,NA,N,D,C,F,A,C,-,D,D,0,Y,NA,NA,NA,Y,NA,-,-,0,0,2,0,1,0,0,0,0,-,-,33.8715,-116.49416,RIVERSIDE,PALM SPRINGS,-116.49408645,33.8715885
90205761,2016,2016-06-21,9840,2016-05-26,1145,017765,NA,4,1,7,3313,0,1,1,NA,2,023,I-215 N/B,CENTRAL AVE,55,N,N,A,-,Y,NA,NA,215,NA,NA,NA,NA,NA,N,N,4,0,1,2,A,-,03,22350,NA,N,C,C,A,A,H,-,A,D,0,NA,NA,NA,NA,Y,NA,A,07,0,0,1,0,0,0,0,0,0,-,-,33.95985,-117.31073,RIVERSIDE,RIVERSIDE,-117.31069682,33.95990807
9020663,2019,2020-06-17,3300,2019-11-15,1000,N5790,916B,5,5,4,3312,0,0,0,NA,0,032,REDLANDS AV,RT 20,0,NA,Y,A,-,Y,RIV,8,215,-,-,26.136,R,4,N,Y,4,0,1,2,A,-,08,22107,NA,N,D,C,A,A,H,-,A,A,0,NA,NA,NA,NA,Y,NA,A,01,0,0,1,0,0,0,0,0,0,-,NF,33.78432846069336,-117.21553802490234,RIVERSIDE,PERRIS,-117.21376037597656,33.78242874145508
90206693,2016,2016-06-21,9840,2016-05-28,1515,018611,NA,6,2,9,3300,0,1,1,NA,2,022,I-215 S/B,COLUMBIA AVENUE,2950,N,N,A,-,Y,NA,NA,NA,NA,NA,NA,NA,NA,NA,N,4,0,2,2,A,-,03,22350,NA,N,C,C,A,A,H,-,A,D,0,NA,NA,NA,NA,Y,NA,D,22,0,0,2,0,0,0,0,0,0,-,-,34.00859,-117.34741,RIVERSIDE,UNINCORPORATED,NA,NA
90206941,2016,2016-06-22,9840,2016-05-26,0727,014916,9840,4,1,9,3300,0,3,5,NA,2,004,PINEWOOD ST.,CARROLL ST,0,NA,Y,A,-,N,NA,NA,NA,NA,NA,NA,NA,NA,NA,Y,4,0,3,2,A,-,12,22450,A,N,D,C,A,A,H,-,A,A,0,NA,NA,NA,NA,Y,NA,A,07,0,0,3,0,0,0,0,0,0,-,-,NA,NA,RIVERSIDE,UNINCORPORATED,-117.28328009,33.83182011
90207580,2016,2016-06-22,9655,2016-06-13,1050,013641,NA,1,1,9,3300,0,1,3,NA,1,119,SR-371,KIRBY RD.,3168,E,N,A,-,Y,NA,NA,371,NA,NA,NA,NA,NA,NA,Y,3,0,2,3,A,-,03,22350,NA,N,C,C,A,A,H,-,A,D,0,NA,NA,NA,NA,Y,NA,D,22,0,1,1,0,0,0,0,0,0,-,-,33.55731,-116.63922,RIVERSIDE,UNINCORPORATED,-116.63923376,33.55733457
90208503,2016,2016-06-23,9840,2016-06-22,0650,019719,NA,3,1,7,3313,0,1,1,NA,2,023,I-215 S/B,FAIR ISLE DRIVE,1319,N,N,A,-,Y,NA,NA,215,NA,NA,NA,NA,NA,S,N,2,0,1,1,C,-,18,NA,NA,N,E,J,A,A,H,-,A,D,0,NA,NA,NA,NA,Y,NA,-,-,1,0,0,0,0,0,0,0,0,-,-,33.95132,-117.30337,RIVERSIDE,RIVERSIDE,-117.30344136,33.95130468