CASE_ID,ACCIDENT_YEAR,PROC_DATE,JURIS,COLLISION_DATE,COLLISION_TIME,OFFICER_ID,REPORTING_DISTRICT,DAY_OF_WEEK,CHP_SHIFT,POPULATION,CNTY_CITY_LOC,SPECIAL_COND,BEAT_TYPE,CHP_BEAT_TYPE,CITY_DIVISION_LAPD,CHP_BEAT_CLASS,BEAT_NUMBER,PRIMARY_RD,SECONDARY_RD,DISTANCE,DIRECTION,INTERSECTION,WEATHER_1,WEATHER_2,STATE_HWY_IND,CALTRANS_COUNTY,CALTRANS_DISTRICT,STATE_ROUTE,ROUTE_SUFFIX,POSTMILE_PREFIX,POSTMILE,LOCATION_TYPE,RAMP_INTERSECTION,SIDE_OF_HWY,TOW_AWAY,COLLISION_SEVERITY,NUMBER_KILLED,NUMBER_INJURED,PARTY_COUNT,PRIMARY_COLL_FACTOR,PCF_CODE_OF_VIOL,PCF_VIOL_CATEGORY,PCF_VIOLATION,PCF_VIOL_SUBSECTION,HIT_AND_RUN,TYPE_OF_COLLISION,MVIW,PED_ACTION,ROAD_SURFACE,ROAD_COND_1,ROAD_COND_2,LIGHTING,CONTROL_DEVICE,CHP_ROAD_TYPE,PEDESTRIAN_ACCIDENT,BICYCLE_ACCIDENT,MOTORCYCLE_ACCIDENT,TRUCK_ACCIDENT,NOT_PRIVATE_PROPERTY,ALCOHOL_INVOLVED,STWD_VEHTYPE_AT_FAULT,CHP_VEHTYPE_AT_FAULT,COUNT_SEVERE_INJ,COUNT_VISIBLE_INJ,COUNT_COMPLAINT_PAIN,COUNT_PED_KILLED,COUNT_PED_INJURED,COUNT_BICYCLIST_KILLED,COUNT_BICYCLIST_INJURED,COUNT_MC_KILLED,COUNT_MC_INJURED,PRIMARY_RAMP,SECONDARY_RAMP,LATITUDE,LONGITUDE,COUNTY,CITY,POINT_X,POINT_Y
91227450,2020,2020-04-20,9655,2020-04-15,0400,021048,NA,3,3,9,3300,0,1,3,NA,2,212,SR-60 E/B TO JACK RABBIT TRAIL,JACK RABBIT TRL,47,W,N,A,-,Y,NA,NA,60,NA,NA,NA,R,NA,E,Y,4,0,1,1,A,-,08,22107,NA,N,E,I,A,A,H,-,D,D,0,NA,NA,NA,NA,Y,Y,A,07,0,0,1,0,0,0,0,0,0,-,-,33.933719635009766,-117.0334930419922,RIVERSIDE,UNINCORPORATED,-117.0334930419922,33.933719635009766
91227787,2020,2020-04-20,9630,2020-04-16,1845,021409,NA,4,2,9,3300,0,1,3,NA,1,074,SR-74,VISTA POINT,2640,W,N,A,-,Y,NA,NA,74,NA,NA,NA,NA,NA,NA,Y,3,0,1,1,A,-,08,22107,NA,N,F,A,A,A,H,-,B,D,0,NA,NA,Y,NA,Y,NA,C,02,0,1,0,0,0,0,0,0,1,-,-,33.64244079589844,-116.3990478515625,RIVERSIDE,UNINCORPORATED,-116.39909362792967,33.64244079589844
91227934,2020,2020-04-21,9660,2020-04-12,1600,019456,NA,7,2,9,3300,0,1,1,NA,2,031,I-10 E/B,FOR DRY LAKE,3696,E,N,A,-,Y,NA,NA,10,NA,NA,NA,NA,NA,E,Y,3,0,1,1,A,-,08,22107,NA,N,F,A,A,A,H,-,A,D,0,NA,NA,NA,NA,Y,NA,A,01,0,1,0,0,0,0,0,0,0,-,-,33.605751037597656,-114.96318817138672,RIVERSIDE,UNINCORPORATED,-114.96318817138672,33.60585403442383
9122858,2020,2020-09-11,3309,2020-06-03,2057,332,3309,3,5,4,3309,0,0,0,NA,0,002,GRANSVILLE LN,CRAY MILL DR,112,S,N,A,-,N,NA,NA,NA,NA,NA,NA,NA,NA,NA,N,3,0,1,1,B,-,22,NA,NA,N,C,B,A,A,H,-,A,A,0,NA,NA,Y,NA,Y,NA,-,-,0,1,0,0,0,0,0,0,1,-,-,NA,NA,RIVERSIDE,INDIO,-116.22498321533205,33.755340576171875
91229692,2020,2020-10-07,9685,2020-04-19,0045,016347,NA,7,3,9,3300,0,3,5,NA,2,003,WASHINGTON STREET,FIELDS DRIVE,582,S,N,B,-,N,NA,NA,NA,NA,NA,NA,NA,NA,NA,Y,3,0,1,1,A,-,01,23152,A,N,E,I,A,A,H,-,C,D,0,NA,NA,NA,NA,Y,Y,A,07,0,1,0,0,0,0,0,0,0,-,-,33.62049865722656,-117.08757781982422,RIVERSIDE,UNINCORPORATED,-117.08777618408205,33.62029266357422
91230330,2020,2020-04-28,9840,2020-04-22,0130,022457,NA,3,3,7,3313,0,1,3,NA,2,020,SR-91 W/B,JACKSON ST,630,W,N,A,-,Y,NA,NA,91,NA,NA,NA,NA,NA,W,Y,3,0,1,2,A,-,01,23152,F,N,C,C,A,A,H,-,C,D,0,NA,NA,NA,NA,Y,NA,A,01,0,1,0,0,0,0,0,0,0,-,-,33.918060302734375,-117.43653106689452,RIVERSIDE,RIVERSIDE,-117.43650817871094,33.91802978515625
9123039,2020,2020-09-15,3309,2020-06-01,0548,106,3309,1,5,4,3309,0,0,0,NA,0,004,MONROE ST,COMET LN,290,N,N,A,-,N,NA,NA,NA,NA,NA,NA,NA,NA,NA,N,3,0,1,2,A,-,-,NA,NA,N,G,B,D,A,H,-,A,A,0,Y,NA,NA,NA,Y,NA,D,22,0,1,0,0,1,0,0,0,0,-,-,NA,NA,RIVERSIDE,INDIO,-116.233882,33.704623
91230721,2020,2020-04-29,9840,2020-04-24,2500,015802,NA,5,4,9,3300,0,2,4,NA,2,043,RAMONA EXPWY E/B,I-215,430,E,N,A,-,N,NA,NA,NA,NA,NA,NA,NA,NA,NA,Y,4,0,1,1,A,-,08,22107,NA,N,F,A,A,A,H,-,D,D,0,NA,NA,NA,NA,Y,NA,A,07,0,0,1,0,0,0,0,0,0,-,-,33.844268798828125,-117.24918365478516,RIVERSIDE,UNINCORPORATED,-117.24967956542967,33.84417724609375
91231398,2020,2020-04-30,9685,2020-04-19,0830,017013,NA,7,1,9,3300,0,1,3,NA,2,011,SR-74 E/B (ORTEGA HWY),GRAND AVENUE,7392,W,N,A,-,Y,NA,NA,74,NA,NA,NA,NA,NA,E,Y,2,0,1,1,A,-,08,22107,NA,N,F,A,A,A,H,-,A,D,0,NA,NA,Y,NA,Y,NA,C,02,1,0,0,0,0,0,0,0,1,-,-,33.641239166259766,-117.38159942626952,RIVERSIDE,UNINCORPORATED,-117.38166046142578,33.64118957519531
9123145,2020,2020-09-01,3300,2020-06-09,1526,N5860,910K,2,5,5,3335,0,0,0,NA,0,064,RANCHO CALIFORNIA RD,MORAGA RD,0,NA,Y,A,-,N,NA,NA,NA,NA,NA,NA,NA,NA,NA,Y,4,0,2,2,D,-,00,NA,NA,N,D,C,A,A,H,-,A,A,0,NA,NA,NA,NA,Y,NA,-,-,0,0,2,0,0,0,0,0,0,-,-,33.50743865966797,-117.14002990722656,RIVERSIDE,TEMECULA,-117.14009857177734,33.50751876831055
9123200,2020,2020-09-01,3313,2020-06-21,1850,1989,1,7,5,7,3313,0,0,0,NA,0,T73,STRONG ST,ORANGE ST,175,W,N,A,-,N,NA,NA,NA,NA,NA,NA,NA,NA,NA,NA,3,0,1,2,A,-,05,21650,NA,N,A,E,A,A,H,-,A,D,0,NA,NA,NA,NA,Y,NA,A,01,0,1,0,0,0,0,0,0,0,-,-,33.99916076660156,-117.36106872558594,RIVERSIDE,RIVERSIDE,-117.36170959472656,33.999488830566406
9123201,2020,2020-09-01,3313,2020-06-11,1612,1880,4,4,5,7,3313,0,0,0,NA,0,T40,INDIANA AV,JEFFERSON ST,756,E,N,A,-,N,NA,NA,NA,NA,NA,NA,NA,NA,NA,NA,3,0,1,2,A,-,09,21804,A,N,A,C,A,A,H,-,A,D,0,NA,NA,NA,NA,Y,NA,A,01,0,1,0,0,0,0,0,0,0,-,-,33.93067169189453,-117.41175079345705,RIVERSIDE,RIVERSIDE,-117.40973663330078,33.93214797973633
91233534,2020,2020-05-04,9840,2020-04-27,1745,020455,NA,1,2,6,3315,0,1,3,NA,2,031,SR-91 E/B,I-15,1500,W,N,A,-,Y,NA,NA,91,NA,NA,NA,NA,NA,E,Y,3,0,1,2,A,-,01,23152,A,N,C,C,A,A,H,-,A,D,0,NA,NA,NA,NA,Y,Y,A,01,0,1,0,0,0,0,0,0,0,-,-,33.8801383972168,-117.55165863037108,RIVERSIDE,CORONA,-117.5517578125,33.88045883178711
91233970,2020,2020-05-05,9630,2020-05-01,1447,020845,NA,5,2,9,3300,0,1,3,NA,1,074,SR-74,BIG HORN DR.,5808,E,N,A,-,Y,NA,NA,74,NA,NA,NA,NA,NA,NA,Y,4,0,1,1,A,-,08,22107,NA,N,E,I,A,A,H,-,A,D,0,NA,NA,Y,NA,Y,NA,C,02,0,0,1,0,0,0,0,0,1,-,-,33.632911682128906,-116.40390014648438,RIVERSIDE,UNINCORPORATED,-116.40383911132813,33.63294982910156
91234882,2020,2020-05-07,9655,2020-05-04,1734,018168,NA,1,2,3,3302,0,1,1,NA,2,202,I-10 E/B,OAK VALLEY PARKWAY,360,W,N,A,-,Y,NA,NA,10,NA,NA,NA,NA,NA,E,Y,3,0,2,1,A,-,08,22107,NA,N,F,A,A,A,H,-,A,A,0,NA,NA,NA,NA,Y,NA,D,22,0,1,1,0,0,0,0,0,0,-,-,33.9456901550293,-117.00393676757813,RIVERSIDE,BEAUMONT,-117.00389862060548,33.94572830200195
91235120,2020,2020-05-08,9840,2020-05-06,2353,019893,NA,3,3,9,3300,0,3,5,NA,2,003,SERFAS CLUB DRIVE,PALISADES DRIVE,82,N,N,A,-,N,NA,NA,NA,NA,NA,NA,NA,NA,NA,Y,4,0,1,4,A,-,08,22107,NA,N,B,E,A,A,H,-,C,D,0,NA,NA,NA,NA,Y,NA,A,01,0,0,1,0,0,0,0,0,0,-,-,33.875518798828125,-117.6160125732422,RIVERSIDE,UNINCORPORATED,-117.61602020263672,33.87557601928711
91235852,2020,2020-05-11,9655,2020-05-03,1529,020350,NA,7,2,9,3300,0,3,5,NA,2,001,WELLMAN ROAD,TERWILLIGER ROAD,1056,W,N,A,-,N,NA,NA,NA,NA,NA,NA,NA,NA,NA,Y,2,0,1,2,A,-,06,21750,A,N,B,C,A,A,H,-,A,D,0,NA,NA,Y,NA,Y,NA,C,02,1,0,0,0,0,0,0,0,1,-,-,33.54042053222656,-116.6360321044922,RIVERSIDE,UNINCORPORATED,-116.63435363769533,33.540443420410156
91237912,2020,2020-05-14,9655,2020-05-13,1440,018168,NA,3,2,4,3301,0,1,1,NA,2,204,I-10 W/B,SUNSET AVE,1320,E,N,A,-,Y,NA,NA,10,NA,NA,NA,NA,NA,W,Y,3,0,3,2,A,-,08,22107,NA,N,E,I,A,A,D,-,A,D,0,NA,NA,NA,NA,Y,NA,A,01,0,2,1,0,0,0,0,0,0,-,-,33.92451858520508,-116.90608215332033,RIVERSIDE,BANNING,-116.90608215332033,33.92445373535156
91238403,2020,2020-05-15,9630,2020-05-09,0200,021515,NA,6,3,9,3300,0,3,5,NA,2,504,66TH AVE,SR-86 S/B,53,W,N,A,-,N,NA,NA,NA,NA,NA,NA,NA,NA,NA,Y,4,0,1,2,A,-,01,23152,A,N,C,C,A,A,H,-,C,D,0,NA,NA,NA,NA,Y,Y,A,01,0,0,1,0,0,0,0,0,0,-,-,33.56922149658203,-116.09490966796876,RIVERSIDE,UNINCORPORATED,-116.092972,33.569339
91238420,2020,2020-05-15,9630,2020-05-09,2310,021556,NA,6,3,9,3300,0,3,5,NA,2,503,HARRISON ST,76TH AVE,1584,N,N,A,-,N,NA,NA,NA,NA,NA,NA,NA,NA,NA,Y,2,0,1,1,A,-,01,23152,A,N,F,A,A,A,H,-,D,D,0,NA,NA,NA,NA,Y,Y,A,01,1,0,0,0,0,0,0,0,0,-,-,33.50273895263672,-116.12274169921876,RIVERSIDE,UNINCORPORATED,-116.12245941162108,33.502349853515625
91238724,2020,2020-05-18,9840,2020-05-12,0940,012208,NA,2,1,9,3300,0,3,5,NA,2,004,SANTA ROAS MINE ROAD {20021 BLOCK},POST ROAD,2959,W,N,B,-,N,NA,NA,NA,NA,NA,NA,NA,NA,NA,Y,4,0,2,1,C,-,18,NA,NA,N,E,I,A,A,H,-,A,D,0,NA,NA,NA,NA,Y,NA,-,-,0,0,2,0,0,0,0,0,0,-,-,33.781089782714844,-117.30551147460938,RIVERSIDE,UNINCORPORATED,NA,NA
91240123,2020,2020-05-20,9655,2020-05-15,1749,020350,NA,5,2,9,3300,0,1,3,NA,1,117,SR-74,DEVIL'S LADDER ROAD,0,NA,Y,A,-,Y,NA,NA,74,NA,NA,NA,NA,NA,NA,Y,2,0,2,2,A,-,09,21801,A,N,A,C,A,A,H,-,A,D,0,NA,NA,NA,NA,Y,NA,A,01,2,0,0,0,0,0,0,0,0,-,-,33.592681884765625,-116.6069564819336,RIVERSIDE,UNINCORPORATED,-116.60696411132813,33.59267807006836
91240983,2020,2020-05-21,9840,2020-05-15,1543,021194,NA,5,2,9,3300,0,3,5,NA,2,004,CACTUS AVENUE,OLD 215 FRONTAGE ROAD,0,NA,Y,A,-,N,NA,NA,NA,NA,NA,NA,NA,NA,NA,Y,4,0,2,2,A,-,17,21461,A,N,D,C,A,A,H,-,A,A,0,NA,NA,NA,NA,Y,NA,A,01,0,0,2,0,0,0,0,0,0,-,-,33.90938186645508,-117.27832794189452,RIVERSIDE,UNINCORPORATED,-117.27823638916016,33.909420013427734
91243381,2020,2020-05-27,9685,2020-05-15,1720,016502,NA,5,2,5,3335,0,1,1,NA,2,030,I-15 NORTHBOUND,RANCHO CALIFORNIA RD.,500,N,N,A,-,Y,NA,NA,15,NA,NA,NA,NA,NA,N,Y,4,0,1,2,A,-,07,21658,A,F,C,C,A,A,H,-,A,D,0,NA,NA,NA,NA,Y,NA,A,01,0,0,1,0,0,0,0,0,0,-,-,33.502498626708984,-117.15200042724608,RIVERSIDE,TEMECULA,-117.15196228027344,33.50251770019531
91245691,2020,2020-06-01,9685,2020-05-23,1935,013925,NA,6,2,9,3300,0,1,3,NA,1,026,STATE ROUTE 74,SULTANAS,18,E,N,A,-,N,NA,NA,74,NA,NA,NA,NA,NA,NA,Y,4,0,1,1,A,-,03,22350,NA,N,F,J,A,A,H,-,A,D,0,NA,NA,Y,NA,Y,NA,C,02,0,0,1,0,0,0,0,0,1,-,-,33.74320983886719,-117.12769317626952,RIVERSIDE,UNINCORPORATED,-117.12769317626952,33.74325942993164
91246081,2020,2020-06-01,9655,2020-05-30,0330,021008,NA,6,3,3,3302,0,1,1,NA,2,202,INTERSTATE 10 EASTBOUND,BEAUMONT AVENUE,1500,W,N,A,-,Y,NA,NA,10,NA,NA,NA,NA,NA,E,Y,2,0,1,2,A,-,07,21658,A,N,C,C,A,A,H,-,D,D,0,NA,NA,NA,Y,Y,NA,A,01,1,0,0,0,0,0,0,0,0,-,-,33.927940368652344,-116.98211669921876,RIVERSIDE,BEAUMONT,-116.98214721679688,33.9278678894043
91246137,2020,2020-06-01,9685,2020-05-26,1505,016502,NA,2,2,9,3300,0,3,5,NA,2,003,MESA RD.,RIO RD.,130,S,N,A,-,N,NA,NA,NA,NA,NA,NA,NA,NA,NA,Y,3,0,1,1,A,-,08,22107,NA,N,E,I,A,A,H,-,A,D,0,NA,NA,NA,NA,Y,NA,A,01,0,1,0,0,0,0,0,0,0,-,-,33.57099914550781,-116.99939727783205,RIVERSIDE,UNINCORPORATED,-116.99935913085938,33.571048736572266
91246672,2020,2020-06-03,9840,2020-05-29,1232,016285,NA,5,1,9,3300,0,1,1,NA,2,040,INTERSTATE 215 S/B,ALESSANDRO BOULEVARD,595,S,N,A,-,Y,NA,NA,215,NA,NA,NA,NA,NA,S,Y,3,0,1,3,A,-,03,22350,NA,N,C,C,A,A,H,-,A,D,0,NA,NA,Y,Y,Y,NA,C,02,0,1,0,0,0,0,0,0,1,-,-,33.91685104370117,-117.28740692138672,RIVERSIDE,UNINCORPORATED,-117.28762817382813,33.9167594909668
91247177,2020,2020-06-04,9840,2020-05-31,2245,015683,NA,7,3,7,3313,0,1,3,NA,2,211,SR-91 E/B,JEFFERSON STREET,650,E,N,A,-,Y,NA,NA,91,NA,NA,NA,NA,NA,E,Y,3,0,1,1,A,-,08,22107,NA,N,E,I,A,A,H,-,C,D,0,NA,NA,Y,NA,Y,NA,C,02,0,1,0,0,0,0,0,0,1,-,-,33.93281173706055,-117.41008758544922,RIVERSIDE,RIVERSIDE,-117.41010284423828,33.93282699584961
91248484,2020,2020-06-08,9840,2020-05-29,1825,021950,NA,5,2,7,3313,0,1,1,NA,2,023,I-215 N/B TO CENTRAL AVENUE,CENTRAL AVENUE,2,N,N,A,-,Y,NA,NA,215,NA,NA,NA,R,NA,N,Y,4,0,1,1,A,-,03,22350,NA,N,E,I,A,A,H,-,A,A,0,NA,NA,NA,NA,Y,NA,A,01,0,0,1,0,0,0,0,0,0,-,-,33.95936965942383,-117.30947875976563,RIVERSIDE,RIVERSIDE,-117.30947875976563,33.95936965942383
91248598,2020,2020-06-08,9685,2020-06-02,1550,013925,NA,2,2,9,3300,0,1,3,NA,1,026,STATE ROUTE 74,SULTANAS ROAD,682,E,N,A,-,N,NA,NA,74,NA,NA,NA,NA,NA,NA,Y,3,0,1,2,A,-,09,21802,A,N,D,C,A,A,D,-,A,D,0,NA,NA,NA,NA,Y,NA,A,07,0,1,0,0,0,0,0,0,0,-,-,33.74325180053711,-117.12552642822266,RIVERSIDE,UNINCORPORATED,-117.12552642822266,33.74325942993164
91248841,2020,2020-06-08,9840,2020-05-31,0205,022457,NA,7,3,4,3312,0,1,1,NA,2,041,I-215 S/B,PLACENTIA AVE,2307,S,N,A,-,Y,NA,NA,215,NA,NA,NA,NA,NA,S,Y,2,0,1,1,A,-,08,22107,NA,N,E,J,A,A,H,-,D,D,0,NA,NA,NA,NA,Y,NA,A,01,1,0,0,0,0,0,0,0,0,-,-,33.81671905517578,-117.23985290527344,RIVERSIDE,PERRIS,-117.23973846435548,33.8167610168457
91249369,2020,2020-06-08,9840,2020-06-05,2323,021311,NA,5,3,6,3315,0,3,5,NA,2,003,SERFAS CLUB DR,MONTEREY PENINSULA DR,245,N,N,A,-,N,NA,NA,NA,NA,NA,NA,NA,NA,NA,Y,3,0,2,5,A,-,01,23152,A,N,C,E,A,A,H,-,C,D,0,NA,NA,NA,NA,Y,Y,D,22,0,1,1,0,0,0,0,0,0,-,-,33.87715148925781,-117.615478515625,RIVERSIDE,CORONA,-117.61536407470705,33.87725830078125
91250107,2020,2020-06-10,9685,2020-06-06,2150,016986,NA,6,2,5,3335,0,1,1,NA,2,030,I-15 SOUTHBOUND,TEMECULA PKWY.,3960,S,N,A,-,Y,NA,NA,15,NA,NA,NA,NA,NA,S,Y,3,0,1,3,A,-,01,23152,A,N,C,C,A,A,D,-,D,D,0,NA,NA,NA,NA,Y,Y,A,01,0,1,0,0,0,0,0,0,0,-,-,33.469730377197266,-117.13706970214844,RIVERSIDE,TEMECULA,-117.13706207275392,33.46973419189453
9125107,2020,2020-11-14,3300,2020-06-25,1916,4323,910A,4,5,5,3335,0,0,0,NA,0,061,WINCHESTER RD,WINCHESTER CREEK AV,0,NA,Y,A,-,Y,RIV,8,79,-,R,4.4,H,-,S,Y,4,0,1,2,A,-,12,21453,A,N,D,C,A,A,H,-,A,A,0,NA,NA,NA,NA,Y,NA,A,01,0,0,1,0,0,0,0,0,0,-,-,NA,NA,RIVERSIDE,TEMECULA,-117.14241790771484,33.547428131103516
91251247,2020,2020-06-12,9840,2020-06-07,2253,021831,NA,7,3,7,3313,0,1,1,NA,2,023,I-215 N/B,FAIR ISLE DR,1500,S,N,A,-,Y,NA,NA,215,NA,NA,NA,NA,NA,N,Y,3,0,2,1,A,-,08,22107,NA,N,E,I,A,A,H,-,C,D,0,NA,NA,NA,NA,Y,NA,A,01,0,2,0,0,0,0,0,0,0,-,-,33.94546890258789,-117.2946319580078,RIVERSIDE,RIVERSIDE,-117.294677734375,33.945343017578125
91252040,2020,2020-06-15,9840,2020-06-12,1945,021311,NA,5,2,6,3345,0,1,1,NA,2,011,I-15 N/B,68TH ST.,450,S,N,A,-,Y,NA,NA,15,NA,NA,NA,NA,NA,N,N,4,0,1,2,A,-,03,22350,NA,N,C,C,A,A,D,-,A,D,0,NA,NA,NA,NA,Y,NA,A,01,0,0,1,0,0,0,0,0,0,-,-,33.96329879760742,-117.54865264892578,RIVERSIDE,JURUPA VALLEY,-117.54869842529295,33.96330261230469
91255006,2020,2020-06-22,9840,2020-06-19,1135,019042,NA,5,1,9,3300,0,1,1,NA,2,040,I-215 N/B,CACTUS AVE.,1500,N,N,A,-,Y,NA,NA,215,NA,NA,NA,NA,NA,N,N,4,0,1,2,A,-,03,22350,NA,N,C,C,A,A,H,-,A,D,0,NA,NA,NA,NA,Y,NA,D,22,0,0,1,0,0,0,0,0,0,-,-,33.91228103637695,-117.28407287597656,RIVERSIDE,UNINCORPORATED,-117.28403472900392,33.912315368652344
91255663,2020,2020-06-22,9840,2020-06-10,1830,013968,NA,3,2,6,3345,0,1,1,NA,2,011,I-15 S/B TO E/B SR-60,MISSION BLVD,3400,S,N,A,-,Y,NA,NA,NA,NA,NA,NA,NA,NA,NA,N,4,0,1,3,A,-,03,22350,NA,N,C,C,A,A,H,-,A,D,0,NA,NA,NA,NA,Y,NA,A,01,0,0,1,0,0,0,0,0,0,-,-,34.01995849609375,-117.54615020751952,RIVERSIDE,JURUPA VALLEY,-117.55046844482422,34.02886962890625
9125570,2020,2020-09-08,3300,2020-05-13,1500,N6611,602A6,3,5,6,3394,0,0,0,NA,0,MV22,BAY AV,COURAGE ST,0,NA,Y,A,-,N,NA,NA,NA,NA,NA,NA,NA,NA,NA,Y,4,0,2,2,A,-,09,21802,A,N,D,C,A,A,H,-,A,D,0,NA,NA,NA,NA,Y,NA,A,01,0,0,2,0,0,0,0,0,0,-,-,33.91997146606445,-117.26506805419922,RIVERSIDE,MORENO VALLEY,-117.2650909423828,33.919979095458984
91255811,2020,2020-06-23,9840,2020-06-16,1510,020659,NA,2,2,7,3313,0,1,1,NA,2,023,I-215 N/B FROM FAIR ISLE DR.,FAIR ISLE DRIVE,690,N,N,A,-,Y,NA,NA,215,NA,NA,NA,R,NA,N,Y,4,0,1,2,A,-,03,22350,NA,N,C,C,A,A,H,-,A,A,0,NA,NA,NA,NA,Y,NA,A,01,0,0,1,0,0,0,0,0,0,-,-,33.95016098022461,-117.30248260498048,RIVERSIDE,RIVERSIDE,-117.30248260498048,33.95016098022461
91258838,2020,2020-06-26,9840,2020-06-19,1609,021873,NA,5,2,9,3300,0,1,1,NA,2,037,I-15 N/B,TEMESCAL CANYON RD,7920,S,N,A,-,Y,NA,NA,15,NA,NA,NA,NA,NA,N,N,4,0,1,2,C,-,18,NA,NA,N,B,C,A,A,H,-,A,D,0,NA,NA,NA,NA,Y,NA,-,-,0,0,1,0,0,0,0,0,0,-,-,33.76176834106445,-117.4711685180664,RIVERSIDE,UNINCORPORATED,-117.47118377685548,33.76173782348633
91259234,2020,2020-06-26,9685,2020-06-19,1930,016502,NA,5,2,5,3341,0,1,1,NA,2,020,I-215 NORTHBOUND,ROUSE RD.,130,N,N,A,-,Y,NA,NA,215,NA,NA,NA,NA,NA,N,Y,3,0,1,2,A,-,07,21658,A,F,F,I,A,A,H,-,A,D,0,NA,NA,NA,NA,Y,NA,A,01,0,1,0,0,0,0,0,0,0,-,-,33.729000091552734,-117.18900299072266,RIVERSIDE,MENIFEE,-117.18907165527344,33.729000091552734
91264215,2020,2020-07-07,9840,2020-06-27,1657,021872,NA,6,2,6,3315,0,1,1,NA,2,034,I-15 N/B,DOS LAGOS DR,1820,S,N,A,-,Y,NA,NA,NA,NA,NA,NA,NA,NA,NA,Y,3,0,1,1,A,-,08,22107,NA,N,E,I,A,A,H,-,A,D,0,NA,NA,NA,NA,Y,NA,A,01,0,1,0,0,0,0,0,0,0,-,-,33.802181243896484,-117.5043487548828,RIVERSIDE,CORONA,-117.50486755371094,33.8025016784668
91265000,2020,2020-07-08,9655,2020-07-02,1115,018905,NA,4,1,3,3302,0,1,1,NA,2,202,I-10 E/B TO HIGHLAND SPRINGS AVE,HIGHLAND SPRINGS AVE,870,W,N,A,-,Y,NA,NA,10,NA,NA,NA,R,NA,E,N,3,0,1,1,A,-,08,22107,NA,N,E,I,A,A,D,-,A,A,0,NA,NA,NA,Y,Y,NA,F,55,0,1,0,0,0,0,0,0,0,-,-,33.92668914794922,-116.94970703125,RIVERSIDE,BEAUMONT,-116.94970703125,33.92668914794922
91268096,2020,2020-07-14,9840,2020-07-10,1605,019566,NA,5,2,6,3315,0,1,1,NA,2,034,I-15 N/B TO SR-91 W/B,E 6TH STREET,2100,N,N,A,-,Y,NA,NA,15,NA,NA,NA,R,NA,N,Y,3,0,1,1,A,-,08,22107,NA,N,F,A,A,A,D,-,A,D,0,NA,NA,NA,NA,Y,NA,A,07,0,1,0,0,0,0,0,0,0,-,-,33.88063049316406,-117.54582977294922,RIVERSIDE,CORONA,-117.54582977294922,33.88063049316406
91268331,2020,2020-07-14,9655,2020-02-16,1100,018905,NA,7,1,3,3302,0,1,1,NA,2,202,I-10 WB FROM 6TH STREET WB,VEILE AVENUE,1056,W,N,A,-,Y,NA,NA,10,NA,NA,NA,R,NA,W,N,1,1,1,2,C,-,18,NA,NA,N,F,A,A,A,A,-,A,D,0,NA,NA,Y,NA,Y,NA,-,-,0,1,0,0,0,0,0,1,1,-,-,33.9334716796875,-116.98940277099608,RIVERSIDE,BEAUMONT,-116.98940277099608,33.9334716796875
91268471,2020,2020-07-14,9840,2020-07-13,0652,017546,NA,1,1,6,3315,0,1,3,NA,2,031,SR-91 W/B,E GRAND BLVD,460,E,N,A,-,Y,NA,NA,91,NA,NA,NA,NA,NA,W,Y,3,0,1,1,A,-,08,22107,NA,N,F,A,A,A,H,-,A,D,0,NA,NA,NA,NA,Y,NA,A,07,0,1,0,0,0,0,0,0,0,-,-,33.87947082519531,-117.55892944335938,RIVERSIDE,CORONA,-117.55892944335938,33.87946319580078
9126944,2020,2020-09-15,3308,2020-06-26,1529,4189,543,5,5,5,3308,0,0,0,NA,0,SOUTH,WARREN RD,STETSON AV,140,N,N,A,-,N,NA,NA,NA,NA,NA,NA,NA,NA,NA,Y,3,0,4,3,A,-,03,22350,NA,N,C,C,A,A,H,-,A,A,0,NA,NA,NA,NA,Y,NA,A,07,0,1,3,0,0,0,0,0,0,-,-,33.72751998901367,-117.02938842773438,RIVERSIDE,HEMET,-117.0326919555664,33.7296142578125
9126956,2020,2020-09-02,3308,2020-05-30,1415,10743L,509,6,5,5,3308,0,0,0,NA,0,NORTH2,CHARLTON AV,HEMET ST,0,E,N,A,-,N,NA,NA,NA,NA,NA,NA,NA,NA,NA,N,4,0,1,2,A,NA,03,22350,NA,F,C,C,A,A,H,-,A,A,0,NA,NA,NA,NA,Y,NA,A,07,0,0,1,0,0,0,0,0,0,-,-,33.75474166870117,-116.92369079589844,RIVERSIDE,HEMET,-116.92386627197266,33.75497817993164