CASE_ID,ACCIDENT_YEAR,PROC_DATE,JURIS,COLLISION_DATE,COLLISION_TIME,OFFICER_ID,REPORTING_DISTRICT,DAY_OF_WEEK,CHP_SHIFT,POPULATION,CNTY_CITY_LOC,SPECIAL_COND,BEAT_TYPE,CHP_BEAT_TYPE,CITY_DIVISION_LAPD,CHP_BEAT_CLASS,BEAT_NUMBER,PRIMARY_RD,SECONDARY_RD,DISTANCE,DIRECTION,INTERSECTION,WEATHER_1,WEATHER_2,STATE_HWY_IND,CALTRANS_COUNTY,CALTRANS_DISTRICT,STATE_ROUTE,ROUTE_SUFFIX,POSTMILE_PREFIX,POSTMILE,LOCATION_TYPE,RAMP_INTERSECTION,SIDE_OF_HWY,TOW_AWAY,COLLISION_SEVERITY,NUMBER_KILLED,NUMBER_INJURED,PARTY_COUNT,PRIMARY_COLL_FACTOR,PCF_CODE_OF_VIOL,PCF_VIOL_CATEGORY,PCF_VIOLATION,PCF_VIOL_SUBSECTION,HIT_AND_RUN,TYPE_OF_COLLISION,MVIW,PED_ACTION,ROAD_SURFACE,ROAD_COND_1,ROAD_COND_2,LIGHTING,CONTROL_DEVICE,CHP_ROAD_TYPE,PEDESTRIAN_ACCIDENT,BICYCLE_ACCIDENT,MOTORCYCLE_ACCIDENT,TRUCK_ACCIDENT,NOT_PRIVATE_PROPERTY,ALCOHOL_INVOLVED,STWD_VEHTYPE_AT_FAULT,CHP_VEHTYPE_AT_FAULT,COUNT_SEVERE_INJ,COUNT_VISIBLE_INJ,COUNT_COMPLAINT_PAIN,COUNT_PED_KILLED,COUNT_PED_INJURED,COUNT_BICYCLIST_KILLED,COUNT_BICYCLIST_INJURED,COUNT_MC_KILLED,COUNT_MC_INJURED,PRIMARY_RAMP,SECONDARY_RAMP,LATITUDE,LONGITUDE,COUNTY,CITY,POINT_X,POINT_Y
91874879,2022,2022-09-27,9840,2022-09-09,0209,018949,NA,5,3,9,3300,0,3,5,NA,2,004,ROSARY AVE,CENTRAL AVE,0,NA,Y,A,-,N,NA,NA,NA,NA,NA,NA,NA,NA,NA,Y,2,0,1,1,A,-,01,23152,F,N,E,I,A,A,H,-,C,D,0,NA,NA,NA,NA,Y,NA,A,07,1,0,0,0,0,0,0,0,0,-,-,33.79389953613281,-117.14334106445313,RIVERSIDE,UNINCORPORATED,-117.143310546875,33.793975830078125
91875653,2022,2022-09-28,9840,2022-09-21,0920,019874,NA,3,1,7,3313,0,1,3,NA,2,010,STATE ROUTE 60 W/B,MARKET STREET,483,W,N,A,-,Y,RIV,NA,60,NA,NA,10.974,H,NA,L,Y,3,0,2,2,A,-,03,22350,NA,N,C,C,A,A,H,-,A,D,0,NA,NA,NA,NA,Y,NA,A,01,0,1,1,0,0,0,0,0,0,-,-,34.00149154663086,-117.37674713134766,RIVERSIDE,RIVERSIDE,-117.37671661376952,34.00154495239258
91876761,2022,2022-09-29,9840,2022-09-17,0220,022028,NA,6,3,9,3300,0,3,5,NA,2,002,LA SIERRA AVE,LAKE CREST DR,590,N,N,A,-,N,NA,NA,NA,NA,NA,NA,NA,NA,NA,N,4,0,1,1,A,-,07,21658,A,N,E,I,A,A,H,-,C,D,0,NA,NA,NA,NA,Y,Y,A,01,0,0,1,0,0,0,0,0,0,-,-,33.86650085449219,-117.4538803100586,RIVERSIDE,UNINCORPORATED,-117.45391082763672,33.86634063720703
91878955,2022,2022-09-30,9840,2022-09-25,1526,020989,NA,7,2,6,3345,0,1,3,NA,2,010,SR-60 W/B TO VALLEY WY,VALLEY WAY,60,E,N,A,-,Y,NA,NA,NA,NA,NA,NA,NA,NA,NA,N,4,0,1,2,A,-,21,22106,NA,N,C,C,A,A,H,-,A,A,0,NA,NA,NA,NA,Y,NA,A,01,0,0,1,0,0,0,0,0,0,-,-,34.01200866699219,-117.43292236328124,RIVERSIDE,JURUPA VALLEY,-117.43292236328124,34.01200866699219
91879671,2022,2022-10-03,9685,2022-09-25,0930,015757,NA,7,1,9,3300,0,3,5,NA,2,003,N. GENERAL KEARNY RD,MARLOW CT,125,N,N,A,-,N,NA,NA,NA,NA,NA,NA,NA,NA,NA,Y,4,0,1,1,A,-,08,22107,NA,N,E,I,A,A,H,-,A,A,0,NA,NA,NA,NA,Y,NA,D,22,0,0,1,0,0,0,0,0,0,-,-,33.545738220214844,-117.12638854980467,RIVERSIDE,UNINCORPORATED,-117.12628173828124,33.545692443847656
91880498,2022,2022-10-03,9630,2022-09-19,0002,021515,NA,1,3,9,3300,0,3,5,NA,2,502,LINCOLN ST.,62ND AVE.,260,N,N,A,-,N,NA,NA,NA,NA,NA,NA,NA,NA,NA,Y,4,0,1,1,A,-,01,23152,A,N,E,J,A,A,H,-,D,D,0,NA,NA,NA,NA,Y,Y,A,01,0,0,1,0,0,0,0,0,0,-,-,33.59946060180664,-116.07776641845705,RIVERSIDE,UNINCORPORATED,-116.0778579711914,33.59938049316406
91880909,2022,2022-10-03,9840,2022-09-26,0715,018248,NA,1,1,6,3315,0,1,3,NA,2,031,SR-91 E/B,MAIN ST,101,E,N,A,-,Y,RIV,NA,91,NA,NA,6.37,H,NA,R,Y,4,0,1,2,A,-,03,22350,NA,N,C,C,A,A,H,-,A,D,0,NA,NA,NA,NA,Y,NA,A,01,0,0,1,0,0,0,0,0,0,-,-,33.87982940673828,-117.5655517578125,RIVERSIDE,CORONA,-117.56552886962892,33.87995910644531
91881396,2022,2022-10-04,9655,2022-09-25,0408,022361,NA,7,3,4,3301,0,1,1,NA,2,204,I-10 E/B,SUNSET AVE,2429,W,N,A,-,Y,RIV,NA,10,NA,NA,10.878,H,NA,R,Y,2,0,1,1,A,-,01,23152,A,N,E,I,A,A,D,-,D,D,0,NA,NA,NA,NA,Y,Y,A,07,1,0,0,0,0,0,0,0,0,-,-,33.92559814453125,-116.91970825195313,RIVERSIDE,BANNING,-116.91969299316406,33.925724029541016
91882623,2022,2022-10-05,9840,2022-09-30,0600,016358,NA,5,1,9,3300,0,3,5,NA,2,004,NUEVO RD.,PICO AVE,0,NA,Y,A,-,N,NA,NA,NA,NA,NA,NA,NA,NA,NA,Y,3,0,1,2,A,-,05,21752,D,N,B,C,A,A,H,-,B,D,0,NA,NA,NA,Y,Y,NA,D,22,0,1,0,0,0,0,0,0,0,-,-,33.80121994018555,-117.16494750976563,RIVERSIDE,UNINCORPORATED,-117.16506958007813,33.80121994018555
91883831,2022,2022-10-06,9840,2022-09-21,1446,020913,NA,3,2,9,3300,0,2,4,NA,2,042,VAN BUREN BLVD,RIDGEWAY AVE,195,E,N,A,-,N,NA,NA,NA,NA,NA,NA,NA,NA,NA,Y,4,0,2,3,A,-,03,22350,NA,N,C,C,A,A,D,-,A,D,0,NA,NA,NA,NA,Y,NA,D,22,0,0,2,0,0,0,0,0,0,-,-,33.8872184753418,-117.3437728881836,RIVERSIDE,UNINCORPORATED,-117.34371948242188,33.88710021972656
91883843,2022,2022-10-06,9655,2022-09-27,0748,017263,NA,2,1,4,3301,0,1,1,NA,2,204,I-10 W/B,HIGHLAND SPRINGS AVE,3168,E,N,A,-,Y,RIV,NA,10,NA,NA,10.191,H,NA,L,Y,4,0,1,3,A,-,03,22350,NA,N,C,C,A,A,D,-,A,D,0,NA,NA,NA,Y,Y,NA,F,26,0,0,1,0,0,0,0,0,0,-,-,33.92647933959961,-116.93164825439452,RIVERSIDE,BANNING,-116.93165588378906,33.92643737792969
91884868,2022,2022-10-07,9840,2022-10-06,1345,019242,NA,4,1,7,3313,0,1,3,NA,2,020,SR-91 W/B,TYLER STREET,400,E,N,A,-,Y,RIV,NA,91,NA,NA,13.289,H,NA,L,Y,4,0,1,2,A,-,03,22350,NA,N,C,C,A,A,H,-,A,D,0,NA,NA,NA,NA,Y,NA,A,01,0,0,1,0,0,0,0,0,0,-,-,33.90840148925781,-117.45339965820313,RIVERSIDE,RIVERSIDE,-117.4533920288086,33.90839385986328
91884901,2022,2022-10-07,9840,2022-08-01,0230,021261,NA,1,3,7,3313,0,1,1,NA,2,022,INTERSTATE 215 SOUTHBOUND TO INTERSTATE 215 SOUTHB,CHICAGO AVENUE,350,N,N,A,-,Y,RIV,NA,215,NA,NA,42.702,H,NA,L,N,1,1,0,2,A,-,11,21954,A,F,G,B,E,A,H,-,D,D,0,Y,NA,NA,NA,Y,NA,N,60,0,0,0,1,0,0,0,0,0,-,-,33.98868179321289,-117.34909057617188,RIVERSIDE,RIVERSIDE,-117.3490982055664,33.98867416381836
91884920,2022,2022-10-07,9840,2022-10-02,0406,021297,NA,7,3,9,3300,0,1,1,NA,2,037,I-15 S/B,TEMESCAL CANYON RD,3664,N,N,A,-,Y,RIV,NA,15,NA,NA,32.552,H,NA,L,Y,4,0,1,2,A,-,01,23152,A,N,C,C,A,A,H,-,D,D,0,NA,NA,NA,NA,Y,Y,A,01,0,0,1,0,0,0,0,0,0,-,-,33.76863098144531,-117.47998809814452,RIVERSIDE,UNINCORPORATED,-117.48004913330078,33.76856231689453
91887193,2022,2022-10-11,9685,2022-10-09,1830,016096,NA,7,2,3,3343,0,1,1,NA,2,010,I-15  S/B FWY,WILDOMAR TRAIL,2000,S,N,A,-,Y,NA,NA,NA,NA,NA,NA,NA,NA,NA,Y,3,0,2,2,A,-,08,22107,NA,N,D,C,A,A,H,-,A,D,0,NA,NA,NA,NA,Y,NA,A,01,0,1,1,0,0,0,0,0,0,-,-,33.60363006591797,-117.25292205810548,RIVERSIDE,WILDOMAR,-117.25262451171876,33.60389709472656
91887558,2022,2022-10-11,9840,2022-09-24,0332,018949,NA,6,3,6,3315,0,1,3,NA,2,030,SR-91 E/B,SERFAS CLUB DR,3000,W,N,A,-,Y,RIV,NA,91,NA,R,3.143,H,NA,R,Y,4,0,1,2,A,-,03,22350,NA,N,C,C,A,A,H,-,D,D,0,NA,NA,NA,NA,Y,NA,A,08,0,0,1,0,0,0,0,0,0,-,-,33.882118225097656,-117.62297058105467,RIVERSIDE,CORONA,-117.62298583984376,33.88208770751953
91888362,2022,2022-10-12,9630,2022-10-04,0001,021008,NA,2,3,9,3300,0,1,3,NA,1,074,STATE ROUTE 74,PALOWET DR,13728,W,N,A,-,Y,RIV,NA,74,NA,NA,90.26,H,NA,R,Y,2,0,1,1,A,-,03,22350,NA,N,F,A,A,A,H,-,D,D,0,NA,NA,Y,NA,Y,NA,C,02,1,0,0,0,0,0,0,0,1,-,-,33.654170989990234,-116.3979263305664,RIVERSIDE,UNINCORPORATED,-116.39793395996094,33.65418243408203
91891896,2022,2022-10-17,9840,2022-10-16,1210,017546,NA,7,1,6,3315,0,1,3,NA,2,030,SR-91 WB TO GREEN RIVER RD,GREEN RIVER RD,305,E,N,B,-,Y,NA,NA,NA,NA,NA,NA,NA,NA,NA,N,4,0,1,2,A,-,03,22350,NA,N,C,C,A,A,H,-,A,A,0,NA,NA,NA,NA,Y,NA,A,01,0,0,1,0,0,0,0,0,0,-,-,33.879520416259766,-117.6576690673828,RIVERSIDE,CORONA,-117.6576690673828,33.879520416259766
91897494,2022,2022-10-24,9840,2022-10-15,2130,021872,NA,6,2,7,3313,0,1,3,NA,2,020,SR-91 E/B,ADAMST ST,1500,W,N,C,-,Y,RIV,NA,91,NA,NA,15.336,H,NA,R,N,4,0,1,1,A,-,03,22350,NA,N,E,I,A,B,H,-,D,D,0,NA,NA,NA,NA,Y,NA,A,01,0,0,1,0,0,0,0,0,0,-,-,33.9250602722168,-117.42391967773438,RIVERSIDE,RIVERSIDE,-117.42385864257813,33.924983978271484
91897634,2022,2022-10-26,9840,2022-10-17,1425,014335,NA,1,2,9,3300,0,3,5,NA,2,003,TRILOGY PARKWAY,WARM SPRINGS,30,N,N,A,-,N,NA,NA,NA,NA,NA,NA,NA,NA,NA,Y,4,0,3,2,A,-,03,22350,NA,N,C,C,A,A,H,-,A,A,0,NA,NA,NA,NA,Y,NA,A,01,0,0,3,0,0,0,0,0,0,-,-,33.7648811340332,-117.49462127685548,RIVERSIDE,UNINCORPORATED,-117.49448394775392,33.76503372192383
91899768,2022,2022-10-26,9840,2022-10-20,1836,021194,NA,4,2,9,3300,0,1,1,NA,2,040,I-215 S/B,CACTUS AVE,1584,N,N,A,-,Y,RIV,NA,215,NA,R,36.111,H,NA,L,N,4,0,1,2,A,-,07,21658,A,N,B,C,A,A,H,-,D,D,0,NA,NA,Y,NA,Y,NA,-,-,0,0,1,0,0,0,0,0,1,-,-,33.91289138793945,-117.28500366210938,RIVERSIDE,UNINCORPORATED,-117.28501129150392,33.912879943847656
9190434,2020,2020-12-04,3313,2020-10-29,1827,0623,2,4,5,7,3313,0,0,0,NA,0,M10,BLAINE ST,RT 215,132,E,N,A,-,N,NA,NA,NA,NA,NA,NA,NA,NA,NA,N,3,0,1,2,A,-,09,21804,A,N,D,C,A,A,H,-,C,D,0,NA,NA,NA,NA,Y,NA,-,NA,0,1,0,0,0,0,0,0,0,-,NO,33.98141098022461,-117.34176635742188,RIVERSIDE,RIVERSIDE,NA,NA
91904856,2022,2022-10-31,9660,2022-10-26,0630,022242,NA,3,1,9,3300,0,1,2,NA,2,038,US-95,AHA QUIN ROAD,3060,N,N,A,-,Y,RIV,NA,95,NA,NA,20.27,H,NA,R,Y,3,0,1,1,A,-,08,22107,NA,N,E,I,A,A,H,-,B,D,0,NA,NA,NA,NA,Y,NA,-,-,0,1,0,0,0,0,0,0,0,-,-,33.870418548583984,-114.52870178222656,RIVERSIDE,UNINCORPORATED,-114.5286102294922,33.87039566040039
91905530,2022,2022-10-31,9685,2022-10-28,1857,015957,NA,5,2,9,3300,0,2,4,NA,2,023,SCOTT RD,LEON RD,1000,E,N,A,-,N,NA,NA,NA,NA,NA,NA,NA,NA,NA,Y,4,0,1,3,A,-,03,22350,NA,N,C,C,A,A,H,-,D,D,0,NA,NA,NA,NA,Y,NA,A,01,0,0,1,0,0,0,0,0,0,-,-,33.641658782958984,-117.64166259765624,RIVERSIDE,UNINCORPORATED,-117.11583709716795,33.64165115356445
91905916,2022,2022-10-31,9840,2022-10-21,0125,015802,NA,5,3,4,3312,0,1,1,NA,2,041,I-215 S/B,NUEVO RD.,1409,S,N,A,-,Y,RIV,NA,215,NA,R,27.631,H,NA,L,Y,3,0,1,1,A,-,08,22107,NA,N,E,I,A,A,H,-,C,D,0,NA,NA,NA,NA,Y,NA,A,01,0,1,0,0,0,0,0,0,0,-,-,33.79880142211914,-117.23219299316406,RIVERSIDE,PERRIS,-117.23210906982422,33.7988166809082
91907396,2022,2022-11-02,9840,2022-10-26,1625,019242,NA,3,2,7,3313,0,1,1,NA,2,023,I-2115 S/B,BLAINE STREET,500,N,N,A,-,Y,RIV,NA,215,NA,NA,42.426,H,NA,L,N,4,0,1,2,A,-,03,22350,NA,N,C,C,A,A,H,-,A,D,0,NA,NA,NA,NA,Y,NA,D,22,0,0,1,0,0,0,0,0,0,-,-,33.985801696777344,-117.34586334228516,RIVERSIDE,RIVERSIDE,-117.34586334228516,33.98579788208008
91907540,2022,2022-11-02,9655,2022-10-27,0025,018905,NA,4,3,9,3300,0,1,3,NA,2,315,SR-79 N/B,GARBANI RD,3696,S,N,A,-,Y,RIV,NA,79,NA,R,13.039,H,NA,R,Y,2,0,1,1,A,-,01,23152,A,N,E,I,A,A,H,-,D,D,0,NA,NA,NA,NA,Y,Y,A,01,1,0,0,0,0,0,0,0,0,-,-,33.65290832519531,-117.08434295654295,RIVERSIDE,UNINCORPORATED,-117.08440399169922,33.65290832519531
91910802,2022,2022-11-07,9685,2022-10-29,1325,016885,NA,6,1,5,3341,0,1,1,NA,2,020,I-215 SOUTHBOUND,NEWPORT ROAD,2600,N,N,A,-,Y,RIV,NA,215,NA,R,19.024,H,NA,L,N,4,0,1,1,A,-,07,21658,A,N,E,I,A,A,H,-,A,D,0,NA,NA,NA,NA,Y,NA,A,01,0,0,1,0,0,0,0,0,0,-,-,33.69163131713867,-117.17543792724608,RIVERSIDE,MENIFEE,-117.17533111572266,33.691680908203125
91913176,2022,2022-11-09,9685,2022-11-03,1015,015027,NA,4,1,9,3300,0,1,1,NA,2,010,SOUTHBOUND INTERSTATE 15,MAIN STREET,1584,N,N,A,-,Y,NA,NA,NA,NA,NA,NA,NA,NA,NA,Y,3,0,3,3,A,-,03,22350,NA,N,C,C,A,A,H,-,A,D,0,NA,NA,NA,NA,Y,NA,A,01,0,2,1,0,0,0,0,0,0,-,-,33.40596008300781,-117.19465637207033,RIVERSIDE,UNINCORPORATED,-117.32679748535156,33.68001937866211
9191493,2020,2021-01-30,3313,2020-11-19,1124,1880,1,4,5,7,3313,0,0,0,NA,0,T40,STREETER AV,GRANADA AV,0,NA,Y,A,-,N,NA,NA,NA,NA,NA,NA,NA,NA,NA,N,4,0,1,2,A,-,03,22350,NA,N,C,C,A,A,H,-,A,D,0,NA,NA,NA,NA,Y,NA,A,01,0,0,1,0,0,0,0,0,0,-,-,33.94868087768555,-117.41857147216795,RIVERSIDE,RIVERSIDE,-117.41864013671876,33.94831085205078
91916938,2022,2022-11-14,9655,2022-11-07,2030,020669,NA,1,2,9,3300,0,1,3,NA,1,118,SR-74,RIBBONWOOD DRIVE,1056,E,N,C,-,Y,RIV,NA,74,NA,NA,78.119,H,NA,R,Y,4,0,1,1,A,-,03,22350,NA,N,E,I,A,B,H,-,D,D,0,NA,NA,NA,NA,Y,NA,A,01,0,0,1,0,0,0,0,0,0,-,-,33.57331848144531,-116.4931411743164,RIVERSIDE,UNINCORPORATED,-116.4931411743164,33.57335662841797
9191808,2020,2021-02-03,3313,2020-11-23,2140,2017,5,1,5,7,3313,0,0,0,NA,0,T43,INDIANA AV,VAN BUREN BL,0,NA,Y,A,-,N,NA,NA,NA,NA,NA,NA,NA,NA,NA,Y,4,0,1,2,A,-,12,21453,A,N,D,C,A,A,H,-,C,A,0,NA,NA,NA,NA,Y,NA,A,01,0,0,1,0,0,0,0,0,0,-,-,33.913429260253906,-117.44203186035156,RIVERSIDE,RIVERSIDE,-117.44149780273438,33.914058685302734
91919242,2022,2022-11-16,9685,2022-11-11,1800,016185,NA,5,2,3,3343,0,1,1,NA,2,030,I-15 NORTHBOUND,CLINTON KEITH ROAD,2219,S,N,B,-,Y,RIV,NA,15,NA,NA,13.213,H,NA,R,Y,3,0,1,3,A,-,03,22350,NA,N,C,C,A,A,H,-,D,D,0,NA,NA,NA,NA,Y,NA,A,01,0,1,0,0,0,0,0,0,0,-,-,33.59117889404297,-117.2402572631836,RIVERSIDE,WILDOMAR,-117.24028778076172,33.591156005859375
9191992,2020,2021-01-27,3313,2020-11-07,1208,1756,4,6,5,7,3313,0,0,0,NA,0,2R45,CALIFORNIA AV,VAN BUREN BL,20,E,N,C,-,N,NA,NA,NA,NA,NA,NA,NA,NA,NA,NA,4,0,1,3,A,-,03,22350,NA,F,C,C,A,B,H,-,A,A,0,NA,NA,NA,NA,Y,NA,I,11,0,0,1,0,0,0,0,0,0,-,-,33.926658630371094,-117.45171356201172,RIVERSIDE,RIVERSIDE,-117.45169830322266,33.92660140991211
9192046,2020,2021-01-07,3308,2020-11-03,1549,10610,517,2,5,5,3308,0,0,0,NA,0,NORTH,FLORIDA AV,BUENA VISTA ST,0,NA,Y,A,-,Y,RIV,8,74,-,-,40.837,I,5,W,Y,3,0,1,2,A,-,12,21453,A,N,D,C,A,A,H,-,A,A,0,NA,NA,NA,NA,Y,NA,A,01,0,1,0,0,0,0,0,0,0,-,-,33.747589111328125,-116.96739196777344,RIVERSIDE,HEMET,-116.96736145019533,33.74763107299805
91920562,2022,2022-11-17,9655,2022-11-08,0510,019630,NA,2,3,9,3300,0,1,3,NA,2,212,STATE ROUTE 60,JACKRBBIT TRAIL,8976,W,N,C,-,Y,RIV,NA,60,NA,NA,26.3,H,NA,R,Y,4,0,1,1,A,-,03,22350,NA,N,E,I,A,B,H,-,D,D,0,NA,NA,NA,NA,Y,NA,A,01,0,0,1,0,0,0,0,0,0,-,-,33.946388244628906,-117.05806732177734,RIVERSIDE,UNINCORPORATED,-117.05813598632813,33.94628143310547
91920766,2022,2022-11-17,9685,2022-11-16,0805,015757,NA,3,1,9,3300,0,1,3,NA,1,031,SR-79 (WINCHESTER RD),BENTON ROAD,25,S,N,A,-,Y,RIV,NA,79,NA,M,7.614,H,NA,R,N,4,0,1,2,A,-,08,22107,NA,N,C,C,A,A,H,-,A,A,0,NA,NA,NA,NA,Y,NA,A,07,0,0,1,0,0,0,0,0,0,-,-,33.59185028076172,-117.12518310546876,RIVERSIDE,UNINCORPORATED,-117.12519073486328,33.59185791015625
91921720,2022,2022-11-18,9840,2022-11-08,0635,019042,NA,2,1,7,3313,0,1,1,NA,2,023,I-215 S/B,FAIR ISLE DRIVE,2000,S,N,B,C,Y,RIV,NA,215,NA,R,38.39,H,NA,L,Y,4,0,2,1,A,-,08,22107,NA,N,F,I,A,B,H,-,A,D,0,NA,NA,NA,NA,Y,NA,D,22,0,0,2,0,0,0,0,0,0,-,-,33.94430160522461,-117.29422760009766,RIVERSIDE,RIVERSIDE,-117.29428863525392,33.94422912597656
91924043,2022,2022-11-22,9840,2022-11-10,0940,016358,NA,4,1,6,3394,0,1,3,NA,2,025,SR-60 W/B,DAY ST.,800,E,N,A,-,Y,RIV,NA,60,NA,NA,13.721,H,NA,L,Y,3,0,2,3,A,-,03,22350,NA,N,C,C,A,A,H,-,A,D,0,NA,NA,NA,NA,Y,NA,D,22,0,2,0,0,0,0,0,0,0,-,-,33.941551208496094,-117.27210235595705,RIVERSIDE,MORENO VALLEY,-117.2720947265625,33.941558837890625
91925239,2022,2022-11-23,9630,2022-11-11,1913,021128,NA,5,2,9,3300,0,3,5,NA,2,002,DILLON RD,48TH AVENUE,528,N,N,A,-,N,NA,NA,NA,NA,NA,NA,NA,NA,NA,N,4,0,1,2,A,-,09,21801,A,N,D,C,A,A,H,-,D,D,0,NA,NA,NA,NA,Y,NA,D,22,0,0,1,0,0,0,0,0,0,-,-,33.70214080810547,-116.18816375732422,RIVERSIDE,UNINCORPORATED,-116.18856048583984,33.701698303222656
91925245,2022,2022-11-23,9655,2022-11-10,2236,022361,NA,4,3,9,3300,0,3,5,NA,2,002,ELM ST.,CARMEN AVE.,395,S,N,A,-,N,NA,NA,NA,NA,NA,NA,NA,NA,NA,N,2,0,2,2,A,-,05,21650,NA,N,B,C,A,A,H,-,D,D,0,NA,NA,NA,NA,Y,NA,-,99,1,0,1,0,0,0,0,0,0,-,-,33.909481048583984,-116.75457000732422,RIVERSIDE,UNINCORPORATED,-116.75447845458984,33.909637451171875
91925560,2022,2022-11-23,9840,2022-11-13,1645,019874,NA,7,2,9,3300,0,3,5,NA,2,004,GAVILAN ROAD,MULTIVIEW DRIVE,1825,S,N,A,-,N,NA,NA,NA,NA,NA,NA,NA,NA,NA,Y,3,0,1,1,A,-,08,22107,NA,N,E,I,A,A,H,-,B,D,0,NA,NA,NA,NA,Y,NA,D,22,0,1,0,0,0,0,0,0,0,-,-,33.8149299621582,-117.35823822021484,RIVERSIDE,UNINCORPORATED,-117.3582763671875,33.815025329589844
91925583,2022,2022-11-23,9840,2022-11-14,1403,018611,NA,1,2,9,3300,0,3,5,NA,2,003,INDIANA AVENUE,SOMERDALE STREET,355,W,N,A,-,N,NA,NA,NA,NA,NA,NA,NA,NA,NA,Y,2,0,1,2,A,-,08,22107,NA,N,E,I,A,A,H,-,A,D,0,NA,NA,NA,NA,Y,NA,A,01,1,0,0,0,0,0,0,0,0,-,-,33.8731689453125,-117.51429748535156,RIVERSIDE,UNINCORPORATED,-117.51417541503906,33.873050689697266
91925594,2022,2022-11-23,9840,2022-11-14,1410,016619,NA,1,2,6,3345,0,1,3,NA,2,010,SR-60 W/B,RUBIDOUX BLVD,1584,W,N,A,-,Y,RIV,NA,60,NA,NA,9.179,H,NA,L,N,4,0,1,2,A,-,08,22107,NA,N,C,C,A,A,H,-,A,D,0,NA,NA,NA,NA,Y,NA,A,01,0,0,1,0,0,0,0,0,0,-,-,34.004329681396484,-117.40686798095705,RIVERSIDE,JURUPA VALLEY,-117.40686798095705,34.00428771972656
91925707,2022,2022-11-23,9840,2022-11-12,1800,020455,NA,6,2,6,3315,0,1,3,NA,2,030,SR-91 W/B,SR-71,1500,E,N,A,-,Y,RIV,NA,91,NA,R,2.367,H,NA,L,N,4,0,3,2,A,-,03,22350,NA,N,C,C,A,A,H,-,A,D,0,NA,NA,NA,NA,Y,NA,A,01,0,0,3,0,0,0,0,0,0,-,-,33.88486099243164,-117.6360321044922,RIVERSIDE,CORONA,-117.63599395751952,33.88471603393555
91926502,2022,2022-11-25,9840,2022-11-15,2222,019492,NA,2,3,9,3300,0,3,5,NA,2,002,PALMYRITA AVE.,MT. VERNON AVE.,0,NA,Y,A,-,N,NA,NA,NA,NA,NA,NA,NA,NA,NA,N,4,0,1,2,A,-,09,21806,A,N,D,C,A,A,H,-,C,D,0,NA,NA,NA,NA,Y,NA,A,01,0,0,1,0,0,0,0,0,0,-,-,34.00484085083008,-117.31195831298828,RIVERSIDE,UNINCORPORATED,-117.31365203857422,34.00477981567383
91926525,2022,2022-11-25,9685,2022-11-24,1039,016347,NA,4,1,4,3342,0,1,1,NA,2,030,I-15 N/B,MURRIETA HOT SPRINGS ROAD,5016,S,N,A,-,Y,RIV,NA,15,NA,NA,8.203,H,NA,R,Y,3,0,3,1,A,-,08,22107,NA,N,F,J,A,A,H,-,A,D,0,NA,NA,NA,NA,Y,NA,A,07,0,1,2,0,0,0,0,0,0,-,-,33.542911529541016,-117.17619323730467,RIVERSIDE,MURRIETA,-117.17630004882813,33.5428581237793
91929200,2022,2022-11-29,9630,2022-10-19,1040,015710,NA,3,1,9,3300,0,1,3,NA,2,086,S.R. 86 (NORTHBOUND),58TH AVE.,4752,S,N,A,-,Y,RIV,NA,86,NA,R,15.145,H,NA,R,N,3,0,1,2,A,-,07,21658,A,N,B,C,A,A,H,-,E,D,0,NA,NA,NA,Y,Y,NA,F,25,0,1,0,0,0,0,0,0,0,-,-,33.62200164794922,-116.12033081054688,RIVERSIDE,UNINCORPORATED,-116.12045288085938,33.62196731567383
91930683,2022,2022-11-30,9685,2022-11-23,1315,015360,NA,3,1,5,3335,0,1,1,NA,2,030,I-15 NORTHBOUND,SANTIAGO ROAD,1056,N,N,A,-,Y,NA,NA,NA,NA,NA,NA,NA,NA,NA,Y,2,0,1,1,A,-,03,22350,NA,N,H,A,A,A,H,-,A,D,0,NA,NA,Y,NA,Y,NA,C,02,1,0,0,0,0,0,0,0,1,-,-,33.635459899902344,-117.75647735595705,RIVERSIDE,TEMECULA,-117.14498901367188,33.492835998535156
91931493,2022,2022-12-01,9660,2022-11-27,1355,022242,NA,7,1,9,3300,0,1,1,NA,2,031,I-10 E/B,WILEY'S WELL OVERCROSSING,13200,W,N,A,-,Y,RIV,NA,10,NA,R,132.496,H,NA,R,Y,4,0,1,4,A,-,03,22350,NA,N,C,C,A,A,H,-,A,D,0,NA,NA,NA,NA,Y,NA,D,22,0,0,1,0,0,0,0,0,0,-,-,33.605831146240234,-114.94580841064452,RIVERSIDE,UNINCORPORATED,-114.94580841064452,33.60581970214844