CASE_ID,ACCIDENT_YEAR,PROC_DATE,JURIS,COLLISION_DATE,COLLISION_TIME,OFFICER_ID,REPORTING_DISTRICT,DAY_OF_WEEK,CHP_SHIFT,POPULATION,CNTY_CITY_LOC,SPECIAL_COND,BEAT_TYPE,CHP_BEAT_TYPE,CITY_DIVISION_LAPD,CHP_BEAT_CLASS,BEAT_NUMBER,PRIMARY_RD,SECONDARY_RD,DISTANCE,DIRECTION,INTERSECTION,WEATHER_1,WEATHER_2,STATE_HWY_IND,CALTRANS_COUNTY,CALTRANS_DISTRICT,STATE_ROUTE,ROUTE_SUFFIX,POSTMILE_PREFIX,POSTMILE,LOCATION_TYPE,RAMP_INTERSECTION,SIDE_OF_HWY,TOW_AWAY,COLLISION_SEVERITY,NUMBER_KILLED,NUMBER_INJURED,PARTY_COUNT,PRIMARY_COLL_FACTOR,PCF_CODE_OF_VIOL,PCF_VIOL_CATEGORY,PCF_VIOLATION,PCF_VIOL_SUBSECTION,HIT_AND_RUN,TYPE_OF_COLLISION,MVIW,PED_ACTION,ROAD_SURFACE,ROAD_COND_1,ROAD_COND_2,LIGHTING,CONTROL_DEVICE,CHP_ROAD_TYPE,PEDESTRIAN_ACCIDENT,BICYCLE_ACCIDENT,MOTORCYCLE_ACCIDENT,TRUCK_ACCIDENT,NOT_PRIVATE_PROPERTY,ALCOHOL_INVOLVED,STWD_VEHTYPE_AT_FAULT,CHP_VEHTYPE_AT_FAULT,COUNT_SEVERE_INJ,COUNT_VISIBLE_INJ,COUNT_COMPLAINT_PAIN,COUNT_PED_KILLED,COUNT_PED_INJURED,COUNT_BICYCLIST_KILLED,COUNT_BICYCLIST_INJURED,COUNT_MC_KILLED,COUNT_MC_INJURED,PRIMARY_RAMP,SECONDARY_RAMP,LATITUDE,LONGITUDE,COUNTY,CITY,POINT_X,POINT_Y
91932435,2022,2022-12-02,9655,2022-11-21,1955,021732,NA,1,2,3,3302,0,1,1,NA,2,202,I-10 W/B,BEAUMONT AVENUE,1056,E,N,A,-,Y,RIV,NA,10,NA,NA,7.81,H,NA,L,N,4,0,1,2,A,-,07,21658,A,M,B,C,A,A,D,-,C,D,0,NA,NA,NA,NA,Y,NA,-,99,0,0,1,0,0,0,0,0,0,-,-,33.927181243896484,-116.97305297851563,RIVERSIDE,BEAUMONT,-116.97305297851563,33.92719268798828
91932515,2022,2022-12-02,9840,2022-11-24,1704,018611,NA,4,2,9,3300,0,3,5,NA,2,003,INDIANA AVENUE,SOMERDALE STREET,350,W,N,A,-,N,NA,NA,NA,NA,NA,NA,NA,NA,NA,Y,4,0,1,1,A,-,01,23152,A,N,E,I,A,A,H,-,D,D,0,NA,NA,NA,NA,Y,Y,A,01,0,0,1,0,0,0,0,0,0,-,-,33.87316131591797,-117.51434326171876,RIVERSIDE,UNINCORPORATED,-117.51416015625,33.873050689697266
91932788,2022,2022-12-02,9840,2022-12-02,0825,017882,NA,5,1,9,3300,0,3,5,NA,2,004,GAVILAN RD,MULTIVIEW DR,500,S,N,B,-,N,NA,NA,NA,NA,NA,NA,NA,NA,NA,Y,4,0,2,1,A,-,08,22107,NA,N,F,A,A,B,H,-,A,D,0,NA,NA,NA,NA,Y,NA,A,07,0,0,2,0,0,0,0,0,0,-,-,33.81829833984375,-117.35903930664063,RIVERSIDE,UNINCORPORATED,-117.3591079711914,33.818355560302734
91933455,2022,2022-12-05,9685,2022-11-28,1550,017833,NA,1,2,9,3300,0,2,4,NA,2,016,GRAND AVE,STONEMAN ST,0,NA,Y,A,-,N,NA,NA,NA,NA,NA,NA,NA,NA,NA,N,4,0,1,2,A,-,09,21802,A,N,D,C,A,A,H,-,A,D,0,NA,NA,Y,NA,Y,NA,A,01,0,0,1,0,0,0,0,0,1,-,-,33.62424850463867,-117.32070159912108,RIVERSIDE,UNINCORPORATED,-117.32066345214844,33.6241455078125
91933767,2022,2022-12-05,9655,2022-11-18,2337,021048,NA,5,3,4,3301,0,1,1,NA,2,204,INTERSTATE 10,HARGRAVE STREET,1396,E,N,A,-,Y,RIV,NA,10,NA,NA,13.593,H,NA,L,Y,3,0,2,2,A,-,01,23152,A,N,C,C,A,A,D,-,D,A,0,NA,NA,NA,NA,Y,Y,A,01,0,2,0,0,0,0,0,0,0,-,-,33.9245491027832,-116.87270355224608,RIVERSIDE,BANNING,-116.87269592285156,33.924415588378906
91934880,2022,2022-12-06,9840,2022-04-02,1559,021096,NA,6,2,7,3313,0,1,3,NA,2,025,I-215 NORTHBOUND TO SR-60 EASTBOUND,EASTRIDGE AVENUE,4460,N,N,A,-,Y,RIV,NA,60,NA,R,12.343,H,NA,R,Y,1,1,0,1,A,-,08,22107,NA,N,E,I,A,A,H,-,A,D,0,NA,NA,NA,NA,Y,NA,A,01,0,0,0,0,0,0,0,0,0,-,-,33.94369125366211,-117.29007720947266,RIVERSIDE,RIVERSIDE,-117.29007720947266,33.94382095336914
91936339,2022,2022-12-07,9685,2022-12-04,1158,018539,NA,7,1,9,3300,0,3,5,NA,2,003,POURROY ROAD,SERRENTO DR,0,NA,Y,B,-,N,NA,NA,NA,NA,NA,NA,NA,NA,NA,N,3,0,1,2,A,-,09,21802,A,N,G,G,A,A,H,-,A,D,0,NA,Y,NA,NA,Y,NA,L,04,0,1,0,0,0,0,1,0,0,-,-,33.56850814819336,-117.10466766357422,RIVERSIDE,UNINCORPORATED,-117.10454559326172,33.56858825683594
91937332,2022,2022-12-08,9685,2022-11-30,1640,017833,NA,3,2,9,3300,0,3,5,NA,2,003,RANCHO CALIFORNIA RD,REID CT,1056,S,N,A,-,N,NA,NA,NA,NA,NA,NA,NA,NA,NA,Y,4,0,1,2,A,-,01,23152,A,N,D,C,A,A,H,-,B,D,0,NA,NA,NA,NA,Y,NA,A,01,0,0,1,0,0,0,0,0,0,-,-,33.525028228759766,-117.0759735107422,RIVERSIDE,UNINCORPORATED,-117.0823211669922,33.522789001464844
91940961,2022,2022-12-13,9840,2022-12-07,1030,017546,NA,3,1,7,3313,0,1,3,NA,2,021,SR-91 E/B,SPRUCE STREET,1950,W,N,A,-,Y,RIV,NA,91,NA,NA,21.099,H,NA,R,N,4,0,1,1,A,-,08,22107,NA,N,E,I,A,A,H,-,A,D,0,NA,NA,NA,NA,Y,NA,A,01,0,0,1,0,0,0,0,0,0,-,-,33.98733139038086,-117.36360168457033,RIVERSIDE,RIVERSIDE,-117.36346435546876,33.987247467041016
9195128,2020,2021-01-15,3300,2020-11-14,1651,5976,WI801,6,5,4,3307,0,0,0,NA,0,081,GRAPE ST,GRAPE SPUR LN,0,NA,Y,A,-,N,NA,NA,NA,NA,NA,NA,NA,NA,NA,Y,3,0,2,2,A,-,05,21460,A,N,B,C,A,A,H,-,A,D,0,NA,NA,Y,NA,Y,Y,C,06,0,1,1,0,0,0,0,0,2,-,-,33.64204025268555,-117.2819595336914,RIVERSIDE,LAKE ELSINORE,-117.2820281982422,33.640769958496094
91951668,2022,2022-12-23,9840,2022-12-22,1339,018218,NA,4,1,6,3315,0,1,S,NA,2,310,STATE ROUTE 91,N. BUENA VISTA AVE.,900,E,N,A,-,Y,RIV,NA,91,NA,NA,5.939,H,NA,R,Y,3,0,1,2,A,-,03,22350,NA,N,F,A,A,A,H,-,A,D,0,NA,NA,Y,NA,Y,NA,C,02,0,1,0,0,0,0,0,0,1,-,-,33.88071060180664,-117.57299041748048,RIVERSIDE,CORONA,-117.57298278808594,33.880760192871094
91952730,2022,2022-12-27,9840,2022-12-05,0045,021862,NA,1,3,7,3313,0,1,3,NA,2,021,SR-91 W/B,UNIVERSITY AVE,1003,W,N,A,-,Y,RIV,NA,91,NA,NA,20.265,H,NA,L,Y,3,0,2,4,A,-,08,22107,NA,N,B,C,E,B,H,-,C,D,0,Y,NA,NA,Y,Y,NA,A,07,0,2,0,0,1,0,0,0,0,-,-,33.97745895385742,-117.37178802490234,RIVERSIDE,RIVERSIDE,-117.37165832519533,33.97743225097656
91953023,2022,2022-12-27,9655,2022-12-09,1908,021908,NA,5,2,9,3300,0,1,1,NA,2,204,I-10 E/B TO APACHE TRL,APACHE TRL,500,W,N,A,-,Y,NA,NA,NA,NA,NA,NA,NA,NA,NA,N,4,0,2,2,A,-,03,22350,NA,N,C,C,A,A,C,-,C,D,0,NA,NA,NA,NA,Y,NA,A,01,0,0,2,0,0,0,0,0,0,-,-,33.92171859741211,-116.80866241455078,RIVERSIDE,UNINCORPORATED,-116.80866241455078,33.92171859741211
91954272,2022,2022-12-28,9840,2022-12-13,0805,021831,NA,2,1,6,3315,0,1,3,NA,2,031,I-15 N/B,PARKRIDGE AVENUE,1000,N,N,A,-,Y,RIV,NA,15,NA,NA,41.996,H,NA,R,N,4,0,1,2,A,-,07,21658,A,N,B,C,A,A,H,-,A,D,0,NA,NA,NA,Y,Y,NA,A,01,0,0,1,0,0,0,0,0,0,-,-,33.887969970703125,-117.55181121826172,RIVERSIDE,CORONA,-117.55183410644533,33.88795852661133
91954374,2022,2022-12-28,9840,2022-12-14,1049,021831,NA,3,1,6,3315,0,1,3,NA,2,031,SR91 WB TO I15 SB,I-15,22,E,N,A,-,Y,RIV,NA,91,NA,NA,7.458,H,NA,L,N,3,0,1,1,C,-,18,NA,NA,N,E,8,A,A,H,-,A,D,0,NA,NA,Y,NA,Y,NA,-,-,0,1,0,0,0,0,0,0,1,-,-,33.881900787353516,-117.54711151123048,RIVERSIDE,CORONA,-117.54714965820313,33.88198471069336
91956879,2022,2023-01-02,9840,2022-12-17,0330,021218,NA,6,3,9,3300,0,3,5,NA,2,003,CAJALCO RD,CARPINUS DR,1288,E,N,A,-,N,NA,NA,NA,NA,NA,NA,NA,NA,NA,Y,4,0,1,2,A,-,01,23152,A,N,B,C,A,A,H,-,D,D,0,NA,NA,NA,NA,Y,Y,A,01,0,0,1,0,0,0,0,0,0,-,-,33.83708953857422,-117.31632995605467,RIVERSIDE,UNINCORPORATED,-117.31639099121094,33.83705139160156
91958373,2022,2023-01-03,9840,2022-12-17,2243,022510,NA,6,3,6,3345,0,1,3,NA,2,010,SR-60 E/B (POMONA FWY),CAMINO REAL,90,E,N,A,-,Y,RIV,NA,60,NA,R,6.344,H,NA,R,Y,4,0,1,2,A,-,01,23152,A,M,B,C,A,A,H,-,C,D,0,NA,NA,NA,NA,Y,Y,D,22,0,0,1,0,0,0,0,0,0,-,-,34.01401138305664,-117.44965362548828,RIVERSIDE,JURUPA VALLEY,-117.44963836669922,34.01405715942383
91959551,2022,2023-01-04,9630,2022-12-21,2050,020445,NA,3,2,9,3300,0,3,5,NA,2,502,FILLMORE STREET,AIRPORT BOULEVARD,2640,S,N,A,-,N,NA,NA,NA,NA,NA,NA,NA,NA,NA,N,4,0,1,1,C,-,18,NA,NA,N,E,I,A,A,H,-,D,D,0,NA,NA,NA,NA,Y,NA,-,-,0,0,1,0,0,0,0,0,0,-,-,33.63777160644531,-116.1291732788086,RIVERSIDE,UNINCORPORATED,-116.12949371337892,33.63673782348633
9196001,2020,2021-02-04,3300,2020-11-18,2030,4867,603 A,3,5,6,3394,0,0,0,NA,0,MV32,CACTUS AV,PERHAM DR,0,NA,Y,A,-,N,NA,NA,NA,NA,NA,NA,NA,NA,NA,Y,3,0,3,2,A,-,09,21802,A,N,D,C,A,A,H,-,C,D,0,NA,NA,NA,NA,Y,NA,A,01,0,1,2,0,0,0,0,0,0,-,-,33.90998840332031,-117.32388305664063,RIVERSIDE,MORENO VALLEY,-117.23895263671876,33.91004180908203
91961920,2022,2023-01-06,9655,2022-12-29,0755,019871,NA,4,1,9,3300,0,1,1,NA,2,204,I-10 W/B,HIGHLAND SPRINGS AVENUE,4752,E,N,C,-,Y,RIV,NA,10,NA,NA,10.244,H,NA,L,Y,4,0,1,3,A,-,07,21658,A,N,B,C,A,B,D,-,A,D,0,NA,NA,NA,NA,Y,NA,A,01,0,0,1,0,0,0,0,0,0,-,-,33.92639923095703,-116.93071746826172,RIVERSIDE,UNINCORPORATED,-116.93071746826172,33.92639923095703
91961926,2022,2023-01-06,9840,2022-12-24,1503,021080,NA,6,2,7,3313,0,1,3,NA,2,021,SR-91 W/B,MADISON ST,2640,E,N,A,-,Y,RIV,NA,91,NA,NA,17.222,H,NA,L,N,4,0,1,2,A,-,08,22107,NA,N,B,C,A,A,H,-,A,D,0,NA,NA,NA,Y,Y,NA,-,-,0,0,1,0,0,0,0,0,0,-,-,33.940608978271484,-117.39687347412108,RIVERSIDE,RIVERSIDE,-117.39687347412108,33.94061279296875
91962205,2022,2023-01-09,9685,2022-12-30,1950,017833,NA,5,2,9,3300,0,3,5,NA,2,003,DE PORTOLA RD,AVENIDA BRAVURA,0,NA,Y,B,-,N,NA,NA,NA,NA,NA,NA,NA,NA,NA,Y,4,0,2,2,A,-,09,21804,A,N,D,C,A,B,H,-,D,A,0,NA,NA,NA,NA,Y,NA,A,07,0,0,2,0,0,0,0,0,0,-,-,33.536678314208984,-117.01236724853516,RIVERSIDE,UNINCORPORATED,-117.01238250732422,33.53664779663086
91963154,2022,2023-01-09,9840,2022-12-24,1423,020258,NA,6,2,4,3310,0,1,1,NA,2,011,I-15 N/B,SECOND ST.,528,S,N,A,-,Y,RIV,NA,15,NA,NA,43.488,H,NA,R,N,3,0,2,2,A,-,08,22107,NA,N,B,C,A,A,H,-,A,D,0,NA,NA,NA,NA,Y,NA,A,01,0,2,0,0,0,0,0,0,0,-,-,33.90748977661133,-117.5590362548828,RIVERSIDE,NORCO,-117.55899810791016,33.9074821472168
91963619,2022,2023-01-09,9655,2022-12-25,2315,018905,NA,7,3,4,3301,0,1,1,NA,2,204,I-10 E/B,22ND ST,528,W,N,A,-,Y,RIV,NA,10,NA,R,11.846,H,NA,R,Y,4,0,1,3,A,-,07,21658,A,N,D,C,A,A,D,-,D,A,0,NA,NA,NA,NA,Y,NA,A,01,0,0,1,0,0,0,0,0,0,-,-,33.92414855957031,-116.9030303955078,RIVERSIDE,BANNING,-116.9030303955078,33.92422103881836
91963785,2022,2023-01-09,9840,2022-12-23,1455,020258,NA,5,2,6,3345,0,1,1,NA,2,011,I-15 N/B,RIVERSIDE DR,2112,S,N,A,-,Y,RIV,NA,15,NA,NA,50.775,H,NA,R,N,3,0,1,3,A,-,03,22350,NA,N,C,C,A,A,H,-,A,D,0,NA,NA,NA,Y,Y,NA,G,25,0,1,0,0,0,0,0,0,0,-,-,34.011600494384766,-117.550048828125,RIVERSIDE,JURUPA VALLEY,-117.55011749267578,34.011600494384766
91964463,2023,2023-01-10,9655,2023-01-01,1503,021784,NA,7,2,9,3300,0,1,3,NA,2,213,SR-79 S/B,GILMAN SPRINGS RD,15,N,N,B,C,N,NA,NA,NA,NA,NA,NA,NA,NA,NA,N,4,0,1,1,A,-,03,22350,NA,N,E,I,A,B,H,-,A,D,0,NA,NA,NA,NA,Y,NA,A,01,0,0,1,0,0,0,0,0,0,-,-,33.84579849243164,-117.0041732788086,RIVERSIDE,UNINCORPORATED,-117.00408935546876,33.84583282470703
91964713,2023,2023-02-21,9655,2023-01-03,235,021048,NA,2,3,9,3300,0,1,3,NA,2,212,STATE ROUTE 60,JACK RABBIT TRAIL,8674,W,N,C,-,Y,RIV,NA,60,NA,NA,26.31,H,NA,R,Y,1,1,1,1,A,-,08,22107,NA,N,F,A,A,B,H,-,D,D,0,NA,NA,NA,NA,Y,NA,A,07,1,0,0,0,0,0,0,0,0,-,-,33.94633102416992,-117.05792236328124,RIVERSIDE,UNINCORPORATED,-117.05799102783205,33.94621658325195
9196505,2020,2021-01-28,3300,2020-11-16,0840,N4544,603B5,1,5,6,3394,0,0,0,NA,0,MV34,NEWGARDEN ST,STARVIEW ST,360,W,N,A,-,N,NA,NA,NA,NA,NA,NA,NA,NA,NA,NA,4,0,1,2,A,-,08,22107,NA,N,C,E,A,A,H,-,A,D,0,NA,NA,NA,NA,Y,NA,A,01,0,0,1,0,0,0,0,0,0,-,-,33.885379791259766,-117.22686767578124,RIVERSIDE,MORENO VALLEY,-117.22801971435548,33.88540267944336
91965755,2023,2023-01-11,9655,2023-01-02,2050,018905,NA,1,2,9,3300,0,1,3,NA,2,213,SR-79 S/B,CALIFORNIA AVE,4224,S,N,B,C,Y,RIV,NA,79,NA,NA,38.484,H,NA,L,Y,4,0,1,1,A,-,03,22350,NA,N,E,I,A,B,H,-,D,D,0,NA,NA,NA,NA,Y,NA,D,22,0,0,1,0,0,0,0,0,0,-,-,33.90032958984375,-116.98629760742188,RIVERSIDE,UNINCORPORATED,-116.98618316650392,33.9002685546875
9196724,2020,2021-02-05,3300,2020-11-16,1553,N2171,30J2,1,5,4,3318,0,0,0,NA,0,2T372,RT 111,HOSPITALITY ROW,4,W,N,A,-,N,NA,NA,NA,NA,NA,NA,NA,NA,NA,N,3,0,1,2,A,-,10,21950,A,N,G,B,B,A,H,-,A,A,0,Y,NA,NA,NA,Y,NA,A,01,0,1,0,0,1,0,0,0,0,-,-,33.721370697021484,-116.36238098144533,RIVERSIDE,PALM DESERT,-116.3623504638672,33.721336364746094
91969504,2023,2023-01-17,9655,2023-01-05,1044,017263,NA,4,1,9,3300,0,1,1,NA,2,206,I-10,MAIN STREET,1584,E,N,B,C,Y,RIV,NA,10,NA,R,19.688,H,NA,R,Y,4,0,1,1,A,-,03,22350,NA,N,E,I,A,B,D,-,A,D,0,NA,NA,NA,NA,Y,NA,A,01,0,0,1,0,0,0,0,0,0,-,-,33.9188117980957,-116.77197265625,RIVERSIDE,UNINCORPORATED,-116.77196502685548,33.918678283691406
91969686,2022,2023-01-17,9840,2022-12-31,1537,021047,NA,6,2,4,3312,0,1,1,NA,2,041,I-215 N/B,NUEVO RD.,2860,N,N,B,C,Y,RIV,NA,215,NA,R,28.444,H,NA,R,Y,4,0,1,3,A,-,08,22107,NA,F,C,C,A,B,H,-,C,D,0,NA,NA,NA,NA,Y,NA,-,99,0,0,1,0,0,0,0,0,0,-,-,33.809898376464844,-117.2362823486328,RIVERSIDE,PERRIS,-117.23623657226563,33.80991744995117
91971246,2023,2023-01-18,9685,2023-01-09,210,016986,NA,1,3,9,3300,0,2,4,NA,2,016,GRAND AVE.,WOOD ST.,72,S,N,A,-,N,NA,NA,NA,NA,NA,NA,NA,NA,NA,Y,2,0,1,1,A,-,08,22107,NA,N,E,I,A,A,H,-,D,D,0,NA,NA,NA,NA,Y,NA,D,22,1,0,0,0,0,0,0,0,0,-,-,33.634681701660156,-117.33783721923828,RIVERSIDE,UNINCORPORATED,-117.33781433105467,33.63475799560547
91971256,2023,2023-01-18,9685,2023-01-16,36,015800,NA,1,3,9,3300,0,1,1,NA,2,020,INTERSTATE 215,SCOTT ROAD,2350,N,N,C,-,Y,RIV,NA,215,NA,R,14.053,H,NA,R,N,3,0,1,2,C,-,18,NA,NA,N,D,C,A,B,H,-,C,D,0,NA,NA,NA,NA,Y,NA,-,-,0,1,0,0,0,0,0,0,0,-,-,33.62030029296875,-117.17099761962892,RIVERSIDE,UNINCORPORATED,-117.17110443115234,33.620296478271484
91973893,2023,2023-01-23,9655,2023-01-13,1220,018168,NA,5,1,9,3300,0,1,1,NA,2,204,I-10 E/B,MALKI RD,2376,W,N,A,-,Y,RIV,NA,10,NA,R,16.078,H,NA,R,Y,3,0,1,1,A,-,01,23152,A,N,E,I,A,A,H,-,A,D,0,NA,NA,NA,NA,Y,Y,A,01,0,1,0,0,0,0,0,0,0,-,-,33.93128967285156,-116.82994842529295,RIVERSIDE,UNINCORPORATED,-116.82996368408205,33.93138885498047
91975776,2023,2023-01-24,9840,2023-01-15,944,016853,NA,7,1,6,3345,0,1,1,NA,2,011,I-15 N/B,CANTU GALLEANO,2640,S,N,C,-,Y,RIV,NA,15,NA,NA,49.719,H,NA,R,N,4,0,4,2,A,-,03,22350,NA,N,C,C,A,B,H,-,A,D,0,NA,NA,NA,NA,Y,NA,B,07,0,0,4,0,0,0,0,0,0,-,-,33.9963493347168,-117.55020904541016,RIVERSIDE,JURUPA VALLEY,-117.55015563964844,33.9963493347168
91977291,2023,2023-01-25,9840,2023-01-18,520,015802,NA,3,3,6,3394,0,1,3,NA,2,025,STATE ROUTE 60 EASTBOUND,DAY STREET,591,W,N,A,-,Y,RIV,NA,60,NA,NA,13.196,H,NA,R,Y,2,0,2,2,A,-,03,22350,NA,N,C,C,A,A,H,-,D,D,0,NA,NA,NA,Y,Y,NA,G,25,1,0,1,0,0,0,0,0,0,-,-,33.942779541015625,-117.28099822998048,RIVERSIDE,MORENO VALLEY,-117.28097534179688,33.942874908447266
91977443,2023,2023-01-26,9685,2023-01-24,1719,015957,NA,2,2,9,3300,0,1,3,NA,1,026,SR-74,VINCENT AVE,0,NA,Y,A,-,Y,RIV,NA,74,NA,NA,33.428,H,NA,R,Y,4,0,1,2,A,-,09,21801,A,N,D,C,A,A,H,-,B,D,0,NA,NA,NA,NA,Y,NA,A,01,0,0,1,0,0,0,0,0,0,-,-,33.73868942260742,-117.09210968017578,RIVERSIDE,UNINCORPORATED,-117.09210968017578,33.73869323730469
9197902,2020,2021-01-20,3313,2020-10-11,1407,0282,2,7,5,7,3313,0,0,0,NA,0,T48,CANYON CREST DR,VIA CONCEPCION,48,S,N,A,-,N,NA,NA,NA,NA,NA,NA,NA,NA,NA,Y,2,0,1,1,A,-,03,22350,NA,N,E,I,A,A,H,-,A,D,0,NA,NA,NA,NA,Y,NA,A,01,1,0,0,0,0,0,0,0,0,-,CN,33.94792938232422,-117.33123016357422,RIVERSIDE,RIVERSIDE,-117.33136749267578,33.94953536987305
9198008,2020,2021-02-04,3313,2020-12-21,2026,0623,5,1,5,7,3313,0,0,0,NA,0,M10,TYLER ST,COOK AV,0,NA,Y,A,-,N,NA,NA,NA,NA,NA,NA,NA,NA,NA,Y,4,0,3,2,A,-,09,21801,NA,N,A,C,A,A,H,-,C,A,0,NA,NA,NA,NA,Y,NA,A,01,0,0,3,0,0,0,0,0,0,-,-,33.92485809326172,-117.47184753417967,RIVERSIDE,RIVERSIDE,-117.47177124023438,33.924591064453125
91980898,2023,2023-01-30,9685,2023-01-20,1130,015360,NA,5,1,5,3335,0,1,1,NA,2,030,I-15 NORTHBOUND,WINCHESTER ROAD,2640,N,N,A,-,Y,RIV,NA,15,NA,NA,7.066,H,NA,R,N,4,0,1,1,A,-,08,22107,NA,N,E,J,A,A,H,-,A,D,0,NA,NA,NA,NA,Y,NA,A,07,0,0,1,0,0,0,0,0,0,-,-,33.528358459472656,-117.16645050048828,RIVERSIDE,TEMECULA,-117.16659545898438,33.528289794921875
91983550,2022,2023-01-31,9630,2022-10-27,1655,021008,NA,4,2,9,3300,0,3,5,NA,2,404,WASHINGTON STREET,COYOTE SONG WAY,3168,N,N,A,-,N,NA,NA,NA,NA,NA,NA,NA,NA,NA,Y,1,1,1,1,A,-,08,22107,NA,N,F,A,A,A,H,-,B,D,0,NA,NA,NA,NA,Y,Y,A,07,1,0,0,0,0,0,0,0,0,-,-,33.808128356933594,-116.30169677734376,RIVERSIDE,UNINCORPORATED,-116.30123901367188,33.806976318359375
9198487,2020,2021-02-02,3313,2020-11-17,1750,2017,4,2,5,7,3313,0,0,0,NA,0,T43,INDIANA AV,GIBSON ST,34,E,N,A,-,N,NA,NA,NA,NA,NA,NA,NA,NA,NA,NA,4,0,1,2,A,-,03,22350,NA,N,C,C,A,A,H,-,C,D,0,NA,NA,NA,NA,Y,NA,A,01,0,0,1,0,0,0,0,0,0,-,-,33.91550064086914,-117.43829345703124,RIVERSIDE,RIVERSIDE,-117.4376983642578,33.916263580322266
91986427,2023,2023-02-03,9630,2023-01-27,1513,021416,NA,5,2,9,3300,0,1,3,NA,2,111,SR-111 N/B,GRANT ST,81,S,N,A,-,N,NA,NA,NA,NA,NA,NA,NA,NA,NA,Y,4,0,1,2,A,-,03,22350,NA,N,C,C,A,A,H,-,A,D,0,NA,NA,NA,NA,Y,NA,A,01,0,0,1,0,0,0,0,0,0,-,-,33.546268463134766,-116.04366302490234,RIVERSIDE,UNINCORPORATED,-116.04367065429688,33.54624557495117
91986822,2023,2023-02-06,9685,2023-01-25,2030,015906,NA,3,2,9,3300,0,3,5,NA,2,003,CARANCHO ROAD,DE LUZ ROAD,4224,W,N,A,-,N,NA,NA,NA,NA,NA,NA,NA,NA,NA,Y,3,0,1,1,A,-,01,23152,A,N,E,I,A,A,H,-,D,D,0,NA,NA,NA,NA,Y,Y,A,01,0,1,0,0,0,0,0,0,0,-,-,33.496429443359375,-117.25200653076172,RIVERSIDE,UNINCORPORATED,-117.25340270996094,33.49679183959961
91990023,2023,2023-02-08,9840,2023-02-04,2239,022457,NA,6,3,7,3313,0,1,3,NA,2,010,SR-60 W/B,MARKET ST,1535,E,N,A,-,Y,RIV,NA,60,NA,NA,11.414,H,NA,L,Y,4,0,1,2,A,-,03,22350,NA,N,C,C,A,A,H,-,D,D,0,NA,NA,NA,Y,Y,NA,D,22,0,0,1,0,0,0,0,0,0,-,-,33.99856948852539,-117.3697509765625,RIVERSIDE,RIVERSIDE,-117.36974334716795,33.99858093261719
91990574,2023,2023-02-09,9630,2023-02-02,605,019325,NA,4,1,9,3300,0,1,3,NA,1,177,SR-177,SR-62,5808,S,N,A,-,Y,RIV,NA,177,NA,NA,25.896,H,NA,R,Y,3,0,2,2,A,-,08,22107,NA,N,B,C,A,A,H,-,B,D,0,NA,NA,NA,NA,Y,NA,A,07,0,2,0,0,0,0,0,0,0,-,-,34.035240173339844,-115.23296356201172,RIVERSIDE,UNINCORPORATED,-115.23311614990234,34.03529357910156
91990732,2023,2023-02-09,9840,2023-01-28,709,023114,NA,6,1,7,3313,0,1,3,NA,2,021,SR-91 E/B,JEFFERSON ST,500,W,N,A,-,Y,RIV,NA,91,NA,NA,16.071,H,NA,R,Y,4,0,1,2,A,-,03,22350,NA,F,C,C,A,A,H,-,A,D,0,NA,NA,NA,NA,Y,NA,-,99,0,0,1,0,0,0,0,0,0,-,-,33.93098831176758,-117.41323089599608,RIVERSIDE,RIVERSIDE,-117.41326904296876,33.93103790283203
91991680,2023,2023-02-10,9840,2023-02-07,715,020535,NA,2,1,7,3313,0,1,3,NA,2,020,SR-91 W/B,TYLER ST,500,W,N,A,-,Y,RIV,NA,91,NA,NA,12.975,H,NA,L,Y,4,0,3,4,A,-,03,22350,NA,N,C,C,A,A,H,-,A,D,0,NA,NA,NA,NA,Y,NA,A,08,0,0,3,0,0,0,0,0,0,-,-,33.90576934814453,-117.45790863037108,RIVERSIDE,RIVERSIDE,-117.45793151855467,33.90579605102539