CASE_ID,ACCIDENT_YEAR,PROC_DATE,JURIS,COLLISION_DATE,COLLISION_TIME,OFFICER_ID,REPORTING_DISTRICT,DAY_OF_WEEK,CHP_SHIFT,POPULATION,CNTY_CITY_LOC,SPECIAL_COND,BEAT_TYPE,CHP_BEAT_TYPE,CITY_DIVISION_LAPD,CHP_BEAT_CLASS,BEAT_NUMBER,PRIMARY_RD,SECONDARY_RD,DISTANCE,DIRECTION,INTERSECTION,WEATHER_1,WEATHER_2,STATE_HWY_IND,CALTRANS_COUNTY,CALTRANS_DISTRICT,STATE_ROUTE,ROUTE_SUFFIX,POSTMILE_PREFIX,POSTMILE,LOCATION_TYPE,RAMP_INTERSECTION,SIDE_OF_HWY,TOW_AWAY,COLLISION_SEVERITY,NUMBER_KILLED,NUMBER_INJURED,PARTY_COUNT,PRIMARY_COLL_FACTOR,PCF_CODE_OF_VIOL,PCF_VIOL_CATEGORY,PCF_VIOLATION,PCF_VIOL_SUBSECTION,HIT_AND_RUN,TYPE_OF_COLLISION,MVIW,PED_ACTION,ROAD_SURFACE,ROAD_COND_1,ROAD_COND_2,LIGHTING,CONTROL_DEVICE,CHP_ROAD_TYPE,PEDESTRIAN_ACCIDENT,BICYCLE_ACCIDENT,MOTORCYCLE_ACCIDENT,TRUCK_ACCIDENT,NOT_PRIVATE_PROPERTY,ALCOHOL_INVOLVED,STWD_VEHTYPE_AT_FAULT,CHP_VEHTYPE_AT_FAULT,COUNT_SEVERE_INJ,COUNT_VISIBLE_INJ,COUNT_COMPLAINT_PAIN,COUNT_PED_KILLED,COUNT_PED_INJURED,COUNT_BICYCLIST_KILLED,COUNT_BICYCLIST_INJURED,COUNT_MC_KILLED,COUNT_MC_INJURED,PRIMARY_RAMP,SECONDARY_RAMP,LATITUDE,LONGITUDE,COUNTY,CITY,POINT_X,POINT_Y
9318554,2021,2021-09-13,3313,2021-06-05,2317,1829,5,6,5,7,3313,0,0,0,NA,0,NA,RALEY DR,AMBS DR,143,E,N,A,-,N,NA,NA,NA,NA,NA,NA,NA,NA,NA,NA,3,0,1,1,A,-,08,22107,NA,N,E,I,A,A,H,-,C,D,0,NA,NA,NA,NA,Y,NA,A,01,0,1,0,0,0,0,0,0,0,-,-,33.907981872558594,-117.50048065185548,RIVERSIDE,RIVERSIDE,-117.49989318847656,33.90798568725586
9319021,2021,2021-09-15,3313,2021-07-02,1730,1523,3,5,5,7,3313,0,0,0,NA,0,M22,ALESSANDRO BL,OVERLOOK PKWY,32,W,N,A,-,N,NA,NA,NA,NA,NA,NA,NA,NA,NA,NA,4,0,1,2,A,-,03,22350,NA,M,C,C,A,A,H,-,A,A,0,NA,NA,NA,NA,Y,NA,A,01,0,0,1,0,0,0,0,0,0,-,-,33.92572021484375,-117.33956909179688,RIVERSIDE,RIVERSIDE,-117.33975219726563,33.92561721801758
9319334,2021,2021-09-20,3313,2021-08-15,2000,1969,3,7,5,7,3313,0,0,0,NA,0,3R36,ALESSNDRO BL,CANNON RD,0,NA,Y,A,-,N,NA,NA,NA,NA,NA,NA,NA,NA,NA,Y,3,0,2,2,A,-,03,22350,NA,N,D,C,A,A,H,-,B,A,0,NA,NA,NA,NA,Y,NA,A,01,0,2,0,0,0,0,0,0,0,-,-,33.92340850830078,-117.33631134033205,RIVERSIDE,RIVERSIDE,-117.33634185791016,33.92323303222656
9320359,2021,2023-06-17,3301,2021-09-24,1716,U496,30,5,5,4,3301,0,0,0,NA,0,003,W NICOLET ST,N SUNRISE AV,0,NA,Y,A,-,N,NA,NA,NA,NA,NA,NA,NA,NA,NA,Y,1,1,1,2,A,-,12,22450,A,N,D,C,A,A,H,-,A,A,0,NA,NA,Y,NA,Y,NA,C,02,0,0,1,0,0,0,0,1,0,-,-,33.92906188964844,-116.90313720703124,RIVERSIDE,BANNING,-116.90315246582033,33.92902755737305
9326934,2021,2021-09-16,3313,2021-05-21,0916,2025,4,5,5,7,3313,0,0,0,NA,0,T76,VICTORIA AV,WASGINGTON ST,0,NA,Y,A,-,N,NA,NA,NA,NA,NA,NA,NA,NA,NA,NA,3,0,1,2,A,-,12,22450,A,M,D,G,A,A,H,-,A,D,0,NA,Y,NA,NA,Y,NA,L,04,0,1,0,0,0,0,1,0,0,-,-,33.92885971069336,-117.3862075805664,RIVERSIDE,RIVERSIDE,-117.38932800292967,33.93010711669922
93281173,2024,2024-08-02,9630,2024-08-01,1235,017467,NA,4,1,9,3300,0,3,5,NA,2,002,VARNER ROAD,I-10 WESTBOUND AT WASHINGTON ST OFF,20,E,N,A,-,N,NA,NA,NA,NA,NA,NA,NA,NA,NA,Y,4,0,1,2,A,-,03,22350,NA,N,C,C,A,A,H,-,A,A,0,NA,NA,NA,NA,Y,NA,D,22,0,0,1,0,0,0,0,0,0,-,-,33.761470794677734,-116.29801940917967,RIVERSIDE,UNINCORPORATED,NA,NA
9336131,2021,2021-09-21,3313,2021-08-21,2257,1957,2,6,5,7,3313,0,0,0,NA,0,1R21,10TH ST,PARK AV,400,W,N,A,-,N,NA,NA,NA,NA,NA,NA,NA,NA,NA,NA,3,0,1,3,A,-,08,22107,NA,N,C,E,A,A,H,-,C,D,0,NA,NA,NA,NA,Y,Y,A,07,0,1,0,0,0,0,0,0,0,-,-,33.975399017333984,-117.36576080322266,RIVERSIDE,RIVERSIDE,-117.36701965332033,33.97591018676758
9337409,2021,2021-10-21,3313,2021-09-09,0800,2025,5,4,5,7,3313,0,0,0,NA,0,2R57,TYLER ST,BONITA AV,20,S,N,A,-,N,NA,NA,NA,NA,NA,NA,NA,NA,NA,N,2,0,3,2,A,-,08,22107,NA,N,D,C,A,A,H,-,A,D,0,NA,NA,NA,NA,Y,NA,D,22,2,0,1,0,0,0,0,0,0,-,-,33.91767120361328,-117.46610260009766,RIVERSIDE,RIVERSIDE,-117.4658660888672,33.91739273071289
9340509,2021,2021-11-10,3313,2021-09-07,2314,1768,4,2,5,7,3313,0,0,0,NA,0,1R59,VAN BUREN BL,RT 91,0,NA,Y,A,-,N,NA,NA,NA,NA,NA,NA,NA,NA,NA,Y,4,0,2,1,A,-,08,22107,NA,N,E,I,A,A,H,-,C,A,0,NA,NA,NA,NA,Y,NA,A,01,0,0,2,0,0,0,0,0,0,-,WF,NA,NA,RIVERSIDE,RIVERSIDE,-117.4419403076172,33.91472625732422
9340652,2021,2021-11-02,3313,2021-09-19,1217,1971,5,7,5,7,3313,0,0,0,NA,0,2R53,LAKE ST,BRUCE AV,0,NA,Y,A,-,N,NA,NA,NA,NA,NA,NA,NA,NA,NA,Y,4,0,5,2,A,-,09,21804,A,N,D,C,A,A,H,-,A,A,0,NA,NA,NA,NA,Y,NA,A,07,0,0,5,0,0,0,0,0,0,-,-,33.94879150390625,-117.462158203125,RIVERSIDE,RIVERSIDE,-117.46202850341795,33.948638916015625
9340803,2021,2021-11-03,3313,2021-08-26,1757,2006,1,4,5,7,3313,0,0,0,NA,0,3R16,CENTRAL AV,SAN DIEGO AV,120,E,N,A,-,N,NA,NA,NA,NA,NA,NA,NA,NA,NA,Y,3,0,1,2,A,-,10,21952,NA,N,G,B,F,A,H,-,A,D,0,Y,NA,NA,NA,Y,NA,A,07,0,1,0,0,1,0,0,0,0,-,-,33.95362854003906,-117.39053344726563,RIVERSIDE,RIVERSIDE,-117.39028930664063,33.95356750488281
9342286,2021,2021-11-03,3313,2021-09-03,1434,1830,4,5,5,7,3313,0,0,0,NA,0,T41,MONROE ST,LINCOLN AV,0,NA,Y,A,-,N,NA,NA,NA,NA,NA,NA,NA,NA,NA,N,4,0,2,2,A,-,12,22450,A,N,D,C,A,A,H,-,A,D,0,NA,NA,NA,NA,Y,NA,A,01,0,0,2,0,0,0,0,0,0,-,-,33.91548156738281,-117.42211151123048,RIVERSIDE,RIVERSIDE,-117.42156982421876,33.91635513305664
9343578,2021,2021-10-23,3313,2021-09-13,1654,1475,5,1,5,7,3313,0,0,0,NA,0,M19,SIERRA VISTA AV,PIERCE ST,0,NA,Y,A,-,N,NA,NA,NA,NA,NA,NA,NA,NA,NA,N,4,0,1,2,A,-,09,21801,A,N,B,C,A,A,H,-,A,A,0,NA,NA,NA,NA,Y,NA,A,01,0,0,1,0,0,0,0,0,0,-,-,33.913978576660156,-117.49925231933594,RIVERSIDE,RIVERSIDE,-117.49919128417967,33.91399002075195
9354882,2021,2021-11-18,3300,2021-09-18,2051,5452,916B,6,5,4,3312,0,0,0,NA,0,032,ALLEPO PINE ST,FOREST GROVE LN,240,E,N,A,-,N,NA,NA,NA,NA,NA,NA,NA,NA,NA,Y,3,0,1,1,A,-,03,22350,NA,N,F,A,A,A,H,-,C,D,0,NA,NA,Y,NA,Y,NA,C,02,0,1,0,0,0,0,0,0,1,-,-,NA,NA,RIVERSIDE,PERRIS,-117.20972442626952,33.81877899169922
9355023,2021,2021-11-04,3313,2021-07-11,1233,1992,2,7,5,7,3313,0,0,0,NA,0,2R23,UNIVERSITY AV,EUCALYPTUS AV,0,NA,Y,A,-,N,NA,NA,NA,NA,NA,NA,NA,NA,NA,NA,4,0,1,2,A,-,03,22350,NA,N,A,C,A,A,H,-,A,A,0,NA,NA,NA,NA,Y,NA,A,01,0,0,1,0,0,0,0,0,0,-,-,33.97555923461914,-117.35952758789063,RIVERSIDE,RIVERSIDE,-117.3596420288086,33.97554016113281
9355524,2021,2021-10-29,3313,2021-09-01,1438,1504,2,3,5,7,3313,0,0,0,NA,0,M15,FRANKLIN AV,7TH ST,316,N,N,A,-,N,NA,NA,NA,NA,NA,NA,NA,NA,NA,N,3,0,1,2,A,-,08,22108,NA,N,D,C,A,A,H,-,A,D,0,NA,NA,NA,NA,Y,Y,A,01,0,1,0,0,0,0,0,0,0,-,-,33.975799560546875,-117.35803985595705,RIVERSIDE,RIVERSIDE,-117.35839080810548,33.97813415527344
9356130,2021,2021-11-04,3313,2021-08-26,1737,1499,5,4,5,7,3313,0,0,0,NA,0,M34,IDYLLWILD LN,MEDALLION PL,223,S,N,A,-,N,NA,NA,NA,NA,NA,NA,NA,NA,NA,N,4,0,1,2,A,-,11,21954,A,N,G,B,D,A,H,-,A,D,0,Y,NA,NA,NA,Y,NA,N,60,0,0,1,0,1,0,0,0,0,-,-,33.95909881591797,-117.47859191894533,RIVERSIDE,RIVERSIDE,-117.4789810180664,33.958248138427734
9356320,2021,2021-11-17,3309,2021-07-18,2213,346,3309,7,5,4,3309,0,0,0,NA,0,002,EMERALD AV,PALO VERDE AV,288,E,N,A,-,N,NA,NA,NA,NA,NA,NA,NA,NA,NA,Y,2,0,1,3,A,-,01,23152,NA,N,A,C,A,A,H,-,C,D,0,NA,NA,NA,NA,Y,Y,A,01,1,0,0,0,0,0,0,0,0,-,-,NA,NA,RIVERSIDE,INDIO,-116.2110595703125,33.727378845214844
9358978,2021,2021-11-30,3313,2021-04-20,1720,1519,4,2,5,7,3313,0,0,0,NA,0,3R48,INDIANA AV,WASHINGTON ST,44,W,N,A,-,N,NA,NA,NA,NA,NA,NA,NA,NA,NA,N,4,0,1,3,A,-,03,22350,NA,N,C,C,A,A,H,-,A,A,0,NA,NA,NA,NA,Y,NA,A,01,0,0,1,0,0,0,0,0,0,-,-,33.93954086303711,-117.39697265625,RIVERSIDE,RIVERSIDE,-117.39707946777344,33.93935012817383
9360266,2021,2021-11-30,3325,2021-09-13,0710,2715,NA,1,5,4,3325,0,0,0,NA,0,NA,ROCHESTER RD,FLORAL GROVE,91,W,N,A,-,N,NA,NA,NA,NA,NA,NA,NA,NA,NA,N,3,0,1,2,A,-,08,22107,NA,N,C,E,A,A,H,-,A,D,0,NA,NA,NA,NA,Y,NA,A,01,0,1,0,0,0,0,0,0,0,-,-,NA,NA,RIVERSIDE,CATHEDRAL CITY,-116.44171142578124,33.82844924926758
9365063,2021,2021-12-20,3325,2021-10-20,2015,1304,NA,3,5,4,3325,0,0,0,NA,0,001,EAST PALM CANYON DR,CANYON PLZ,0,NA,Y,A,-,N,NA,NA,NA,NA,NA,NA,NA,NA,NA,Y,4,0,1,2,A,-,11,21950,B,N,A,B,B,A,H,-,B,A,0,Y,NA,NA,NA,Y,NA,N,60,0,0,1,0,1,0,0,0,0,-,-,NA,NA,RIVERSIDE,CATHEDRAL CITY,-116.48213958740234,33.78825759887695
9367272,2021,2021-12-15,3313,2021-10-11,1549,1475,4,1,5,7,3313,0,0,0,NA,0,M19,INDIANA AV,VAN BUREN BL,122,W,N,A,-,N,NA,NA,NA,NA,NA,NA,NA,NA,NA,N,4,0,1,2,A,-,03,22350,NA,M,C,C,A,A,H,-,A,A,0,NA,NA,NA,NA,Y,NA,A,01,0,0,1,0,0,0,0,0,0,-,-,33.91408920288086,-117.44165802001952,RIVERSIDE,RIVERSIDE,-117.44183349609376,33.913875579833984
9368238,2021,2021-12-15,3313,2021-11-02,0803,1686,3,2,5,7,3313,0,0,0,NA,0,T58,BARTON ST,VAN BUREN BL,0,NA,Y,A,-,N,NA,NA,NA,NA,NA,NA,NA,NA,NA,Y,3,0,2,3,A,-,12,21453,A,N,D,C,A,A,H,-,A,A,0,NA,NA,NA,NA,Y,NA,A,01,0,1,1,0,0,0,0,0,0,-,-,33.88631820678711,-117.31484985351563,RIVERSIDE,RIVERSIDE,-117.31388092041016,33.88809585571289
9368645,2021,2021-12-10,3313,2021-10-05,1356,1523,4,2,5,7,3313,0,0,0,NA,0,M22,MAGNOLIA AV,ADAMS ST,48,W,N,A,-,N,NA,NA,NA,NA,NA,NA,NA,NA,NA,Y,4,0,2,2,A,-,03,22350,NA,N,C,C,A,A,H,-,A,A,0,NA,NA,NA,NA,Y,NA,A,01,0,0,2,0,0,0,0,0,0,-,-,33.93281173706055,-117.42424774169922,RIVERSIDE,RIVERSIDE,-117.42446899414063,33.93297576904297
9372189,2022,2022-05-11,3313,2022-04-25,1102,581,3,1,5,7,3313,0,0,0,NA,0,M25,ALESSANDRO BL,BARTON ST,0,NA,Y,A,-,N,NA,NA,NA,NA,NA,NA,NA,NA,NA,N,4,0,1,2,A,-,12,21453,A,N,D,C,A,A,H,-,A,A,0,NA,NA,NA,NA,Y,NA,J,48,0,0,1,0,0,0,0,0,0,-,-,33.91653823852539,-117.31375122070313,RIVERSIDE,RIVERSIDE,-117.31378173828124,33.916419982910156
9378295,2021,2022-01-20,3300,2021-12-30,1300,N4187,916A,4,5,4,3312,0,0,0,NA,0,031,RAMONA EXPWY,BRADLEY RD,508,E,N,C,-,N,NA,NA,NA,NA,NA,NA,NA,NA,NA,NA,4,0,2,2,A,-,07,21658,A,N,B,E,A,B,H,-,A,D,0,NA,NA,NA,NA,Y,NA,A,01,0,0,2,0,0,0,0,0,0,-,-,33.839141845703125,-117.18824005126952,RIVERSIDE,PERRIS,-117.1872329711914,33.83842086791992
9382683,2021,2022-01-10,3313,2021-12-01,2131,1809,5,3,5,7,3313,0,0,0,NA,0,1R57,MAGNOLIA AV,BUCHANAN ST,0,NA,Y,A,-,N,NA,NA,NA,NA,NA,NA,NA,NA,NA,Y,4,0,5,2,A,-,12,21453,A,N,A,C,A,A,H,-,A,A,0,NA,NA,NA,NA,Y,NA,-,-,0,0,5,0,0,0,0,0,0,-,-,33.890899658203125,-117.4985580444336,RIVERSIDE,RIVERSIDE,-117.4985122680664,33.89081573486328
9384142,2021,2022-01-11,3313,2021-12-09,0843,1641,3,4,5,7,3313,0,0,0,NA,0,T55,CANYON CREST DR,VIA VISTA DR,0,NA,Y,C,-,N,NA,NA,NA,NA,NA,NA,NA,NA,NA,Y,3,0,1,2,A,-,09,21453,C,N,A,C,A,B,H,-,A,A,0,NA,NA,NA,NA,Y,NA,D,22,0,1,0,0,0,0,0,0,0,-,-,33.93484878540039,-117.33570861816406,RIVERSIDE,RIVERSIDE,-117.33582305908205,33.934600830078125
9385682,2021,2022-01-12,3313,2021-10-21,0911,1026,4,4,5,7,3313,0,0,0,NA,0,T52,VAN BUREN BL,JURUPA AV,310,N,N,A,-,N,NA,NA,NA,NA,NA,NA,NA,NA,NA,NA,3,0,1,3,A,-,11,21954,A,N,G,B,E,A,H,-,A,D,0,Y,NA,NA,NA,Y,NA,N,60,0,1,0,0,1,0,0,0,0,-,-,33.95878982543945,-117.4615478515625,RIVERSIDE,RIVERSIDE,-117.46243286132813,33.95927429199219
9386002,2021,2021-12-29,3309,2021-09-30,1958,332,3309,4,5,4,3309,0,0,0,NA,0,005,JEFFERSON ST,FRED WARING DR,0,NA,Y,A,-,N,NA,NA,NA,NA,NA,NA,NA,NA,NA,N,4,0,3,2,A,-,09,21453,C,N,D,C,A,A,H,-,C,A,0,NA,NA,NA,NA,Y,NA,A,01,0,0,3,0,0,0,0,0,0,-,-,NA,NA,RIVERSIDE,INDIO,-116.26893615722656,33.72930908203125
9388550,2021,2022-01-28,3309,2021-11-04,1819,2003,3309,4,5,4,3309,0,0,0,NA,0,003,INDIO BL,VAN BUREN ST,1108,E,N,A,-,N,NA,NA,NA,NA,NA,NA,NA,NA,NA,Y,3,0,1,2,A,-,01,23152,A,N,C,C,A,A,H,-,C,A,0,NA,NA,NA,NA,Y,Y,A,01,0,1,0,0,0,0,0,0,0,-,-,NA,NA,RIVERSIDE,INDIO,-116.19674682617188,33.70620346069336
9389018,2021,2022-02-04,3313,2021-12-21,1808,1911,4,2,5,7,3313,0,0,0,NA,0,M21,WASHINGTON ST,OVERLOOK PKWY,36,N,N,A,-,N,NA,NA,NA,NA,NA,NA,NA,NA,NA,NA,4,0,2,2,A,-,09,21801,A,N,A,C,A,A,H,-,C,A,0,NA,NA,NA,NA,Y,NA,A,01,0,0,2,0,0,0,0,0,0,-,-,33.919898986816406,-117.38337707519533,RIVERSIDE,RIVERSIDE,-117.38348388671876,33.919918060302734
9391827,2021,2022-01-20,3313,2021-11-10,1727,1911,3,3,5,7,3313,0,0,0,NA,0,M21,ALESSANDRO BL,NORTHROP DR,57,E,N,A,-,N,NA,NA,NA,NA,NA,NA,NA,NA,NA,N,4,0,3,2,A,-,03,22350,NA,N,C,C,A,A,H,-,C,D,0,NA,NA,NA,NA,Y,NA,A,01,0,0,3,0,0,0,0,0,0,-,-,33.91474151611328,-117.32125854492188,RIVERSIDE,RIVERSIDE,-117.3205337524414,33.916343688964844
93946186,2024,2024-08-08,9840,2024-08-06,1510,016284,NA,2,2,7,3313,0,1,3,NA,2,021,SR-91 E/B,ADAMS STREET,909,E,N,A,-,Y,RIV,NA,91,NA,NA,15.804,H,NA,R,N,4,0,1,2,A,-,08,22107,NA,N,B,C,A,A,H,-,A,D,0,NA,NA,NA,Y,Y,NA,A,01,0,0,1,0,0,0,0,0,0,-,-,33.92877960205078,-117.41706848144533,RIVERSIDE,RIVERSIDE,-117.41712188720705,33.92884063720703
9399290,2021,2022-02-16,3309,2021-12-27,2152,2102,3309,1,5,4,3309,0,0,0,NA,0,002,JACKSON ST,GENERATIONS DR,36,S,N,A,-,N,NA,NA,NA,NA,NA,NA,NA,NA,NA,N,4,0,1,2,A,-,07,21658,A,N,D,G,A,A,H,-,C,D,0,NA,Y,NA,NA,Y,NA,D,22,0,0,1,0,0,0,1,0,0,-,-,NA,NA,RIVERSIDE,INDIO,-116.2167510986328,33.74590301513672
94020935,2024,2024-08-12,9685,2024-07-30,1520,018321,NA,2,2,9,3300,0,3,5,NA,2,003,MURRIETA HOT SPRINGS RD,CALISTOGA DRIVE,21,E,N,A,-,N,NA,NA,NA,NA,NA,NA,NA,NA,NA,Y,3,0,1,2,A,-,01,23152,F,N,C,C,A,A,H,-,A,A,0,NA,NA,NA,NA,Y,Y,A,07,0,1,0,0,0,0,0,0,0,-,-,33.551368713378906,-117.12715911865234,RIVERSIDE,UNINCORPORATED,-117.12714385986328,33.551231384277344
9403870,2022,2022-03-15,3313,2022-01-11,0455,2023,4,2,5,7,3313,0,0,0,NA,0,1R47,ARLINGTON AV,LOMITA ST,118,W,N,A,-,N,NA,NA,NA,NA,NA,NA,NA,NA,NA,N,3,0,1,2,A,-,11,21954,A,F,G,B,D,A,H,-,C,D,0,Y,NA,NA,NA,Y,NA,N,60,0,1,0,0,1,0,0,0,0,-,-,33.94586181640625,-117.44358825683594,RIVERSIDE,RIVERSIDE,-117.44419860839844,33.94588088989258
9405394,2021,2022-02-11,3313,2021-12-17,1629,1489,2,5,5,7,3313,0,0,0,NA,0,T44,ALESSANDRO BL,ARLINGTON AV,44,W,N,A,-,N,NA,NA,NA,NA,NA,NA,NA,NA,NA,Y,4,0,1,2,A,-,03,22350,NA,N,C,C,A,A,H,-,A,A,0,NA,NA,NA,NA,Y,NA,A,01,0,0,1,0,0,0,0,0,0,-,-,33.94443130493164,-117.35434722900392,RIVERSIDE,RIVERSIDE,-117.3545379638672,33.9448356628418
9405938,2022,2022-02-23,3313,2022-01-06,0359,1996,4,4,5,7,3313,0,0,0,NA,0,1R41,MAGNOLIA AV,VAN BUREN BL,5,W,N,A,-,N,NA,NA,NA,NA,NA,NA,NA,NA,NA,Y,4,0,1,2,A,-,08,22107,NA,N,B,C,A,A,H,-,C,A,0,NA,NA,NA,NA,Y,NA,A,01,0,0,1,0,0,0,0,0,0,-,-,33.920379638671875,-117.44669342041016,RIVERSIDE,RIVERSIDE,-117.44662475585938,33.92038345336914
94087001,2024,2024-08-12,9685,2024-08-01,1930,018539,NA,4,2,9,3300,0,1,3,NA,1,039,SR-79 N/B,ARROYO SECO CREEK,540,S,N,A,-,Y,RIV,NA,79,NA,NA,9.236,H,NA,R,Y,3,0,2,1,A,-,08,22107,NA,N,E,I,A,A,H,-,A,D,0,NA,NA,NA,NA,Y,NA,D,22,0,2,0,0,0,0,0,0,0,-,-,33.46527862548828,-116.97055053710938,RIVERSIDE,UNINCORPORATED,-116.97055816650392,33.46535110473633
94096118,2024,2024-08-12,9840,2024-08-08,2106,021194,NA,4,2,7,3313,0,1,1,NA,2,023,I-215 S/B,MARTIN LUTHER KING BLVD,710,S,N,A,-,Y,RIV,NA,215,NA,NA,40.725,H,NA,L,Y,4,0,1,3,A,-,03,22350,NA,N,C,C,A,A,H,-,D,D,0,NA,NA,NA,NA,Y,NA,A,01,0,0,1,0,0,0,0,0,0,-,-,33.966739654541016,-117.3274383544922,RIVERSIDE,RIVERSIDE,-117.3274154663086,33.96675109863281
9410451,2022,2022-03-23,3313,2022-01-31,0519,1880,2,1,5,7,3313,0,0,0,NA,0,M10,CENTRAL AV,FAIRVIEW AV,161,W,N,A,-,N,NA,NA,NA,NA,NA,NA,NA,NA,NA,Y,3,0,1,2,-,-,-,NA,NA,N,D,C,A,A,C,-,C,D,0,NA,NA,NA,NA,Y,NA,A,01,0,1,0,0,0,0,0,0,0,-,-,33.95195007324219,-117.36045837402344,RIVERSIDE,RIVERSIDE,-117.36099243164063,33.95357131958008
9410452,2022,2022-02-23,3313,2022-01-29,1938,2034,3,6,5,7,3313,0,0,0,NA,0,3R34,TRAUTWEIN RD,MISSION GROVE PW S,30,S,N,A,-,N,NA,NA,NA,NA,NA,NA,NA,NA,NA,Y,4,0,2,2,A,-,01,23152,A,N,C,C,A,A,H,-,C,A,0,NA,NA,NA,NA,Y,Y,D,22,0,0,2,0,0,0,0,0,0,-,-,33.90631103515625,-117.32913970947266,RIVERSIDE,RIVERSIDE,-117.32849884033205,33.907901763916016
9412235,2022,2022-03-01,3313,2022-01-04,0723,1026,4,2,5,7,3313,0,0,0,NA,0,T52,LINCOLN AV,JACKSON ST,0,NA,Y,A,-,N,NA,NA,NA,NA,NA,NA,NA,NA,NA,Y,4,0,1,2,A,-,12,21453,A,N,D,C,A,A,H,-,A,A,0,NA,NA,NA,NA,Y,NA,E,22,0,0,1,0,0,0,0,0,0,-,-,33.912109375,-117.42874908447266,RIVERSIDE,RIVERSIDE,-117.428955078125,33.912109375
9412967,2022,2022-03-09,3313,2022-02-08,1811,0282,5,2,5,7,3313,0,0,0,NA,0,T48,RIVERWALK PKWY,COLLETT AV,0,NA,Y,A,-,N,NA,NA,NA,NA,NA,NA,NA,NA,NA,Y,3,0,3,4,A,-,12,21453,A,F,D,C,A,A,H,-,C,A,0,NA,NA,NA,NA,Y,NA,A,01,0,1,2,0,0,0,0,0,0,-,-,33.90610122680664,-117.49385833740234,RIVERSIDE,RIVERSIDE,-117.49407958984376,33.90603256225586
9413061,2021,2022-03-04,3313,2021-11-29,1745,2005,1,1,5,7,3313,0,0,0,NA,0,3R16,MARKET ST,UNIVERSITY AV,16,S,N,A,-,N,NA,NA,NA,NA,NA,NA,NA,NA,NA,N,4,0,1,2,A,-,10,21950,A,F,G,B,B,A,H,-,C,A,0,Y,NA,NA,NA,Y,NA,A,07,0,0,1,0,1,0,0,0,0,-,-,33.98249053955078,-117.37583923339844,RIVERSIDE,RIVERSIDE,-117.3757553100586,33.982452392578125
9416982,2022,2022-03-21,3313,2022-02-11,1935,1499,5,5,5,7,3313,0,0,0,NA,0,M34,WELLS AV,CREST AV,40,E,N,A,-,N,NA,NA,NA,NA,NA,NA,NA,NA,NA,Y,4,0,1,2,A,-,01,23152,A,N,C,C,A,A,H,-,C,A,0,NA,NA,NA,NA,Y,Y,A,01,0,0,1,0,0,0,0,0,0,-,-,33.93233871459961,-117.47087860107422,RIVERSIDE,RIVERSIDE,-117.47130584716795,33.932228088378906
9418014,2022,2022-03-14,3313,2022-01-24,1830,1537,5,1,5,7,3313,0,0,0,NA,0,M16,PIERCE ST,HOLLYHOCK LN,20,E,N,A,-,N,NA,NA,NA,NA,NA,NA,NA,NA,NA,N,3,0,2,2,A,-,03,22350,NA,N,C,C,A,A,H,-,C,D,0,NA,NA,NA,NA,Y,NA,A,01,0,2,0,0,0,0,0,0,0,-,-,33.91762924194336,-117.49186706542967,RIVERSIDE,RIVERSIDE,-117.49182891845705,33.917724609375
9419225,2022,2022-04-21,3313,2022-03-28,1405,581,3,1,5,7,3313,0,0,0,NA,0,M25,VAN BUREN BL,TRAUTWEIN RD,53,E,N,C,-,N,NA,NA,NA,NA,NA,NA,NA,NA,NA,N,4,0,2,2,A,-,03,22350,NA,N,C,C,A,B,H,-,A,A,0,NA,NA,NA,NA,Y,NA,A,01,0,0,2,0,0,0,0,0,0,-,-,33.8884391784668,-117.32430267333984,RIVERSIDE,RIVERSIDE,-117.32408142089844,33.888553619384766
9420476,2022,2022-04-22,3313,2022-03-19,2333,1968,5,6,5,7,3313,0,0,0,NA,0,1R53,MAGNOLIA AV,SKOFSTAD ST,33,E,N,B,-,N,NA,NA,NA,NA,NA,NA,NA,NA,NA,N,3,0,1,2,A,-,11,21954,A,N,G,B,C,B,H,-,C,A,0,Y,NA,NA,NA,Y,NA,N,60,0,1,0,0,1,0,0,0,0,-,-,33.90427017211914,-117.47444915771484,RIVERSIDE,RIVERSIDE,-117.47454833984376,33.90456008911133
9420831,2022,2022-04-26,3313,2022-02-28,0540,2036,3,1,5,7,3313,0,0,0,NA,0,1R31,SYCAMORE CANYON,ALESSANDRO BL,355,N,N,A,-,N,NA,NA,NA,NA,NA,NA,NA,NA,NA,Y,4,0,1,2,A,-,03,22350,NA,N,C,C,A,A,H,-,C,A,0,NA,NA,NA,NA,Y,NA,D,22,0,0,1,0,0,0,0,0,0,-,-,NA,NA,RIVERSIDE,RIVERSIDE,-117.29200744628906,33.91777420043945
9421773,2022,2022-04-05,3325,2022-01-21,2019,20213,3325,5,5,4,3325,0,0,0,NA,0,002,SAN LUIS REY DR,MISSION DR,254,S,N,A,-,N,NA,NA,NA,NA,NA,NA,NA,NA,NA,Y,4,0,1,2,A,-,08,22107,NA,N,H,E,A,A,H,-,C,D,0,NA,NA,NA,NA,Y,NA,A,01,0,0,1,0,0,0,0,0,0,-,-,NA,NA,RIVERSIDE,CATHEDRAL CITY,-116.48853302001952,33.819515228271484