CASE_ID,ACCIDENT_YEAR,PROC_DATE,JURIS,COLLISION_DATE,COLLISION_TIME,OFFICER_ID,REPORTING_DISTRICT,DAY_OF_WEEK,CHP_SHIFT,POPULATION,CNTY_CITY_LOC,SPECIAL_COND,BEAT_TYPE,CHP_BEAT_TYPE,CITY_DIVISION_LAPD,CHP_BEAT_CLASS,BEAT_NUMBER,PRIMARY_RD,SECONDARY_RD,DISTANCE,DIRECTION,INTERSECTION,WEATHER_1,WEATHER_2,STATE_HWY_IND,CALTRANS_COUNTY,CALTRANS_DISTRICT,STATE_ROUTE,ROUTE_SUFFIX,POSTMILE_PREFIX,POSTMILE,LOCATION_TYPE,RAMP_INTERSECTION,SIDE_OF_HWY,TOW_AWAY,COLLISION_SEVERITY,NUMBER_KILLED,NUMBER_INJURED,PARTY_COUNT,PRIMARY_COLL_FACTOR,PCF_CODE_OF_VIOL,PCF_VIOL_CATEGORY,PCF_VIOLATION,PCF_VIOL_SUBSECTION,HIT_AND_RUN,TYPE_OF_COLLISION,MVIW,PED_ACTION,ROAD_SURFACE,ROAD_COND_1,ROAD_COND_2,LIGHTING,CONTROL_DEVICE,CHP_ROAD_TYPE,PEDESTRIAN_ACCIDENT,BICYCLE_ACCIDENT,MOTORCYCLE_ACCIDENT,TRUCK_ACCIDENT,NOT_PRIVATE_PROPERTY,ALCOHOL_INVOLVED,STWD_VEHTYPE_AT_FAULT,CHP_VEHTYPE_AT_FAULT,COUNT_SEVERE_INJ,COUNT_VISIBLE_INJ,COUNT_COMPLAINT_PAIN,COUNT_PED_KILLED,COUNT_PED_INJURED,COUNT_BICYCLIST_KILLED,COUNT_BICYCLIST_INJURED,COUNT_MC_KILLED,COUNT_MC_INJURED,PRIMARY_RAMP,SECONDARY_RAMP,LATITUDE,LONGITUDE,COUNTY,CITY,POINT_X,POINT_Y
9760943,2024,2024-12-12,3325,2024-11-29,1105,20206,3325,5,5,4,3325,0,0,0,NA,0,001,EAST PALM CANYON DR,CATHEDRAL CANYON DR,225,E,N,B,-,N,NA,NA,NA,NA,NA,NA,NA,NA,NA,Y,3,0,1,2,A,-,08,22107,NA,N,B,C,A,A,H,-,A,D,0,NA,NA,NA,NA,Y,NA,A,07,0,1,0,0,0,0,0,0,0,-,-,NA,NA,RIVERSIDE,CATHEDRAL CITY,-116.46611785888672,33.780364990234375
9775774,2024,2025-01-27,3301,2024-12-20,1000,U545,43,5,5,4,3301,0,0,0,NA,0,003,300 S HIGHLAND SPRINGS,SUN LAKES BL,900,N,N,A,-,N,NA,NA,NA,NA,NA,NA,NA,NA,NA,N,3,0,1,2,A,-,00,21954,NA,N,G,B,E,A,H,-,A,D,0,Y,NA,NA,NA,Y,NA,A,01,0,1,0,0,1,0,0,0,0,-,-,33.92483901977539,-116.94534301757813,RIVERSIDE,BANNING,-116.94695281982422,33.92420959472656
9783965,2025,2025-02-21,3309,2025-01-12,1416,W2113,DESER,7,5,4,3309,0,0,0,NA,0,004,MONROE ST,AVENIDA DEL MAR,0,NA,Y,A,-,N,NA,NA,NA,NA,NA,NA,NA,NA,NA,Y,3,0,3,2,A,-,12,21453,A,N,D,C,A,A,H,-,A,A,0,NA,NA,NA,NA,Y,NA,A,07,0,3,0,0,0,0,0,0,0,-,-,NA,NA,RIVERSIDE,INDIO,-116.23381042480467,33.715782165527344
9817494,2025,2025-06-12,3301,2025-02-02,1454,U536,3,7,5,4,3301,0,0,0,NA,0,003,WEST RAMSEY ST,SUNRISE AV,0,NA,Y,A,-,N,NA,NA,NA,NA,NA,NA,NA,NA,NA,N,4,0,1,3,A,-,08,22107,NA,N,B,C,A,A,H,-,A,D,0,NA,NA,NA,NA,Y,NA,A,08,0,0,1,0,0,0,0,0,0,-,-,33.92560958862305,-116.90306854248048,RIVERSIDE,BANNING,-116.90293121337892,33.925777435302734
9818644,2025,2025-07-28,3325,2025-05-26,2044,541,NA,1,5,4,3325,0,0,0,NA,0,002,PUEBLO TRL,33RD AV,0,NA,Y,A,-,N,NA,NA,NA,NA,NA,NA,NA,NA,NA,N,4,0,1,4,A,-,08,22107,NA,N,G,B,D,A,-,-,D,D,0,Y,NA,NA,NA,Y,NA,A,07,0,0,1,0,1,0,0,0,0,-,-,NA,NA,RIVERSIDE,CATHEDRAL CITY,-116.46790313720705,33.80864334106445
9819221,2025,2025-07-28,3301,2025-04-20,455,U546,NA,7,5,4,3301,0,0,0,NA,0,002,S HIGHLAND SPRINGS,HIGHLAND SPRINGS,80,E,N,A,-,N,NA,NA,NA,NA,NA,NA,NA,NA,NA,Y,4,0,1,1,A,-,01,23152,A,N,E,J,A,A,H,-,D,D,0,NA,NA,NA,NA,Y,Y,A,01,0,0,1,0,0,0,0,0,0,-,-,NA,NA,RIVERSIDE,BANNING,-116.94673919677734,33.921966552734375
9866816,2024,2025-08-18,3308,2024-12-05,755,10950,NA,4,5,5,3308,0,0,0,NA,0,NA,ACACIA AV,KIRBY ST,205,W,N,A,-,N,NA,NA,NA,NA,NA,NA,NA,NA,NA,Y,1,1,1,3,A,-,01,23152,F,N,E,J,E,A,G,-,A,D,0,Y,NA,NA,NA,Y,NA,A,01,0,1,0,1,0,0,0,0,0,-,-,NA,NA,RIVERSIDE,HEMET,-116.99845123291016,33.74375915527344
9866830,2025,2025-08-21,3309,2025-01-10,1926,W332,DESER,5,5,4,3309,0,0,0,NA,0,003,OASIS ST,HIGHWAY 111,414,S,N,A,-,N,NA,NA,NA,NA,NA,NA,NA,NA,NA,Y,1,1,0,2,A,-,12,22450,A,N,G,B,B,A,H,-,C,A,0,Y,NA,NA,NA,Y,NA,A,01,0,0,0,1,0,0,0,0,0,-,-,33.714900970458984,-118.22075653076172,RIVERSIDE,INDIO,-116.22086334228516,33.713809967041016
9867091,2025,2026-01-12,3342,2025-08-07,1635,P1397,247,4,5,4,3342,0,0,0,NA,0,002,CALIFORNIA OAKS RD,VIA HAVRE,0,NA,Y,A,-,N,NA,NA,NA,NA,NA,NA,NA,NA,NA,Y,1,1,2,2,A,-,01,23152,A,N,D,C,A,A,H,-,A,A,0,NA,NA,NA,NA,Y,Y,D,22,0,1,1,0,0,0,0,0,0,-,-,33.57912826538086,-117.19944763183594,RIVERSIDE,MURRIETA,-117.19942474365234,33.57918930053711
9867127,2025,2026-01-15,3311,2025-09-26,2133,15842,NA,5,5,4,3311,0,0,0,NA,0,001,PALM CANYON DR N,VIA LAS PALMAS,22,S,N,A,-,N,NA,NA,NA,NA,NA,NA,NA,NA,NA,Y,1,1,0,2,A,-,11,21950,B,N,G,B,B,A,H,-,D,A,0,Y,NA,Y,NA,Y,NA,N,60,0,0,0,1,0,0,0,0,0,-,-,33.84012985229492,-116.54685974121094,RIVERSIDE,PALM SPRINGS,-116.54676818847656,33.840087890625
5912147,2014,2015-12-21,9685,2014-01-17,1100,15857,NA,5,1,4,3342,0,1,1,NA,2,030,RT 15,WARM SPRINGS CREEK,106,N,N,A,-,Y,NA,NA,NA,NA,NA,NA,NA,NA,NA,Y,1,1,0,2,A,-,03,22350,NA,N,-,-,A,A,D,-,A,-,0,NA,NA,NA,Y,Y,NA,D,22,0,0,0,0,0,0,0,0,0,-,-,33.329,-117.102,RIVERSIDE,MURRIETA,NA,NA
6290084,2014,2014-03-13,3302,2014-01-29,1920,NA,NA,3,5,3,3302,0,0,0,NA,0,NA,RT 60,JACK RABBIT TRL,3696,E,N,A,-,Y,RIV,8,60,-,-,28.69,H,-,W,Y,1,2,1,2,A,-,07,21658,A,F,E,I,A,A,H,-,D,D,0,NA,NA,NA,NA,Y,NA,A,01,1,0,0,0,0,0,0,0,0,-,-,33.93347,-117.02128,RIVERSIDE,BEAUMONT,-117.021423,33.93337689
6290494,2014,2014-05-14,9630,2014-03-15,0050,20642,NA,6,3,9,3300,0,2,4,NA,2,026,DILLON RD,BENNETT RD,850,W,N,A,-,N,NA,NA,NA,NA,NA,NA,NA,NA,NA,Y,1,1,0,1,A,-,01,23152,A,N,F,A,A,A,H,-,C,D,0,NA,NA,NA,NA,Y,Y,-,-,0,0,0,0,0,0,0,0,0,-,-,33.925,-116.4259,RIVERSIDE,UNINCORPORATED,-116.42588655,33.92498093
6291308,2014,2015-12-29,3300,2014-04-25,0012,3365,011C,5,5,4,3344,0,0,0,NA,0,061,LIMONITE AV,HAMNER AV,0,NA,Y,A,-,N,NA,NA,NA,NA,NA,NA,NA,NA,NA,N,1,1,0,2,A,-,01,23153,A,F,H,G,A,A,H,-,C,A,0,NA,Y,NA,NA,Y,Y,A,01,0,0,0,0,0,1,0,0,0,-,-,NA,NA,RIVERSIDE,EASTVALE,-117.55844001,33.97541004
6291593,2014,2015-04-07,9685,2014-10-21,1955,16185,NA,2,2,4,3307,0,1,1,NA,2,010,RT 15,DIAMOND DR,50,N,N,A,-,Y,RIV,8,15,-,-,19.2,H,-,S,Y,1,1,0,1,A,-,08,22107,NA,N,E,J,A,A,H,-,C,D,1,NA,NA,NA,NA,Y,NA,D,22,0,0,0,0,0,0,0,0,0,-,-,33.66308,-117.29915,RIVERSIDE,LAKE ELSINORE,-117.29921312,33.66256465
6292065,2014,2016-01-08,3300,2014-11-07,1754,2079,920H,5,5,4,3314,0,0,0,NA,0,074,E PARK AV,GRACE DR,0,NA,Y,A,-,N,NA,NA,NA,NA,NA,NA,NA,NA,NA,N,1,1,0,2,A,-,11,21950,B,N,G,B,B,A,H,-,C,D,0,Y,NA,NA,NA,Y,Y,N,60,0,0,0,1,0,0,0,0,0,-,-,NA,NA,RIVERSIDE,SAN JACINTO,-116.94937001,33.76407009
6292116,2015,2015-04-24,3300,2015-01-02,1844,3775,602E3,5,5,6,3394,0,0,0,NA,0,MV28,ALLESANDRO BL,KITCHING ST,300,E,N,A,-,N,NA,NA,NA,NA,NA,NA,NA,NA,NA,Y,1,1,0,3,A,-,11,21954,A,F,G,B,E,A,H,-,C,D,0,Y,NA,NA,NA,Y,NA,N,60,0,0,0,1,0,0,0,0,0,-,-,NA,NA,RIVERSIDE,MORENO VALLEY,-117.21662443,33.91734
6292362,2015,2015-07-09,3300,2015-02-05,1328,3769,001,4,5,6,3345,0,0,0,NA,0,012,SIERRA AV,OAK QUARRY RD,428,N,N,A,-,N,NA,NA,NA,NA,NA,NA,NA,NA,NA,Y,1,1,1,2,C,-,18,NA,NA,N,D,C,A,A,H,-,A,D,0,NA,NA,NA,NA,Y,NA,-,-,0,0,1,0,0,0,0,0,0,-,-,NA,NA,RIVERSIDE,JURUPA VALLEY,NA,NA
6292985,2017,2017-12-18,3300,2017-04-26,2351,4773,905D,3,5,4,3307,0,0,0,NA,0,091,MISSION TRL,SYLVESTER RD,0,NA,Y,A,-,N,NA,NA,NA,NA,NA,NA,NA,NA,NA,N,1,1,0,2,A,-,11,21956,NA,N,G,B,E,A,H,-,C,A,0,Y,NA,NA,NA,Y,Y,N,60,0,0,0,1,0,0,0,0,0,-,-,33.65058,-117.29558,RIVERSIDE,LAKE ELSINORE,-117.29563005,33.6506601
6337334,2014,2014-06-16,3313,2014-01-13,1505,1523,WEST,1,5,7,3313,0,0,0,NA,0,T44,RIVERWALK PKWY,FLAT ROCK RD,292,S,N,A,-,N,NA,NA,NA,NA,NA,NA,NA,NA,NA,Y,4,0,1,2,A,-,03,22350,NA,N,C,C,A,A,H,-,A,A,0,NA,NA,NA,NA,Y,NA,A,01,0,0,1,0,0,0,0,0,0,-,-,NA,NA,RIVERSIDE,RIVERSIDE,-117.49405657,33.90305714
6337669,2014,2016-01-14,9630,2014-01-05,0325,020569,NA,7,3,9,3300,0,1,1,NA,2,020,RT 10,MONTEREY AV,160,W,N,A,-,Y,RIV,8,10,-,-,44.48,H,-,E,Y,3,0,2,1,A,-,03,22350,NA,N,F,A,A,A,H,-,C,D,1,NA,NA,NA,NA,Y,NA,A,07,0,1,1,0,0,0,0,0,0,-,-,33.80618,-116.38819,RIVERSIDE,UNINCORPORATED,-116.38845382,33.80638748
6344249,2014,2015-04-06,3308,2014-06-22,1600,10525,514,7,5,5,3308,0,0,0,NA,0,NORTH,SANDERSON AV,FLORIDA AV,51,N,N,A,-,Y,RIV,8,74,-,-,38.48,I,6,W,Y,4,0,1,2,A,-,03,22350,NA,N,C,C,A,A,H,-,A,A,0,NA,NA,NA,NA,Y,NA,D,22,0,0,1,0,0,0,0,0,0,-,-,NA,NA,RIVERSIDE,HEMET,-117.0066275,33.74745762
6344832,2014,2016-03-16,9685,2014-01-02,0735,014488,NA,4,1,9,3300,0,1,3,NA,1,026,RT 74,RITTER AV,330,E,N,A,-,Y,RIV,8,74,-,-,32.42,H,-,W,Y,4,0,2,2,A,-,09,21801,A,N,D,D,A,A,H,-,A,D,0,NA,NA,NA,NA,Y,NA,A,07,0,0,2,0,0,0,0,0,0,-,-,33.74382,-117.10907,RIVERSIDE,UNINCORPORATED,-117.10836867,33.7434235
6344839,2014,2016-02-03,9685,2014-01-13,1220,014488,NA,1,1,5,3341,0,1,1,NA,2,020,RT 215,MCCALL BL,400,N,N,A,-,Y,RIV,8,215,-,-,20.89,H,-,N,Y,3,0,1,1,A,-,08,22107,NA,N,E,J,A,A,D,-,A,D,1,NA,NA,NA,NA,Y,NA,A,01,0,1,0,0,0,0,0,0,0,-,-,NA,NA,RIVERSIDE,MENIFEE,-117.18890458,33.71582186
6346446,2014,2014-06-06,3311,2014-01-22,0903,15093,NA,3,5,4,3311,0,0,0,NA,0,004,SUNRISE WY,TACHEVAH DR,21,S,N,A,-,N,NA,NA,NA,NA,NA,NA,NA,NA,NA,Y,4,0,1,1,A,-,07,21658,A,N,E,I,A,A,H,-,A,D,0,NA,NA,NA,NA,Y,NA,A,01,0,0,1,0,0,0,0,0,0,-,-,NA,NA,RIVERSIDE,PALM SPRINGS,-116.5282,33.83751252
6353926,2014,2014-06-12,9655,2014-01-08,1835,018163,NA,3,2,9,3300,0,3,5,NA,2,003,FAIRVIEW AV,OLIVE AV,0,NA,Y,A,-,N,NA,NA,NA,NA,NA,NA,NA,NA,NA,Y,4,0,1,2,A,-,09,21801,A,N,A,C,A,A,H,-,C,D,0,NA,NA,NA,NA,Y,NA,A,01,0,0,1,0,0,0,0,0,0,-,-,33.75527,-116.89314,RIVERSIDE,UNINCORPORATED,-116.89318006,33.75509006
6353950,2014,2014-06-11,3300,2014-01-09,0935,2403,920C,4,5,4,3314,0,0,0,NA,0,070,ESPLANADE AV,PALM AV,340,W,N,A,-,N,NA,NA,NA,NA,NA,NA,NA,NA,NA,Y,4,0,1,2,A,-,04,21703,NA,N,D,C,A,A,H,-,A,D,0,NA,NA,NA,Y,Y,NA,A,01,0,0,1,0,0,0,0,0,0,-,-,NA,NA,RIVERSIDE,SAN JACINTO,-116.98168493,33.77288718
6358253,2014,2016-02-18,9685,2014-01-19,1400,15360,NA,7,2,9,3300,0,1,1,NA,2,010,RT 15,BAXTER RD,2218,N,N,A,-,Y,RIV,8,15,-,-,15.49,H,-,S,N,4,0,1,2,A,-,07,21658,A,N,B,C,A,A,H,-,A,D,1,NA,NA,Y,NA,Y,NA,-,-,0,0,1,0,0,0,0,0,1,-,-,NA,NA,RIVERSIDE,UNINCORPORATED,-117.26472459,33.61714039
6358612,2014,2016-06-30,9840,2014-01-18,1630,016497,NA,6,2,6,3315,0,1,3,NA,2,030,RT 91,MAIN ST,528,E,N,A,-,Y,RIV,8,91,-,-,6.48,H,-,W,N,4,0,2,3,A,-,03,22350,NA,N,C,C,A,A,H,-,A,D,1,NA,NA,NA,NA,Y,NA,A,07,0,0,2,0,0,0,0,0,0,-,-,33.88004,-117.56368,RIVERSIDE,CORONA,-117.56367332,33.87992857
6365971,2014,2016-02-20,9840,2014-02-06,1025,016619,NA,4,1,7,3313,0,1,1,NA,2,023,RT 215,FAIR ISLE DR,1584,NA,N,B,-,Y,RIV,8,215,-,R,38.31,H,-,S,Y,4,0,1,1,A,-,08,22107,NA,N,F,A,A,A,H,-,A,D,1,NA,NA,NA,NA,Y,NA,A,07,0,0,1,0,0,0,0,0,0,-,-,33.94567,-117.29655,RIVERSIDE,RIVERSIDE,-117.29307796,33.94330098
6366316,2014,2014-07-26,3313,2014-01-26,0748,1755,NA,7,5,7,3313,0,0,0,NA,0,NA,ESPERANZA ST,MARGARITA AV,15,S,N,A,-,N,NA,NA,NA,NA,NA,NA,NA,NA,NA,Y,4,0,1,1,A,-,03,22350,NA,M,E,I,A,A,H,-,A,A,0,NA,NA,NA,NA,Y,Y,D,22,0,0,1,0,0,0,0,0,0,-,-,NA,NA,RIVERSIDE,RIVERSIDE,NA,NA
6366348,2014,2014-06-10,3300,2014-01-21,1111,N3320,604A1,2,5,6,3394,0,0,0,NA,0,042,NASON ST,FIR AV,23,N,N,A,-,N,NA,NA,NA,NA,NA,NA,NA,NA,NA,Y,3,0,2,2,A,-,09,21802,A,N,D,C,A,A,D,-,A,A,0,NA,NA,NA,NA,Y,NA,D,22,0,1,1,0,0,0,0,0,0,-,-,NA,NA,RIVERSIDE,MORENO VALLEY,-117.19154102,33.935523
6367455,2014,2014-06-09,3308,2014-01-08,2500,10525,546,3,5,5,3308,0,0,0,NA,0,SOUTH,STETSON AV,STATE ST,462,W,N,A,-,N,NA,NA,NA,NA,NA,NA,NA,NA,NA,Y,4,0,1,2,A,-,09,21804,A,N,D,C,A,A,H,-,A,A,0,NA,NA,NA,NA,Y,NA,A,01,0,0,1,0,0,0,0,0,0,-,-,NA,NA,RIVERSIDE,HEMET,-116.97306389,33.72936978
6370110,2014,2014-06-23,3300,2014-01-15,1802,4237,001G,3,5,6,3345,0,0,0,NA,0,014,45TH ST,SAXON CT,104,W,N,A,-,N,NA,NA,NA,NA,NA,NA,NA,NA,NA,Y,2,0,2,3,A,-,01,23153,A,N,G,B,F,A,H,-,B,D,0,Y,NA,NA,NA,Y,Y,-,NA,2,0,0,0,1,0,0,0,0,-,-,NA,NA,RIVERSIDE,JURUPA VALLEY,-117.42730794,33.99368118
6370126,2014,2014-06-12,3300,2014-01-02,1700,4451,001L,4,5,6,3345,0,0,0,NA,0,016,MISSION RD,PACKARD ST,20,E,N,A,-,N,NA,NA,NA,NA,NA,NA,NA,NA,NA,N,4,0,2,2,A,-,07,21658,A,N,C,C,A,A,H,-,A,D,0,NA,NA,NA,NA,Y,NA,-,NA,0,0,2,0,0,0,0,0,0,-,-,NA,NA,RIVERSIDE,JURUPA VALLEY,-117.40516544,33.99605937
6371193,2014,2014-06-11,3300,2014-01-29,2045,3613,507F,3,5,5,3341,0,0,0,NA,0,057,MENIFEE RD,LA PIEDRA RD,0,NA,Y,A,-,N,NA,NA,NA,NA,NA,NA,NA,NA,NA,Y,4,0,3,2,A,-,12,22450,A,N,A,C,A,A,H,-,C,A,0,NA,NA,NA,NA,Y,NA,A,01,0,0,3,0,0,0,0,0,0,-,-,NA,NA,RIVERSIDE,MENIFEE,-117.15705001,33.67522008
6371666,2014,2014-06-04,3300,2014-01-17,1511,4345,38F3,5,5,4,3318,0,0,0,NA,0,MO876,COOK ST,COUNTRY CLUB DR,30,S,N,A,-,N,NA,NA,NA,NA,NA,NA,NA,NA,NA,Y,4,0,2,2,A,-,03,22350,NA,N,C,C,A,A,H,-,A,A,0,NA,NA,NA,NA,Y,NA,A,01,0,0,2,0,0,0,0,0,0,-,-,NA,NA,RIVERSIDE,PALM DESERT,-116.35634,33.75802791
6373125,2014,2014-06-09,9630,2014-01-16,0735,019807,NA,4,1,9,3300,0,3,5,NA,2,005,HAMMOND RD,COLFAX ST,2112,S,N,A,-,N,NA,NA,NA,NA,NA,NA,NA,NA,NA,Y,2,0,2,1,A,-,08,22107,NA,N,E,I,A,A,H,-,A,D,0,NA,NA,NA,NA,Y,NA,A,01,1,1,0,0,0,0,0,0,0,-,-,33.54038,-116.02953,RIVERSIDE,UNINCORPORATED,-116.02906138,33.54030393
6376483,2014,2014-06-05,3300,2014-01-04,2221,3839,603 C,6,5,6,3394,0,0,0,NA,0,036,BRODIAEA AV,AGAVE ST,75,E,N,A,-,N,NA,NA,NA,NA,NA,NA,NA,NA,NA,N,3,0,1,1,A,-,01,23152,A,N,E,J,A,A,H,-,C,D,0,NA,NA,NA,NA,Y,Y,A,01,0,1,0,0,0,0,0,0,0,-,-,NA,NA,RIVERSIDE,MORENO VALLEY,-117.22338359,33.91363218
6378200,2014,2014-06-06,3300,2014-01-25,1240,N4654,910G,6,5,5,3335,0,0,0,NA,0,062,MARGARITA RD,VIA LA VIDA,18,S,N,A,-,N,NA,NA,NA,NA,NA,NA,NA,NA,NA,N,4,0,2,1,A,-,03,22350,NA,N,H,J,A,A,D,-,A,A,0,NA,NA,Y,NA,Y,NA,C,02,0,0,2,0,0,0,0,0,2,-,-,NA,NA,RIVERSIDE,TEMECULA,-117.14912919,33.51518799
6378543,2014,2014-06-11,3300,2014-02-04,0710,2764,24B1,2,5,3,3317,0,0,0,NA,0,MO828,RAMON RD,RATTLER RD,120,E,N,A,-,N,NA,NA,NA,NA,NA,NA,NA,NA,NA,Y,2,0,4,2,A,-,03,22350,NA,N,C,C,A,A,H,-,A,D,0,NA,NA,NA,NA,Y,NA,A,01,1,0,3,0,0,0,0,0,0,-,-,NA,NA,RIVERSIDE,RANCHO MIRAGE,-116.43158662,33.81617463
6379653,2014,2016-01-25,9685,2014-02-12,0920,15757,NA,3,1,5,3335,0,1,1,NA,2,030,RT 15,TEMECULA PARKWAY,1584,S,N,A,-,Y,RIV,8,15,-,-,3.12,H,-,N,Y,4,0,1,2,C,-,18,NA,NA,N,E,I,A,A,H,-,A,D,1,NA,NA,NA,Y,Y,NA,-,-,0,0,1,0,0,0,0,0,0,-,-,33.4815,-117,RIVERSIDE,TEMECULA,-117.1389375,33.47636001
6381827,2014,2016-02-22,9685,2014-02-02,1430,15360,NA,7,2,5,3335,0,1,1,NA,2,030,RT 15,TEMECULA PKWY,3696,N,N,A,-,Y,RIV,8,15,-,-,4.14,H,-,S,Y,4,0,1,3,A,-,03,22350,NA,N,C,C,A,A,H,-,A,D,1,NA,NA,NA,NA,Y,NA,A,01,0,0,1,0,0,0,0,0,0,-,-,NA,NA,RIVERSIDE,TEMECULA,-117.14454324,33.49070908
6382859,2014,2014-06-16,3313,2014-02-19,1708,1222,EAST,3,5,7,3313,0,0,0,NA,0,T41,CHICAGO AV,MASSACHUSETTS AV,357,S,N,A,-,N,NA,NA,NA,NA,NA,NA,NA,NA,NA,N,3,0,1,2,A,-,03,22350,NA,N,C,C,A,A,H,-,B,D,0,NA,NA,NA,NA,Y,NA,A,01,0,1,0,0,0,0,0,0,0,-,-,NA,NA,RIVERSIDE,RIVERSIDE,-117.34846385,33.98566192
6384285,2014,2014-07-01,9840,2014-02-03,0755,16285,NA,1,1,7,3313,1,4,S,NA,2,901,CANYON CREEK DR,VIA ZAPATA,0,NA,Y,A,-,N,NA,NA,NA,NA,NA,NA,NA,NA,NA,Y,3,0,3,3,A,-,09,21801,A,N,B,C,A,A,H,-,A,D,0,NA,NA,NA,NA,Y,NA,A,01,0,1,2,0,0,0,0,0,0,-,-,NA,NA,RIVERSIDE,RIVERSIDE,-117.329475,33.952038
6384749,2014,2014-07-02,3313,2014-02-14,0207,354,NA,5,5,7,3313,0,0,0,NA,0,00N,COLUMBIA AV,ORANGE ST,47,W,N,A,-,N,NA,NA,NA,NA,NA,NA,NA,NA,NA,Y,3,0,1,2,A,-,01,23152,A,N,C,E,A,A,H,-,C,D,0,NA,NA,NA,NA,Y,Y,A,01,0,1,0,0,0,0,0,0,0,-,-,NA,NA,RIVERSIDE,RIVERSIDE,-117.35810431,34.0041338
6384988,2014,2014-06-25,3300,2014-01-22,0040,3726,809C,3,5,3,3343,0,0,0,NA,0,089,CLINTON KEITH RD,STABLE LANES RD,350,W,N,A,-,N,NA,NA,NA,NA,NA,NA,NA,NA,NA,N,4,0,1,1,A,-,03,22350,NA,N,E,I,A,A,H,-,C,D,0,NA,NA,NA,NA,Y,NA,A,01,0,0,1,0,0,0,0,0,0,-,-,NA,NA,RIVERSIDE,WILDOMAR,-117.24980592,33.59224533
6385931,2014,2014-06-18,3313,2014-02-05,1506,1724,WEST,3,5,7,3313,0,0,0,NA,0,T44,MAGNOLIA AV,MERCED DR,3,E,N,A,-,N,NA,NA,NA,NA,NA,NA,NA,NA,NA,N,4,0,1,2,A,-,05,21650,1,F,D,G,A,A,H,-,A,A,0,NA,Y,NA,NA,Y,NA,L,04,0,0,1,0,0,0,1,0,0,-,-,NA,NA,RIVERSIDE,RIVERSIDE,-117.48970178,33.89569454
6386751,2014,2016-03-05,9660,2014-02-15,0534,020558,NA,6,3,3,3303,0,1,1,NA,2,032,RT 10,MESA DR,11088,E,N,A,-,Y,RIV,8,10,-,R,147.22,H,-,E,Y,4,0,1,1,A,-,08,22107,NA,N,F,A,A,A,H,-,B,D,1,NA,NA,NA,NA,Y,NA,A,07,0,0,1,0,0,0,0,0,0,-,-,33.60653,-114.69181,RIVERSIDE,BLYTHE,-114.69116591,33.60659679
6386777,2014,2014-06-17,9630,2014-02-21,1400,020570,NA,5,2,9,3300,0,3,5,NA,2,002,COUNTRY CLUB DR,WASHINGTON ST,200,E,N,A,-,N,NA,NA,NA,NA,NA,NA,NA,NA,NA,N,3,0,1,2,A,-,09,21804,A,N,D,C,A,A,H,-,A,D,0,NA,NA,Y,NA,Y,NA,A,01,0,1,0,0,0,0,0,0,1,-,-,33.7578,-116.30193,RIVERSIDE,UNINCORPORATED,-116.3020301,33.75775769
6386863,2014,2015-01-09,3300,2014-01-09,1136,3406,NA,4,5,5,3335,0,0,0,NA,0,910F,BUTTERFIELD STAGE RD,CHEMIN CLINET,0,W,Y,A,-,Y,NA,NA,NA,NA,NA,NA,NA,NA,NA,N,4,0,1,1,A,-,03,22350,NA,N,F,-,A,B,B,-,A,D,0,NA,NA,Y,NA,Y,NA,C,03,0,0,1,0,0,0,0,0,1,-,-,NA,NA,RIVERSIDE,TEMECULA,-117.09753,33.52213006
6387182,2014,2014-06-20,3313,2014-02-16,2027,1439,WEST,7,5,7,3313,0,0,0,NA,0,C410,LA SIERRA AV,COLLETT AV,0,NA,Y,A,-,N,NA,NA,NA,NA,NA,NA,NA,NA,NA,Y,4,0,2,2,A,-,08,22100,A,N,B,C,A,A,H,-,C,A,0,NA,NA,NA,NA,Y,NA,A,01,0,0,2,0,0,0,0,0,0,-,-,NA,NA,RIVERSIDE,RIVERSIDE,-117.48313002,33.91179006
6388760,2014,2016-01-14,9630,2014-01-06,1105,12442,NA,1,1,9,3300,0,1,1,NA,2,302,RT 10,COTTONWOOD SPRING RD,10032,E,N,A,-,Y,RIV,8,10,-,-,83.4,H,-,E,Y,4,0,1,1,A,-,08,22107,NA,N,F,A,A,A,H,-,A,D,1,NA,NA,Y,NA,Y,NA,C,02,0,0,1,0,0,0,0,0,1,-,-,33.65984,-115.77041,RIVERSIDE,UNINCORPORATED,-115.76764875,33.65991415
6388782,2014,2014-06-04,3300,2014-01-23,0840,N3672,916D,4,5,4,3312,0,0,0,NA,0,035,G ST,4TH ST,0,NA,Y,A,-,N,NA,NA,NA,NA,NA,NA,NA,NA,NA,N,3,0,1,2,A,-,10,21950,A,N,G,B,B,A,H,-,A,A,0,Y,NA,NA,NA,Y,NA,A,01,0,1,0,0,1,0,0,0,0,-,-,NA,NA,RIVERSIDE,PERRIS,-117.22174003,33.78237003
6389303,2014,2014-06-25,3313,2014-02-18,1949,1384,W,2,5,7,3313,0,0,0,NA,0,M17,RIVERWALK PKWY,FLAT ROCK RD,11,N,N,A,-,N,NA,NA,NA,NA,NA,NA,NA,NA,NA,N,4,0,1,2,A,-,03,22350,NA,N,C,C,A,A,H,-,C,A,0,NA,NA,NA,NA,Y,NA,A,07,0,0,1,0,0,0,0,0,0,-,-,NA,NA,RIVERSIDE,RIVERSIDE,-117.49368744,33.90382826
6396617,2014,2016-03-17,9685,2014-02-24,1800,012453,NA,1,2,4,3307,0,1,1,NA,2,010,RT 15,DIAMOND DR,1974,N,N,A,-,Y,RIV,8,15,-,-,19.57,H,-,S,Y,3,0,1,2,A,-,07,21658,A,N,B,C,A,A,H,-,D,D,1,NA,NA,NA,Y,Y,NA,A,07,0,1,0,0,0,0,0,0,0,-,-,33.6661,-117.3032,RIVERSIDE,LAKE ELSINORE,-117.30390052,33.66644373
6399728,2014,2014-06-19,3313,2014-02-26,1626,1475,C,3,5,7,3313,0,0,0,NA,0,T40,VAN BUREN BL,DUFFERIN AV,565,N,N,B,-,N,NA,NA,NA,NA,NA,NA,NA,NA,NA,Y,3,0,3,3,A,-,01,23152,A,N,C,C,A,A,H,-,A,A,0,NA,NA,NA,NA,Y,Y,A,01,0,1,2,0,0,0,0,0,0,-,-,NA,NA,RIVERSIDE,RIVERSIDE,-117.42952851,33.89952758
6401405,2014,2014-06-18,3311,2014-02-10,0915,15648,NA,1,5,4,3311,0,0,0,NA,0,005,SUNRISE WY,EAST PALM CANYON DR,0,NA,Y,A,-,N,NA,NA,NA,NA,NA,NA,NA,NA,NA,N,4,0,1,2,A,-,10,21950,A,N,G,B,B,A,H,-,A,A,0,Y,NA,NA,NA,Y,NA,A,01,0,0,1,0,1,0,0,0,0,-,-,NA,NA,RIVERSIDE,PALM SPRINGS,-116.52828006,33.80140007