CASE_ID,ACCIDENT_YEAR,PROC_DATE,JURIS,COLLISION_DATE,COLLISION_TIME,OFFICER_ID,REPORTING_DISTRICT,DAY_OF_WEEK,CHP_SHIFT,POPULATION,CNTY_CITY_LOC,SPECIAL_COND,BEAT_TYPE,CHP_BEAT_TYPE,CITY_DIVISION_LAPD,CHP_BEAT_CLASS,BEAT_NUMBER,PRIMARY_RD,SECONDARY_RD,DISTANCE,DIRECTION,INTERSECTION,WEATHER_1,WEATHER_2,STATE_HWY_IND,CALTRANS_COUNTY,CALTRANS_DISTRICT,STATE_ROUTE,ROUTE_SUFFIX,POSTMILE_PREFIX,POSTMILE,LOCATION_TYPE,RAMP_INTERSECTION,SIDE_OF_HWY,TOW_AWAY,COLLISION_SEVERITY,NUMBER_KILLED,NUMBER_INJURED,PARTY_COUNT,PRIMARY_COLL_FACTOR,PCF_CODE_OF_VIOL,PCF_VIOL_CATEGORY,PCF_VIOLATION,PCF_VIOL_SUBSECTION,HIT_AND_RUN,TYPE_OF_COLLISION,MVIW,PED_ACTION,ROAD_SURFACE,ROAD_COND_1,ROAD_COND_2,LIGHTING,CONTROL_DEVICE,CHP_ROAD_TYPE,PEDESTRIAN_ACCIDENT,BICYCLE_ACCIDENT,MOTORCYCLE_ACCIDENT,TRUCK_ACCIDENT,NOT_PRIVATE_PROPERTY,ALCOHOL_INVOLVED,STWD_VEHTYPE_AT_FAULT,CHP_VEHTYPE_AT_FAULT,COUNT_SEVERE_INJ,COUNT_VISIBLE_INJ,COUNT_COMPLAINT_PAIN,COUNT_PED_KILLED,COUNT_PED_INJURED,COUNT_BICYCLIST_KILLED,COUNT_BICYCLIST_INJURED,COUNT_MC_KILLED,COUNT_MC_INJURED,PRIMARY_RAMP,SECONDARY_RAMP,LATITUDE,LONGITUDE,COUNTY,CITY,POINT_X,POINT_Y
6630357,2014,2014-10-16,3300,2014-08-02,1015,4071,604A5,6,5,6,3394,0,0,0,NA,0,MV42,LASSELLE ST,CACTUS AV,225,N,N,A,-,N,NA,NA,NA,NA,NA,NA,NA,NA,NA,N,3,0,1,2,A,-,03,22350,NA,N,C,C,A,A,H,-,A,D,0,NA,NA,Y,NA,Y,NA,C,02,0,1,0,0,0,0,0,0,1,-,-,NA,NA,RIVERSIDE,MORENO VALLEY,-117.20898,33.91071634
6631129,2014,2014-10-01,3300,2014-08-08,1639,3774,602D1,5,5,6,3394,0,0,0,NA,0,026,PERRIS BL,SUNNYMEAD BL,24,N,N,A,-,N,NA,NA,NA,NA,NA,NA,NA,NA,NA,Y,3,0,1,2,A,-,01,23152,A,N,C,C,A,A,H,-,A,A,0,NA,NA,Y,NA,Y,NA,C,02,0,1,0,0,0,0,0,0,1,-,-,NA,NA,RIVERSIDE,MORENO VALLEY,-117.22638,33.93918575
6632270,2014,2014-10-21,3308,2014-09-03,1433,6955,545,3,5,5,3308,0,0,0,NA,0,SOUTH,STETSON AV,LYON AV,0,NA,Y,A,-,N,NA,NA,NA,NA,NA,NA,NA,NA,NA,Y,3,0,3,2,A,-,12,21453,A,N,D,C,A,A,H,-,A,A,0,NA,NA,NA,NA,Y,NA,A,07,0,1,2,0,0,0,0,0,0,-,-,NA,NA,RIVERSIDE,HEMET,-116.989,33.72934001
6632333,2014,2016-04-30,9630,2014-09-07,2225,020445,NA,7,3,9,3300,0,1,1,NA,2,021,RT 10,WASHINGTON ST,5280,W,N,A,-,Y,RIV,8,10,-,-,49.45,H,-,E,Y,4,0,2,1,A,-,08,22107,NA,N,E,I,A,A,H,-,E,D,1,NA,NA,NA,NA,Y,NA,A,08,0,0,2,0,0,0,0,0,0,-,-,33.76666,-116.32152,RIVERSIDE,UNINCORPORATED,-116.31735376,33.76458108
6632344,2014,2014-09-25,3313,2014-07-29,2237,1789,WEST,2,5,7,3313,0,0,0,NA,0,A415,RIVERWALK PKWY,COLLETT AV,0,NA,Y,A,-,N,NA,NA,NA,NA,NA,NA,NA,NA,NA,N,3,0,1,2,A,-,10,21950,A,F,G,B,B,A,H,-,C,A,0,Y,NA,NA,NA,Y,NA,A,01,0,1,0,0,1,0,0,0,0,-,-,NA,NA,RIVERSIDE,RIVERSIDE,-117.49408009,33.90603005
6632477,2014,2014-10-09,3300,2014-09-09,1940,N4218,910E,2,5,5,3335,0,0,0,NA,0,062,JEFFERSON AV,VIA MONTEZUMA,316,N,N,A,-,N,NA,NA,NA,NA,NA,NA,NA,NA,NA,Y,4,0,1,2,A,-,09,21804,A,N,D,C,A,A,H,-,C,D,0,NA,NA,NA,NA,Y,Y,A,01,0,0,1,0,0,0,0,0,0,-,-,NA,NA,RIVERSIDE,TEMECULA,-117.15875196,33.51206102
6633080,2014,2016-04-30,9840,2014-09-17,1700,16342,NA,3,2,4,3307,0,1,1,NA,2,037,RT 15,LAKE ST,2100,S,N,A,-,Y,RIV,8,15,-,-,26.29,H,-,N,Y,3,0,1,1,A,-,08,22107,NA,N,F,A,A,A,H,-,A,D,1,NA,NA,NA,NA,Y,NA,D,22,0,1,0,0,0,0,0,0,0,-,-,33.72881,-117.38273,RIVERSIDE,LAKE ELSINORE,-117.38708026,33.7296158
6633237,2014,2016-04-30,9840,2014-09-12,2150,017037,NA,5,2,7,3313,0,1,3,NA,2,020,RT 91,TYLER ST,1100,W,N,A,-,Y,RIV,8,91,-,-,12.83,H,-,W,Y,4,0,3,2,A,-,03,22350,NA,N,C,C,A,A,H,-,C,D,1,NA,NA,NA,NA,Y,NA,A,01,0,0,3,0,0,0,0,0,0,-,-,33.90381,-117.46172,RIVERSIDE,RIVERSIDE,-117.46005293,33.90459908
6634015,2014,2016-04-30,9630,2014-09-16,2309,020840,NA,2,3,9,3300,0,1,3,NA,1,074,RT 74,VISTA POINT,3168,E,N,A,-,Y,RIV,8,74,-,-,88.03,H,-,E,Y,3,0,1,1,A,-,01,23152,A,N,E,I,A,A,H,-,D,D,0,NA,NA,NA,NA,Y,Y,A,01,0,1,0,0,0,0,0,0,0,-,-,33.65665,-116.40294,RIVERSIDE,UNINCORPORATED,-116.40771346,33.6456647
6637206,2014,2014-10-09,3313,2014-09-17,0924,127,WEST,3,5,7,3313,0,0,0,NA,0,T53,NORWOOD AV,ARLINGTON AV,0,NA,Y,A,-,N,NA,NA,NA,NA,NA,NA,NA,NA,NA,Y,3,0,3,2,A,-,09,21802,A,N,D,C,A,A,H,-,A,A,0,NA,NA,NA,NA,Y,NA,A,01,0,2,1,0,0,0,0,0,0,-,-,NA,NA,RIVERSIDE,RIVERSIDE,-117.48648,33.94442003
6637210,2014,2014-10-09,3313,2014-09-16,0001,1026,N,2,5,7,3313,0,0,0,NA,0,T52,MAGNOLIA AV,BANDINI AV,0,NA,Y,A,-,N,NA,NA,NA,NA,NA,NA,NA,NA,NA,N,3,0,1,2,A,-,10,21950,A,N,G,B,B,A,H,-,A,A,0,Y,NA,NA,NA,Y,NA,A,01,0,1,0,0,1,0,0,0,0,-,-,NA,NA,RIVERSIDE,RIVERSIDE,-117.38831002,33.96611002
6637254,2014,2014-10-09,3313,2014-09-23,0558,1026,N,2,5,7,3313,0,0,0,NA,0,T52,W LA CADENA DR,W LA CADENA DR 1021,731,E,N,A,-,N,NA,NA,NA,NA,NA,NA,NA,NA,NA,Y,3,0,2,2,A,-,09,21801,A,N,D,C,A,A,H,-,B,D,0,NA,NA,NA,NA,Y,NA,A,07,0,1,1,0,0,0,0,0,0,-,-,NA,NA,RIVERSIDE,RIVERSIDE,NA,NA
6640414,2014,2016-04-15,3300,2014-09-04,1630,4505,80C6,4,5,3,3305,0,0,0,NA,0,NA,JACKSON ST,AVE 48,500,S,N,A,-,N,NA,NA,NA,NA,NA,NA,NA,NA,NA,Y,3,0,1,2,A,-,-,NA,NA,N,C,C,A,A,H,-,A,A,0,NA,NA,Y,NA,Y,NA,C,02,0,1,0,0,0,0,0,0,1,-,-,NA,NA,RIVERSIDE,COACHELLA,-116.21646,33.69896238
6640800,2014,2014-10-07,3300,2014-05-03,1838,4439,002C,6,5,6,3345,0,0,0,NA,0,020,PEDLEY RD,MISSION BL,13,S,N,A,-,N,NA,NA,NA,NA,NA,NA,NA,NA,NA,N,4,0,1,2,A,-,12,21453,A,M,D,C,A,A,H,-,A,A,0,NA,NA,NA,NA,Y,NA,A,01,0,0,1,0,0,0,0,0,0,-,-,NA,NA,RIVERSIDE,JURUPA VALLEY,-117.47544,34.01175438
6642567,2014,2014-10-24,9655,2014-09-16,0724,013757,NA,2,1,9,3300,0,3,5,NA,2,003,GILMAN SPRINGS RD,SUBLETTE RD,1606,W,N,A,-,N,NA,NA,NA,NA,NA,NA,NA,NA,NA,Y,4,0,2,2,A,-,05,21460,A,N,A,C,A,A,H,-,A,D,0,NA,NA,NA,NA,Y,NA,A,01,0,0,2,0,0,0,0,0,0,-,-,33.83391,-116.98822,RIVERSIDE,UNINCORPORATED,-116.98385726,33.83220983
6644875,2014,2014-10-10,3300,2014-09-12,1853,4391,601 B,5,5,6,3394,0,0,0,NA,0,012,RECHE VISTA DR,PERRIS BL,185,S,N,A,-,N,NA,NA,NA,NA,NA,NA,NA,NA,NA,Y,4,0,1,1,A,-,01,23152,A,N,E,I,A,A,H,-,B,A,0,NA,NA,NA,NA,Y,Y,A,01,0,0,1,0,0,0,0,0,0,-,-,NA,NA,RIVERSIDE,MORENO VALLEY,NA,NA
6645781,2014,2016-04-30,9685,2014-09-28,0820,14349,NA,7,1,9,3300,0,1,3,NA,1,045,RT 79,SAGE RD,1056,S,N,A,-,Y,RIV,8,79,-,-,5.6,H,-,S,Y,4,0,1,1,A,-,08,22107,NA,N,E,I,A,A,H,-,A,D,0,NA,NA,NA,NA,Y,NA,A,08,0,0,1,0,0,0,0,0,0,-,-,NA,NA,RIVERSIDE,UNINCORPORATED,-116.91156611,33.46215704
6645906,2014,2014-10-14,3300,2014-09-11,1800,4338,920A,4,5,4,3314,0,0,0,NA,0,074,RAMONA EXPWY,CHASE ST,0,NA,Y,A,-,N,NA,NA,NA,NA,NA,NA,NA,NA,NA,Y,3,0,1,2,A,-,12,21453,A,N,D,C,A,A,H,-,A,A,0,NA,NA,NA,NA,Y,NA,D,22,0,1,0,0,0,0,0,0,0,-,-,NA,NA,RIVERSIDE,SAN JACINTO,-116.97720002,33.80434011
6645932,2014,2014-10-16,3300,2014-09-18,1715,5197,36G1,4,5,4,3318,0,0,0,NA,0,036,MONTEREY AV,COUNTRY CLUB DR,572,S,N,A,-,N,NA,NA,NA,NA,NA,NA,NA,NA,NA,N,4,0,1,3,A,-,03,22350,NA,N,C,C,A,A,H,-,A,A,0,NA,NA,NA,NA,Y,NA,A,01,0,0,1,0,0,0,0,0,0,-,-,NA,NA,RIVERSIDE,PALM DESERT,-116.39128674,33.75637516
6647486,2014,2014-10-15,3300,2014-08-22,0936,N4444,011M,5,5,4,3344,0,0,0,NA,0,063,LIMONITE AV,MULAN ST,0,NA,Y,A,-,N,NA,NA,NA,NA,NA,NA,NA,NA,NA,Y,4,0,1,2,A,-,09,21802,A,N,D,-,A,A,H,-,A,A,0,NA,NA,NA,NA,Y,NA,-,NA,0,0,1,0,0,0,0,0,0,-,-,NA,NA,RIVERSIDE,EASTVALE,-117.57120004,33.97531004
6650787,2014,2014-10-24,3300,2014-09-10,1730,3698,002V,3,5,6,3345,0,0,0,NA,0,026,LIMONITE AV,DODD ST,0,NA,Y,A,-,N,NA,NA,NA,NA,NA,NA,NA,NA,NA,N,4,0,1,2,A,-,11,21956,NA,N,G,B,D,A,H,-,A,D,0,Y,NA,NA,NA,Y,NA,N,60,0,0,1,0,1,0,0,0,0,-,-,NA,NA,RIVERSIDE,JURUPA VALLEY,-117.50911005,33.97535006
6652918,2014,2016-01-15,3300,2014-09-10,1510,2093,30A2,3,5,4,3318,0,0,0,NA,0,MO875,FRED WARING DR,RT 111,51,S,N,A,-,N,NA,NA,NA,NA,NA,NA,NA,NA,NA,N,4,0,4,3,A,-,03,22350,NA,N,C,C,A,-,H,-,A,A,0,NA,NA,NA,NA,Y,NA,B,01,0,0,4,0,0,0,0,0,0,-,-,NA,NA,RIVERSIDE,PALM DESERT,-116.40284723,33.7285787
6657805,2014,2016-05-06,9840,2014-09-24,1700,013968,NA,3,2,4,3312,0,1,1,NA,2,041,RT 215,REDLANDS AV,2640,N,N,A,-,Y,RIV,8,215,-,-,26.81,H,-,S,Y,4,0,1,2,A,-,03,22350,NA,N,C,C,A,A,H,-,A,D,1,NA,NA,NA,NA,Y,NA,A,01,0,0,1,0,0,0,0,0,0,-,-,33.7853,-117.22341,RIVERSIDE,PERRIS,-117.22301551,33.78835448
6657933,2014,2014-12-10,9840,2014-10-01,1320,12208,NA,3,1,9,3300,0,1,1,NA,2,037,RT 15,LAKE ST,2247,N,N,A,-,Y,NA,NA,NA,NA,NA,NA,NA,NA,NA,Y,3,0,1,1,C,-,18,NA,NA,N,H,A,A,A,H,-,A,D,0,NA,NA,NA,NA,Y,NA,-,-,0,1,0,0,0,0,0,0,0,-,-,33.4352,-117.24021,RIVERSIDE,UNINCORPORATED,-117.39357,33.73018
6658019,2014,2016-04-30,9840,2014-09-29,2226,15663,NA,1,3,7,3313,0,1,3,NA,2,026,RT 60,ORANGE ST,2400,E,N,A,-,Y,RIV,8,60,-,-,12.258,R,2,E,Y,4,0,1,1,A,-,08,22107,NA,N,E,I,A,A,H,-,C,D,1,NA,NA,NA,NA,Y,NA,A,01,0,0,1,0,0,0,0,0,0,-,-,33.99325,-117.3566,RIVERSIDE,RIVERSIDE,-117.35585545,33.99253672
6658051,2014,2016-04-30,9840,2014-09-26,2315,15800,NA,5,3,9,3300,0,1,1,NA,2,011,RT 15,LIMONITE AV,750,S,N,A,-,Y,RIV,8,15,-,-,48.12,H,-,N,Y,3,0,1,1,A,-,08,22107,NA,N,E,I,A,A,H,-,C,D,1,NA,NA,Y,NA,Y,NA,C,02,0,1,0,0,0,0,0,0,1,-,-,33.5021,-117.3146,RIVERSIDE,UNINCORPORATED,-117.54871232,33.97319415
6658961,2014,2014-12-09,3313,2014-10-02,1948,1222,EAST,4,5,7,3313,0,0,0,NA,0,T41,TRAUTWEIN RD,VERANDA LN,12,N,N,A,-,N,NA,NA,NA,NA,NA,NA,NA,NA,NA,N,4,0,1,2,A,-,03,22350,NA,N,C,C,A,A,H,-,C,D,0,NA,NA,NA,NA,Y,NA,A,07,0,0,1,0,0,0,0,0,0,-,-,NA,NA,RIVERSIDE,RIVERSIDE,-117.32545072,33.89948164
6658966,2014,2014-12-09,9685,2014-10-03,1235,12187,NA,5,1,5,3335,0,1,1,NA,2,030,RT 15,SANTIAGO RD,850,S,N,A,-,Y,NA,NA,15,NA,NA,NA,NA,NA,NA,Y,4,0,1,2,A,-,03,22350,NA,N,C,C,A,A,H,-,A,D,0,NA,NA,NA,NA,Y,NA,A,01,0,0,1,0,0,0,0,0,0,-,-,33.48861,-117.14396,RIVERSIDE,TEMECULA,-117.14381391,33.48866407
6659754,2014,2014-10-20,3300,2014-09-02,1740,4304,002I,2,5,6,3345,0,0,0,NA,0,022,RIVERSIDE DR,WINEVILLE AV,1246,W,N,A,-,N,NA,NA,NA,NA,NA,NA,NA,NA,NA,N,4,0,1,2,A,-,03,22350,NA,N,C,C,A,A,H,-,A,D,0,NA,NA,NA,NA,Y,NA,A,01,0,0,1,0,0,0,0,0,0,-,-,NA,NA,RIVERSIDE,JURUPA VALLEY,-117.54602017,34.0187286
6660123,2014,2014-10-22,3300,2014-09-06,2213,3775,602D3,6,5,6,3394,0,0,0,NA,0,MV26,MORENO WY,RAMONA LN,15,S,N,A,-,N,NA,NA,NA,NA,NA,NA,NA,NA,NA,N,3,0,1,2,A,-,08,22107,NA,F,G,B,E,A,H,-,C,D,0,Y,NA,NA,NA,Y,NA,A,01,0,1,0,0,1,0,0,0,0,-,-,NA,NA,RIVERSIDE,MORENO VALLEY,-117.23021809,33.92666894
6661935,2014,2014-11-12,3300,2014-09-12,1502,4303,910,5,5,5,3335,0,0,0,NA,0,088,CALLESTTO VALLARTA,CORTE LERMA,27,W,N,A,-,N,NA,NA,NA,NA,NA,NA,NA,NA,NA,N,3,0,1,2,A,-,11,21954,A,N,G,B,D,A,H,-,A,D,0,Y,NA,NA,NA,Y,NA,A,01,0,1,0,0,1,0,0,0,0,-,-,NA,NA,RIVERSIDE,TEMECULA,-117.09203684,33.46297955
6661962,2014,2016-04-30,9655,2014-08-10,0324,19634,NA,7,3,9,3300,0,1,3,NA,2,212,RT 60,JACK RABBIT TRL,50,E,N,A,-,Y,RIV,8,60,-,-,27.98,H,-,E,Y,4,0,1,2,C,-,18,NA,NA,N,A,C,A,A,H,-,D,D,1,NA,NA,NA,NA,Y,NA,-,-,0,0,1,0,0,0,0,0,0,-,-,33.93389,-117.0333,RIVERSIDE,UNINCORPORATED,-117.03338448,33.93390502
6661966,2014,2016-04-30,9655,2014-08-10,0320,19049,NA,7,3,9,3300,0,1,3,NA,2,212,RT 60,JACK RABBIT TRL,0,NA,Y,A,-,Y,RIV,8,60,-,-,27.979,I,5,E,Y,3,0,1,2,A,-,01,23152,A,N,D,C,A,A,H,-,D,A,1,NA,NA,NA,NA,Y,Y,A,01,0,1,0,0,0,0,0,0,0,-,-,33.93382,-117.03339,RIVERSIDE,UNINCORPORATED,-117.03340076,33.9339117
6663787,2014,2016-04-30,9840,2014-09-30,1655,12585,NA,2,2,6,3394,0,1,3,NA,2,025,RT 60,DAY ST,1300,E,N,A,-,Y,RIV,8,60,-,-,13.59,H,-,E,Y,3,0,2,5,A,-,03,22350,NA,N,C,C,A,A,H,-,A,D,1,NA,NA,NA,NA,Y,NA,A,01,0,2,0,0,0,0,0,0,0,-,-,33.94148,-117.27376,RIVERSIDE,MORENO VALLEY,-117.27434771,33.94172952
6664463,2014,2014-10-20,3300,2014-08-21,1511,4050,011K,4,5,4,3344,0,0,0,NA,0,061,68TH ST,HAMNER AV,125,W,N,A,-,N,NA,NA,NA,NA,NA,NA,NA,NA,NA,N,4,0,1,2,A,-,11,21956,NA,N,G,B,D,A,H,-,A,D,0,Y,NA,NA,NA,Y,NA,N,60,0,0,1,0,1,0,0,0,0,-,-,NA,NA,RIVERSIDE,EASTVALE,-117.55876112,33.96448
6664557,2014,2014-10-29,3311,2014-09-23,0546,15161,DSERT,2,5,4,3311,0,0,0,NA,0,006,EAST RAMON RD,PASEO DOROTEA,0,NA,Y,A,-,N,NA,NA,NA,NA,NA,NA,NA,NA,NA,Y,3,0,2,2,A,-,09,21801,A,N,D,C,A,A,H,-,B,A,0,NA,NA,NA,NA,Y,NA,A,01,0,1,1,0,0,0,0,0,0,-,-,NA,NA,RIVERSIDE,PALM SPRINGS,-116.50181002,33.81586004
6664769,2014,2015-01-15,3300,2014-09-23,0755,N2646,603C5,2,5,6,3394,0,0,0,NA,0,036,CAROLINA AV,CHERI WY,10,N,N,A,-,N,NA,NA,NA,NA,NA,NA,NA,NA,NA,N,4,0,1,2,A,-,08,22107,NA,N,B,G,A,A,H,-,A,D,0,NA,Y,NA,NA,Y,NA,L,04,0,0,1,0,0,0,1,0,0,-,-,NA,NA,RIVERSIDE,MORENO VALLEY,-117.20954029,33.90117739
6664773,2014,2015-09-17,3300,2014-09-10,1951,3536,604D2,3,5,6,3394,0,0,0,NA,0,MV46,MORENO BEACH DR,BAY AV,0,NA,Y,A,-,N,NA,NA,NA,NA,NA,NA,NA,NA,NA,Y,4,0,1,2,A,-,09,21802,A,N,D,C,A,A,D,-,-,A,0,NA,NA,NA,NA,Y,NA,-,-,0,0,1,0,0,0,0,0,0,-,-,NA,NA,RIVERSIDE,MORENO VALLEY,-117.17420006,33.92100012
6665035,2014,2014-10-24,3300,2014-08-29,1800,3775,604C3,5,5,6,3394,0,0,0,NA,0,NMV44,LASSELLE ST,IRIS AV,287,N,N,A,-,N,NA,NA,NA,NA,NA,NA,NA,NA,NA,N,4,0,1,2,B,-,22,NA,NA,F,D,G,A,A,-,-,A,D,0,NA,Y,NA,NA,Y,NA,A,01,0,0,1,0,0,0,1,0,0,-,-,NA,NA,RIVERSIDE,MORENO VALLEY,-117.20755008,33.89174939
6665134,2014,2014-10-28,3313,2014-09-12,1557,1783,WEST,5,5,7,3313,0,0,0,NA,0,C410,RIVERWALK PKWY,FLAT ROCK RD,125,S,N,A,-,N,NA,NA,NA,NA,NA,NA,NA,NA,NA,N,4,0,1,3,A,-,03,22350,NA,N,C,C,A,A,H,-,A,A,0,NA,NA,NA,NA,Y,NA,D,22,0,0,1,0,0,0,0,0,0,-,-,NA,NA,RIVERSIDE,RIVERSIDE,-117.49385264,33.903482
6665259,2014,2014-11-04,3300,2014-09-30,1211,4449,002M,2,5,6,3345,0,0,0,NA,0,024,LIMONITE AV,PEDLEY RD,32,E,N,A,-,N,NA,NA,NA,NA,NA,NA,NA,NA,NA,N,4,0,2,3,A,-,03,22350,NA,N,C,C,A,A,H,-,A,A,0,NA,NA,NA,NA,Y,NA,A,01,0,0,2,0,0,0,0,0,0,-,-,NA,NA,RIVERSIDE,JURUPA VALLEY,-117.47381989,33.97579294
6666307,2014,2014-12-12,3313,2014-10-07,1644,482,NA,2,5,7,3313,0,0,0,NA,0,C126,MARKET ST,N REDWOOD DR,165,N,N,A,-,N,NA,NA,NA,NA,NA,NA,NA,NA,NA,Y,4,0,1,2,A,-,03,22350,NA,N,C,C,A,A,H,-,A,D,0,NA,NA,NA,NA,Y,NA,-,NA,0,0,1,0,0,0,0,0,0,-,-,NA,NA,RIVERSIDE,RIVERSIDE,-117.37366196,33.99924119
6668175,2014,2014-10-27,3308,2014-09-23,0730,10219,284,2,5,5,3308,0,0,0,NA,0,NORTH,FRUITVALE AV,PALM AV,0,NA,Y,A,-,N,NA,NA,NA,NA,NA,NA,NA,NA,NA,N,4,0,1,2,A,-,10,21950,A,N,G,B,B,A,H,-,A,A,0,Y,NA,NA,NA,Y,NA,A,01,0,0,1,0,1,0,0,0,0,-,-,NA,NA,RIVERSIDE,HEMET,-116.98045012,33.76198006
6669561,2014,2014-12-11,3300,2014-09-04,1416,4345,34G2,4,5,4,3318,0,0,0,NA,0,MO876,HOVLEY LN EAST,WASHINGTON ST,322,W,N,A,-,N,NA,NA,NA,NA,NA,NA,NA,NA,NA,Y,3,0,1,2,A,-,08,21460,5,N,D,C,A,A,H,-,A,D,0,NA,NA,NA,NA,Y,NA,I,11,0,1,0,0,0,0,0,0,0,-,-,NA,NA,RIVERSIDE,PALM DESERT,NA,NA
6672269,2014,2014-12-15,9685,2014-10-10,1050,013562,NA,5,1,9,3300,0,1,3,NA,2,011,RT 74,RIVERSIDE / ORANGE COUNTY LINE,21120,E,N,A,-,Y,NA,NA,74,NA,NA,NA,NA,NA,NA,Y,4,0,1,4,A,-,05,21460,A,N,B,C,A,A,H,-,A,D,0,NA,NA,NA,NA,Y,NA,A,08,0,0,1,0,0,0,0,0,0,-,-,33.62101,-117.42558,RIVERSIDE,UNINCORPORATED,-117.4255811,33.62101107
6674327,2014,2014-12-17,9840,2014-10-08,0715,13500,NA,3,1,9,3300,0,3,5,NA,2,002,RECHE CANYON RD,WHITTIER ST,154,S,N,A,-,N,NA,NA,NA,NA,NA,NA,NA,NA,NA,Y,4,0,1,2,A,-,03,22350,NA,N,C,C,A,A,H,-,A,D,0,NA,NA,NA,NA,Y,NA,A,01,0,0,1,0,0,0,0,0,0,-,-,NA,NA,RIVERSIDE,UNINCORPORATED,-117.26831015,34.01602712
6674441,2014,2014-12-17,9840,2014-10-10,1635,13500,NA,5,2,6,3345,0,1,1,NA,2,011,RT 15,RIVERSIDE DR,75,S,N,A,-,Y,NA,NA,15,NA,NA,NA,NA,NA,NA,Y,4,0,1,3,A,-,03,22350,NA,N,C,C,A,A,H,-,A,D,0,NA,NA,NA,NA,Y,NA,A,01,0,0,1,0,0,0,0,0,0,-,-,34.01924,-117.54989,RIVERSIDE,JURUPA VALLEY,-117.55005741,34.01923804
6675852,2014,2016-02-25,3309,2014-10-03,1550,460,3309,5,5,4,3309,0,0,0,NA,0,003,RT 111,MONROE ST,325,E,N,A,-,N,NA,NA,NA,NA,NA,NA,NA,NA,NA,N,3,0,1,2,A,-,08,22107,NA,N,B,C,A,A,H,-,A,A,0,NA,NA,NA,NA,Y,NA,A,01,0,1,0,0,0,0,0,0,0,-,-,NA,NA,RIVERSIDE,INDIO,-116.23280046000001,33.71479233
6676406,2014,2015-02-09,3302,2014-11-08,2500,727,3302,6,5,3,3302,0,0,0,NA,0,002,SUNDANCE DR,IVY CT,22,S,N,A,-,N,NA,NA,NA,NA,NA,NA,NA,NA,NA,Y,4,0,2,2,A,-,09,21802,A,N,D,C,A,A,H,-,B,A,0,NA,NA,NA,NA,Y,NA,A,01,0,0,2,0,0,0,0,0,0,-,-,NA,NA,RIVERSIDE,BEAUMONT,-116.94957,33.94011
6676564,2014,2014-12-17,3300,2014-10-20,0737,N2171,24B3,1,5,3,3317,0,0,0,NA,0,25372,GERALD FORD,INVERNESS,16,E,N,A,-,N,NA,NA,NA,NA,NA,NA,NA,NA,NA,Y,4,0,1,2,A,-,09,21801,A,N,D,C,A,A,H,-,A,A,0,NA,NA,NA,NA,Y,NA,A,07,0,0,1,0,0,0,0,0,0,-,-,NA,NA,RIVERSIDE,RANCHO MIRAGE,-116.42338757,33.78710086
6677930,2014,2014-12-15,9840,2014-10-09,0650,17162,NA,4,1,6,3315,0,1,3,NA,2,301,RT 91,WEST 6TH ST,528,W,N,A,-,Y,NA,NA,NA,NA,NA,NA,NA,NA,NA,N,4,0,1,2,A,-,03,22350,NA,N,C,C,A,A,D,-,A,A,0,NA,NA,Y,NA,Y,NA,C,02,0,0,1,0,0,0,0,0,1,-,-,33.12094,-117.23828,RIVERSIDE,CORONA,NA,NA
6678252,2014,2014-10-29,3300,2014-08-06,0423,3536,601G5,3,5,6,3394,0,0,0,NA,0,MV18,REDLANDS AV,JUNIPER AV,14,N,N,A,-,N,NA,NA,NA,NA,NA,NA,NA,NA,NA,Y,1,1,0,1,A,-,08,22107,NA,N,E,I,A,A,H,-,C,D,0,NA,NA,NA,NA,Y,NA,A,01,0,0,0,0,0,0,0,0,0,-,-,NA,NA,RIVERSIDE,MORENO VALLEY,-117.15675981,33.95001835
6678322,2017,2018-01-26,3300,2017-04-12,2054,3775,603C2,3,5,6,3394,0,0,0,NA,0,MV36,JOHNNY F KENNEDY DR,ELY DR,35,W,N,A,-,N,NA,NA,NA,NA,NA,NA,NA,NA,NA,Y,1,1,0,1,A,-,01,23152,A,N,E,I,A,A,H,-,C,D,0,NA,NA,Y,NA,Y,Y,C,02,0,0,0,0,0,0,0,1,0,-,-,33.90286,-117.2201,RIVERSIDE,MORENO VALLEY,-117.21990498,33.90276
6678349,2017,2018-01-23,3309,2017-08-18,2500,443,3309,5,5,4,3309,0,0,0,NA,0,002,AVE 43,CALHOUN ST,400,E,N,A,-,N,NA,NA,NA,NA,NA,NA,NA,NA,NA,Y,1,1,0,2,A,-,11,21954,A,F,G,B,D,A,H,-,A,A,0,Y,NA,NA,NA,Y,NA,N,60,0,0,0,1,0,0,0,0,0,-,-,NA,NA,RIVERSIDE,INDIO,-116.20674029,33.73671001
6678540,2014,2014-12-11,9840,2014-10-15,0800,14916,NA,3,1,7,3313,0,1,3,NA,2,020,RT 91,ADAMS ST,1584,E,N,B,-,Y,NA,NA,91,NA,NA,NA,NA,NA,NA,Y,4,0,2,2,A,-,03,22350,NA,N,C,C,A,A,D,H,A,D,0,NA,NA,NA,NA,Y,NA,A,01,0,0,2,0,0,0,0,0,0,-,-,33.9304,-117.41502,RIVERSIDE,RIVERSIDE,-117.41494555,33.93027121
6678988,2014,2014-12-18,9840,2014-10-17,0655,17169,NA,5,1,6,3315,0,1,3,NA,2,030,RT 91,SERFAS CLUB DR,500,E,N,A,-,Y,NA,NA,91,NA,NA,NA,NA,NA,NA,N,4,0,1,2,A,-,03,22350,NA,N,C,C,A,A,D,-,A,D,0,NA,NA,NA,NA,Y,NA,A,01,0,0,1,0,0,0,0,0,0,-,-,33.87838,-117.65967,RIVERSIDE,CORONA,-117.65909921,33.87773072
6679185,2014,2014-12-22,9685,2014-10-08,0655,14488,NA,3,1,4,3342,0,1,1,NA,2,034,RT 215,MURRIETA HOT SPRINGS RD,5280,N,N,-,-,Y,NA,NA,215,NA,NA,NA,NA,NA,NA,Y,3,0,1,2,A,-,07,21658,A,N,B,C,A,A,H,-,A,D,0,NA,NA,Y,NA,Y,NA,A,01,0,1,0,0,0,0,0,0,1,TO,-,33.54959,-117.18158,RIVERSIDE,MURRIETA,-117.18166264,33.54958342
6679493,2014,2016-05-03,9840,2014-09-27,1310,17162,NA,6,1,9,3300,0,1,1,NA,2,034,RT 15,CAJALCO RD,1383,S,N,A,-,Y,RIV,8,15,-,-,36.55,H,-,S,Y,4,0,4,5,A,-,03,22350,NA,N,C,C,A,A,H,-,A,D,1,NA,NA,NA,NA,Y,NA,A,01,0,0,4,0,0,0,0,0,0,-,-,33.17984,-117.49464,RIVERSIDE,UNINCORPORATED,-117.51541081,33.81856058