CASE_ID,ACCIDENT_YEAR,PROC_DATE,JURIS,COLLISION_DATE,COLLISION_TIME,OFFICER_ID,REPORTING_DISTRICT,DAY_OF_WEEK,CHP_SHIFT,POPULATION,CNTY_CITY_LOC,SPECIAL_COND,BEAT_TYPE,CHP_BEAT_TYPE,CITY_DIVISION_LAPD,CHP_BEAT_CLASS,BEAT_NUMBER,PRIMARY_RD,SECONDARY_RD,DISTANCE,DIRECTION,INTERSECTION,WEATHER_1,WEATHER_2,STATE_HWY_IND,CALTRANS_COUNTY,CALTRANS_DISTRICT,STATE_ROUTE,ROUTE_SUFFIX,POSTMILE_PREFIX,POSTMILE,LOCATION_TYPE,RAMP_INTERSECTION,SIDE_OF_HWY,TOW_AWAY,COLLISION_SEVERITY,NUMBER_KILLED,NUMBER_INJURED,PARTY_COUNT,PRIMARY_COLL_FACTOR,PCF_CODE_OF_VIOL,PCF_VIOL_CATEGORY,PCF_VIOLATION,PCF_VIOL_SUBSECTION,HIT_AND_RUN,TYPE_OF_COLLISION,MVIW,PED_ACTION,ROAD_SURFACE,ROAD_COND_1,ROAD_COND_2,LIGHTING,CONTROL_DEVICE,CHP_ROAD_TYPE,PEDESTRIAN_ACCIDENT,BICYCLE_ACCIDENT,MOTORCYCLE_ACCIDENT,TRUCK_ACCIDENT,NOT_PRIVATE_PROPERTY,ALCOHOL_INVOLVED,STWD_VEHTYPE_AT_FAULT,CHP_VEHTYPE_AT_FAULT,COUNT_SEVERE_INJ,COUNT_VISIBLE_INJ,COUNT_COMPLAINT_PAIN,COUNT_PED_KILLED,COUNT_PED_INJURED,COUNT_BICYCLIST_KILLED,COUNT_BICYCLIST_INJURED,COUNT_MC_KILLED,COUNT_MC_INJURED,PRIMARY_RAMP,SECONDARY_RAMP,LATITUDE,LONGITUDE,COUNTY,CITY,POINT_X,POINT_Y
7140631,2015,2015-12-21,3300,2015-11-04,1227,4996,602E2,3,5,6,3394,0,0,0,NA,0,MV28,KITCHING ST,FIR AV,250,N,N,A,-,N,NA,NA,NA,NA,NA,NA,NA,NA,NA,Y,3,0,3,3,A,-,01,23152,E,N,C,C,A,A,H,-,A,A,0,NA,NA,NA,NA,Y,NA,A,01,0,1,2,0,0,0,0,0,0,-,-,33.93545,-117.21757,RIVERSIDE,MORENO VALLEY,-117.21763291,33.93611481
7141260,2015,2015-12-29,3325,2015-11-22,2500,549,3325,7,5,4,3325,0,0,0,NA,0,003,RIO VISTA DR,VERONA RD,362,N,N,A,-,N,NA,NA,NA,NA,NA,NA,NA,NA,NA,N,3,0,1,1,A,-,03,22350,NA,N,A,I,A,-,H,-,C,A,0,NA,NA,NA,NA,Y,NA,A,01,0,1,0,0,0,0,0,0,0,-,-,NA,NA,RIVERSIDE,CATHEDRAL CITY,-116.47571736,33.85301938
7141278,2015,2015-12-29,3313,2015-12-05,1904,1798,W,6,5,7,3313,0,0,0,NA,0,C410,RUTLAND AV,ARLINGTON AV,30,N,N,A,-,N,NA,NA,NA,NA,NA,NA,NA,NA,NA,N,4,0,1,2,A,-,09,21801,A,N,D,C,A,A,H,-,C,D,0,NA,NA,Y,NA,Y,NA,A,01,0,0,1,0,0,0,0,0,1,-,-,33.94651,-117.46861,RIVERSIDE,RIVERSIDE,-117.46874,33.9468022
7141328,2015,2015-12-24,3313,2015-10-25,1706,1821,C,7,5,7,3313,0,0,0,NA,0,C312,STREETER AV,ROCHESTER ST,0,NA,Y,A,-,N,NA,NA,NA,NA,NA,NA,NA,NA,NA,N,3,0,1,2,A,-,08,22107,NA,N,B,C,A,A,H,-,A,D,0,NA,NA,NA,NA,Y,NA,A,01,0,1,0,0,0,0,0,0,0,-,-,33.9508,-117.41876,RIVERSIDE,RIVERSIDE,-117.41864012,33.9510501
7143806,2015,2015-12-29,3308,2015-11-09,0159,10530,554,1,5,5,3308,0,0,0,NA,0,SOUTH,THORNTON AV,MANASSASS DR,118,E,N,A,-,N,NA,NA,NA,NA,NA,NA,NA,NA,NA,Y,4,0,1,1,A,-,03,22350,NA,N,E,I,A,A,H,-,C,D,0,NA,NA,NA,NA,Y,NA,A,01,0,0,1,0,0,0,0,0,0,-,-,NA,NA,RIVERSIDE,HEMET,-117.01099572,33.72519012
7147973,2015,2016-01-05,3300,2015-11-28,1843,4995,82B7,6,5,3,3305,0,0,0,NA,0,082,CALLE BALSERO,AVENUE 54,26400,N,N,A,-,N,NA,NA,NA,NA,NA,NA,NA,NA,NA,N,3,0,3,2,A,-,00,23103,NA,N,C,E,A,A,H,-,C,D,0,NA,NA,NA,NA,Y,NA,-,-,0,2,1,0,0,0,0,0,0,-,-,NA,NA,RIVERSIDE,COACHELLA,NA,NA
7151296,2015,2016-01-19,3300,2015-12-22,1340,4490,910A,2,5,5,3335,0,0,0,NA,0,061,WINCHESTER RD,RORIPAUGH RD,60,E,N,A,-,N,NA,NA,NA,NA,NA,NA,NA,NA,NA,N,4,0,1,2,A,-,03,22350,NA,N,C,C,A,A,H,-,A,A,0,NA,NA,NA,NA,Y,NA,D,22,0,0,1,0,0,0,0,0,0,-,-,33.53354,-117.14828,RIVERSIDE,TEMECULA,-117.14845499,33.53375317
7151411,2015,2016-01-14,3300,2015-12-25,2001,4413,910K,5,5,5,3335,0,0,0,NA,0,064,YNEZ RD,PAUBA RD,0,NA,Y,A,-,N,NA,NA,NA,NA,NA,NA,NA,NA,NA,Y,4,0,1,2,A,-,03,22350,NA,N,C,C,A,A,H,-,C,A,0,NA,NA,NA,NA,Y,NA,A,01,0,0,1,0,0,0,0,0,0,-,-,NA,NA,RIVERSIDE,TEMECULA,-117.13897011,33.49540003
7154452,2015,2016-01-21,3313,2015-12-11,0957,1488,C,5,5,7,3313,0,0,0,NA,0,M20,WASHINGTON ST,DUFFERIN AV,24,S,N,A,-,N,NA,NA,NA,NA,NA,NA,NA,NA,NA,Y,4,0,1,2,A,-,03,22350,NA,N,C,C,A,A,H,-,A,A,0,NA,NA,NA,NA,Y,NA,D,22,0,0,1,0,0,0,0,0,0,-,-,NA,NA,RIVERSIDE,RIVERSIDE,-117.38350942,33.92233424
7154453,2015,2016-04-20,3313,2015-11-20,1815,1768,W,5,5,7,3313,0,0,0,NA,0,C430,MITCHELL AV,GRAMERCY PL,165,S,N,A,-,N,NA,NA,NA,NA,NA,NA,NA,NA,NA,Y,4,0,1,2,A,-,03,22350,NA,N,D,E,A,A,H,-,C,A,0,NA,NA,NA,NA,Y,Y,D,22,0,0,1,0,0,0,0,0,0,-,-,33.92861,-117.49032,RIVERSIDE,RIVERSIDE,-117.49004757,33.92817616
7154484,2015,2016-01-12,3313,2015-12-08,1801,1779,E,2,5,7,3313,0,0,0,NA,0,T49,CHICAGO AV,7TH ST N,29,N,N,A,-,N,NA,NA,NA,NA,NA,NA,NA,NA,NA,N,4,0,2,3,A,-,05,21650,NA,N,D,C,A,A,H,-,C,D,0,NA,NA,NA,NA,Y,NA,A,01,0,0,2,0,0,0,0,0,0,-,-,33.97737,-117.34836,RIVERSIDE,RIVERSIDE,-117.34849934,33.97752945
7155033,2015,2016-01-25,3300,2015-12-17,1822,4300,920E,4,5,4,3314,0,0,0,NA,0,072,SAN JACINTO AV,7TH ST,170,N,N,A,-,N,NA,NA,NA,NA,NA,NA,NA,NA,NA,Y,4,0,1,3,A,-,03,22350,NA,N,C,C,A,A,H,-,C,A,0,NA,NA,NA,NA,Y,NA,A,01,0,0,1,0,0,0,0,0,0,-,-,33.78027,-116.95888,RIVERSIDE,SAN JACINTO,-116.95886,33.78072554
7155382,2015,2016-01-15,3308,2015-12-09,1427,10492,296,3,5,5,3308,0,0,0,NA,0,NORTH,STATE ST,FRUITVALE AV,554,S,N,A,-,N,NA,NA,NA,NA,NA,NA,NA,NA,NA,Y,3,0,2,1,A,-,07,21658,A,N,E,I,A,A,H,-,A,A,0,NA,NA,NA,NA,Y,NA,D,22,0,1,1,0,0,0,0,0,0,-,-,NA,NA,RIVERSIDE,HEMET,-116.97181,33.7608
7155386,2015,2016-01-15,3308,2015-12-15,0816,4189,547,2,5,5,3308,0,0,0,NA,0,SOUTH,STETSON AV,BUENA VISTA ST,0,NA,Y,A,-,N,NA,NA,NA,NA,NA,NA,NA,NA,NA,Y,4,0,2,2,A,-,12,21453,A,N,D,C,A,A,H,-,A,A,0,NA,NA,NA,NA,Y,NA,D,22,0,0,2,0,0,0,0,0,0,-,-,NA,NA,RIVERSIDE,HEMET,-116.96720008,33.72942008
7158736,2015,2016-02-05,3300,2015-12-03,2238,3775,602D3,4,5,6,3394,0,0,0,NA,0,MV26,HELMSDALE ST,RADWELL DR,46,N,N,A,-,N,NA,NA,NA,NA,NA,NA,NA,NA,NA,N,4,0,1,3,A,-,03,22350,NA,F,G,B,E,A,H,-,C,D,0,Y,NA,NA,NA,Y,NA,A,01,0,0,1,0,1,0,0,0,0,-,-,33.92753,-117.24118,RIVERSIDE,MORENO VALLEY,-117.24114,33.92758601
7158962,2016,2016-02-05,3300,2016-01-07,1409,4339,602E1,4,5,6,3394,0,0,0,NA,0,028,PERRIS BL,SUNNYMEAD BL,385,S,N,B,-,N,NA,NA,60,NA,NA,NA,NA,NA,NA,Y,3,0,3,2,A,-,08,22107,NA,N,D,C,A,A,H,-,A,D,0,NA,NA,NA,NA,Y,NA,A,01,0,1,2,0,0,0,0,0,0,-,-,33.93909,-117.22646,RIVERSIDE,MORENO VALLEY,-117.22637502,33.93962742
7159633,2015,2017-01-14,3308,2015-08-29,0941,10515,517,6,5,5,3308,0,0,0,NA,0,SOUTH,FLORIDA AV,SAN JACINTO ST,36,W,N,A,-,Y,RIV,8,74,-,-,41.33,H,-,E,N,4,0,1,2,A,-,03,22350,NA,N,C,C,A,A,H,-,A,A,0,NA,NA,NA,NA,Y,NA,A,08,0,0,1,0,0,0,0,0,0,-,-,NA,NA,RIVERSIDE,HEMET,-116.95879045,33.74762095
7160098,2015,2016-02-02,3313,2015-12-11,0754,1026,W,5,5,7,3313,0,0,0,NA,0,T52,LA SIERRA AV,CAMPBELL AV,0,NA,Y,A,-,N,NA,NA,NA,NA,NA,NA,NA,NA,NA,Y,4,0,3,2,A,-,12,21453,A,N,D,C,A,A,H,-,A,A,0,NA,NA,NA,NA,Y,NA,-,-,0,0,3,0,0,0,0,0,0,-,-,33.93249,-117.49551,RIVERSIDE,RIVERSIDE,-117.49555004,33.93237006
7165283,2015,2016-01-22,3300,2015-12-03,2045,4575,011C,4,5,4,3344,0,0,0,NA,0,061,LIMONITE AV,EASTVALE GATEWAY,220,W,N,A,-,N,NA,NA,NA,NA,NA,NA,NA,NA,NA,N,3,0,1,2,A,-,21,22106,NA,N,C,C,A,A,H,-,C,A,0,NA,NA,NA,NA,Y,NA,A,01,0,1,0,0,0,0,0,0,0,-,-,NA,NA,RIVERSIDE,EASTVALE,-117.55481365,33.97527
7165499,2016,2016-01-27,3300,2016-01-13,0720,N3672,916A,3,5,4,3312,0,0,0,NA,0,031,INDIAN AV,HARLEY KNOX BL,0,NA,Y,A,-,N,NA,NA,NA,NA,NA,NA,NA,NA,NA,N,4,0,1,2,A,-,12,21453,A,M,D,C,A,A,H,-,A,A,0,NA,NA,NA,NA,Y,NA,A,08,0,0,1,0,0,0,0,0,0,-,-,NA,NA,RIVERSIDE,PERRIS,-117.23485012,33.85725004
7165990,2016,2016-03-03,3300,2016-01-07,1427,3968,903A3,4,5,6,3394,0,0,0,NA,0,MV32,HEACOCK ST,BRODIAEA AV,16,S,N,B,-,N,NA,NA,NA,NA,NA,NA,NA,NA,NA,Y,4,0,1,2,D,-,00,NA,NA,N,D,C,A,A,H,-,A,A,0,NA,NA,Y,Y,Y,NA,-,-,0,0,1,0,0,0,0,0,1,-,-,33.91366,-117.24355,RIVERSIDE,MORENO VALLEY,-117.24362,33.91358617
7166382,2016,2016-01-29,3313,2016-01-05,1808,1499,W,2,5,7,3313,0,0,0,NA,0,T42,ARLINGTON AV,NORWOOD AV,208,E,N,C,-,N,NA,NA,NA,NA,NA,NA,NA,NA,NA,N,4,0,4,2,A,-,03,22350,NA,N,C,C,A,B,H,-,C,D,0,NA,NA,NA,NA,Y,NA,D,22,0,0,4,0,0,0,0,0,0,-,-,33.94435,-117.48644,RIVERSIDE,RIVERSIDE,-117.48592473,33.94475175
7166502,2015,2016-01-26,3313,2015-12-16,1714,1762,N,3,5,7,3313,0,0,0,NA,0,T44,BROCKTON AV,11TH ST,0,NA,Y,A,-,N,NA,NA,NA,NA,NA,NA,NA,NA,NA,N,4,0,1,3,A,-,03,22350,NA,N,C,C,A,A,H,-,C,A,0,NA,NA,NA,NA,Y,NA,A,08,0,0,1,0,0,0,0,0,0,-,-,33.98125,-117.38127,RIVERSIDE,RIVERSIDE,-117.38114009,33.98118007
7166821,2015,2016-01-27,3300,2015-12-23,1441,N4809,920A,3,5,4,3314,0,0,0,NA,0,070,STATE ST,DE ANZA DR,0,NA,Y,B,-,N,NA,NA,NA,NA,NA,NA,NA,NA,NA,Y,4,0,1,2,A,-,12,21453,A,N,D,C,A,A,H,-,A,A,0,NA,NA,NA,NA,Y,NA,A,01,0,0,1,0,0,0,0,0,0,-,-,33.78953,-116.97176,RIVERSIDE,SAN JACINTO,-116.97191008,33.78953007
7167054,2015,2016-02-03,3300,2015-12-10,0500,5068,002H,4,5,6,3345,0,0,0,NA,0,022,MISSION BL,WINEVILLE RD,256,W,N,A,-,N,NA,NA,NA,NA,NA,NA,NA,NA,NA,Y,3,0,1,1,A,-,08,22107,NA,N,E,I,A,A,H,-,C,D,0,NA,NA,NA,NA,Y,NA,D,22,0,1,0,0,0,0,0,0,0,-,-,34.02474,-117.54136,RIVERSIDE,JURUPA VALLEY,-117.54257921,34.02510143
7167240,2015,2016-02-02,3300,2015-12-09,1800,N5791,002C,3,5,6,3345,0,0,0,NA,0,020,MISSION BL,CONNING ST,646,S,N,A,-,N,NA,NA,NA,NA,NA,NA,NA,NA,NA,Y,4,0,2,2,A,-,03,22350,NA,N,C,C,A,A,H,-,D,D,0,NA,NA,NA,NA,Y,NA,A,01,0,0,2,0,0,0,0,0,0,-,-,34.01525,-117.50384,RIVERSIDE,JURUPA VALLEY,-117.50255038,34.01401716
7170615,2016,2016-01-29,3300,2016-01-18,1215,N2988,602A3,1,5,6,3394,0,0,0,NA,0,022,TOWNGATE BL,SOUTHGATE ST,0,NA,Y,A,-,N,NA,NA,NA,NA,NA,NA,NA,NA,NA,Y,4,0,2,2,A,-,09,21801,A,N,D,C,A,A,H,-,A,D,0,NA,NA,NA,NA,Y,NA,A,01,0,0,2,0,0,0,0,0,0,-,-,33.93505,-117.2694,RIVERSIDE,MORENO VALLEY,-117.26937,33.93511007
7171141,2015,2016-02-08,3309,2015-12-17,0704,443,3309,4,5,4,3309,0,0,0,NA,0,001,INDIO BL,SUNGOLD ST,0,NA,Y,A,-,N,NA,NA,NA,NA,NA,NA,NA,NA,NA,N,2,0,1,2,A,-,09,21800,A,N,D,C,A,A,H,-,A,A,0,NA,NA,NA,Y,Y,NA,A,08,1,0,0,0,0,0,0,0,0,-,-,NA,NA,RIVERSIDE,INDIO,-116.23111012,33.72827003
7171448,2016,2016-02-04,3313,2016-01-02,1736,1763,C,6,5,7,3313,0,0,0,NA,0,C320,MAGNOLIA AV,LILLIAN ST,179,E,N,A,-,N,NA,NA,NA,NA,NA,NA,NA,NA,NA,Y,2,0,1,1,A,-,08,22107,NA,N,A,I,A,-,H,-,C,D,0,NA,NA,NA,NA,Y,NA,A,01,1,0,0,0,0,0,0,0,0,-,-,33.93803,-117.41485,RIVERSIDE,RIVERSIDE,-117.41447467,33.93851734
7171696,2016,2016-09-26,3300,2016-01-25,1035,4430,30J1,1,5,4,3318,0,0,0,NA,0,T30,RT 111,PORTOLA AV,0,NA,Y,A,-,N,NA,NA,NA,NA,NA,NA,NA,NA,NA,Y,4,0,3,3,A,-,12,21453,A,N,D,C,A,A,H,-,A,A,0,NA,NA,NA,NA,Y,NA,D,22,0,0,3,0,0,0,0,0,0,-,-,33.72134,-116.37375,RIVERSIDE,PALM DESERT,-116.37375004,33.72134001
7172516,2016,2016-02-02,3311,2016-01-13,1011,15648,NA,3,5,4,3311,0,0,0,NA,0,003,TAHQUITZ CANYON WY,CALLE ENCILIA,0,NA,Y,B,-,N,NA,NA,NA,NA,NA,NA,NA,NA,NA,Y,4,0,2,2,A,-,12,21453,A,N,D,C,A,A,H,-,A,A,0,NA,NA,NA,NA,Y,NA,A,01,0,0,2,0,0,0,0,0,0,-,-,NA,NA,RIVERSIDE,PALM SPRINGS,-116.54375002,33.8231501
7173132,2016,2016-02-04,3313,2016-01-10,0950,1777,C,7,5,7,3313,0,0,0,NA,0,B339,STREETER AV,CENTRAL AV,0,NA,Y,B,-,N,NA,NA,NA,NA,NA,NA,NA,NA,NA,N,4,0,1,2,A,-,12,21453,A,N,D,C,A,A,H,-,A,A,0,NA,NA,NA,NA,Y,NA,D,22,0,0,1,0,0,0,0,0,0,-,-,33.95308,-117.41872,RIVERSIDE,RIVERSIDE,-117.41864005,33.95337002
7174517,2016,2016-09-21,3300,2016-01-16,0028,4141,30A2,6,5,4,3318,0,0,0,NA,0,030,RT 111,BARBARA DR,240,N,N,A,-,N,NA,NA,NA,NA,NA,NA,NA,NA,NA,Y,3,0,1,1,A,-,01,23152,B,N,E,I,A,A,H,-,C,D,0,NA,NA,NA,NA,Y,Y,A,01,0,1,0,0,0,0,0,0,0,-,-,NA,NA,RIVERSIDE,PALM DESERT,-116.40606377,33.73317807
7176800,2015,2016-02-08,3300,2015-12-21,1840,4835,905I,1,5,4,3307,0,0,0,NA,0,095,COLLIER AV,RIVERSIDE DR,150,S,N,B,-,N,NA,NA,NA,NA,NA,NA,NA,NA,NA,Y,3,0,2,3,A,-,03,22350,NA,N,C,C,A,A,H,-,D,D,0,NA,NA,NA,Y,Y,NA,F,26,0,1,1,0,0,0,0,0,0,-,-,33.69506,-117.3462,RIVERSIDE,LAKE ELSINORE,-117.34584421,33.69478641
7179897,2016,2016-02-10,3300,2016-01-14,0836,3406,910E,4,5,5,3335,0,0,0,NA,0,064,YNEZ RD,PORTRAITS LN,0,NA,Y,B,-,N,NA,NA,NA,NA,NA,NA,NA,NA,NA,Y,4,0,1,4,A,-,03,22350,NA,N,C,C,A,A,H,-,A,D,0,NA,NA,NA,NA,Y,NA,A,01,0,0,1,0,0,0,0,0,0,-,-,NA,NA,RIVERSIDE,TEMECULA,-117.14109003,33.49729001
7180836,2016,2016-02-22,3300,2016-01-13,0706,5378,42B3,3,5,3,3392,0,0,0,NA,0,LA42,EISENHOWER DR,COACHELLA DR,0,NA,Y,A,-,N,NA,NA,NA,NA,NA,NA,NA,NA,NA,Y,4,0,2,2,A,-,12,21453,A,N,A,C,A,A,H,-,A,A,0,NA,NA,NA,NA,Y,NA,A,01,0,0,2,0,0,0,0,0,0,-,-,33.69261,-116.30715,RIVERSIDE,LA QUINTA,-116.30724009,33.69268009
7181677,2015,2016-08-12,3309,2015-12-23,2129,346,3309,3,5,4,3309,0,0,0,NA,0,004,JEFFERSON ST,RT 111,21,S,N,A,-,N,NA,NA,NA,NA,NA,NA,NA,NA,NA,Y,4,0,2,2,A,-,03,22350,NA,N,C,C,A,A,H,-,C,A,0,NA,NA,NA,NA,Y,NA,A,01,0,0,2,0,0,0,0,0,0,-,-,NA,NA,RIVERSIDE,INDIO,-116.26884,33.70737255
7183151,2015,2016-03-28,3308,2015-12-29,1526,4189,528,2,5,5,3308,0,0,0,NA,0,SOUTH,GIRARD ST,FLORIDA AV,222,S,N,A,-,N,NA,NA,NA,NA,NA,NA,NA,NA,NA,Y,4,0,1,2,A,-,06,21755,NA,N,E,I,A,A,H,-,A,A,0,NA,NA,NA,NA,Y,NA,A,07,0,0,1,0,0,0,0,0,0,-,-,NA,NA,RIVERSIDE,HEMET,-116.95428,33.74762
7183517,2015,2016-02-16,3300,2015-08-28,0800,N3672,916A,5,5,4,3312,0,0,0,NA,0,031,MAY RANCH PKWY,MORGAN ST EAST,0,NA,N,A,-,N,NA,NA,NA,NA,NA,NA,NA,NA,NA,N,3,0,1,2,A,-,00,23103,A,M,E,G,A,A,H,-,A,A,0,NA,Y,NA,NA,Y,NA,A,01,0,1,0,0,0,0,1,0,0,-,-,33.83698,-117.19693,RIVERSIDE,PERRIS,-117.19720006,33.8369901
7185193,2016,2016-02-24,3300,2016-02-03,1415,N2988,602D2,3,5,6,3394,0,0,0,NA,0,026,INDIAN ST,FIR AV,0,NA,Y,A,-,N,NA,NA,NA,NA,NA,NA,NA,NA,NA,N,4,0,2,2,A,-,09,21802,A,N,D,C,A,A,H,-,A,D,0,NA,NA,NA,NA,Y,NA,-,-,0,0,2,0,0,0,0,0,0,-,-,33.93542,-117.235,RIVERSIDE,MORENO VALLEY,-117.23504012,33.93541011
7185534,2015,2016-02-23,3300,2015-12-13,1745,4927,NA,7,5,4,3344,0,0,0,NA,0,NA,HARRISON AV,HOLLOW BROOK WY,12,S,N,A,-,N,NA,NA,NA,NA,NA,NA,NA,NA,NA,N,4,0,1,2,A,-,03,22350,NA,N,C,C,A,A,H,-,C,A,0,NA,NA,NA,NA,Y,NA,D,22,0,0,1,0,0,0,0,0,0,-,-,NA,NA,RIVERSIDE,EASTVALE,-117.58444,33.95711711
7185953,2016,2016-02-23,3300,2016-01-20,1830,4449,002R,3,5,6,3345,0,0,0,NA,0,024,VAN BUREN BL,JURUPA RD,463,S,N,A,-,N,NA,NA,NA,NA,NA,NA,NA,NA,NA,N,4,0,1,2,A,-,03,22350,NA,N,C,C,A,A,H,-,D,D,0,NA,NA,NA,NA,Y,NA,A,01,0,0,1,0,0,0,0,0,0,-,-,33.99717,-117.48552,RIVERSIDE,JURUPA VALLEY,-117.48450786,33.99607069
7187401,2016,2016-03-09,3311,2016-02-14,2258,15919,NA,7,5,4,3311,0,0,0,NA,0,NA,CALLE ENCILIA,TAHQUITZ CANYON WY,224,S,N,A,-,N,NA,NA,NA,NA,NA,NA,NA,NA,NA,N,4,0,1,2,A,-,11,21954,A,N,G,B,D,A,H,-,C,D,0,Y,NA,NA,NA,Y,Y,N,60,0,0,1,0,1,0,0,0,0,-,-,33.82297,-116.54364,RIVERSIDE,PALM SPRINGS,-116.54375,33.82315
7188115,2015,2016-02-22,3308,2015-12-24,1620,8344,564,4,5,5,3308,0,0,0,NA,0,SOUTH,CREEKRIDGE LN,MUSTANG WY,2,N,N,A,-,N,NA,NA,NA,NA,NA,NA,NA,NA,NA,N,4,0,1,2,A,-,09,21801,A,N,D,G,A,A,H,-,A,D,0,NA,Y,NA,NA,Y,NA,A,07,0,0,1,0,0,0,1,0,0,-,-,NA,NA,RIVERSIDE,HEMET,-117.021161,33.717671
7189417,2015,2016-06-20,3300,2015-12-28,1928,4927,3300,1,5,6,3345,0,0,0,NA,0,NA,COLLINS ST,VAN BUREN BL,40,W,N,A,-,N,NA,NA,NA,NA,NA,NA,NA,NA,NA,Y,3,0,1,2,A,-,01,23152,A,M,A,C,A,A,H,-,C,D,0,NA,NA,NA,NA,Y,Y,D,22,0,1,0,0,0,0,0,0,0,-,SO,NA,NA,RIVERSIDE,JURUPA VALLEY,-117.477751,33.979933
7190232,2016,2018-09-26,3300,2016-05-26,1514,5035,84,4,5,3,3305,0,0,0,NA,0,0A2,AVENUE 44,DILLON RD,796,W,N,A,-,N,NA,NA,NA,NA,NA,NA,NA,NA,NA,Y,1,1,0,1,A,-,03,22350,NA,N,F,A,A,A,H,-,A,D,0,NA,NA,NA,NA,Y,Y,D,22,0,0,0,0,0,0,0,0,0,-,-,NA,NA,RIVERSIDE,COACHELLA,-116.16663228,33.72707615
7190252,2016,2018-09-26,3300,2016-03-17,1811,4050,002V,4,5,6,3345,0,0,0,NA,0,026,58TH ST,DODD ST,0,NA,Y,A,-,N,NA,NA,NA,NA,NA,NA,NA,NA,NA,Y,1,1,3,2,A,-,00,23153,E,N,D,C,A,A,H,-,A,A,0,NA,NA,NA,NA,Y,NA,A,01,0,2,1,0,0,0,0,0,0,-,-,33.98271,-117.50917,RIVERSIDE,JURUPA VALLEY,-117.50912012,33.98274006
7190814,2016,2016-03-01,3309,2016-02-07,1112,431,3309,7,5,4,3309,0,0,0,NA,0,002,MONROE ST,OLEANDER AV,0,NA,Y,A,-,N,NA,NA,NA,NA,NA,NA,NA,NA,NA,Y,4,0,2,2,A,-,12,21453,A,N,D,C,A,A,H,-,A,A,0,NA,NA,NA,NA,Y,NA,D,22,0,0,2,0,0,0,0,0,0,-,-,NA,NA,RIVERSIDE,INDIO,-116.23374011,33.73416002
7190818,2015,2016-02-26,3309,2015-11-22,2019,346,3309,7,5,4,3309,0,0,0,NA,0,002,DILLON AV,PALO VERDE AV,405,E,N,A,-,N,NA,NA,NA,NA,NA,NA,NA,NA,NA,Y,3,0,1,3,A,-,01,23152,A,N,A,E,A,B,H,-,A,D,0,NA,NA,NA,NA,Y,Y,A,01,0,1,0,0,0,0,0,0,0,-,-,NA,NA,RIVERSIDE,INDIO,-116.21067404,33.7258251
7191522,2016,2017-02-11,3308,2016-02-02,1135,6955,517,2,5,5,3308,0,0,0,NA,0,SOUTH,FLORIDA AV,THOMPSON ST,13,E,N,A,-,Y,RIV,8,74,-,-,40.97,H,-,E,Y,4,0,1,1,A,-,01,23152,B,N,E,I,A,A,H,-,A,A,0,NA,NA,NA,NA,Y,Y,A,01,0,0,1,0,0,0,0,0,0,-,-,NA,NA,RIVERSIDE,HEMET,-116.96504995,33.74753099
7193039,2016,2016-03-08,3300,2016-02-12,0856,4323,910K,5,5,5,3335,0,0,0,NA,0,064,RANCHO CALIFORNIA RD,RT 15,0,NA,Y,A,-,N,NA,NA,NA,NA,NA,NA,NA,NA,NA,Y,4,0,1,2,A,-,12,21453,A,N,D,C,A,A,H,-,A,A,0,NA,NA,NA,NA,Y,NA,D,22,0,0,1,0,0,0,0,0,0,-,-,NA,NA,RIVERSIDE,TEMECULA,-117.15152013,33.50071006
7193128,2016,2016-03-04,3300,2016-02-14,1830,N3546,910H,7,5,5,3335,0,0,0,NA,0,064,YNEZ RD,RANCHO VISTA,306,N,N,A,-,N,NA,NA,NA,NA,NA,NA,NA,NA,NA,Y,3,0,1,2,A,-,03,22350,NA,N,F,I,A,A,H,-,C,A,0,NA,NA,Y,NA,Y,NA,C,02,0,1,0,0,0,0,0,0,1,-,-,NA,NA,RIVERSIDE,TEMECULA,-117.14311891,33.49874576
7193442,2016,2016-03-03,3315,2016-02-09,1937,002502,3F,2,5,6,3315,0,0,0,NA,0,NA,EAST 6TH ST,VICTORIA AV,0,NA,Y,A,-,N,NA,NA,NA,NA,NA,NA,NA,NA,NA,N,4,0,1,2,A,-,10,21950,A,M,G,B,B,A,H,-,C,A,0,Y,NA,NA,NA,Y,NA,-,NA,0,0,1,0,1,0,0,0,0,-,-,NA,NA,RIVERSIDE,CORONA,-117.56393,33.87513008
7195643,2016,2017-02-11,3306,2016-01-04,1736,124,3306,1,5,3,3306,0,0,0,NA,0,NA,RT 62,PIERSON BL,0,NA,Y,A,-,Y,RIV,8,62,-,R,3.344,I,5,E,Y,4,0,2,2,A,-,09,21802,A,N,D,C,A,A,H,-,D,A,0,NA,NA,NA,NA,Y,NA,A,01,0,0,2,0,0,0,0,0,0,-,-,NA,NA,RIVERSIDE,DESERT HOT SPRINGS,-116.59049044,33.96126813
7196390,2015,2016-03-09,3308,2015-12-10,1324,10559,527,4,5,5,3308,0,0,0,NA,0,SOUTH,SANTA FE AV,CENTRAL AV,0,NA,Y,A,-,N,NA,NA,NA,NA,NA,NA,NA,NA,NA,N,3,0,1,2,A,-,08,22103,NA,F,D,C,A,A,H,-,A,A,0,NA,NA,Y,NA,Y,NA,A,08,0,1,0,0,0,0,0,0,1,-,-,NA,NA,RIVERSIDE,HEMET,-116.96294002,33.74212011
7196516,2016,2016-03-10,3315,2016-01-04,0531,002536,1H,1,5,6,3315,0,0,0,NA,0,001,LINCOLN AV,LIGHT POLE 22,31,N,N,A,-,N,NA,NA,NA,NA,NA,NA,NA,NA,NA,Y,3,0,1,3,A,-,08,22107,NA,N,D,C,A,A,H,-,C,D,0,NA,NA,NA,NA,Y,NA,A,01,0,1,0,0,0,0,0,0,0,-,-,NA,NA,RIVERSIDE,CORONA,NA,NA
7196540,2016,2017-02-03,3308,2016-01-13,1407,4189,513,3,5,5,3308,0,0,0,NA,0,NORTH,FLORIDA AV,WARREN RD,900,E,N,A,-,Y,RIV,8,74,-,-,37.1,H,-,W,N,4,0,1,2,A,-,03,22350,NA,N,C,C,A,A,H,-,A,A,0,NA,NA,NA,NA,Y,NA,A,01,0,0,1,0,0,0,0,0,0,-,-,NA,NA,RIVERSIDE,HEMET,-117.02982234,33.74391478
7196710,2016,2016-03-09,3300,2016-01-13,0851,5019,001J,3,5,6,3345,0,0,0,NA,0,014,JURUPA RD,CAMINO REAL,603,E,N,A,-,N,NA,NA,NA,NA,NA,NA,NA,NA,NA,Y,4,0,1,2,A,-,09,21801,A,N,D,C,A,A,H,-,A,D,0,NA,NA,NA,NA,Y,NA,A,01,0,0,1,0,0,0,0,0,0,-,-,34.00612,-117.447,RIVERSIDE,JURUPA VALLEY,-117.44505052,34.00672839