CASE_ID,ACCIDENT_YEAR,PROC_DATE,JURIS,COLLISION_DATE,COLLISION_TIME,OFFICER_ID,REPORTING_DISTRICT,DAY_OF_WEEK,CHP_SHIFT,POPULATION,CNTY_CITY_LOC,SPECIAL_COND,BEAT_TYPE,CHP_BEAT_TYPE,CITY_DIVISION_LAPD,CHP_BEAT_CLASS,BEAT_NUMBER,PRIMARY_RD,SECONDARY_RD,DISTANCE,DIRECTION,INTERSECTION,WEATHER_1,WEATHER_2,STATE_HWY_IND,CALTRANS_COUNTY,CALTRANS_DISTRICT,STATE_ROUTE,ROUTE_SUFFIX,POSTMILE_PREFIX,POSTMILE,LOCATION_TYPE,RAMP_INTERSECTION,SIDE_OF_HWY,TOW_AWAY,COLLISION_SEVERITY,NUMBER_KILLED,NUMBER_INJURED,PARTY_COUNT,PRIMARY_COLL_FACTOR,PCF_CODE_OF_VIOL,PCF_VIOL_CATEGORY,PCF_VIOLATION,PCF_VIOL_SUBSECTION,HIT_AND_RUN,TYPE_OF_COLLISION,MVIW,PED_ACTION,ROAD_SURFACE,ROAD_COND_1,ROAD_COND_2,LIGHTING,CONTROL_DEVICE,CHP_ROAD_TYPE,PEDESTRIAN_ACCIDENT,BICYCLE_ACCIDENT,MOTORCYCLE_ACCIDENT,TRUCK_ACCIDENT,NOT_PRIVATE_PROPERTY,ALCOHOL_INVOLVED,STWD_VEHTYPE_AT_FAULT,CHP_VEHTYPE_AT_FAULT,COUNT_SEVERE_INJ,COUNT_VISIBLE_INJ,COUNT_COMPLAINT_PAIN,COUNT_PED_KILLED,COUNT_PED_INJURED,COUNT_BICYCLIST_KILLED,COUNT_BICYCLIST_INJURED,COUNT_MC_KILLED,COUNT_MC_INJURED,PRIMARY_RAMP,SECONDARY_RAMP,LATITUDE,LONGITUDE,COUNTY,CITY,POINT_X,POINT_Y
81693324,2021,2022-02-04,3300,2021-10-22,0646,4808,920A,5,5,4,3314,0,0,0,NA,0,070,SANDERSON AVE,RAMONA EXPY (W),0,N,N,A,-,N,NA,NA,NA,NA,NA,NA,NA,NA,NA,Y,1,2,2,2,A,-,08,22107,NA,N,A,C,A,A,H,-,B,D,0,NA,NA,NA,NA,Y,Y,A,01,2,0,0,0,0,0,0,0,0,-,-,33.82381057739258,-117.00692749023438,RIVERSIDE,SAN JACINTO,-117.00359344482422,33.82354736328125
81693974,2021,2022-02-07,3300,2021-12-18,1156,5715,916D,6,5,4,3312,0,0,0,NA,0,035,4TH ST,G ST,0,NA,Y,A,-,N,NA,NA,NA,NA,NA,NA,NA,NA,NA,N,4,0,1,2,A,-,09,21801,A,N,D,C,A,A,H,-,A,D,0,NA,NA,Y,NA,Y,NA,A,01,0,0,1,0,0,0,0,0,1,-,-,33.782291412353516,-117.22168731689452,RIVERSIDE,PERRIS,-117.22174072265624,33.782371520996094
8169439,2016,2016-11-17,3300,2016-10-06,0221,3940,002,4,5,6,3345,0,0,0,NA,0,020,MISSION BL,LINDSAY ST,505,N,N,A,-,N,NA,NA,NA,NA,NA,NA,NA,NA,NA,Y,4,0,1,1,A,-,01,23152,A,N,E,I,A,A,H,-,D,D,0,NA,NA,Y,NA,Y,Y,C,02,0,0,1,0,0,0,0,0,1,-,-,34.01147,-117.4981,RIVERSIDE,JURUPA VALLEY,-117.49663289,34.01155275
81696405,2022,2022-02-09,3300,2022-02-06,2115,4050,603 A,7,5,6,3394,0,0,0,NA,0,MV32,HEACOCK ST,JOHN F KENNEDY DR,0,NA,Y,A,-,N,NA,NA,NA,NA,NA,NA,NA,NA,NA,Y,4,0,2,3,A,-,12,21453,A,N,D,C,A,A,H,-,C,A,0,NA,NA,NA,NA,Y,NA,A,01,0,0,2,0,0,0,0,0,0,-,-,33.902748107910156,-117.24373626708984,RIVERSIDE,MORENO VALLEY,-117.24364471435548,33.902793884277344
81697353,2022,2022-02-10,3300,2022-01-27,1522,5742,602 C,4,5,6,3394,0,0,0,NA,0,MV24,OLIVE WOOD PLAZA DR,SUNNYMEAD BLVD,296,N,N,A,-,N,NA,NA,NA,NA,NA,NA,NA,NA,NA,N,4,0,1,1,A,-,08,22107,NA,N,E,I,A,A,H,-,A,D,0,NA,NA,NA,NA,Y,Y,A,01,0,0,1,0,0,0,0,0,0,-,-,33.93906021118164,-117.25563049316406,RIVERSIDE,MORENO VALLEY,-117.255859375,33.939781188964844
81697521,2021,2022-02-10,3349,2021-12-14,2220,336,NA,2,5,5,3341,0,0,0,NA,0,004,MURRIETA RD,WESTRIDGE AVE,149,S,N,C,-,N,NA,NA,NA,NA,NA,NA,NA,NA,NA,Y,3,0,1,1,A,-,03,22350,NA,N,E,I,A,B,H,-,C,D,0,NA,NA,NA,NA,Y,NA,D,22,0,1,0,0,0,0,0,0,0,-,-,33.6974983215332,-117.2062530517578,RIVERSIDE,MENIFEE,-117.2060317993164,33.69704055786133
81698377,2021,2022-02-11,3300,2021-12-19,1655,5742,604 B,7,5,6,3394,0,0,0,NA,0,MV42,STONE RUN WAY,EUCALYPTUS AVE,196,E,N,A,-,N,NA,NA,NA,NA,NA,NA,NA,NA,NA,N,3,0,1,1,A,-,03,22350,NA,N,E,I,A,A,H,-,C,D,0,NA,NA,Y,NA,Y,NA,C,02,0,1,0,0,0,0,0,0,1,-,-,33.934410095214844,-117.18802642822266,RIVERSIDE,MORENO VALLEY,NA,NA
81699500,2022,2022-02-14,3308,2022-01-18,1403,10610,557,2,5,5,3308,0,0,0,NA,0,SOUTH,STATE ST,CHAMBERS ST,0,NA,Y,A,-,N,NA,NA,NA,NA,NA,NA,NA,NA,NA,Y,4,0,4,3,A,-,12,21453,A,N,D,C,A,A,H,-,A,A,0,NA,NA,NA,NA,Y,NA,A,01,0,0,4,0,0,0,0,0,0,-,-,33.72206115722656,-116.97160339355467,RIVERSIDE,HEMET,-116.97151184082033,33.7220458984375
8170147,2016,2016-11-21,3300,2016-10-29,1220,2403,920E,6,5,4,3314,0,0,0,NA,0,072,SANTA FE AV,2ND ST,196,N,N,A,-,N,NA,NA,NA,NA,NA,NA,NA,NA,NA,N,3,0,1,1,A,-,01,23152,A,N,E,I,A,A,H,-,A,D,0,NA,NA,NA,NA,Y,Y,D,22,0,1,0,0,0,0,0,0,0,-,-,33.78579,-116.96324,RIVERSIDE,SAN JACINTO,-116.96326263,33.78628664
81701645,2022,2022-02-16,3300,2022-01-25,1320,3774,602 E,2,5,6,3394,0,0,0,NA,0,MV28,ALESSANDRO BLVD,KITCHING ST,36,W,N,A,-,N,NA,NA,NA,NA,NA,NA,NA,NA,NA,Y,4,0,1,2,A,-,04,21703,NA,N,C,C,A,A,H,-,A,A,0,NA,NA,NA,Y,Y,NA,G,25,0,0,1,0,0,0,0,0,0,-,-,33.94712829589844,-117.21768188476563,RIVERSIDE,MORENO VALLEY,-117.21772003173828,33.917293548583984
81702773,2022,2022-02-17,3300,2022-02-05,1757,4808,920A,6,5,4,3314,0,0,0,NA,0,070,SANDERSON AVE,RAMONA BLVD,790,S,N,A,-,N,NA,NA,NA,NA,NA,NA,NA,NA,NA,Y,4,0,1,2,A,-,06,21755,NA,F,D,C,A,A,H,-,C,D,0,NA,NA,Y,NA,Y,Y,A,01,0,0,1,0,0,0,0,0,1,-,-,33.82133102416992,-117.0039520263672,RIVERSIDE,SAN JACINTO,-117.0054168701172,33.81925964355469
81706343,2022,2022-02-23,3300,2022-02-10,0907,3394,910G,4,5,5,3335,0,0,0,NA,0,062,YNEZ RD,SOLANA WY,0,NA,Y,A,-,N,NA,NA,NA,NA,NA,NA,NA,NA,NA,N,4,0,1,2,A,-,09,21453,C,N,D,C,A,A,H,-,A,A,0,NA,NA,NA,NA,Y,NA,A,01,0,0,1,0,0,0,0,0,0,-,-,33.51448059082031,-117.15518951416016,RIVERSIDE,TEMECULA,-117.15525817871094,33.514408111572266
81706354,2022,2022-02-23,3300,2022-02-20,1350,4323,910Q,7,5,5,3335,0,0,0,NA,0,069,TEMECULA PARKWAY,PECHANGA PARKWAY,250,E,N,A,-,N,NA,NA,NA,NA,NA,NA,NA,NA,NA,Y,4,0,3,2,A,-,01,23153,A,F,C,C,A,A,H,-,A,A,0,NA,NA,NA,NA,Y,Y,D,22,0,0,3,0,0,0,0,0,0,-,-,NA,NA,RIVERSIDE,TEMECULA,-117.12834930419922,33.475765228271484
81707380,2022,2022-02-24,3300,2022-02-21,1420,N4544,602 C,1,5,6,3394,0,0,0,NA,0,MV24,HEACOCK ST,FIR AVE,218,S,N,A,-,N,NA,NA,NA,NA,NA,NA,NA,NA,NA,Y,4,0,2,2,A,-,09,21804,A,N,D,C,A,A,H,-,A,D,0,NA,NA,NA,NA,Y,NA,A,01,0,0,2,0,0,0,0,0,0,-,-,33.93545150756836,-117.24375152587892,RIVERSIDE,MORENO VALLEY,-117.24378967285156,33.934791564941406
81711723,2022,2022-03-01,3300,2022-02-23,1646,4867,604 A,3,5,6,3394,0,0,0,NA,0,MV42,LASSELLE ST,DRACAEA AVE,0,NA,Y,B,C,N,NA,NA,NA,NA,NA,NA,NA,NA,NA,Y,4,0,2,2,A,-,12,22450,A,N,D,C,A,B,H,-,A,A,0,NA,NA,NA,NA,Y,NA,A,07,0,0,2,0,0,0,0,0,0,-,-,33.927921295166016,-117.20883178710938,RIVERSIDE,MORENO VALLEY,-117.20893096923828,33.928192138671875
81711730,2022,2022-03-01,3300,2022-02-25,1835,5730,24C2,5,5,4,3318,0,0,0,NA,0,MO872,DINAH SHORE DR,BOB HOPE DR,205,W,N,A,-,N,NA,NA,NA,NA,NA,NA,NA,NA,NA,Y,4,0,1,2,A,-,01,23152,A,N,C,C,A,A,H,-,C,A,0,NA,NA,NA,NA,Y,NA,A,01,0,0,1,0,0,0,0,0,0,-,-,33.80168914794922,-116.40596771240234,RIVERSIDE,PALM DESERT,-116.4066925048828,33.80178451538086
8171180,2016,2016-11-21,3300,2016-10-19,1514,BAWDON,520,3,5,3,3317,0,0,0,NA,0,20D2,RANCHO MANANA,CLANCY LN,0,NA,Y,A,-,N,NA,NA,NA,NA,NA,NA,NA,NA,NA,Y,4,0,1,2,A,-,08,22107,NA,N,A,C,A,A,H,-,A,A,0,NA,NA,NA,NA,Y,NA,A,07,0,0,1,0,0,0,0,0,0,-,-,NA,NA,RIVERSIDE,RANCHO MIRAGE,-116.39779001,33.74693001
8171231,2016,2016-11-29,3300,2016-11-03,1202,4430,36J2,4,5,4,3318,0,0,0,NA,0,MO874,FRED WARING DR,SAN PABLO AV,0,NA,Y,A,-,N,NA,NA,NA,NA,NA,NA,NA,NA,NA,Y,3,0,3,2,A,-,09,21453,C,N,D,C,A,A,H,-,A,A,0,NA,NA,NA,NA,Y,NA,A,08,0,1,2,0,0,0,0,0,0,-,-,33.72882,-116.38251,RIVERSIDE,PALM DESERT,-116.3825301,33.7288801
81712701,2021,2022-03-02,3300,2021-12-21,1854,5909,803A,2,5,3,3343,0,0,0,NA,0,083,BUNDY CANYON RD,ORANGE ST,0,NA,Y,A,-,N,NA,NA,NA,NA,NA,NA,NA,NA,NA,N,4,0,1,2,A,-,12,21453,A,N,D,C,A,A,H,-,C,D,0,NA,NA,NA,NA,Y,NA,A,07,0,0,1,0,0,0,0,0,0,-,-,33.62800979614258,-117.2754364013672,RIVERSIDE,WILDOMAR,-117.27536010742188,33.62689971923828
81712777,2022,2022-03-02,3311,2022-02-05,1300,15918,NA,6,5,4,3311,0,0,0,NA,0,BIK,INDIAN CANYON DRIVE S,BARISTO ROAD,0,NA,Y,A,-,N,NA,NA,NA,NA,NA,NA,NA,NA,NA,N,4,0,1,2,A,-,10,21950,A,N,G,B,B,A,H,-,A,A,0,Y,NA,NA,NA,Y,NA,I,09,0,0,1,0,1,0,0,0,0,-,-,33.81938171386719,-116.54566192626952,RIVERSIDE,PALM SPRINGS,-116.54555511474608,33.819454193115234
81713989,2022,2022-03-03,3315,2022-02-22,1741,002058,5A,2,5,6,3315,0,0,0,NA,0,004,SIXTH ST,SMITH AV,95,W,N,C,-,N,NA,NA,NA,NA,NA,NA,NA,NA,NA,N,4,0,1,2,A,-,11,21954,A,N,G,B,D,B,H,-,B,A,0,Y,NA,NA,NA,Y,NA,N,60,0,0,1,0,1,0,0,0,0,-,-,33.877689361572266,-117.59441375732422,RIVERSIDE,CORONA,-117.59471893310548,33.87841796875
8171408,2016,2016-11-28,3300,2016-10-26,1804,3988,002Q,3,5,6,3345,0,0,0,NA,0,022,PEDLEY AV,KIM ST,25,S,N,A,-,N,NA,NA,NA,NA,NA,NA,NA,NA,NA,N,4,0,1,2,A,-,08,22107,NA,N,D,C,A,A,H,-,D,A,0,NA,NA,NA,Y,Y,NA,F,26,0,0,1,0,0,0,0,0,0,-,-,NA,NA,RIVERSIDE,JURUPA VALLEY,-117.47542,33.9935915
81715845,2022,2022-03-07,3311,2022-02-08,2106,15642,NA,2,5,4,3311,0,0,0,NA,0,006,PALM CANYON DRIVE E,CERRITOS DRIVE,600,W,N,A,-,N,NA,NA,NA,NA,NA,NA,NA,NA,NA,Y,3,0,2,2,A,-,05,21651,B,N,B,C,A,A,H,-,C,D,0,NA,NA,NA,NA,Y,NA,A,01,0,2,0,0,0,0,0,0,0,-,-,33.80107879638672,-116.52439880371094,RIVERSIDE,PALM SPRINGS,-116.52581787109376,33.80139923095703
81717152,2022,2022-03-08,3300,2022-01-28,1955,5662,002C,5,5,6,3345,0,0,0,NA,0,020,MISSION BL,CAMPBELL ST,0,NA,Y,A,-,N,NA,NA,NA,NA,NA,NA,NA,NA,NA,N,4,0,1,2,A,-,03,22350,NA,M,C,C,A,A,H,-,C,A,0,NA,NA,NA,NA,Y,NA,A,01,0,0,1,0,0,0,0,0,0,-,-,34.011600494384766,-117.49375152587892,RIVERSIDE,JURUPA VALLEY,-117.49397277832033,34.01163864135742
81717283,2022,2022-03-08,3300,2022-02-26,1832,4808,920H,6,5,4,3314,0,0,0,NA,0,074,SAN JACINTO AVE,ESPLANADE AVE,0,NA,Y,A,-,N,NA,NA,NA,NA,NA,NA,NA,NA,NA,Y,4,0,1,2,A,-,12,21453,A,N,D,C,A,A,H,-,C,A,0,NA,NA,NA,NA,Y,NA,A,01,0,0,1,0,0,0,0,0,0,-,-,33.77299880981445,-116.95868682861328,RIVERSIDE,SAN JACINTO,-116.95880889892578,33.772987365722656
81718263,2022,2022-03-09,3300,2022-02-21,0947,N6519,602 C,1,5,6,3394,0,0,0,NA,0,MV24,ALESSANDRO BLVD,GRAHAM ST,81,E,N,A,-,N,NA,NA,NA,NA,NA,NA,NA,NA,NA,N,4,0,1,2,A,-,21,22106,NA,N,C,C,A,A,H,-,A,D,0,NA,NA,NA,NA,Y,NA,D,22,0,0,1,0,0,0,0,0,0,-,-,33.91730880737305,-117.25244903564452,RIVERSIDE,MORENO VALLEY,-117.25216674804688,33.917171478271484
81719217,2022,2022-03-10,3300,2022-03-02,0735,2840,NA,3,5,5,3335,0,0,0,NA,0,NA,RIO NEDO,FULLER RD,0,NA,Y,A,-,N,NA,NA,NA,NA,NA,NA,NA,NA,NA,Y,4,0,1,2,A,-,09,21800,A,N,D,C,A,A,H,-,A,A,0,NA,NA,NA,NA,Y,NA,A,01,0,0,1,0,0,0,0,0,0,-,-,33.50865173339844,-117.17494201660156,RIVERSIDE,TEMECULA,NA,NA
81719367,2021,2022-03-10,3315,2021-05-12,1820,003021,1A,3,5,6,3315,0,0,0,NA,0,001,RAILROAD ST,KLUG CI,270,E,N,A,-,N,NA,NA,NA,NA,NA,NA,NA,NA,NA,Y,1,1,0,1,A,-,08,22107,NA,N,E,I,A,A,H,-,A,D,0,NA,NA,Y,NA,Y,NA,C,02,0,0,0,0,0,0,0,1,0,-,-,33.88848114013672,-117.60958099365234,RIVERSIDE,CORONA,-117.60906219482422,33.88902282714844
8171947,2016,2016-11-22,3300,2016-10-31,1919,4413,910A,1,5,5,3335,0,0,0,NA,0,062,WINCHESTER RD,YNEZ RD,0,NA,Y,A,-,N,NA,NA,NA,NA,NA,NA,NA,NA,NA,Y,4,0,1,2,A,-,09,21800,A,N,D,C,A,A,H,-,C,A,0,NA,NA,NA,NA,Y,NA,A,01,0,0,1,0,0,0,0,0,0,-,-,33.52465,-117.16009,RIVERSIDE,TEMECULA,-117.16036007,33.5246601
81722583,2022,2022-03-15,3300,2022-03-02,1300,N4187,916A,3,5,4,3312,0,0,0,NA,0,031,PERRIS BL,RIDER ST,0,NA,Y,A,-,N,NA,NA,NA,NA,NA,NA,NA,NA,NA,Y,4,0,1,2,A,-,12,21453,A,N,D,C,A,A,H,-,A,A,0,NA,NA,NA,NA,Y,NA,D,22,0,0,1,0,0,0,0,0,0,-,-,33.83012008666992,-117.22614288330078,RIVERSIDE,PERRIS,-117.22607421875,33.830081939697266
81723652,2022,2022-03-16,3300,2022-02-20,1238,N6519,602 C,7,5,6,3394,0,0,0,NA,0,MV24,HEACOCK ST,SUNNYMEAD BLVD,354,S,N,A,-,N,NA,NA,NA,NA,NA,NA,NA,NA,NA,N,3,0,1,1,A,-,01,23152,A,N,E,I,A,A,H,-,A,D,0,NA,NA,NA,NA,Y,Y,A,07,0,1,0,0,0,0,0,0,0,-,-,33.93906021118164,-117.24376678466795,RIVERSIDE,MORENO VALLEY,-117.24378967285156,33.938079833984375
81723656,2022,2022-03-16,3300,2022-03-04,1903,5059,604 D,5,5,6,3394,0,0,0,NA,0,MV46,REDLANDS BLVD,SH-60 E/B ON/OFF RAMP,364,N,N,A,-,N,NA,NA,NA,NA,NA,NA,NA,NA,NA,Y,4,0,3,3,A,-,08,22107,NA,N,C,C,A,A,H,-,C,A,0,NA,NA,NA,NA,Y,NA,A,01,0,0,3,0,0,0,0,0,0,-,-,33.93693923950195,-117.15682220458984,RIVERSIDE,MORENO VALLEY,-117.156755,33.938011
81725018,2022,2022-03-17,3315,2022-03-09,2128,002235,6F,3,5,6,3315,0,0,0,NA,0,001,TENTH ST,LINCOLN AV,35,W,N,A,-,N,NA,NA,NA,NA,NA,NA,NA,NA,NA,Y,4,0,1,1,A,-,08,22107,NA,N,E,I,A,A,H,-,C,A,0,NA,NA,NA,NA,Y,NA,A,01,0,0,1,0,0,0,0,0,0,-,-,33.87314987182617,-117.58397674560548,RIVERSIDE,CORONA,-117.58402252197266,33.87308120727539
81727473,2022,2022-03-21,3308,2022-02-09,0140,10548,514,3,5,5,3308,0,0,0,NA,0,NORTH,DEVONSHIRE AVE,CAWSTON AVE,0,NA,Y,A,-,N,NA,NA,NA,NA,NA,NA,NA,NA,NA,Y,4,0,2,2,D,-,00,NA,NA,N,D,C,A,A,H,-,C,A,0,NA,NA,NA,NA,Y,NA,-,-,0,0,2,0,0,0,0,0,0,-,-,33.74911880493164,-117.01188659667967,RIVERSIDE,HEMET,-117.01535034179688,33.750892639160156
8172864,2016,2016-11-29,3313,2016-11-03,1347,1762,W,4,5,7,3313,0,0,0,NA,0,T44,MAGNOLIA AV,PARK SIERRA DR,0,NA,Y,A,-,N,NA,NA,NA,NA,NA,NA,NA,NA,NA,Y,4,0,3,2,A,-,12,21453,A,N,D,C,A,A,H,-,A,A,0,NA,NA,NA,NA,Y,NA,A,01,0,0,3,0,0,0,0,0,0,-,-,33.90542,-117.47237,RIVERSIDE,RIVERSIDE,-117.47259001,33.90568007
81730407,2022,2022-03-24,3300,2022-03-22,0457,3536,603 B,2,5,6,3394,0,0,0,NA,0,MV34,PERRIS BLVD,GROVE VIEW RD,219,S,N,A,-,N,NA,NA,NA,NA,NA,NA,NA,NA,NA,N,4,0,1,2,A,-,04,21703,NA,N,C,C,A,A,H,-,C,D,0,NA,NA,NA,NA,Y,NA,D,22,0,0,1,0,0,0,0,0,0,-,-,33.86259841918945,-117.22669982910156,RIVERSIDE,MORENO VALLEY,-117.22615814208984,33.862091064453125
81733365,2022,2022-03-25,3300,2022-03-15,1603,4468,905K,2,5,4,3307,0,0,0,NA,0,094,LAKE ST,LAKESHORE DR,0,NA,Y,A,-,N,NA,NA,NA,NA,NA,NA,NA,NA,NA,Y,3,0,2,2,A,-,12,21453,A,N,D,C,A,A,H,-,A,A,0,NA,NA,NA,NA,Y,NA,D,22,0,2,0,0,0,0,0,0,0,-,-,33.695518493652344,-117.39006042480467,RIVERSIDE,LAKE ELSINORE,-117.39022064208984,33.694576263427734
81733509,2022,2022-03-25,3315,2022-03-19,1432,004496,3E,6,5,6,3315,0,0,0,NA,0,003,MAGNOLIA AV,RIMPAU AV,25,N,N,A,-,N,NA,NA,NA,NA,NA,NA,NA,NA,NA,Y,4,0,1,2,A,-,09,21453,C,N,D,C,A,A,H,-,A,A,0,NA,NA,NA,NA,Y,NA,A,01,0,0,1,0,0,0,0,0,0,-,-,33.86445999145508,-117.54457855224608,RIVERSIDE,CORONA,-117.54460906982422,33.86457824707031
81735818,2022,2022-03-29,3315,2022-03-23,1746,004323,3H,3,5,6,3315,0,0,0,NA,0,002,EAST GRAND BLVD,FULLERTON AVENUE,10,W,N,A,-,N,NA,NA,NA,NA,NA,NA,NA,NA,NA,N,4,0,1,2,A,-,17,21451,A,N,B,G,A,A,H,-,A,A,0,NA,Y,NA,NA,Y,NA,A,01,0,0,1,0,0,0,1,0,0,-,-,NA,NA,RIVERSIDE,CORONA,-117.55956268310548,33.872474670410156
8173713,2016,2016-11-28,3300,2016-09-12,1936,4024,905I,1,5,4,3307,0,0,0,NA,0,095,CENTRAL AV,DEXTER AV,0,NA,Y,A,-,N,NA,NA,NA,NA,NA,NA,NA,NA,NA,N,3,0,1,2,A,-,03,22350,NA,N,C,C,A,A,H,-,C,A,0,NA,NA,NA,NA,Y,NA,A,08,0,1,0,0,0,0,0,0,0,-,-,NA,NA,RIVERSIDE,LAKE ELSINORE,-117.33620006,33.69324006
81737712,2022,2022-03-31,3300,2022-02-19,2028,5696,WI 80,6,5,3,3343,0,0,0,NA,0,084,BUNDY CANYON RD,HARVEST WAY EAST,0,NA,Y,A,-,N,NA,NA,NA,NA,NA,NA,NA,NA,NA,N,4,0,1,2,D,-,00,NA,NA,N,C,C,A,A,H,-,D,D,0,NA,NA,NA,NA,Y,NA,-,-,0,0,1,0,0,0,0,0,0,-,-,NA,NA,RIVERSIDE,WILDOMAR,-117.23001861572266,33.64146041870117
81738456,2022,2022-04-01,3300,2022-03-23,2248,5162,011A,3,5,4,3344,0,0,0,NA,0,060,BELLEGRAVE AV,SCHOLAR WAY,0,NA,Y,A,-,N,NA,NA,NA,NA,NA,NA,NA,NA,NA,N,3,0,1,2,A,-,17,21451,A,N,D,C,A,A,H,-,C,A,0,NA,NA,NA,NA,Y,NA,A,01,0,1,0,0,0,0,0,0,0,-,-,NA,NA,RIVERSIDE,EASTVALE,-117.567182,33.985638
81739713,2022,2022-04-04,3300,2022-03-31,1134,4713,910S,4,5,5,3335,0,0,0,NA,0,070,REDHAWK PKY,TEMECULA PKY,347,S,N,B,-,N,NA,NA,NA,NA,NA,NA,NA,NA,NA,Y,4,0,2,2,A,-,09,21801,A,N,D,C,A,A,H,-,A,A,0,NA,NA,NA,NA,Y,NA,A,01,0,0,2,0,0,0,0,0,0,-,-,33.48017120361328,-117.10147094726563,RIVERSIDE,TEMECULA,-117.10113525390624,33.479331970214844
81740696,2022,2022-04-05,3300,2022-03-03,0517,5398,NA,4,5,5,3335,0,0,0,NA,0,NA,JEFFERSON AV,RANCHO CALIFORNIA RD,0,NA,Y,A,-,N,NA,NA,NA,NA,NA,NA,NA,NA,NA,N,3,0,1,2,A,-,12,21453,A,N,D,C,A,A,H,-,C,A,0,NA,NA,NA,NA,Y,NA,A,01,0,1,0,0,0,0,0,0,0,-,-,33.49913024902344,-117.1540298461914,RIVERSIDE,TEMECULA,-117.15386962890624,33.49915313720703
81741747,2022,2022-04-06,3300,2022-03-10,0334,5397,801A,4,5,3,3343,0,0,0,NA,0,081,MISSION TRAIL,OLIVE ST,182,N,N,A,-,N,NA,NA,NA,NA,NA,NA,NA,NA,NA,N,2,0,1,1,A,-,01,23152,A,N,E,I,A,A,H,-,C,D,0,NA,NA,NA,NA,Y,Y,A,07,1,0,0,0,0,0,0,0,0,-,-,NA,NA,RIVERSIDE,WILDOMAR,-117.29140472412108,33.64198684692383
81741794,2022,2022-04-06,3300,2022-03-13,0426,5776,602 D,7,5,6,3394,0,0,0,NA,0,MV26,ALESSANDRO BLVD,HEACOCK ST,0,NA,Y,A,-,N,NA,NA,NA,NA,NA,NA,NA,NA,NA,Y,4,0,2,2,A,-,12,21453,A,N,A,C,A,A,H,-,C,A,0,NA,NA,NA,NA,Y,NA,A,01,0,0,2,0,0,0,0,0,0,-,-,33.917259216308594,-117.24373626708984,RIVERSIDE,MORENO VALLEY,-117.24373626708984,33.91718292236328
81742721,2022,2022-04-07,3300,2022-03-16,1445,N6910,002J,3,5,6,3345,0,0,0,NA,0,022,ETIWANDA AV,RT 60 WB OFFRAMP,65,N,N,A,-,N,NA,NA,NA,NA,NA,NA,NA,NA,NA,N,4,0,1,2,A,-,03,22350,NA,N,C,C,A,A,H,-,A,A,0,NA,NA,NA,NA,Y,NA,A,01,0,0,1,0,0,0,0,0,0,-,-,34.01918029785156,-117.52410888671876,RIVERSIDE,JURUPA VALLEY,-117.52448272705078,34.018516540527344
81742834,2020,2022-04-07,3349,2020-10-31,2000,321,NA,6,5,5,3341,0,0,0,NA,0,004,GOETZ RD,GOLDENROD AVE,1335,S,N,A,-,N,NA,NA,NA,NA,NA,NA,NA,NA,NA,Y,1,1,1,2,A,-,01,23152,A,N,A,C,A,A,H,-,D,A,0,NA,NA,Y,NA,Y,Y,C,02,0,1,0,0,0,0,0,1,0,-,-,33.735740661621094,-117.2232666015625,RIVERSIDE,MENIFEE,-117.22213745117188,33.732303619384766
81743918,2022,2022-04-08,3342,2022-03-19,2325,176,137,6,5,4,3342,0,0,0,NA,0,001,WASHINGTON AVE,JERRY ALLEN LN,18,S,N,A,-,N,NA,NA,NA,NA,NA,NA,NA,NA,NA,Y,4,0,3,3,A,-,07,21658,A,N,D,D,A,A,H,-,C,A,0,NA,NA,NA,NA,Y,NA,A,01,0,0,3,0,0,0,0,0,0,-,-,33.57072830200195,-117.23272705078124,RIVERSIDE,MURRIETA,-117.23274230957033,33.570762634277344
81744582,2022,2022-04-11,3300,2022-03-26,0955,N7335,38H1,6,5,4,3318,0,0,0,NA,0,2T368,COUNTRY CLUB DR,DESERT WILLOW DR,0,NA,Y,A,-,N,NA,NA,NA,NA,NA,NA,NA,NA,NA,Y,4,0,1,2,A,-,09,21453,C,N,D,C,A,A,H,-,A,A,0,NA,NA,NA,NA,Y,NA,A,01,0,0,1,0,0,0,0,0,0,-,-,33.758018493652344,-116.36061096191406,RIVERSIDE,PALM DESERT,-116.36068725585938,33.75808334350586
81744646,2022,2022-04-11,3315,2022-04-05,1504,002058,3E,2,5,6,3315,0,0,0,NA,0,003,RIMPAU AV,OLD TEMESCAL RD,0,NA,Y,A,-,N,NA,NA,NA,NA,NA,NA,NA,NA,NA,Y,4,0,1,2,A,-,09,21802,A,N,D,C,A,A,H,-,A,A,0,NA,NA,NA,NA,Y,NA,D,22,0,0,1,0,0,0,0,0,0,-,-,33.854000091552734,-117.54463958740234,RIVERSIDE,CORONA,-117.544677734375,33.853885650634766
81744713,2022,2022-04-11,3300,2022-04-08,1822,4867,602 C,5,5,6,3394,0,0,0,NA,0,MV24,SUNNYMEAD BLVD,GRAHAM ST,200,W,N,A,-,N,NA,NA,NA,NA,NA,NA,NA,NA,NA,N,4,0,2,2,A,-,03,22350,NA,N,C,C,A,A,H,-,A,A,0,NA,NA,NA,NA,Y,NA,A,07,0,0,2,0,0,0,0,0,0,-,-,33.93899154663086,-117.25269317626952,RIVERSIDE,MORENO VALLEY,-117.25336456298828,33.93892288208008