CASE_ID,ACCIDENT_YEAR,PROC_DATE,JURIS,COLLISION_DATE,COLLISION_TIME,OFFICER_ID,REPORTING_DISTRICT,DAY_OF_WEEK,CHP_SHIFT,POPULATION,CNTY_CITY_LOC,SPECIAL_COND,BEAT_TYPE,CHP_BEAT_TYPE,CITY_DIVISION_LAPD,CHP_BEAT_CLASS,BEAT_NUMBER,PRIMARY_RD,SECONDARY_RD,DISTANCE,DIRECTION,INTERSECTION,WEATHER_1,WEATHER_2,STATE_HWY_IND,CALTRANS_COUNTY,CALTRANS_DISTRICT,STATE_ROUTE,ROUTE_SUFFIX,POSTMILE_PREFIX,POSTMILE,LOCATION_TYPE,RAMP_INTERSECTION,SIDE_OF_HWY,TOW_AWAY,COLLISION_SEVERITY,NUMBER_KILLED,NUMBER_INJURED,PARTY_COUNT,PRIMARY_COLL_FACTOR,PCF_CODE_OF_VIOL,PCF_VIOL_CATEGORY,PCF_VIOLATION,PCF_VIOL_SUBSECTION,HIT_AND_RUN,TYPE_OF_COLLISION,MVIW,PED_ACTION,ROAD_SURFACE,ROAD_COND_1,ROAD_COND_2,LIGHTING,CONTROL_DEVICE,CHP_ROAD_TYPE,PEDESTRIAN_ACCIDENT,BICYCLE_ACCIDENT,MOTORCYCLE_ACCIDENT,TRUCK_ACCIDENT,NOT_PRIVATE_PROPERTY,ALCOHOL_INVOLVED,STWD_VEHTYPE_AT_FAULT,CHP_VEHTYPE_AT_FAULT,COUNT_SEVERE_INJ,COUNT_VISIBLE_INJ,COUNT_COMPLAINT_PAIN,COUNT_PED_KILLED,COUNT_PED_INJURED,COUNT_BICYCLIST_KILLED,COUNT_BICYCLIST_INJURED,COUNT_MC_KILLED,COUNT_MC_INJURED,PRIMARY_RAMP,SECONDARY_RAMP,LATITUDE,LONGITUDE,COUNTY,CITY,POINT_X,POINT_Y
82034370,2023,2023-03-31,3313,2023-02-16,836,1641,1,4,5,7,3313,0,0,0,NA,0,T55,FOURTEENTH ST,PINE ST (E),0,NA,Y,A,-,N,NA,NA,NA,NA,NA,NA,NA,NA,NA,Y,4,0,3,2,A,-,12,22450,A,N,D,C,A,A,H,-,A,A,0,NA,NA,NA,NA,Y,NA,-,-,0,0,3,0,0,0,0,0,0,-,-,33.978721618652344,-117.3861083984375,RIVERSIDE,RIVERSIDE,-117.3865966796875,33.979976654052734
8203760,2016,2017-02-27,3309,2016-12-12,2500,455,3309,1,5,4,3309,0,0,0,NA,0,004,MONROE ST,JOHN NOBLES DR,96,S,N,A,-,N,NA,NA,NA,NA,NA,NA,NA,NA,NA,N,4,0,1,3,A,-,04,21703,NA,N,C,C,A,A,H,-,A,D,0,NA,NA,NA,NA,Y,NA,A,01,0,0,1,0,0,0,0,0,0,-,-,NA,NA,RIVERSIDE,INDIO,-116.233856,33.710823
82037965,2022,2023-04-06,3300,2022-11-11,1042,5771,001H,5,5,6,3345,0,0,0,NA,0,014,LIMONITE AV,PERALTA PL,0,NA,Y,A,-,N,NA,NA,NA,NA,NA,NA,NA,NA,NA,N,4,0,1,2,A,-,12,21453,A,N,D,C,A,A,H,-,A,A,0,NA,NA,NA,NA,Y,NA,D,22,0,0,1,0,0,0,0,0,0,-,-,33.981441497802734,-117.43953704833984,RIVERSIDE,JURUPA VALLEY,-117.4397201538086,33.9816780090332
82039067,2023,2023-05-01,3300,2023-04-05,1143,5632,916A,3,5,4,3312,0,0,0,NA,0,031,LIMOUSIN ST,EVANS RD,26,E,N,A,-,N,NA,NA,NA,NA,NA,NA,NA,NA,NA,N,3,0,1,1,A,-,08,22107,NA,N,E,I,A,A,H,-,A,D,0,NA,NA,NA,NA,Y,NA,A,01,0,1,0,0,0,0,0,0,0,-,-,33.83544158935547,-117.20436096191406,RIVERSIDE,PERRIS,-117.20426177978516,33.835628509521484
82039074,2022,2023-04-07,3300,2022-09-01,0657,4201,908,4,5,3,3337,0,0,0,NA,0,060,RAILROAD CANYON RD,COUNTRY CLUB DR,293,E,N,A,-,N,NA,NA,NA,NA,NA,NA,NA,NA,NA,N,3,0,1,1,A,-,03,22350,NA,N,E,I,A,A,H,-,A,A,0,NA,NA,NA,NA,Y,NA,A,07,0,1,0,0,0,0,0,0,0,-,-,NA,NA,RIVERSIDE,CANYON LAKE,-117.25904846191406,33.673484802246094
82039122,2023,2023-04-07,3308,2023-02-07,746,10918,NA,2,5,5,3308,0,0,0,NA,0,NORTH,PALM AVE,OAKLAND AVE,390,N,N,A,-,N,NA,NA,NA,NA,NA,NA,NA,NA,NA,Y,4,0,3,5,A,-,08,22107,NA,N,C,E,A,A,H,-,A,A,0,NA,NA,NA,NA,Y,NA,A,07,0,0,3,0,0,0,0,0,0,-,-,NA,NA,RIVERSIDE,HEMET,-116.98046112060548,33.75577926635742
82040098,2023,2023-04-10,3313,2023-03-10,1126,1641,5,5,5,7,3313,0,0,0,NA,0,T55,MAGNOLIA AVE,HARRISON ST (W),32,W,N,C,-,N,NA,NA,NA,NA,NA,NA,NA,NA,NA,Y,4,0,1,2,A,-,11,21453,D,N,G,B,D,B,H,-,A,A,0,Y,NA,NA,NA,Y,NA,N,60,0,0,1,0,1,0,0,0,0,-,-,33.91556930541992,-117.45452117919922,RIVERSIDE,RIVERSIDE,-117.45411682128906,33.916141510009766
8204035,2016,2017-02-27,3309,2016-12-27,1401,174,3309,2,5,4,3309,0,0,0,NA,0,004,RT 111,YOUNGS LN,525,W,N,A,-,N,NA,NA,NA,NA,NA,NA,NA,NA,NA,N,4,0,3,2,A,-,03,22350,NA,N,C,C,A,A,H,-,A,D,0,NA,NA,NA,NA,Y,NA,A,01,0,0,3,0,0,0,0,0,0,-,-,NA,NA,RIVERSIDE,INDIO,-116.25741859,33.70744676
8204054,2016,2017-01-09,3313,2016-12-17,0315,1455,2,6,5,7,3313,0,0,0,NA,0,1R21,EL CERRITO DR,CANYON CREST DR,3,W,N,A,-,N,NA,NA,NA,NA,NA,NA,NA,NA,NA,Y,2,0,1,1,A,-,08,22107,NA,N,E,I,A,A,H,-,C,A,0,NA,NA,NA,NA,Y,NA,A,01,1,0,0,0,0,0,0,0,0,-,-,33.95849,-117.331,RIVERSIDE,RIVERSIDE,-117.33094895,33.95836656
82041505,2023,2023-04-11,3300,2023-04-09,1454,N6519,601 C,7,5,6,3394,0,0,0,NA,0,MV14,PIGEON PASS RD,CLIMBING ROSE DR,107,N,N,A,-,N,NA,NA,NA,NA,NA,NA,NA,NA,NA,N,4,0,1,2,A,-,21,22106,NA,N,C,C,A,A,H,-,A,D,0,NA,NA,NA,NA,Y,NA,A,01,0,0,1,0,0,0,0,0,0,-,-,33.949710845947266,-117.26129150390624,RIVERSIDE,MORENO VALLEY,-117.26133728027344,33.94991683959961
82042813,2023,2023-04-12,3313,2023-03-19,1030,2029,NA,7,5,7,3313,0,0,0,NA,0,NA,CEDAR ST,MISSION INN AVE,0,NA,Y,B,-,N,NA,NA,NA,NA,NA,NA,NA,NA,NA,N,4,0,1,2,A,-,09,21800,NA,N,D,G,A,A,H,-,A,D,0,NA,Y,NA,NA,Y,NA,A,01,0,0,1,0,0,0,1,0,0,-,-,33.98624038696289,-117.380859375,RIVERSIDE,RIVERSIDE,-117.38079833984376,33.9861946105957
82045717,2023,2023-04-25,3342,2023-03-29,1058,898,421,3,5,4,3342,0,0,0,NA,0,004,MURRIETA HOT SPRINGS RD,RT 15 NB OFFRAMP,0,NA,Y,C,-,N,NA,NA,NA,NA,NA,NA,NA,NA,NA,Y,4,0,2,2,A,-,12,21453,A,N,D,C,A,B,H,-,A,A,0,NA,NA,NA,NA,Y,NA,A,01,0,0,2,0,0,0,0,0,0,-,-,33.555091857910156,-117.18991088867188,RIVERSIDE,MURRIETA,-117.19188690185548,33.55486297607422
82048143,2023,2023-04-19,3300,2023-04-02,35,6106,NA,7,5,3,3317,0,0,0,NA,0,S22,30TH AVE,RATTLER RD,0,NA,Y,A,-,N,NA,NA,NA,NA,NA,NA,NA,NA,NA,N,4,0,1,2,A,-,03,22350,NA,F,C,C,A,A,H,-,C,A,0,NA,NA,NA,NA,Y,Y,A,01,0,0,1,0,0,0,0,0,0,-,-,33.83066940307617,-116.43212127685548,RIVERSIDE,RANCHO MIRAGE,-116.4321746826172,33.830665588378906
82048282,2023,2023-04-19,3300,2023-04-04,736,3031,LA40,2,5,3,3392,0,0,0,NA,0,LA40,WASHINGTON ST,FRED WARING DR,0,NA,Y,A,-,N,NA,NA,NA,NA,NA,NA,NA,NA,NA,N,3,0,2,3,A,-,09,21453,C,N,A,C,A,A,H,-,A,A,0,NA,NA,NA,NA,Y,NA,A,01,0,1,1,0,0,0,0,0,0,-,-,33.728981018066406,-116.30393981933594,RIVERSIDE,LA QUINTA,-116.3039779663086,33.7289924621582
82048293,2023,2023-04-19,3311,2023-03-18,2213,16344,NA,6,5,4,3311,0,0,0,NA,0,006,PALM CANYON DRIVE E,ARABY DRIVE,0,NA,Y,A,-,N,NA,NA,NA,NA,NA,NA,NA,NA,NA,Y,4,0,1,2,A,-,09,21453,C,N,D,C,A,A,H,-,C,A,0,NA,NA,NA,NA,Y,NA,A,07,0,0,1,0,0,0,0,0,0,-,-,33.80104064941406,-116.51519775390624,RIVERSIDE,PALM SPRINGS,-116.51500701904295,33.80104064941406
82050009,2023,2023-04-21,3300,2023-02-22,1129,N6519,604 D,3,5,6,3394,0,0,0,NA,0,MV48,WILMOT ST,CACTUS AVE,0,NA,Y,A,-,N,NA,NA,NA,NA,NA,NA,NA,NA,NA,Y,4,0,1,1,A,-,03,22350,NA,N,E,J,A,A,H,-,A,D,0,NA,NA,NA,NA,Y,NA,A,07,0,0,1,0,0,0,0,0,0,-,-,33.909889221191406,-117.16114044189452,RIVERSIDE,MORENO VALLEY,-117.16109466552734,33.91011047363281
82050019,2023,2023-04-21,3300,2023-04-17,825,4695,601 D,1,5,6,3394,0,0,0,NA,0,MV14,IRONWOOD AVE,CHESAPEAKE RD,0,NA,Y,A,-,N,NA,NA,NA,NA,NA,NA,NA,NA,NA,Y,4,0,1,3,A,-,09,21802,A,N,A,C,A,A,H,-,A,A,0,NA,NA,NA,NA,Y,NA,A,01,0,0,1,0,0,0,0,0,0,-,-,33.946678161621094,-117.25740814208984,RIVERSIDE,MORENO VALLEY,-117.25772094726563,33.94658660888672
82050037,2023,2023-04-21,3300,2023-04-15,2020,N6906,87H1,6,5,2,3316,0,0,0,NA,0,J87,HWY 111,MOUNTAIN COVE DR,400,W,N,A,-,N,NA,NA,NA,NA,NA,NA,NA,NA,NA,Y,4,0,2,2,A,-,03,22350,NA,N,C,C,A,A,H,-,C,A,0,NA,NA,NA,NA,Y,NA,A,01,0,0,2,0,0,0,0,0,0,-,-,33.71662902832031,-116.30402374267578,RIVERSIDE,INDIAN WELLS,-116.30508422851563,33.71703338623047
82050153,2023,2023-04-21,3342,2023-04-15,1140,1240,NA,6,5,4,3342,0,0,0,NA,0,NA,MADISON AVE,MURRIETA HOT SPRINGS RD,395,S,N,A,-,N,NA,NA,NA,NA,NA,NA,NA,NA,NA,N,4,0,1,2,A,-,09,21804,A,N,D,G,A,A,H,-,A,D,0,NA,Y,NA,NA,Y,NA,A,01,0,0,1,0,0,0,1,0,0,-,-,33.552978515625,-117.19570159912108,RIVERSIDE,MURRIETA,-117.19515228271484,33.55244827270508
82050155,2023,2023-04-21,3342,2023-04-16,2300,1146,245,7,5,4,3342,0,0,0,NA,0,002,CALIFORNIA OAKS RD,SKYVIEW RIDGE DR,850,W,N,A,-,N,NA,NA,NA,NA,NA,NA,NA,NA,NA,Y,4,0,1,2,A,-,09,21804,A,N,D,C,A,A,H,-,C,A,0,NA,NA,NA,NA,Y,NA,A,01,0,0,1,0,0,0,0,0,0,-,-,33.57863998413086,-117.1993408203125,RIVERSIDE,MURRIETA,-117.20096588134766,33.5772705078125
82054400,2023,2023-04-27,3315,2023-04-24,1621,001642,7A,1,5,6,3315,0,0,0,NA,0,001,SMITH AV,PLEASANT VIEW AV,0,NA,Y,A,-,N,NA,NA,NA,NA,NA,NA,NA,NA,NA,Y,3,0,2,2,A,-,01,23153,A,N,D,C,A,A,H,-,A,A,0,NA,NA,NA,NA,Y,Y,A,01,0,2,0,0,0,0,0,0,0,-,-,NA,NA,RIVERSIDE,CORONA,-117.59413909912108,33.88029479980469
82056141,2023,2023-04-28,3300,2023-04-24,353,5788,916A,1,5,4,3312,0,0,0,NA,0,031,PERRIS BL,ORANGE AV,0,NA,Y,A,-,N,NA,NA,NA,NA,NA,NA,NA,NA,NA,Y,4,0,1,2,A,-,12,21453,A,N,D,C,A,A,H,-,C,A,0,NA,NA,NA,NA,Y,NA,A,07,0,0,1,0,0,0,0,0,0,-,-,33.81568908691406,-117.22599029541016,RIVERSIDE,PERRIS,-117.2261199951172,33.81560134887695
82057469,2023,2023-05-01,3313,2023-04-11,1947,1499,1,2,5,7,3313,0,0,0,NA,0,M34,MARKET ST,FIRST ST,15,W,N,A,-,N,NA,NA,NA,NA,NA,NA,NA,NA,NA,Y,4,0,1,2,A,-,01,23152,G,N,A,C,A,A,H,-,C,A,0,NA,NA,NA,NA,Y,Y,A,01,0,0,1,0,0,0,0,0,0,-,-,NA,NA,RIVERSIDE,RIVERSIDE,-117.37122344970705,33.98924255371094
8205955,2016,2017-01-17,3300,2016-12-24,1040,N2988,602D2,6,5,6,3394,0,0,0,NA,0,MV26,FIR AV,NASON ST,37,E,N,A,-,N,NA,NA,NA,NA,NA,NA,NA,NA,NA,N,4,0,2,2,A,-,08,22107,NA,N,A,C,A,A,H,-,A,D,0,NA,NA,NA,NA,Y,NA,A,01,0,0,2,0,0,0,0,0,0,-,-,33.93545,-117.19129,RIVERSIDE,MORENO VALLEY,-117.19141843,33.93546187
8206021,2017,2017-01-18,3311,2017-01-03,1240,16035,NA,2,5,4,3311,0,0,0,NA,0,001,INDIAN CANYON DR N,SAN RAFAEL DR,0,NA,Y,A,-,N,NA,NA,NA,NA,NA,NA,NA,NA,NA,Y,4,0,2,2,A,-,09,21801,A,N,D,C,A,A,H,-,A,A,0,NA,NA,NA,NA,Y,NA,A,01,0,0,2,0,0,0,0,0,0,-,-,33.85943,-116.5455,RIVERSIDE,PALM SPRINGS,-116.54560005,33.86006001
82060936,2023,2023-05-04,3311,2023-03-28,2013,15984,3311,2,5,4,3311,0,0,0,NA,0,004,VISTA CHINO,SR 111 (GENE AUTRY TRAIL),29,E,N,A,-,N,NA,NA,NA,NA,NA,NA,NA,NA,NA,N,4,0,1,2,A,-,03,22350,NA,F,C,C,A,A,H,-,C,A,0,NA,NA,NA,NA,Y,NA,A,01,0,0,1,0,0,0,0,0,0,-,-,33.844600677490234,-116.5060806274414,RIVERSIDE,PALM SPRINGS,-116.5058135986328,33.8446044921875
82062075,2023,2023-05-05,3315,2023-03-16,1526,003659,3A,4,5,6,3315,0,0,0,NA,0,001,EIGHTH ST,MAIN ST,0,NA,Y,A,-,N,NA,NA,NA,NA,NA,NA,NA,NA,NA,N,4,0,1,2,A,-,12,21453,A,N,D,C,A,A,H,-,A,A,0,NA,NA,NA,NA,Y,NA,A,01,0,0,1,0,0,0,0,0,0,-,-,NA,NA,RIVERSIDE,CORONA,-117.56671905517578,33.87327194213867
8206424,2016,2017-01-18,3300,2016-12-28,0558,4323,910Q,3,5,5,3335,0,0,0,NA,0,069,AVENIDA DE MISSIONES,TEMECULA PKWY,205,S,N,A,-,N,NA,NA,NA,NA,NA,NA,NA,NA,NA,N,4,0,1,2,A,-,11,21954,A,N,G,B,C,A,H,-,C,D,0,Y,NA,NA,NA,Y,Y,N,60,0,0,1,0,1,0,0,0,0,-,-,NA,NA,RIVERSIDE,TEMECULA,-117.111511,33.477042
82064376,2023,2023-05-09,3300,2023-05-05,915,4323,910S,5,5,5,3335,0,0,0,NA,0,070,TEMECULA PKY,MARGARITA RD,100,E,N,B,-,N,NA,NA,NA,NA,NA,NA,NA,NA,NA,N,4,0,1,2,A,-,03,22350,NA,N,C,C,A,A,H,-,A,A,0,NA,NA,NA,NA,Y,NA,I,11,0,0,1,0,0,0,0,0,0,-,-,33.48017120361328,-117.10147094726563,RIVERSIDE,TEMECULA,-117.10126495361328,33.48046875
82064433,2023,2023-05-09,3308,2023-01-31,1810,10909,516,2,5,5,3308,0,0,0,NA,0,NORTH,STATE ST,OAKLAND AVE,120,W,N,A,-,N,NA,NA,NA,NA,NA,NA,NA,NA,NA,N,4,0,1,1,A,-,08,22107,NA,N,E,I,A,A,H,-,C,A,0,NA,NA,NA,NA,Y,NA,A,07,0,0,1,0,0,0,0,0,0,-,-,33.752689361572266,-116.96829223632813,RIVERSIDE,HEMET,-116.97176361083984,33.75510787963867
82067215,2023,2023-05-12,3300,2023-05-07,2043,5228,803A,7,5,3,3343,0,0,0,NA,0,083,PALOMAR ST,WESLEY ST,0,NA,Y,A,-,N,NA,NA,NA,NA,NA,NA,NA,NA,NA,Y,3,0,1,2,A,-,03,22350,NA,N,C,C,A,A,H,-,D,D,0,NA,NA,NA,NA,Y,NA,A,07,0,1,0,0,0,0,0,0,0,-,-,NA,NA,RIVERSIDE,WILDOMAR,-117.2834930419922,33.610382080078125
82067281,2023,2023-05-12,3300,2023-05-08,1445,N1673,34D3,1,5,4,3318,0,0,0,NA,0,T34,COUNTRY CLUB DR,OASIS CLUB DR,0,NA,Y,A,-,N,NA,NA,NA,NA,NA,NA,NA,NA,NA,Y,4,0,1,2,A,-,17,21451,A,N,D,C,A,A,H,-,A,A,0,NA,NA,Y,NA,Y,NA,A,01,0,0,1,0,0,0,0,0,1,-,-,33.75828170776367,-116.32127380371094,RIVERSIDE,PALM DESERT,-116.32128143310548,33.758262634277344
82067405,2023,2023-05-12,3342,2023-05-10,1704,1240,597,3,5,4,3342,0,0,0,NA,0,005,MURRIETA HOT SPRINGS RD,WHITEWOOD RD (W),450,W,N,B,-,N,NA,NA,NA,NA,NA,NA,NA,NA,NA,Y,3,0,3,3,A,-,03,22350,NA,N,C,C,A,A,H,-,A,A,0,NA,NA,NA,NA,Y,NA,A,01,0,2,1,0,0,0,0,0,0,-,-,33.55437088012695,-117.16799926757813,RIVERSIDE,MURRIETA,-117.16954040527344,33.55491638183594
82068200,2023,2023-05-15,3342,2023-05-05,1546,481,245,5,5,4,3342,0,0,0,NA,0,002,CALIFORNIA OAKS RD,LINCOLN AVE,300,N,N,A,-,N,NA,NA,NA,NA,NA,NA,NA,NA,NA,N,3,0,1,2,A,-,17,21208,A,N,D,G,A,A,H,-,A,D,0,NA,Y,NA,NA,Y,NA,L,04,0,1,0,0,0,0,1,0,0,-,-,33.57501983642578,-117.20149230957033,RIVERSIDE,MURRIETA,-117.20124816894533,33.575889587402344
82069469,2023,2023-07-04,3308,2023-04-07,2005,10907,544,5,5,5,3308,0,0,0,NA,0,SOUTH,SANDERSON AVE,THORNTON AVE,0,NA,Y,A,-,N,NA,NA,NA,NA,NA,NA,NA,NA,NA,Y,3,0,1,2,A,-,09,21453,C,N,A,C,A,A,H,-,C,A,0,NA,NA,NA,NA,Y,NA,A,01,0,1,0,0,0,0,0,0,0,-,-,33.72526168823242,-117.00659942626952,RIVERSIDE,HEMET,-117.00665283203124,33.725311279296875
82070494,2023,2023-05-17,3311,2023-04-20,2026,16485,NA,4,5,4,3311,0,0,0,NA,0,003,BARISTO ROAD,BELARDO ROAD,0,NA,Y,A,-,N,NA,NA,NA,NA,NA,NA,NA,NA,NA,Y,3,0,1,3,A,-,01,23153,G,N,D,C,A,A,H,-,C,A,0,NA,NA,NA,NA,Y,Y,A,01,0,1,0,0,0,0,0,0,0,-,-,33.81938934326172,-116.5478515625,RIVERSIDE,PALM SPRINGS,-116.5478973388672,33.819427490234375
82072759,2023,2023-05-19,3313,2023-05-03,801,1389,5,3,5,7,3313,0,0,0,NA,0,T53,HOLE AVE,TYLER ST,0,NA,Y,A,-,N,NA,NA,NA,NA,NA,NA,NA,NA,NA,N,4,0,1,2,A,-,08,22100,A,N,B,C,A,A,H,-,A,A,0,NA,NA,NA,NA,Y,NA,A,01,0,0,1,0,0,0,0,0,0,-,-,33.91539001464844,-117.46427154541016,RIVERSIDE,RIVERSIDE,-117.46408081054688,33.91521453857422
82073476,2023,2023-05-22,3313,2023-04-28,1200,2047,2,5,5,7,3313,0,0,0,NA,0,1R23,THIRD ST,CHICAGO AVE,0,NA,Y,A,-,N,NA,NA,NA,NA,NA,NA,NA,NA,NA,N,3,0,1,2,A,-,12,21453,A,F,G,B,B,A,H,-,A,A,0,Y,NA,NA,NA,Y,NA,A,01,0,1,0,0,1,0,0,0,0,-,-,33.983131408691406,-117.34866333007813,RIVERSIDE,RIVERSIDE,-117.34846496582033,33.983009338378906
82074748,2023,2023-05-23,3300,2023-05-17,505,3290,916D,3,5,4,3312,0,0,0,NA,0,035,SAN JACINTO AV,D ST,145,W,N,A,-,N,NA,NA,NA,NA,NA,NA,NA,NA,NA,Y,4,0,4,2,A,-,03,22350,NA,N,C,C,A,A,H,-,C,A,0,NA,NA,NA,NA,Y,NA,D,22,0,0,4,0,0,0,0,0,0,-,-,33.78656005859375,-117.22812652587892,RIVERSIDE,PERRIS,-117.22821044921876,33.78656005859375
82074757,2023,2023-05-23,3300,2023-05-20,1014,5104,910H,6,5,5,3335,0,0,0,NA,0,063,RANCHO CALIFORNIA RD,HUMBER DR,0,NA,Y,A,-,N,NA,NA,NA,NA,NA,NA,NA,NA,NA,N,3,0,1,2,A,-,21,22106,NA,N,C,C,A,A,H,-,A,A,0,NA,NA,NA,NA,Y,NA,A,01,0,1,0,0,0,0,0,0,0,-,-,33.50849151611328,-117.13269805908205,RIVERSIDE,TEMECULA,-117.1327896118164,33.508609771728516
82076830,2023,2023-05-25,3300,2023-05-02,1641,N6297,910F,2,5,5,3335,0,0,0,NA,0,062,YNEZ RD,PROMENADE MALL NORTH,0,NA,Y,A,-,N,NA,NA,NA,NA,NA,NA,NA,NA,NA,N,4,0,1,2,A,-,12,21453,A,N,D,C,A,A,H,-,A,A,0,NA,NA,NA,NA,Y,NA,A,01,0,0,1,0,0,0,0,0,0,-,-,33.52302932739258,-117.15834045410156,RIVERSIDE,TEMECULA,-117.15834808349608,33.52305603027344
82076837,2023,2023-05-25,3300,2023-05-17,1406,N6853,012F,3,5,4,3344,0,0,0,NA,0,064,CHANDLER ST,SELBY AV,0,NA,Y,A,-,N,NA,NA,NA,NA,NA,NA,NA,NA,NA,Y,3,0,2,2,A,-,08,22107,NA,N,D,C,A,A,H,-,A,A,0,NA,NA,NA,NA,Y,NA,A,01,0,2,0,0,0,0,0,0,0,-,-,33.94630813598633,-117.60005950927734,RIVERSIDE,EASTVALE,-117.60013580322266,33.946163177490234
82076850,2023,2023-05-25,3300,2023-05-12,730,N6838,001G,5,5,6,3345,0,0,0,NA,0,014,OPAL ST,RUSTIC LN (N),62,N,N,A,-,N,NA,NA,NA,NA,NA,NA,NA,NA,NA,Y,3,0,1,2,A,-,08,22107,NA,N,D,C,A,A,H,-,A,D,0,NA,NA,NA,NA,Y,NA,A,07,0,1,0,0,0,0,0,0,0,-,-,34.003639221191406,-117.42585754394533,RIVERSIDE,JURUPA VALLEY,-117.42577362060548,34.00330352783203
82078889,2022,2023-05-26,3311,2022-12-06,2255,16303,NA,2,5,4,3311,0,0,0,NA,0,001,SAN RAFAEL DRIVE,INDIAN CANYON DRIVE N,0,NA,Y,A,-,N,NA,NA,NA,NA,NA,NA,NA,NA,NA,Y,2,0,1,1,A,-,12,21453,A,N,E,I,A,A,H,-,C,A,0,NA,NA,NA,NA,Y,NA,A,01,1,0,0,0,0,0,0,0,0,-,-,33.85919952392578,-116.5456771850586,RIVERSIDE,PALM SPRINGS,-116.5455322265625,33.85953903198242
82079065,2023,2023-05-26,3315,2023-05-16,1441,003134,3B,2,5,6,3315,0,0,0,NA,0,003,MAIN ST,OLIVE ST,0,NA,Y,A,-,N,NA,NA,NA,NA,NA,NA,NA,NA,NA,N,4,0,1,2,A,-,10,21950,A,N,G,B,B,A,H,-,A,A,0,Y,NA,NA,NA,Y,NA,A,01,0,0,1,0,1,0,0,0,0,-,-,NA,NA,RIVERSIDE,CORONA,-117.56754302978516,33.86792755126953
82079741,2023,2023-05-29,3300,2023-05-18,2000,6121,602 A,4,5,6,3394,0,0,0,NA,0,MV24,ALESSANDRO BLVD,VETERANS WAY,7,N,N,A,-,N,NA,NA,NA,NA,NA,NA,NA,NA,NA,Y,3,0,4,2,A,-,04,21703,NA,N,C,C,A,A,H,-,A,D,0,NA,NA,NA,NA,Y,NA,A,01,0,4,0,0,0,0,0,0,0,-,-,33.91712188720703,-117.26695251464844,RIVERSIDE,MORENO VALLEY,-117.26677703857422,33.916988372802734
82079748,2023,2023-05-29,3300,2023-05-24,1255,N5073,36P4,3,5,4,3318,0,0,0,NA,0,T36,PORTOLA AVE,FRED WARING DR,0,NA,Y,A,-,N,NA,NA,NA,NA,NA,NA,NA,NA,NA,Y,3,0,2,2,A,-,12,21453,A,N,D,C,A,A,H,-,A,A,0,NA,NA,NA,NA,Y,NA,A,01,0,1,1,0,0,0,0,0,0,-,-,33.7287483215332,-116.37394714355467,RIVERSIDE,PALM DESERT,-116.37376403808594,33.72879409790039
82081795,2023,2023-05-31,3300,2023-05-26,1510,N5259,916C,5,5,4,3312,0,0,0,NA,0,034,IROQUOIS RD,NAVAJO RD,278,S,N,A,-,N,NA,NA,NA,NA,NA,NA,NA,NA,NA,Y,4,0,1,2,C,-,18,NA,NA,N,D,E,A,A,H,-,A,A,0,NA,NA,NA,NA,Y,NA,-,-,0,0,1,0,0,0,0,0,0,-,-,33.782649993896484,-117.25,RIVERSIDE,PERRIS,-117.25000762939452,33.78173828125
82081799,2023,2023-06-01,3300,2023-05-23,741,3491,910B,2,5,5,3335,0,0,0,NA,0,TE-93,NICOLAS RD,NORTH GENERAL KEARNY RD,0,NA,Y,B,-,N,NA,NA,NA,NA,NA,NA,NA,NA,NA,N,4,0,1,2,D,-,00,NA,NA,N,D,G,A,A,H,-,A,A,0,NA,Y,NA,NA,Y,NA,-,-,0,0,1,0,0,0,1,0,0,-,-,33.53810119628906,-117.13436889648438,RIVERSIDE,TEMECULA,-117.13426971435548,33.53813171386719
82082855,2023,2023-06-01,3300,2023-05-11,1553,N4654,910B,4,5,5,3335,0,0,0,NA,0,063,MARGARITA RD,WINCHESTER RD,828,N,N,A,-,N,NA,NA,NA,NA,NA,NA,NA,NA,NA,N,4,0,1,2,A,-,09,21802,A,N,D,G,A,A,H,-,A,D,0,NA,Y,NA,NA,Y,NA,L,04,0,0,1,0,0,0,1,0,0,-,-,33.53092956542969,-117.151123046875,RIVERSIDE,TEMECULA,-117.1528091430664,33.53293991088867
82082908,2023,2023-06-01,3308,2023-05-02,1540,10952,516,2,5,5,3308,0,0,0,NA,0,SOUTH,FLORIDA AVE,STATE ST,210,W,N,A,-,Y,NA,NA,NA,NA,NA,NA,NA,NA,NA,N,4,0,1,2,A,-,03,22350,NA,N,C,C,A,A,H,-,A,A,0,NA,NA,NA,NA,Y,NA,A,01,0,0,1,0,0,0,0,0,0,-,-,NA,NA,RIVERSIDE,HEMET,-116.97238159179688,33.74753189086914