CASE_ID,ACCIDENT_YEAR,PROC_DATE,JURIS,COLLISION_DATE,COLLISION_TIME,OFFICER_ID,REPORTING_DISTRICT,DAY_OF_WEEK,CHP_SHIFT,POPULATION,CNTY_CITY_LOC,SPECIAL_COND,BEAT_TYPE,CHP_BEAT_TYPE,CITY_DIVISION_LAPD,CHP_BEAT_CLASS,BEAT_NUMBER,PRIMARY_RD,SECONDARY_RD,DISTANCE,DIRECTION,INTERSECTION,WEATHER_1,WEATHER_2,STATE_HWY_IND,CALTRANS_COUNTY,CALTRANS_DISTRICT,STATE_ROUTE,ROUTE_SUFFIX,POSTMILE_PREFIX,POSTMILE,LOCATION_TYPE,RAMP_INTERSECTION,SIDE_OF_HWY,TOW_AWAY,COLLISION_SEVERITY,NUMBER_KILLED,NUMBER_INJURED,PARTY_COUNT,PRIMARY_COLL_FACTOR,PCF_CODE_OF_VIOL,PCF_VIOL_CATEGORY,PCF_VIOLATION,PCF_VIOL_SUBSECTION,HIT_AND_RUN,TYPE_OF_COLLISION,MVIW,PED_ACTION,ROAD_SURFACE,ROAD_COND_1,ROAD_COND_2,LIGHTING,CONTROL_DEVICE,CHP_ROAD_TYPE,PEDESTRIAN_ACCIDENT,BICYCLE_ACCIDENT,MOTORCYCLE_ACCIDENT,TRUCK_ACCIDENT,NOT_PRIVATE_PROPERTY,ALCOHOL_INVOLVED,STWD_VEHTYPE_AT_FAULT,CHP_VEHTYPE_AT_FAULT,COUNT_SEVERE_INJ,COUNT_VISIBLE_INJ,COUNT_COMPLAINT_PAIN,COUNT_PED_KILLED,COUNT_PED_INJURED,COUNT_BICYCLIST_KILLED,COUNT_BICYCLIST_INJURED,COUNT_MC_KILLED,COUNT_MC_INJURED,PRIMARY_RAMP,SECONDARY_RAMP,LATITUDE,LONGITUDE,COUNTY,CITY,POINT_X,POINT_Y
82085183,2023,2023-06-05,3315,2023-05-22,1526,001641,3H,1,5,6,3315,0,0,0,NA,0,002,CIRCLE CITY DR,PINE ST,0,NA,Y,A,-,N,NA,NA,NA,NA,NA,NA,NA,NA,NA,Y,4,0,1,2,A,-,08,22107,NA,N,D,C,A,A,H,-,A,D,0,NA,NA,NA,NA,Y,NA,A,01,0,0,1,0,0,0,0,0,0,-,-,NA,NA,RIVERSIDE,CORONA,-117.55652618408205,33.87276840209961
82085554,2023,2023-06-05,3313,2023-05-18,1610,1882,4,4,5,7,3313,0,0,0,NA,0,M20,JEFFERSON ST,VICTORIA AVE,0,S,Y,A,-,N,NA,NA,NA,NA,NA,NA,NA,NA,NA,N,4,0,1,2,A,-,03,22350,NA,N,D,G,A,A,H,-,A,A,0,NA,Y,NA,NA,Y,NA,A,01,0,0,1,0,0,0,1,0,0,-,-,NA,NA,RIVERSIDE,RIVERSIDE,-117.40415954589844,33.92168426513672
82087475,2023,2023-06-07,3300,2023-05-26,1531,N6235,001G,5,5,6,3345,0,0,0,NA,0,014,MISSION BL,RIVERVIEW DR,70,W,N,A,-,N,NA,NA,NA,NA,NA,NA,NA,NA,NA,N,3,0,1,2,A,-,03,22350,NA,N,C,C,A,A,H,-,A,A,0,NA,NA,NA,NA,Y,NA,A,01,0,1,0,0,0,0,0,0,0,-,-,33.99974060058594,-117.41249084472656,RIVERSIDE,JURUPA VALLEY,-117.41272735595705,33.99977111816406
82090586,2023,2023-06-12,3300,2023-06-08,1809,4850,602 B,4,5,6,3394,0,0,0,NA,0,MV22,TOWN CIR,MEMORIAL WAY,335,W,N,A,-,N,NA,NA,NA,NA,NA,NA,NA,NA,NA,Y,3,0,1,2,A,-,09,21804,A,N,D,C,A,A,H,-,A,A,0,NA,NA,NA,NA,Y,NA,A,01,0,1,0,0,0,0,0,0,0,-,-,33.9367790222168,-117.27324676513672,RIVERSIDE,MORENO VALLEY,-117.27427673339844,33.93720626831055
82090607,2023,2023-06-12,3311,2023-05-24,1002,16014,NA,3,5,4,3311,0,0,0,NA,0,005,CAMINO REAL,TWIN PALMS DRIVE,0,NA,Y,A,-,N,NA,NA,NA,NA,NA,NA,NA,NA,NA,Y,3,0,3,2,A,-,09,21802,A,N,D,C,A,A,H,-,A,A,0,NA,NA,NA,NA,Y,NA,A,01,0,3,0,0,0,0,0,0,0,-,-,33.80009078979492,-116.53920745849608,RIVERSIDE,PALM SPRINGS,-116.53913879394533,33.80004119873047
82093075,2023,2023-06-14,3311,2023-05-27,226,16409,3311,6,5,4,3311,0,0,0,NA,0,004,GENE AUTRY TRAIL,VIA ESCUELA,4077,N,N,A,-,N,NA,NA,NA,NA,NA,NA,NA,NA,NA,Y,3,0,1,1,A,-,07,21658,A,N,F,A,A,A,H,-,D,D,0,NA,NA,NA,NA,Y,NA,A,01,0,1,0,0,0,0,0,0,0,-,-,33.84798812866211,-116.5060577392578,RIVERSIDE,PALM SPRINGS,-116.50582122802734,33.85966491699219
82094035,2023,2023-06-15,3300,2023-06-01,1611,N8178,001F,4,5,6,3345,0,0,0,NA,0,012,PYRITE ST,60 E FREEWAY OFF RAMP,0,NA,Y,A,-,N,NA,NA,NA,NA,NA,NA,NA,NA,NA,N,3,0,1,2,A,-,09,21804,A,N,B,C,A,A,H,-,A,A,0,NA,NA,NA,NA,Y,NA,A,07,0,1,0,0,0,0,0,0,0,-,-,34.006141662597656,-117.46247100830078,RIVERSIDE,JURUPA VALLEY,-117.462451,34.015459
82094068,2023,2023-06-15,3300,2023-02-23,718,N6000,905B,4,5,4,3307,0,0,0,NA,0,090,SUMMERHILL DR,CANYON RDG,0,NA,Y,B,-,N,NA,NA,NA,NA,NA,NA,NA,NA,NA,N,4,0,2,2,A,-,09,21802,A,N,D,C,A,B,H,-,A,A,0,NA,NA,NA,NA,Y,NA,A,01,0,0,2,0,0,0,0,0,0,-,-,33.66756820678711,-117.29399871826172,RIVERSIDE,LAKE ELSINORE,-117.2942123413086,33.66759490966797
82094099,2023,2023-06-15,3300,2023-03-26,50,5199,905C,7,5,4,3307,0,0,0,NA,0,090,RAILROAD CANYON RD,CANYON HILLS RD,70,S,N,A,-,N,NA,NA,NA,NA,NA,NA,NA,NA,NA,Y,3,0,1,2,A,-,01,23152,F,M,D,C,A,A,H,-,C,A,0,NA,NA,NA,NA,Y,NA,A,01,0,1,0,0,0,0,0,0,0,-,-,33.668460845947266,-117.26376342773438,RIVERSIDE,LAKE ELSINORE,-117.26405334472656,33.66822052001953
82094102,2023,2023-06-15,3300,2023-03-27,739,4468,905B,1,5,4,3307,0,0,0,NA,0,090,RAILROAD CANYON RD,EDISON POLE #4163820E,58,E,N,B,-,N,NA,NA,NA,NA,NA,NA,NA,NA,NA,Y,4,0,1,2,A,-,03,22350,NA,N,C,C,A,A,H,-,A,D,0,NA,NA,NA,NA,Y,NA,A,01,0,0,1,0,0,0,0,0,0,-,-,NA,NA,RIVERSIDE,LAKE ELSINORE,NA,NA
82094105,2023,2023-06-15,3300,2023-03-28,2114,5973,905I,2,5,4,3307,0,0,0,NA,0,095,DEXTER AVE,CENTRAL AVENUE,1120,N,Y,A,-,N,NA,NA,NA,NA,NA,NA,NA,NA,NA,Y,2,0,2,2,A,-,09,21804,A,N,H,C,A,A,H,-,C,D,0,NA,NA,NA,NA,Y,NA,D,83,1,0,1,0,0,0,0,0,0,-,-,NA,NA,RIVERSIDE,LAKE ELSINORE,-117.33926391601563,33.69471740722656
82094126,2023,2023-06-15,3300,2023-04-14,1505,4024,905H,5,5,4,3307,0,0,0,NA,0,092,GRAHAM AVE,LOWELL ST,0,NA,Y,A,-,N,NA,NA,NA,NA,NA,NA,NA,NA,NA,Y,4,0,1,2,A,-,09,21802,A,N,A,C,A,A,H,-,A,A,0,NA,NA,NA,NA,Y,NA,A,07,0,0,1,0,0,0,0,0,0,-,-,33.67026138305664,-117.33603668212892,RIVERSIDE,LAKE ELSINORE,-117.33596801757813,33.67034912109375
82094442,2023,2023-06-15,3315,2023-06-08,1807,001219,13B,4,5,6,3315,0,0,0,NA,0,003,KELLOGG AV,SANTANA WY,0,NA,Y,A,-,N,NA,NA,NA,NA,NA,NA,NA,NA,NA,N,4,0,1,2,A,-,08,22107,NA,N,A,C,A,A,H,-,A,D,0,NA,NA,NA,NA,Y,NA,A,07,0,0,1,0,0,0,0,0,0,-,-,NA,NA,RIVERSIDE,CORONA,-117.55935668945313,33.84919738769531
82095237,2023,2023-06-16,3300,2023-06-02,1404,N4654,910I,5,5,5,3335,0,0,0,NA,0,063,PARKING LOT,YUKON RD,0,S,N,A,-,N,NA,NA,NA,NA,NA,NA,NA,NA,NA,Y,3,0,1,2,B,-,22,NA,NA,N,D,E,A,A,H,-,A,D,0,NA,NA,NA,NA,Y,NA,A,01,0,1,0,0,0,0,0,0,0,-,-,NA,NA,RIVERSIDE,TEMECULA,NA,NA
82101390,2023,2023-06-26,3311,2023-05-29,1831,15970,NA,1,5,4,3311,0,0,0,NA,0,BIK,INDIAN CANYON DRIVE S,BARISTO ROAD,0,NA,Y,A,-,N,NA,NA,NA,NA,NA,NA,NA,NA,NA,Y,4,0,1,2,A,-,09,21801,A,N,A,C,A,A,H,-,B,A,0,NA,NA,NA,NA,Y,NA,A,07,0,0,1,0,0,0,0,0,0,-,-,33.81938171386719,-116.54566192626952,RIVERSIDE,PALM SPRINGS,-116.54555511474608,33.819454193115234
82102692,2023,2023-06-27,3300,2023-06-10,2248,6059,C1,6,5,6,3345,0,0,0,NA,0,020,MISSION BL,W ST HWY 60,0,NA,Y,A,-,N,NA,NA,NA,NA,NA,NA,NA,NA,NA,Y,3,0,1,2,A,-,01,23152,B,N,A,C,A,A,H,-,C,A,0,NA,NA,NA,NA,Y,Y,A,01,0,1,0,0,0,0,0,0,0,-,-,NA,NA,RIVERSIDE,JURUPA VALLEY,-117.50666046142578,34.01872253417969
82104830,2023,2023-06-29,3342,2023-06-18,830,867,509,7,5,4,3342,0,0,0,NA,0,005,BUSMAN RD,SUNNYGROVE LN,0,NA,Y,A,-,N,NA,NA,NA,NA,NA,NA,NA,NA,NA,N,4,0,1,2,A,-,09,21804,A,N,D,C,A,A,H,-,A,A,0,NA,NA,NA,NA,Y,NA,A,07,0,0,1,0,0,0,0,0,0,-,-,33.582210540771484,-117.17749786376952,RIVERSIDE,MURRIETA,-117.17738342285156,33.58216857910156
82108980,2023,2023-07-04,3300,2023-04-26,903,4145,601 E,3,5,6,3394,0,0,0,NA,0,MV22,ELDER AVE,PERRIS BLVD,181,E,N,A,-,N,NA,NA,NA,NA,NA,NA,NA,NA,NA,N,4,0,1,2,A,-,03,22350,NA,M,D,C,A,A,H,-,A,D,0,NA,NA,Y,NA,Y,NA,A,01,0,0,1,0,0,0,0,0,1,-,-,33.94097137451172,-117.2264404296875,RIVERSIDE,MORENO VALLEY,-117.22579193115234,33.940948486328125
82108992,2023,2023-07-04,3300,2023-06-30,1334,N7028,604 E,5,5,6,3394,0,0,0,NA,0,MV46,EUCALYPTUS AVE,WORLD LOGISTICS CENTER PKWY (N),412,W,N,A,-,N,NA,NA,NA,NA,NA,NA,NA,NA,NA,Y,3,0,1,3,A,-,08,22107,NA,N,D,D,A,A,H,-,A,D,0,NA,NA,NA,NA,Y,NA,D,22,0,1,0,0,0,0,0,0,0,-,-,33.93218994140625,-117.1391372680664,RIVERSIDE,MORENO VALLEY,-117.14071655273438,33.93549728393555
82109211,2023,2023-07-04,3300,2023-06-18,2222,N7134,83B4,7,5,3,3305,0,0,0,NA,0,Y83,CESAR CHAVEZ ST,WESTERFIELD WY,13,E,N,A,-,N,NA,NA,NA,NA,NA,NA,NA,NA,NA,N,4,0,1,2,A,-,12,21453,A,N,D,D,A,A,H,-,C,A,0,NA,NA,NA,NA,Y,NA,A,01,0,0,1,0,0,0,0,0,0,-,-,33.681819915771484,-116.18155670166016,RIVERSIDE,COACHELLA,-116.181640625,33.68183135986328
82109228,2023,2023-07-04,3313,2023-04-14,743,1686,1,5,5,7,3313,0,0,0,NA,0,T58,JURUPA AVE,PALM AVE,75,E,N,A,-,N,NA,NA,NA,NA,NA,NA,NA,NA,NA,Y,3,0,1,1,A,-,08,22107,NA,N,E,I,A,A,H,-,A,D,0,NA,NA,NA,NA,Y,NA,D,22,0,1,0,0,0,0,0,0,0,-,-,33.96110916137695,-117.40119934082033,RIVERSIDE,RIVERSIDE,-117.4008331298828,33.96100997924805
82109251,2023,2023-07-04,3313,2023-06-05,1135,1026,5,1,5,7,3313,0,0,0,NA,0,T52,JACKSON ST,VAN BUREN BLVD,15,E,N,A,-,N,NA,NA,NA,NA,NA,NA,NA,NA,NA,N,4,0,1,2,A,-,21,22106,NA,N,C,C,A,A,H,-,A,A,0,NA,NA,NA,NA,Y,NA,D,22,0,0,1,0,0,0,0,0,0,-,-,33.942901611328125,-117.45379638671876,RIVERSIDE,RIVERSIDE,-117.45381927490234,33.94279098510742
82109255,2023,2023-07-04,3313,2023-06-08,1016,1641,4,4,5,7,3313,0,0,0,NA,0,T55,HILLSIDE AVE,WILLARD WAY,128,S,N,B,-,N,NA,NA,NA,NA,NA,NA,NA,NA,NA,Y,3,0,2,3,A,-,05,21650,NA,N,A,C,A,A,H,-,A,D,0,NA,NA,NA,NA,Y,NA,A,01,0,1,1,0,0,0,0,0,0,-,-,33.95573043823242,-117.4273681640625,RIVERSIDE,RIVERSIDE,-117.4274444580078,33.9561882019043
82109459,2023,2023-07-05,3308,2023-06-06,1238,10610,NA,2,5,5,3308,0,0,0,NA,0,NORTH,PARK AVE,OAKLAND AVE,0,NA,Y,A,-,N,NA,NA,NA,NA,NA,NA,NA,NA,NA,Y,3,0,3,2,A,-,03,22350,NA,N,C,C,A,A,H,-,A,A,0,NA,NA,NA,NA,Y,NA,A,01,0,1,2,0,0,0,0,0,0,-,-,NA,NA,RIVERSIDE,HEMET,-116.94606018066406,33.754913330078125
82110347,2023,2023-07-06,3300,2023-04-29,1737,4050,002S,6,5,6,3345,0,0,0,NA,0,024,LIMONITE AVE.,BAIN ST.,1453,E,N,A,-,N,NA,NA,NA,NA,NA,NA,NA,NA,NA,Y,2,0,5,2,A,-,01,23152,A,N,D,C,A,A,H,-,A,D,0,NA,NA,NA,NA,Y,Y,B,07,1,4,0,0,0,0,0,0,0,-,-,NA,NA,RIVERSIDE,JURUPA VALLEY,-117.50112152099608,33.97557830810547
82110450,2023,2023-07-06,3342,2023-06-29,1527,1089,289,4,5,4,3342,0,0,0,NA,0,002,HANCOCK AVE,LOS ALAMOS RD,0,NA,Y,A,-,N,NA,NA,NA,NA,NA,NA,NA,NA,NA,N,4,0,1,2,A,-,10,21950,A,F,G,B,B,A,H,-,A,A,0,Y,NA,NA,NA,Y,NA,A,08,0,0,1,0,1,0,0,0,0,-,-,33.57059097290039,-117.18415832519533,RIVERSIDE,MURRIETA,-117.18422698974608,33.5705680847168
82111362,2023,2023-07-07,3300,2023-06-04,155,5059,604 E,7,5,6,3394,0,0,0,NA,0,MV46,REDLANDS BLVD,EUCALYPTUS AVE (S),0,NA,Y,A,-,N,NA,NA,NA,NA,NA,NA,NA,NA,NA,Y,3,0,1,1,A,-,01,23152,A,N,E,I,A,A,H,-,C,D,0,NA,NA,NA,NA,Y,Y,A,01,0,1,0,0,0,0,0,0,0,-,-,33.931209564208984,-117.15656280517578,RIVERSIDE,MORENO VALLEY,-117.15673828125,33.93559646606445
82112321,2023,2023-07-10,3300,2023-07-06,1447,N7551,87B1,4,5,2,3316,0,0,0,NA,0,J87,FRED WARING DR,COOK ST,92,E,N,A,-,N,NA,NA,NA,NA,NA,NA,NA,NA,NA,Y,4,0,1,2,A,-,09,21453,B,N,B,C,A,A,H,-,A,A,0,NA,NA,NA,NA,Y,NA,A,07,0,0,1,0,0,0,0,0,0,-,-,33.7287712097168,-116.35648345947266,RIVERSIDE,INDIAN WELLS,-116.35598754882813,33.728858947753906
82112367,2023,2023-07-10,3300,2023-06-15,1225,6238,920E,4,5,4,3314,0,0,0,NA,0,074,SAN JACINTO AVE,SHAVER ST,0,NA,Y,A,-,N,NA,NA,NA,NA,NA,NA,NA,NA,NA,N,4,0,3,2,A,-,03,22350,NA,N,C,C,A,A,H,-,A,D,0,NA,NA,NA,NA,Y,NA,A,01,0,0,3,0,0,0,0,0,0,-,-,33.7777214050293,-116.95880889892578,RIVERSIDE,SAN JACINTO,-116.95883941650392,33.77773666381836
82113616,2023,2023-07-11,3313,2023-05-11,515,1815,5,4,5,7,3313,0,0,0,NA,0,1R59,LA SIERRA AVE,COLLETT AVE,0,NA,Y,A,-,N,NA,NA,NA,NA,NA,NA,NA,NA,NA,N,3,0,2,2,A,-,12,21453,A,N,D,C,A,A,H,-,C,A,0,NA,NA,NA,NA,Y,NA,A,01,0,2,0,0,0,0,0,0,0,-,-,33.91162109375,-117.48312377929688,RIVERSIDE,RIVERSIDE,-117.4831314086914,33.91179275512695
82114530,2023,2023-07-12,3300,2023-06-13,2139,5680,604 A,2,5,6,3394,0,0,0,NA,0,MV42,EUCALYPTUS AVE,GOLDEN LANTERN DR,121,W,N,A,-,N,NA,NA,NA,NA,NA,NA,NA,NA,NA,Y,4,0,2,1,A,-,08,22107,NA,N,E,I,A,A,H,-,C,D,0,NA,NA,NA,NA,Y,NA,A,01,0,0,2,0,0,0,0,0,0,-,-,33.93149948120117,-117.20182037353516,RIVERSIDE,MORENO VALLEY,-117.2023696899414,33.93182373046875
82114592,2023,2023-07-12,3300,2023-06-09,1430,3481,920A,5,5,4,3314,0,0,0,NA,0,070,STATE ST,RAMONA EXPY,0,NA,Y,A,-,N,NA,NA,NA,NA,NA,NA,NA,NA,NA,Y,4,0,2,4,A,-,12,21453,A,N,D,C,A,A,H,-,A,A,0,NA,NA,NA,NA,Y,NA,A,01,0,0,2,0,0,0,0,0,0,-,-,33.80173873901367,-116.97206878662108,RIVERSIDE,SAN JACINTO,-116.97206115722656,33.801822662353516
82116479,2023,2023-07-14,3300,2023-07-05,1848,N5670,24B1,3,5,3,3317,0,0,0,NA,0,S24,RAMON RD,LOS ALAMOS RD,0,NA,Y,A,-,N,NA,NA,NA,NA,NA,NA,NA,NA,NA,N,4,0,1,2,A,-,03,22350,NA,N,C,C,A,A,H,-,B,A,0,NA,NA,NA,NA,Y,NA,D,22,0,0,1,0,0,0,0,0,0,-,-,33.81618881225586,-116.42324829101563,RIVERSIDE,RANCHO MIRAGE,-116.42335510253906,33.816131591796875
82116748,2023,2023-07-14,3315,2023-07-11,607,004978,15C,2,5,6,3315,0,0,0,NA,0,003,WHITE HOLLY DR,WILLOW PARK DR,50,W,N,A,-,N,NA,NA,NA,NA,NA,NA,NA,NA,NA,N,3,0,1,2,A,-,08,22107,NA,N,C,E,A,A,H,-,A,D,0,NA,NA,NA,NA,Y,Y,A,01,0,1,0,0,0,0,0,0,0,-,-,33.83348846435547,-117.54334259033205,RIVERSIDE,CORONA,-117.54342651367188,33.83339309692383
82122485,2023,2023-07-21,3300,2023-06-18,144,6003,602 E,7,5,6,3394,0,0,0,NA,0,MV28,FIR AVE,NINEBARK ST,0,NA,Y,A,-,N,NA,NA,NA,NA,NA,NA,NA,NA,NA,N,4,0,1,2,A,-,09,21802,A,N,D,D,A,A,H,-,C,A,0,NA,NA,NA,NA,Y,NA,D,22,0,0,1,0,0,0,0,0,0,-,-,33.93518829345703,-117.21102905273438,RIVERSIDE,MORENO VALLEY,-117.2112274169922,33.935455322265625
82122687,2023,2023-07-21,3311,2023-06-29,1524,16128,NA,4,5,4,3311,0,0,0,NA,0,004,SR 111 (GENE AUTRY TRAIL),SR 111 (VISTA CHINO),0,NA,Y,A,-,Y,RIV,NA,111,NA,T,51.588,H,NA,R,Y,4,0,1,3,A,-,12,21453,A,N,D,C,A,A,H,-,A,A,0,NA,NA,NA,NA,Y,NA,A,07,0,0,1,0,0,0,0,0,0,-,-,33.8449592590332,-116.5058135986328,RIVERSIDE,PALM SPRINGS,-116.50582122802734,33.844932556152344
82122755,2023,2023-07-21,3300,2023-06-26,650,4693,420,1,5,2,3336,0,0,0,NA,0,020,COUNTY LINE RD,3RD ST,0,NA,Y,A,-,N,NA,NA,NA,NA,NA,NA,NA,NA,NA,N,4,0,1,2,A,-,12,22450,A,F,D,C,A,A,H,-,A,D,0,NA,NA,NA,NA,Y,NA,A,01,0,0,1,0,0,0,0,0,0,-,-,34.004268646240234,-117.04756927490234,RIVERSIDE,CALIMESA,-117.04756927490234,34.00428771972656
82123456,2023,2023-07-24,3311,2023-07-06,1355,16128,NA,4,5,4,3311,0,0,0,NA,0,004,SR 111 (VISTA CHINO),CERRITOS ROAD,0,NA,Y,A,-,Y,RIV,NA,111,NA,T,52.625,H,NA,R,Y,3,0,1,2,A,-,12,21453,A,F,A,C,A,A,H,-,A,A,0,NA,NA,NA,NA,Y,NA,A,01,0,1,0,0,0,0,0,0,0,-,-,33.844940185546875,-116.52384185791016,RIVERSIDE,PALM SPRINGS,-116.52384185791016,33.844879150390625
82123528,2023,2023-07-24,3313,2023-07-02,1821,2080,3,7,5,7,3313,0,0,0,NA,0,3R32,ALESSANDRO BLVD,MISSION GROVE PKWY S,0,NA,Y,A,-,N,NA,NA,NA,NA,NA,NA,NA,NA,NA,Y,4,0,1,2,D,-,00,NA,NA,N,D,C,A,A,H,-,A,A,0,NA,NA,Y,NA,Y,NA,-,-,0,0,1,0,0,0,0,0,1,-,-,33.914730072021484,-117.32520294189452,RIVERSIDE,RIVERSIDE,-117.32473754882813,33.91630172729492
82123535,2023,2023-07-24,3313,2023-07-05,1211,1686,1,3,5,7,3313,0,0,0,NA,0,T58,ELEVENTH ST,MARKET ST,0,NA,Y,A,-,N,NA,NA,NA,NA,NA,NA,NA,NA,NA,Y,3,0,4,2,D,-,00,NA,NA,N,D,C,A,A,H,-,A,A,0,NA,NA,NA,NA,Y,NA,-,-,0,3,1,0,0,0,0,0,0,-,-,33.979610443115234,-117.37782287597656,RIVERSIDE,RIVERSIDE,-117.37767028808594,33.97957992553711
82123741,2023,2023-07-24,3313,2023-04-27,2152,1947,1,4,5,7,3313,0,0,0,NA,0,FT1,UNIVERSITY AVE,MARKET ST,0,NA,Y,A,-,N,NA,NA,NA,NA,NA,NA,NA,NA,NA,Y,3,0,1,2,A,-,12,21453,A,N,D,C,A,A,H,-,C,A,0,NA,NA,NA,NA,Y,NA,A,01,0,1,0,0,0,0,0,0,0,-,-,33.98249053955078,-117.37583923339844,RIVERSIDE,RIVERSIDE,-117.375732421875,33.982486724853516
82123939,2023,2023-07-25,3313,2023-06-25,1316,1683,3,7,5,7,3313,0,0,0,NA,0,K95,GROVE COMMUNITY DR,MAPLE LN,0,NA,Y,-,-,N,NA,NA,NA,NA,NA,NA,NA,NA,NA,Y,2,0,2,2,A,-,09,21802,A,N,D,C,A,A,H,-,A,A,0,NA,NA,Y,NA,Y,NA,A,01,1,1,0,0,0,0,0,0,2,-,-,33.89728927612305,-117.31304931640624,RIVERSIDE,RIVERSIDE,-117.31304168701172,33.89711380004883
82124853,2023,2023-07-25,3300,2023-04-25,320,4449,001B,2,5,6,3345,0,0,0,NA,0,010,RUBIDOUX BL,ELRIVINO,0,NA,Y,A,-,N,NA,NA,NA,NA,NA,NA,NA,NA,NA,Y,1,1,0,1,A,-,01,23152,B,N,H,J,A,A,H,-,D,D,0,NA,NA,NA,NA,Y,NA,D,22,0,0,0,0,0,0,0,0,0,-,-,NA,NA,RIVERSIDE,JURUPA VALLEY,-117.39310455322266,34.03350067138672
82124905,2023,2023-07-25,3300,2023-07-07,2137,5512,30J2,5,5,4,3318,0,0,0,NA,0,5T62,HWY 111,DEEP CANYON RD,13,E,N,A,-,Y,NA,NA,NA,NA,NA,NA,NA,NA,NA,Y,3,0,4,2,A,-,01,23152,A,N,D,C,A,A,H,-,C,A,0,NA,NA,NA,NA,Y,Y,A,01,0,1,3,0,0,0,0,0,0,-,-,33.72127914428711,-116.36522674560548,RIVERSIDE,PALM DESERT,-116.36502075195313,33.721099853515625
82125063,2023,2023-07-25,3313,2023-07-12,1522,1830,4,3,5,7,3313,0,0,0,NA,0,T41,ARLINGTON AVE,CAPISTRANO WAY,0,NA,Y,A,-,N,NA,NA,NA,NA,NA,NA,NA,NA,NA,Y,3,0,1,2,A,-,09,21804,A,N,D,C,A,A,H,-,A,D,0,NA,NA,Y,NA,Y,NA,A,07,0,1,0,0,0,0,0,0,1,-,-,33.946380615234375,-117.41529846191406,RIVERSIDE,RIVERSIDE,-117.41545104980467,33.946083068847656
82125929,2023,2023-07-26,3311,2023-06-21,2124,16434,NA,3,5,4,3311,0,0,0,NA,0,006,DINAH SHORE DRIVE,CROSSLEY ROAD,3960,E,N,A,-,N,NA,NA,NA,NA,NA,NA,NA,NA,NA,Y,3,0,1,1,A,-,07,21658,A,N,E,I,A,A,H,-,D,D,0,NA,NA,Y,NA,Y,NA,C,02,0,1,0,0,0,0,0,0,1,-,-,33.80855178833008,-116.48416900634766,RIVERSIDE,PALM SPRINGS,-116.47570037841795,33.80259704589844
82125939,2023,2023-07-26,3311,2023-07-08,1718,16404,NA,6,5,4,3311,0,0,0,NA,0,004,SUNRISE WAY,TAMARISK ROAD,0,NA,Y,A,-,N,NA,NA,NA,NA,NA,NA,NA,NA,NA,Y,3,0,1,2,A,-,01,23153,A,N,D,C,A,A,H,-,B,A,0,NA,NA,NA,NA,Y,Y,D,22,0,1,0,0,0,0,0,0,0,-,-,33.83396911621094,-116.52816772460938,RIVERSIDE,PALM SPRINGS,-116.52821350097656,33.833953857421875
82130430,2023,2023-07-28,3313,2023-07-02,1410,2012,5,7,5,7,3313,0,0,0,NA,0,2R55,ARLINGTON AVE,LA SIERRA AVE,0,NA,Y,A,-,N,NA,NA,NA,NA,NA,NA,NA,NA,NA,N,3,0,2,2,A,-,08,22100,B,N,D,C,A,A,H,-,A,A,0,NA,NA,NA,NA,Y,NA,A,01,0,2,0,0,0,0,0,0,0,-,-,33.94472885131836,-117.50176239013672,RIVERSIDE,RIVERSIDE,-117.50171661376952,33.944732666015625
82131214,2023,2023-07-31,3342,2023-07-24,1234,1098,495,1,5,4,3342,0,0,0,NA,0,004,HOBIE CIR,AUTO MALL PKY,156,N,N,A,-,N,NA,NA,NA,NA,NA,NA,NA,NA,NA,N,3,0,1,2,A,-,09,21801,A,N,G,B,E,A,H,-,A,D,0,Y,NA,NA,NA,Y,NA,A,01,0,1,0,0,1,0,0,0,0,-,-,33.52949142456055,-117.17179107666016,RIVERSIDE,MURRIETA,-117.17208862304688,33.529823303222656
82131323,2023,2023-07-31,3315,2023-07-26,1604,004425,6D,3,5,6,3315,0,0,0,NA,0,001,SIXTH ST,BELLE AV,0,NA,Y,A,-,N,NA,NA,NA,NA,NA,NA,NA,NA,NA,Y,4,0,1,2,A,-,17,21451,A,N,D,C,A,A,H,-,A,A,0,NA,NA,Y,NA,Y,NA,A,08,0,0,1,0,0,0,0,0,0,-,-,NA,NA,RIVERSIDE,CORONA,-117.56884002685548,33.87565612792969
82132704,2023,2023-08-01,3313,2023-06-18,1208,2077,3,7,5,7,3313,0,0,0,NA,0,2R37,CENTRAL AVE,CHAPALA DR,0,NA,Y,A,-,N,NA,NA,NA,NA,NA,NA,NA,NA,NA,N,4,0,1,2,A,-,09,21453,B,N,-,C,A,A,H,-,A,A,0,NA,NA,NA,NA,Y,NA,A,01,0,0,1,0,0,0,0,0,0,-,-,NA,NA,RIVERSIDE,RIVERSIDE,-117.33982849121094,33.955360412597656
82135863,2023,2023-08-07,3308,2023-07-12,836,10974,524,3,5,5,3308,0,0,0,NA,0,SOUTH,FLORIDA AVE,MYERS ST,525,E,N,A,-,Y,NA,NA,NA,NA,NA,NA,NA,NA,NA,Y,3,0,1,3,A,-,03,22350,NA,N,C,C,A,A,H,-,A,A,0,NA,NA,NA,NA,Y,NA,A,01,0,1,0,0,0,0,0,0,0,-,-,33.74211883544922,-117.02068328857422,RIVERSIDE,HEMET,-117.02238464355467,33.74399185180664